{"metadata":{"asset_id":"4cf92ef3-a694-42ea-a6ba-37c66b208426","asset_attributes":["data_asset","directory_asset"],"name":"policy_risk_eval.csv","asset_type":"data_asset","created_at":"2024-09-17T16:41:54Z","origin_country":"us","owner_id":"IBMid-110000B3QC","project_id":"3c4f0e03-3245-49ca-9d08-ed48d60ff167","size":15927,"usage":{"last_update_time":1726591314160,"last_updated_at":"2024-09-17T16:41:54Z"}},"entity":{"data_asset":{"mime_type":"text/csv","dataset":false},"directory_asset":{"path":""},"location_definition":{"physical_location_code_assignment_method":"INFERRED","physical_location_code":"DAL","physical_location_code_assigned_by":"IBMid-110000B3QC","physical_location_code_added_on":"1726591299010","physical_location_code_rds_version":"00002022-0706-4013-8454-473140000000_2","physical_location_code_rds_id":"c57cb90f-2126-3800-9c9f-9eab82021cdf"}},"attachments":[{"id":"bdb8196a-bc17-4b4e-ba05-e02ded13dcbc","version":2,"asset_type":"data_asset","name":"policy_risk_eval.csv","mime":"text/csv","datasource_type":"193a97c1-4475-4a19-b90c-295c4fdc6517","object_key":"policy_risk_eval.csv","creator_id":"IBMid-110000B3QC","create_time":1726591315229,"size":15927,"is_remote":false,"is_managed":false,"is_referenced":true,"is_object_key_read_only":true,"is_user_provided_path_key":true,"transfer_complete":true,"is_partitioned":false,"complete_time_ticks":1726591315229,"user_data":{},"test_doc":0,"handle":{"bucket":"policyriskdevelopmentmaster-donotdelete-pr-kcf5ydknhp6v3p","location":"us-south","type":"bluemix_cos","key":"policy_risk_eval.csv","upload_id":"done","max_part_num":1},"usage":{"access_count":0,"last_accessor_id":"IBMid-110000B3QC","last_access_time":1726591315229}}]}
