{"metadata":{"asset_id":"0cbf0d67-3246-404f-b8f7-f41a8f98a472","asset_attributes":["wml_pipeline"],"name":"Policy Risk Prediction","asset_type":"wml_pipeline","created_at":"2024-09-17T16:43:35Z","description":"Predict policy risk","origin_country":"us","owner_id":"IBMid-110000B3QC","project_id":"3c4f0e03-3245-49ca-9d08-ed48d60ff167","sandbox_id":"3c4f0e03-3245-49ca-9d08-ed48d60ff167","size":0,"tags":["dsx-project.3c4f0e03-3245-49ca-9d08-ed48d60ff167"],"usage":{"last_update_time":1726591415886,"last_updated_at":"2024-09-17T16:43:35Z"}},"entity":{"wml_pipeline":{"document":{"doc_type":"pipeline","pipelines":[{"id":"autoai","nodes":[{"id":"automl","op":"kube","parameters":{"output_logs":true,"input_file_separator":",","stage_flag":true,"optimization":{"compute_pipeline_notebooks_flag":true,"cv_num_folds":3,"daub_adaptive_subsampling_max_mem_usage":15000000000,"feature_selector_mode":"auto","global_stage_include_batched_ensemble_estimators":[],"holdout_param":0.1,"label":"RISK","learning_type":"regression","max_num_daub_ensembles":2,"run_cognito_flag":true,"scorer_for_ranking":"neg_root_mean_squared_error"},"n_parallel_data_connections":4,"one_vs_all_file":true},"runtime_ref":"autoai","type":"execution_node"}],"runtime_ref":"hybrid"}],"primary_pipeline":"autoai","runtimes":[{"app_data":{"wml_data":{"hardware_spec":{"base_id":"a6c4923b-b8e4-444c-9f43-8a7ec3020110","name":"L"}}},"id":"autoai","name":"auto_ai.kb"}],"version":"2.0"},"ml_version":"4.0.5"}}}
