{"metadata":{"asset_id":"b7351134-75e3-4b00-a31c-2930f89d86b6","asset_attributes":["wml_model","modelfacts_system","modelfacts_user"],"name":"Policy Risk Prediction - P4 Ridge - Model","asset_type":"wml_model","created_at":"2024-09-17T16:51:16Z","description":"Predict auto policy risk","origin_country":"us","owner_id":"IBMid-110000B3QC","project_id":"3c4f0e03-3245-49ca-9d08-ed48d60ff167","resource_key":"bccccabe-526d-4898-8b96-9dae2d8af7ec","sandbox_id":"3c4f0e03-3245-49ca-9d08-ed48d60ff167","size":8202,"tags":[],"usage":{"last_update_time":1726591882529,"last_updated_at":"2024-09-17T16:51:22Z"}},"entity":{"wml_model":{"data_asset_dependencies":["6afceaa9-7019-49ee-babd-a5cd35a11e7f"],"hybrid_pipeline_software_specs":[{"base_id":"82f1bc6d-59c3-55e8-b612-cd908a2f7cc7","name":"autoai-kb_rt24.1-py3.11"}],"data_preprocessing":[{"input":{"columns":21,"rows":90346},"output":{"columns":21,"rows":90346},"props":{"type":"random"},"stage":"sampling"},{"input":{"columns":21,"rows":90346},"output":{"columns":21,"rows":89249},"props":{"duplicated_rows_count":1,"outliers_count":1096},"stage":"cleansing"}],"label_column":"RISK","pipeline":{"id":"0cbf0d67-3246-404f-b8f7-f41a8f98a472"},"training_id":"75befeb4-8a7a-4227-8ed3-803354fa38c3","metrics":[{"context":{"classes":[],"features_importance":[{"computation_type":"","features":{"NB_CLAIMS":0.003,"NewFeature_10_log(NB_PRIM_CLAIMS)":0.0269,"NewFeature_3_log(HOTSPOT4)":0.0014,"OVER60":0.0027,"HOTSPOT3":0.0024,"HOTSPOT4":0.0079,"INITIAL_ODOMETER":0.0009,"NewFeature_8_log(INITIAL_ODOMETER)":0.0006,"CLAIM_TOTAL":0.0035,"UNDER25":0.0029,"HOTSPOT5":0.0034,"NewFeature_0_log(HOTSPOT1)":0.0008,"PRIM_DRIVER_AGE":0.0034,"NewFeature_11_log(PRIM_CLAIM_TOTAL)":0.0015,"MALE25":0.0172,"LOW_MILEAGE_USE":0.0074,"NewFeature_6_log(MAKE_MODEL)":0.0007,"NewFeature_1_log(HOTSPOT2)":0.1939,"NewFeature_5_log(PRIM_DRIVER_AGE)":0.001,"MINORITY":0.0001,"HOTSPOT1":0.001,"NB_PRIM_CLAIMS":0.0251,"MODEL_YEAR":0.0003,"NewFeature_2_log(HOTSPOT3)":0.002,"NewFeature_7_log(MODEL_YEAR)":0.0002,"NewFeature_9_log(CLAIM_TOTAL)":0.0033,"PRIM_DRIVER_GENDER":0.0545,"NB_DRIVERS":0.0027,"PRIM_CLAIM_TOTAL":0.0006,"HOTSPOT2":0.6234,"NewFeature_4_log(HOTSPOT5)":0.004,"MAKE_MODEL":0.0013},"min_max_normalization":false,"stage":"Mean"}],"intermediate_model":{"composition_steps":["Split_TrainingHoldout","TrainingDataset_full_80324_20","Datetime_FE","TrainingDataset_full_80324_20","Preprocessor_default","DAUB","hpo_d","cognito","hpo_c"],"duration":190971,"location":{"model":"auto_ml/13b2889b-a5cf-4ab6-92d1-69a82a991f5a/wml_data/75befeb4-8a7a-4227-8ed3-803354fa38c3/data/automl/hpo_c_output/Pipeline1/model.pickle","pipeline":"auto_ml/13b2889b-a5cf-4ab6-92d1-69a82a991f5a/wml_data/75befeb4-8a7a-4227-8ed3-803354fa38c3/data/automl/hpo_c_output/Pipeline1/pipeline.json","pipeline_model":"auto_ml/13b2889b-a5cf-4ab6-92d1-69a82a991f5a/wml_data/75befeb4-8a7a-4227-8ed3-803354fa38c3/data/automl/hpo_c_output/Pipeline1/pipeline-model.json"},"name":"P4","notebook_location":"auto_ml/13b2889b-a5cf-4ab6-92d1-69a82a991f5a/wml_data/75befeb4-8a7a-4227-8ed3-803354fa38c3/data/automl/hpo_c_output/Pipeline1/notebook.ipynb","pipeline_nodes":["PreprocessingTransformer","autoai_libs.cognito.transforms.transform_utils.TA1","autoai_libs.cognito.transforms.transform_utils.FS1","Ridge"],"process":"hpo_c_output","schema_location":"auto_ml/13b2889b-a5cf-4ab6-92d1-69a82a991f5a/wml_data/75befeb4-8a7a-4227-8ed3-803354fa38c3/data/automl/hpo_c_output/Pipeline1/schema.json"},"phase":"hpo_c_output","prediction_type":"regression","target_column":"RISK"},"ml_metrics":{"holdout_explained_variance":0.9160474538803101,"training_neg_mean_squared_log_error":-0.005985763389617205,"holdout_neg_median_absolute_error":-1.1045513153076172,"holdout_neg_root_mean_squared_log_error":-0.07574765662720875,"holdout_neg_mean_squared_error":-3.784846782684326,"training_explained_variance":0.9153919617335001,"training_r2":0.9153905489293299,"training_neg_median_absolute_error":-1.1077651977539062,"training_neg_mean_squared_error":-3.8423516750335693,"training_neg_root_mean_squared_error":-1.9601855664051557,"holdout_r2":0.9160326797538839,"training_neg_mean_absolute_error":-1.5162355502446492,"holdout_neg_root_mean_squared_error":-1.9454682682285842,"holdout_neg_mean_absolute_error":-1.5032110214233398,"holdout_neg_mean_squared_log_error":-0.005737707484513521,"training_neg_root_mean_squared_log_error":-0.0773655245319231},"timestamp":"2024-09-17T16:49:29.000Z"}],"ml_version":"4.0.19","type":"wml-hybrid_0.1","schemas":{"input":[{"fields":[{"name":"HOTSPOT1","type":"double"},{"name":"HOTSPOT2","type":"double"},{"name":"HOTSPOT3","type":"double"},{"name":"HOTSPOT4","type":"double"},{"name":"HOTSPOT5","type":"double"},{"name":"NB_DRIVERS","type":"double"},{"name":"UNDER25","type":"double"},{"name":"OVER60","type":"double"},{"name":"MALE25","type":"double"},{"name":"PRIM_DRIVER_AGE","type":"double"},{"name":"PRIM_DRIVER_GENDER","type":"other"},{"name":"MAKE_MODEL","type":"other"},{"name":"MODEL_YEAR","type":"double"},{"name":"INITIAL_ODOMETER","type":"double"},{"name":"LOW_MILEAGE_USE","type":"double"},{"name":"NB_CLAIMS","type":"double"},{"name":"CLAIM_TOTAL","type":"double"},{"name":"NB_PRIM_CLAIMS","type":"double"},{"name":"PRIM_CLAIM_TOTAL","type":"double"},{"name":"MINORITY","type":"other"}],"id":"auto_ai_kb_input_schema"}],"output":[]},"content_location":{"connection":{},"contents":[{"content_format":"pipeline-node","file_name":"P4_automl.zip","location":"auto_ml/13b2889b-a5cf-4ab6-92d1-69a82a991f5a/wml_data/75befeb4-8a7a-4227-8ed3-803354fa38c3/assets/75befeb4-8a7a-4227-8ed3-803354fa38c3_P4_hpo_c_output/resources/wml_model/P4_automl.zip","pipeline_node_id":"automl"},{"content_format":"native","file_name":"pipeline_model.json","location":"auto_ml/13b2889b-a5cf-4ab6-92d1-69a82a991f5a/wml_data/75befeb4-8a7a-4227-8ed3-803354fa38c3/assets/75befeb4-8a7a-4227-8ed3-803354fa38c3_P4_hpo_c_output/resources/wml_model/pipeline_model.json"}],"location":{"path":"auto_ml/13b2889b-a5cf-4ab6-92d1-69a82a991f5a/wml_data","notebooks_path":"auto_ml/13b2889b-a5cf-4ab6-92d1-69a82a991f5a/wml_data/75befeb4-8a7a-4227-8ed3-803354fa38c3/notebooks","training":"auto_ml/13b2889b-a5cf-4ab6-92d1-69a82a991f5a/wml_data/75befeb4-8a7a-4227-8ed3-803354fa38c3","training_status":"auto_ml/13b2889b-a5cf-4ab6-92d1-69a82a991f5a/wml_data/75befeb4-8a7a-4227-8ed3-803354fa38c3/training-status.json","training_log":"auto_ml/13b2889b-a5cf-4ab6-92d1-69a82a991f5a/wml_data/75befeb4-8a7a-4227-8ed3-803354fa38c3/data/automl/training.log","assets_path":"auto_ml/13b2889b-a5cf-4ab6-92d1-69a82a991f5a/wml_data/75befeb4-8a7a-4227-8ed3-803354fa38c3/assets"},"type":"container"},"training_data_references":[{"connection":{},"id":"policy_risk_train.csv","location":{"href":"/v2/assets/6afceaa9-7019-49ee-babd-a5cd35a11e7f?project_id=3c4f0e03-3245-49ca-9d08-ed48d60ff167","id":"6afceaa9-7019-49ee-babd-a5cd35a11e7f","project_id":"3c4f0e03-3245-49ca-9d08-ed48d60ff167","userfs":"false"},"schema":{"fields":[{"name":"HOTSPOT1","type":"double"},{"name":"HOTSPOT2","type":"double"},{"name":"HOTSPOT3","type":"double"},{"name":"HOTSPOT4","type":"double"},{"name":"HOTSPOT5","type":"double"},{"name":"NB_DRIVERS","type":"double"},{"name":"UNDER25","type":"double"},{"name":"OVER60","type":"double"},{"name":"MALE25","type":"double"},{"name":"PRIM_DRIVER_AGE","type":"double"},{"name":"PRIM_DRIVER_GENDER","type":"other"},{"name":"MAKE_MODEL","type":"other"},{"name":"MODEL_YEAR","type":"double"},{"name":"INITIAL_ODOMETER","type":"double"},{"name":"LOW_MILEAGE_USE","type":"double"},{"name":"NB_CLAIMS","type":"double"},{"name":"CLAIM_TOTAL","type":"double"},{"name":"NB_PRIM_CLAIMS","type":"double"},{"name":"PRIM_CLAIM_TOTAL","type":"double"},{"name":"MINORITY","type":"other"},{"name":"RISK","type":"double"}],"id":"auto_ai_kb_input_schema"},"type":"data_asset"}],"software_spec":{"base_id":"8c1a58c6-62b5-4dc4-987a-df751c2756b6","name":"hybrid_0.1"},"content_import_state":"completed","test_data_references":[]},"location_definition":{"physical_location_code_assignment_method":"INFERRED","physical_location_code":"DAL","physical_location_code_assigned_by":"IBMid-110000B3QC","physical_location_code_added_on":"1726591299010","physical_location_code_rds_version":"00002022-0706-4013-8454-473140000000_2","physical_location_code_rds_id":"c57cb90f-2126-3800-9c9f-9eab82021cdf"},"modelfacts_system":{"model_information":{"input_type":"","prediction_type":"regression","software_spec":"hybrid_0.1","software_spec_id":"8c1a58c6-62b5-4dc4-987a-df751c2756b6"},"training_information":{"training_data_references":[{"training_data":"Training data name not found","training_data_href":"/v2/assets/6afceaa9-7019-49ee-babd-a5cd35a11e7f?project_id=3c4f0e03-3245-49ca-9d08-ed48d60ff167","source_type":"Source type not found","source":"","source_href":"","source_path":"","training_data_exists":false,"source_exists":true,"type":"data_asset"}],"hyper_parameters":"","features":20},"model_identity_information":{"model_identity_key":"bccccabe-526d-4898-8b96-9dae2d8af7ec"},"metrics":[{"ml_metrics":[{"training_value":0.91539055,"id":"r2","name":"R squared","holdout_value":0.9160327},{"training_value":-1.9601855,"id":"root_mean_squared_error","name":"Root mean squared error","holdout_value":-1.9454683},{"training_value":-0.0059857634,"id":"mean_squared_log_error","name":"Mean squared log error","holdout_value":-0.0057377075},{"holdout_value":-1.1045513,"id":"median_absolute_error","name":"Median absolute error","training_value":-1.1077652},{"holdout_value":-3.7848468,"id":"mean_squared_error","name":"Mean squared error","training_value":-3.8423517},{"holdout_value":-0.075747654,"id":"root_mean_squared_log_error","name":"Root mean squared log error","training_value":-0.077365525},{"holdout_value":0.91604745,"id":"explained_variance","name":"Explained variance","training_value":0.915392},{"training_value":-1.5162356,"id":"mean_absolute_error","name":"Mean absolute error","holdout_value":-1.503211}],"timestamp":"2024-09-17T16:49:29.000Z"}]},"modelfacts_user":{}},"attachments":[{"id":"f8e81d6d-373b-48b3-b2e4-d29e684219d8","version":2,"asset_type":"wml_model","name":"P4_automl.zip","datasource_type":"193a97c1-4475-4a19-b90c-295c4fdc6517","creator_id":"IBMid-110000B3QC","create_time":1726591876514,"size":6318,"is_remote":false,"is_managed":true,"is_referenced":false,"is_object_key_read_only":false,"is_user_provided_path_key":false,"transfer_complete":true,"is_partitioned":false,"complete_time_ticks":1726591878687,"user_data":{"content_format":"pipeline-node","pipeline_node_id":"automl"},"test_doc":0,"handle":{"bucket":"policyriskdevelopmentmaster-donotdelete-pr-kcf5ydknhp6v3p","location":"us-south","type":"bluemix_cos","key":"ec2847b2-7ab7-44ec-af6d-4ad5508ab345/b7351134-75e3-4b00-a31c-2930f89d86b6/f8e81d6d-373b-48b3-b2e4-d29e684219d8","upload_id":"done","max_part_num":1},"usage":{"access_count":1,"last_accessor_id":"IBMid-110000B3QC","last_access_time":1726591878688,"last_updater_id":"IBMid-110000B3QC","last_update_time":1726591878688}},{"id":"21cf4130-adf0-4195-8dba-b79e0cbfa526","version":2,"asset_type":"wml_model","name":"pipeline_model.json","datasource_type":"193a97c1-4475-4a19-b90c-295c4fdc6517","creator_id":"IBMid-110000B3QC","create_time":1726591876753,"size":1884,"is_remote":false,"is_managed":true,"is_referenced":false,"is_object_key_read_only":false,"is_user_provided_path_key":false,"transfer_complete":true,"is_partitioned":false,"complete_time_ticks":1726591878946,"user_data":{"content_format":"native"},"test_doc":0,"handle":{"bucket":"policyriskdevelopmentmaster-donotdelete-pr-kcf5ydknhp6v3p","location":"us-south","type":"bluemix_cos","key":"ec2847b2-7ab7-44ec-af6d-4ad5508ab345/b7351134-75e3-4b00-a31c-2930f89d86b6/21cf4130-adf0-4195-8dba-b79e0cbfa526","upload_id":"done","max_part_num":1},"usage":{"access_count":1,"last_accessor_id":"IBMid-110000B3QC","last_access_time":1726591878946,"last_updater_id":"IBMid-110000B3QC","last_update_time":1726591878946}}]}
