{"metadata":{"asset_id":"b276b961-0838-4d73-876d-80e79d92fbf4","asset_attributes":["job"],"name":"Retail Sales Model - Sales Warehouse job","asset_type":"job","created_at":"2025-09-29T17:16:40Z","origin_country":"us","owner_id":"IBMid-2700014MQM","project_id":"b2169c71-153c-4168-be32-d781d1fc935e","size":0,"usage":{"last_update_time":1759166200998,"last_updated_at":"2025-09-29T17:16:40Z"}},"entity":{"job":{"asset_ref_type":"metadata_import","configuration":{"env_type":"","env_variables":[]},"last_run_initiator":"deprecated field","last_run_time":"deprecated field","last_run_status":"deprecated field","last_run_status_timestamp":0,"future_scheduled_runs":[],"enable_notifications":true,"project_name":"Sales Analysis","asset_ref":"a5a112cd-5bf8-4874-91e1-10b466b52332","schedule_id":"","schedule_creator_id":""}}}
