{"metadata":{"asset_id":"8f37031a-6a98-4e84-93c3-0aeae222a0a9","asset_attributes":["job"],"name":"Retail Sales Model","asset_type":"job","created_at":"2025-09-29T17:17:06Z","origin_country":"us","owner_id":"IBMid-2700014MQM","project_id":"b2169c71-153c-4168-be32-d781d1fc935e","size":0,"usage":{"last_update_time":1759166226664,"last_updated_at":"2025-09-29T17:17:06Z"}},"entity":{"job":{"asset_ref_type":"metadata_enrichment_area","configuration":{"env_type":"","env_variables":[]},"last_run_initiator":"deprecated field","last_run_time":"deprecated field","last_run_status":"deprecated field","last_run_status_timestamp":0,"future_scheduled_runs":[],"enable_notifications":true,"project_name":"Sales Analysis","asset_ref":"e9adcb34-8766-41eb-85c7-ca9c4ecc6bc1","schedule_id":"","schedule_creator_id":""}}}
