{"metadata":{"asset_id":"5992a926-b729-47f8-8bcf-a7f05763b764","asset_attributes":["job_run","location_definition"],"name":"job run","asset_type":"job_run","created_at":"2025-09-29T17:16:42Z","origin_country":"us","owner_id":"IBMid-2700014MQM","project_id":"b2169c71-153c-4168-be32-d781d1fc935e","size":0,"usage":{"last_update_time":1759166221707,"last_updated_at":"2025-09-29T17:17:01Z"}},"entity":{"job_run":{"job_ref":"b276b961-0838-4d73-876d-80e79d92fbf4","job_name":"Retail Sales Model - Sales Warehouse job","job_type":"metadata_import","state":"Completed","isScheduledRun":false,"configuration":{"env_type":"","env_variables":[],"discovery":{"metadata":{"id":"24d80e38-4b95-4993-9355-6066dfe83bd6","invoked_by":"IBMid-2700014MQM","bss_account_id":"f6da2910000a4fa3b0f20b0c7e850dc7","created_at":1759166204089,"started_at":1759166205899,"discovered_at":1759166210982,"processed_at":1759166213654,"finished_at":1759166219379},"entity":{"statistics":{"discovered":24,"discovered_with_children":24,"submit_succ":24,"submit_fail":0,"create_succ":24,"create_fail":0,"create_succ_with_children":24,"create_fail_with_children":0,"number_of_new_assets":24,"number_of_updated_assets":0,"number_of_removed_assets":0,"discovery_skipped":0},"status":"COMPLETED","connection_id":"c395c23f-a251-4168-8de9-b02594535b69","project_id":"b2169c71-153c-4168-be32-d781d1fc935e","unified_lineage":true,"job_id":"b276b961-0838-4d73-876d-80e79d92fbf4","job_run_id":"5992a926-b729-47f8-8bcf-a7f05763b764","metadata_import_id":"a5a112cd-5bf8-4874-91e1-10b466b52332","import_type":"metadata","scope":{"paths":["/RetailSales/branch","/RetailSales/conversion_rate","/RetailSales/country","/RetailSales/currency_lookup","/RetailSales/CustomerDetails","/RetailSales/euro_conversion","/RetailSales/inventory_levels","/RetailSales/order_details","/RetailSales/order_header","/RetailSales/order_method","/RetailSales/product","/RetailSales/product_brand","/RetailSales/product_color_lookup","/RetailSales/product_forecast","/RetailSales/product_line","/RetailSales/product_name_lookup","/RetailSales/product_size_lookup","/RetailSales/product_type","/RetailSales/return_reason","/RetailSales/returned_item","/RetailSales/sales_region","/RetailSales/sales_target","/RetailSales/time","/RetailSales/time_quarter_lookup"]},"extra_properties":{"datasourceType":"9493d830-882b-445e-96c7-8e4c635a1a5b","job_run_logLocation":"b2169c71-153c-4168-be32-d781d1fc935e/mdi/jobrunlog-bdb1303b-2804-4958-b82b-82d4af0c582a.txt","projectType":"wxbi","include_primary_key":"true","exclude_tables":"false","metadata_from_catalog_table_only":"false","include_foreign_key":"true","exclude_views":"false","include_asset_lifecycle_timestamps":"false","discoveryProcessCompleted":"true","isDiscoveryPausedByExecutionWindow":"false"}}},"metrics":{"import_type":"metadata","status":"Completed","completed_at":"2025-09-29T17:16:59Z","accumulated_duration_seconds":15,"discovery":{"summary":{"discovery_completed":true,"status":"COMPLETED","in_progress":0,"completed":24,"failed":0,"total":24,"skipped":0,"new_assets":24,"updated_assets":0,"removed_assets":0},"failed_assets":[]}}},"project_name":"Sales Analysis","runtime_job_id":"24d80e38-4b95-4993-9355-6066dfe83bd6","last_state_change_timestamp":"2025-09-29T17:17:01Z","duration":14},"location_definition":{"physical_location_code":"DAL","physical_location_code_assigned_by":"IBMid-2700014MQM","physical_location_code_rds_id":"c57cb90f-2126-3800-9c9f-9eab82021cdf","physical_location_code_rds_version":"00002025-0814-4204-8629-612173000000_5","physical_location_code_assignment_method":"INFERRED","physical_location_code_added_on":"1759166204601"}},"attachments":[{"id":"d25fb81c-c281-4886-aae9-43227bfeaf20","version":2,"asset_type":"job_run","name":"5992a926-b729-47f8-8bcf-a7f05763b764","description":"log for job run 5992a926-b729-47f8-8bcf-a7f05763b764","mime":"application/json","datasource_type":"193a97c1-4475-4a19-b90c-295c4fdc6517","object_key":"b2169c71-153c-4168-be32-d781d1fc935e/mdi/jobrunlog-bdb1303b-2804-4958-b82b-82d4af0c582a.txt","creator_id":"IBMid-2700014MQM","create_time":1759166204602,"size":0,"is_remote":false,"is_managed":false,"is_referenced":true,"is_object_key_read_only":false,"is_user_provided_path_key":true,"transfer_complete":true,"is_partitioned":true,"complete_time_ticks":1759166204602,"user_data":{},"test_doc":0,"handle":{"bucket":"salesanalysis-donotdelete-pr-izavrl14tjfpr8","location":"us-south","type":"bluemix_cos","key":"b2169c71-153c-4168-be32-d781d1fc935e/mdi/jobrunlog-bdb1303b-2804-4958-b82b-82d4af0c582a.txt","upload_id":"done","max_part_num":1},"usage":{"access_count":0,"last_accessor_id":"IBMid-2700014MQM","last_access_time":1759166204602}}]}
