{"metadata":{"asset_id":"2c223acb-788a-41da-a2f6-afbac6169077","asset_attributes":["job_run","location_definition"],"name":"job run","asset_type":"job_run","created_at":"2025-09-29T17:17:11Z","origin_country":"us","owner_id":"IBMid-2700014MQM","project_id":"b2169c71-153c-4168-be32-d781d1fc935e","size":1694,"usage":{"last_update_time":1759170790989,"last_updated_at":"2025-09-29T18:33:10Z"}},"entity":{"job_run":{"job_ref":"8f37031a-6a98-4e84-93c3-0aeae222a0a9","job_name":"Retail Sales Model","job_type":"metadata_enrichment_area","state":"Completed","isScheduledRun":false,"configuration":{"env_type":"","env_variables":[],"skip_notifications":false,"metrics":{"type":"all","status":"Completed","started_at":"2025-09-29T17:17:11.257+00:00","accumulated_duration_seconds":4557,"enrichment_settings":{"enrichment_area_objective":{"enrichment_options":{"structured":{"profile":true,"assign_terms":true,"analyze_quality":false,"analyze_relationships":false,"semantic_expansion":true,"data_search":true}},"governance_scope":[{"id":"4304461c-1443-484c-a1d9-bc489e37bfee","type":"category"}],"sampling":{"structured":{"method":"random","analysis_method":"fixed","sample_size":{"name":"CUSTOM","options":{"row_number":10000}}}},"datascope_of_reruns":"all"},"project_enrichment_settings":{"structured_profiling":{"null_threshold":0.05,"uniqueness_threshold":0.95,"constant_threshold":0.99,"quality_score_threshold":0.8,"data_class_assignment_threshold":0.75,"data_class_suggestion_threshold":0.25,"dq_exceptions_database":{"location":{},"count":100},"bivariate_statistics":true},"term_assignment":{"class_based_assignments":true,"term_assignment_threshold":0.6,"term_suggestion_threshold":0.5,"name_matching":true,"ml_based_assignments_default":true,"ml_based_assignments_custom":false,"system_business_reference":false,"evaluate_negative_assignments":false,"default_ml_configuration":{"scope":"project"},"llm_based_assignments":true,"rule_based_assignments":false},"classification":{"terms_based_assignments":true,"class_based_assignments":true},"semantic_expansion":{"use_data_from_profiling_samples":false,"use_assets_with_assigned_display_names":true,"assets_with_assigned_display_names_container_type":"project","name_expansion":true,"name_expansion_configuration":{"engine":"llm","assignment_threshold":0.9,"suggestion_threshold":0.75},"description_generation":true,"description_generation_configuration":{"assignment_threshold":1,"suggestion_threshold":0.75}},"key_analysis":{"pk_shallow_analysis_config":{"min_confidence":0.8},"fk_shallow_analysis_config":{"min_confidence":0.8,"auto_selection":true,"auto_selection_threshold":0.9}},"advanced_profiling":{"unique_value_table":{"location":{},"count":1000}}}},"summary":{"pending":0,"in_progress":0,"completed":24,"failed":0,"total":24,"not_found":0},"enrichment_options":{"profile":{"enabled":true,"summary":{"pending":0,"in_progress":0,"completed":24,"failed":0,"skipped":0}},"assign_terms":{"enabled":true,"summary":{"pending":0,"in_progress":0,"completed":24,"failed":0,"skipped":0}},"analyze_relationships":{"enabled":false},"semantic_expansion":{"enabled":true,"summary":{"pending":0,"in_progress":0,"completed":24,"failed":0,"skipped":0}},"analyze_quality":{"enabled":false},"dq_gen_constraints":{"enabled":false},"dq_sla":{"enabled":false},"data_search":{"enabled":true,"summary":{"pending":0,"in_progress":0,"completed":24,"failed":0,"skipped":0}}},"failed_assets":{},"hb_tasks":{"summary":{"pending":0,"in_progress":0,"completed":1,"failed":0,"total":1,"stopped":0},"tasks":[{"hbtask_id":"fb2ad3a5-0089-4ee5-b824-2679dc8c8c64","hb_job_id":"b8a0d6fc-8837-40f8-b304-329f54b34a70","final_status":"COMPLETED","events":[{"counter":1,"status":"CREATED","time":"2025-09-29T18:29:14.902942610Z"},{"counter":2,"status":"SUBMITTED","time":"2025-09-29T18:29:18.282793468Z"},{"counter":1,"status":"RUNNING","time":"2025-09-29T18:30:20.569373983Z"},{"counter":1,"status":"COMPLETED","time":"2025-09-29T18:32:29.574565356Z"}]}]},"model_infos":[{"model_id":"1646c29a-27ea-4eb1-8867-f76b68f984b4","finished_at":"2025-09-29T18:31:39.000+00:00","model_description":"Model generated by automatic training on 2025-09-29T18:31:36Z. Reason to initiate training: No previous model found","model_details":{"Number of distinct columns":0,"Number of term rejects":0,"Number of tables":0,"Model version":"1.2","Number of categories":3,"Number of term assignments":0,"Number of terms":104}}]}},"project_name":"Sales Analysis","resource_usage":0,"last_state_change_timestamp":"2025-09-29T18:33:10Z","duration":4559},"location_definition":{"physical_location_code":"DAL","physical_location_code_assigned_by":"IBMid-2700014MQM","physical_location_code_rds_id":"c57cb90f-2126-3800-9c9f-9eab82021cdf","physical_location_code_rds_version":"00002025-0814-4204-8629-612173000000_5","physical_location_code_assignment_method":"INFERRED","physical_location_code_added_on":"1759170790583"}},"attachments":[{"id":"28233c8a-36e2-4331-b1d5-443f8de4360b","version":2,"asset_type":"job_run","name":"jobRunLog_a4de8667-7bc1-4aa9-99be-829f485499ec","mime":"text/plain","datasource_type":"193a97c1-4475-4a19-b90c-295c4fdc6517","object_key":"mdesm/jobRunLog_a4de8667-7bc1-4aa9-99be-829f485499ec.txt","creator_id":"IBMid-2700014MQM","create_time":1759170790584,"size":1694,"is_remote":false,"is_managed":false,"is_referenced":true,"is_object_key_read_only":false,"is_user_provided_path_key":true,"transfer_complete":true,"is_partitioned":false,"complete_time_ticks":1759170790584,"user_data":{},"test_doc":0,"handle":{"bucket":"salesanalysis-donotdelete-pr-izavrl14tjfpr8","location":"us-south","type":"bluemix_cos","key":"mdesm/jobRunLog_a4de8667-7bc1-4aa9-99be-829f485499ec.txt","upload_id":"done","max_part_num":1},"usage":{"access_count":0,"last_accessor_id":"IBMid-2700014MQM","last_access_time":1759170790584}},{"id":"5e47783a-8552-4148-b01f-6c4af2f5ee23","version":2,"asset_type":"job_run","name":"2c223acb-788a-41da-a2f6-afbac6169077","description":"log for job run 2c223acb-788a-41da-a2f6-afbac6169077","mime":"application/json","datasource_type":"193a97c1-4475-4a19-b90c-295c4fdc6517","object_key":"mdesm/jobRunLog_a4de8667-7bc1-4aa9-99be-829f485499ec.txt","creator_id":"IBMid-2700014MQM","create_time":1759170790836,"size":0,"is_remote":false,"is_managed":false,"is_referenced":true,"is_object_key_read_only":false,"is_user_provided_path_key":true,"transfer_complete":true,"is_partitioned":true,"complete_time_ticks":1759170790836,"user_data":{},"test_doc":0,"handle":{"bucket":"salesanalysis-donotdelete-pr-izavrl14tjfpr8","location":"us-south","type":"bluemix_cos","key":"mdesm/jobRunLog_a4de8667-7bc1-4aa9-99be-829f485499ec.txt","upload_id":"done","max_part_num":1},"usage":{"access_count":0,"last_accessor_id":"IBMid-2700014MQM","last_access_time":1759170790836}}]}
