{"metadata":{},"entity":{"result_asset":{"name":"FK_16cb7a56-e947-4f38-bf32-3ab03ca166f7_675552842_AND_8264f55d-4039-49f9-a306-47d50a729c76_1481071862","metadata_enrichment_area_id":"e9adcb34-8766-41eb-85c7-ca9c4ecc6bc1","key_analysis_area_id":"12bb21ec-a9ba-46b0-9895-c625ba3550e2","key_analysis_result_id":"b34dd288-9b07-4682-846e-39248c7cbca8","data_asset":"16cb7a56-e947-4f38-bf32-3ab03ca166f7","data_asset_name":"branch","target_data_asset":"8264f55d-4039-49f9-a306-47d50a729c76","target_data_asset_name":"country","analysis_type":"fk_shallow","has_relation":false,"related_assigned_primary_key":false,"keys":["Branch_code"],"target_keys":["country_code"],"confidence":1,"num_of_columns":1,"status":"assigned","internal_status":"assigned","is_defined":false,"auto_assign":false,"modified_at":1759170714844}}}
