{"metadata":{},"entity":{"result_asset":{"name":"PK_16cb7a56-e947-4f38-bf32-3ab03ca166f7_-851984007","metadata_enrichment_area_id":"e9adcb34-8766-41eb-85c7-ca9c4ecc6bc1","key_analysis_area_id":"12bb21ec-a9ba-46b0-9895-c625ba3550e2","key_analysis_result_id":"b50496ec-53bd-4239-a33f-9555b5c1f962","data_asset":"16cb7a56-e947-4f38-bf32-3ab03ca166f7","data_asset_name":"branch","analysis_type":"pk_shallow","has_relation":false,"related_assigned_primary_key":false,"keys":["organization_code"],"confidence":1,"num_of_columns":1,"status":"suggested","internal_status":"suggested","is_defined":false,"auto_assign":false,"modified_at":1759170714844,"total_records":29,"unique_values":29,"null_values":0}}}
