{"metadata":{},"entity":{"result_asset":{"name":"FK_8264f55d-4039-49f9-a306-47d50a729c76_1481071862_AND_680b5b3c-42f0-4684-9dee-2000d0a1c2e4_1481071862","metadata_enrichment_area_id":"e9adcb34-8766-41eb-85c7-ca9c4ecc6bc1","key_analysis_area_id":"12bb21ec-a9ba-46b0-9895-c625ba3550e2","key_analysis_result_id":"fd9aded0-fac6-4a9c-9ad4-41e5b9169f51","data_asset":"8264f55d-4039-49f9-a306-47d50a729c76","data_asset_name":"country","target_data_asset":"680b5b3c-42f0-4684-9dee-2000d0a1c2e4","target_data_asset_name":"euro_conversion","analysis_type":"fk_shallow","has_relation":false,"related_assigned_primary_key":false,"keys":["country_code"],"target_keys":["country_code"],"confidence":1,"num_of_columns":1,"status":"assigned","internal_status":"assigned","is_defined":false,"auto_assign":false,"modified_at":1759170679835}}}
