{"metadata":{},"entity":{"result_asset":{"name":"PK_bf4c8e9b-8ea1-4892-8445-de7e5a34f445_-2125192938","metadata_enrichment_area_id":"e9adcb34-8766-41eb-85c7-ca9c4ecc6bc1","key_analysis_area_id":"12bb21ec-a9ba-46b0-9895-c625ba3550e2","key_analysis_result_id":"f9d53233-6ed9-41ae-b817-3ffa47b2ea2b","data_asset":"bf4c8e9b-8ea1-4892-8445-de7e5a34f445","data_asset_name":"order_method","analysis_type":"pk_shallow","has_relation":false,"related_assigned_primary_key":false,"keys":["order_method_en"],"confidence":1,"num_of_columns":1,"status":"suggested","internal_status":"suggested","is_defined":false,"auto_assign":false,"modified_at":1759170689076,"total_records":7,"unique_values":7,"null_values":0}}}
