{"metadata":{},"entity":{"result_asset":{"name":"FK_16cb7a56-e947-4f38-bf32-3ab03ca166f7_675552842_AND_ed5b227e-1a5a-4809-a0df-11a1c6911bc2_-1753414930","metadata_enrichment_area_id":"e9adcb34-8766-41eb-85c7-ca9c4ecc6bc1","key_analysis_area_id":"12bb21ec-a9ba-46b0-9895-c625ba3550e2","key_analysis_result_id":"3a127616-fd79-4f48-9068-46e9173ed3aa","data_asset":"16cb7a56-e947-4f38-bf32-3ab03ca166f7","data_asset_name":"branch","target_data_asset":"ed5b227e-1a5a-4809-a0df-11a1c6911bc2","target_data_asset_name":"inventory_levels","analysis_type":"fk_shallow","has_relation":false,"related_assigned_primary_key":false,"keys":["Branch_code"],"target_keys":["warehouse_branch_code"],"confidence":1,"num_of_columns":1,"status":"assigned","internal_status":"assigned","is_defined":false,"auto_assign":false,"modified_at":1759170714844}}}
