{"metadata":{},"entity":{"result_asset":{"name":"PK_3a3c0b64-6fc9-413b-8ba4-5bbd89fd5873_970865066","metadata_enrichment_area_id":"e9adcb34-8766-41eb-85c7-ca9c4ecc6bc1","key_analysis_area_id":"12bb21ec-a9ba-46b0-9895-c625ba3550e2","key_analysis_result_id":"042312ac-bddd-477a-9944-2cc918426eac","data_asset":"3a3c0b64-6fc9-413b-8ba4-5bbd89fd5873","data_asset_name":"order_details","analysis_type":"pk_shallow","has_relation":true,"related_assigned_primary_key":false,"keys":["order_detail_code"],"confidence":1,"num_of_columns":1,"status":"assigned","internal_status":"assigned","is_defined":false,"auto_assign":false,"modified_at":1759170695486,"total_records":9868,"unique_values":9868,"null_values":0}}}
