{"metadata":{},"entity":{"result_asset":{"name":"PK_9d7aefea-54d8-4e78-a1be-9772bbebc474_694344289","metadata_enrichment_area_id":"e9adcb34-8766-41eb-85c7-ca9c4ecc6bc1","key_analysis_area_id":"12bb21ec-a9ba-46b0-9895-c625ba3550e2","key_analysis_result_id":"c021a614-b934-402b-a264-05e09b468eea","data_asset":"9d7aefea-54d8-4e78-a1be-9772bbebc474","data_asset_name":"sales_region","analysis_type":"pk_shallow","has_relation":false,"related_assigned_primary_key":false,"keys":["sales_region_en"],"confidence":1,"num_of_columns":1,"status":"suggested","internal_status":"suggested","is_defined":false,"auto_assign":false,"modified_at":1759170696656,"total_records":5,"unique_values":5,"null_values":0}}}
