{"metadata":{},"entity":{"result_asset":{"name":"PK_d2188a17-9cc9-48ac-bfc3-faebad23c911_-1034011705_-992315798_1728238989_1718665104","metadata_enrichment_area_id":"e9adcb34-8766-41eb-85c7-ca9c4ecc6bc1","key_analysis_area_id":"12bb21ec-a9ba-46b0-9895-c625ba3550e2","key_analysis_result_id":"3f208b62-dda6-48f5-89a8-6f8faaf0d6b0","data_asset":"d2188a17-9cc9-48ac-bfc3-faebad23c911","data_asset_name":"product_forecast","analysis_type":"pk_shallow","has_relation":false,"related_assigned_primary_key":false,"keys":["base_product_number","branch_code","sales_month","sales_year"],"confidence":1,"num_of_columns":4,"status":"assigned","internal_status":"assigned","is_defined":false,"auto_assign":false,"modified_at":1759170727461}}}
