{"metadata":{},"entity":{"result_asset":{"name":"PK_680b5b3c-42f0-4684-9dee-2000d0a1c2e4_1481071862_-22376786_1246551631","metadata_enrichment_area_id":"e9adcb34-8766-41eb-85c7-ca9c4ecc6bc1","key_analysis_area_id":"12bb21ec-a9ba-46b0-9895-c625ba3550e2","key_analysis_result_id":"accc622a-00b8-498b-9ed6-04ece2aef195","data_asset":"680b5b3c-42f0-4684-9dee-2000d0a1c2e4","data_asset_name":"euro_conversion","analysis_type":"pk_shallow","has_relation":false,"related_assigned_primary_key":false,"keys":["country_code","euro_month","euro_year"],"confidence":1,"num_of_columns":3,"status":"assigned","internal_status":"assigned","is_defined":false,"auto_assign":false,"modified_at":1759170719035}}}
