{"metadata":{},"entity":{"result_asset":{"name":"FK_8264f55d-4039-49f9-a306-47d50a729c76_1481071862_AND_9d7aefea-54d8-4e78-a1be-9772bbebc474_1544875429","metadata_enrichment_area_id":"e9adcb34-8766-41eb-85c7-ca9c4ecc6bc1","key_analysis_area_id":"12bb21ec-a9ba-46b0-9895-c625ba3550e2","key_analysis_result_id":"8702624f-86c7-4866-b79a-b4ae240da376","data_asset":"8264f55d-4039-49f9-a306-47d50a729c76","data_asset_name":"country","target_data_asset":"9d7aefea-54d8-4e78-a1be-9772bbebc474","target_data_asset_name":"sales_region","analysis_type":"fk_shallow","has_relation":false,"related_assigned_primary_key":false,"keys":["country_code"],"target_keys":["sales_region_code"],"confidence":1,"num_of_columns":1,"status":"assigned","internal_status":"assigned","is_defined":false,"auto_assign":false,"modified_at":1759170679835}}}
