{"metadata":{},"entity":{"result_asset":{"name":"PK_16cb7a56-e947-4f38-bf32-3ab03ca166f7_675552842","metadata_enrichment_area_id":"e9adcb34-8766-41eb-85c7-ca9c4ecc6bc1","key_analysis_area_id":"12bb21ec-a9ba-46b0-9895-c625ba3550e2","key_analysis_result_id":"9932c1c5-d1bc-4748-b4a2-e972a75d2cdf","data_asset":"16cb7a56-e947-4f38-bf32-3ab03ca166f7","data_asset_name":"branch","analysis_type":"pk_shallow","has_relation":true,"related_assigned_primary_key":false,"keys":["Branch_code"],"confidence":1,"num_of_columns":1,"status":"assigned","internal_status":"assigned","is_defined":false,"auto_assign":false,"modified_at":1759170714844,"total_records":29,"unique_values":29,"null_values":0}}}
