{"metadata":{},"entity":{"result_asset":{"name":"PK_eef9f875-44ed-47bb-a249-d76be1fcfffe_1078980367","metadata_enrichment_area_id":"e9adcb34-8766-41eb-85c7-ca9c4ecc6bc1","key_analysis_area_id":"12bb21ec-a9ba-46b0-9895-c625ba3550e2","key_analysis_result_id":"003b9001-d6e3-440d-84ac-f26edfc4b29d","data_asset":"eef9f875-44ed-47bb-a249-d76be1fcfffe","data_asset_name":"CustomerDetails","analysis_type":"pk_shallow","has_relation":false,"related_assigned_primary_key":false,"keys":["LoyaltyNumber"],"confidence":0.87985975,"num_of_columns":1,"status":"suggested","internal_status":"suggested","is_defined":false,"auto_assign":false,"modified_at":1759170734315,"total_records":9980,"unique_values":8781,"null_values":0}}}
