{"metadata":{},"entity":{"result_asset":{"name":"FK_1b49145e-c5ad-48c5-bd44-b0f90ad33c5b_-953093511_AND_7daab036-eaa7-47f5-8f8e-11d8eeabf390_-953093511","metadata_enrichment_area_id":"e9adcb34-8766-41eb-85c7-ca9c4ecc6bc1","key_analysis_area_id":"12bb21ec-a9ba-46b0-9895-c625ba3550e2","key_analysis_result_id":"7bbd5a09-5cdf-42b8-aa1b-948c6f9a3f60","data_asset":"1b49145e-c5ad-48c5-bd44-b0f90ad33c5b","data_asset_name":"return_reason","target_data_asset":"7daab036-eaa7-47f5-8f8e-11d8eeabf390","target_data_asset_name":"returned_item","analysis_type":"fk_shallow","has_relation":false,"related_assigned_primary_key":false,"keys":["return_reason_code"],"target_keys":["return_reason_code"],"confidence":1,"num_of_columns":1,"status":"assigned","internal_status":"assigned","is_defined":false,"auto_assign":false,"modified_at":1759170711434}}}
