{"metadata":{},"entity":{"result_asset":{"name":"FK_8264f55d-4039-49f9-a306-47d50a729c76_1481071862_AND_601a9e51-01cf-4071-8550-32eb5731213d_1481071862","metadata_enrichment_area_id":"e9adcb34-8766-41eb-85c7-ca9c4ecc6bc1","key_analysis_area_id":"12bb21ec-a9ba-46b0-9895-c625ba3550e2","key_analysis_result_id":"09b0b010-1ed0-40b0-b39e-ee2f20cbf40f","data_asset":"8264f55d-4039-49f9-a306-47d50a729c76","data_asset_name":"country","target_data_asset":"601a9e51-01cf-4071-8550-32eb5731213d","target_data_asset_name":"conversion_rate","analysis_type":"fk_shallow","has_relation":false,"related_assigned_primary_key":false,"keys":["country_code"],"target_keys":["country_code"],"confidence":1,"num_of_columns":1,"status":"assigned","internal_status":"assigned","is_defined":false,"auto_assign":false,"modified_at":1759170679835}}}
