{"metadata":{},"entity":{"result_asset":{"name":"PK_20ff7f72-1fc2-4907-9e79-bbb15b87e27b_2044148300","metadata_enrichment_area_id":"e9adcb34-8766-41eb-85c7-ca9c4ecc6bc1","key_analysis_area_id":"12bb21ec-a9ba-46b0-9895-c625ba3550e2","key_analysis_result_id":"75bb7b3f-33c5-4356-ba1a-6cf83d5bdd6f","data_asset":"20ff7f72-1fc2-4907-9e79-bbb15b87e27b","data_asset_name":"time_quarter_lookup","analysis_type":"pk_shallow","has_relation":true,"related_assigned_primary_key":false,"keys":["quarter_key"],"confidence":1,"num_of_columns":1,"status":"assigned","internal_status":"assigned","is_defined":false,"auto_assign":false,"modified_at":1759170680079,"total_records":20,"unique_values":20,"null_values":0}}}
