{"metadata":{},"entity":{"result_asset":{"name":"PK_ff7bee47-9924-44c7-be20-51b202611663_1447764796","metadata_enrichment_area_id":"e9adcb34-8766-41eb-85c7-ca9c4ecc6bc1","key_analysis_area_id":"12bb21ec-a9ba-46b0-9895-c625ba3550e2","key_analysis_result_id":"35999b85-092b-487d-b913-32da9b6f42ba","data_asset":"ff7bee47-9924-44c7-be20-51b202611663","data_asset_name":"time","analysis_type":"pk_shallow","has_relation":false,"related_assigned_primary_key":false,"keys":["day_key"],"confidence":0.98764586,"num_of_columns":1,"status":"suggested","internal_status":"suggested","is_defined":false,"auto_assign":false,"modified_at":1759170734161,"total_records":1457,"unique_values":1439,"null_values":0}}}
