{"metadata":{},"entity":{"result_asset":{"name":"FK_5f462193-4dc5-45fc-a8f6-211eec458902_1505142005_AND_93a32234-b158-4fdc-9e3b-d769237fd9b0_1505142005","metadata_enrichment_area_id":"e9adcb34-8766-41eb-85c7-ca9c4ecc6bc1","key_analysis_area_id":"12bb21ec-a9ba-46b0-9895-c625ba3550e2","key_analysis_result_id":"0f3931f2-86af-4717-9eb4-b0d587503441","data_asset":"5f462193-4dc5-45fc-a8f6-211eec458902","data_asset_name":"product_brand","target_data_asset":"93a32234-b158-4fdc-9e3b-d769237fd9b0","target_data_asset_name":"sales_target","analysis_type":"fk_shallow","has_relation":false,"related_assigned_primary_key":false,"keys":["product_brand_code"],"target_keys":["product_brand_code"],"confidence":1,"num_of_columns":1,"status":"assigned","internal_status":"assigned","is_defined":false,"auto_assign":false,"modified_at":1759170679835}}}
