{"metadata":{},"entity":{"result_asset":{"name":"PK_8264f55d-4039-49f9-a306-47d50a729c76_-989886598","metadata_enrichment_area_id":"e9adcb34-8766-41eb-85c7-ca9c4ecc6bc1","key_analysis_area_id":"12bb21ec-a9ba-46b0-9895-c625ba3550e2","key_analysis_result_id":"07049b21-e10a-4c44-858b-815d0246d9d9","data_asset":"8264f55d-4039-49f9-a306-47d50a729c76","data_asset_name":"country","analysis_type":"pk_shallow","has_relation":false,"related_assigned_primary_key":false,"keys":["iso_three_digit_code"],"confidence":1,"num_of_columns":1,"status":"suggested","internal_status":"suggested","is_defined":false,"auto_assign":false,"modified_at":1759170679835,"total_records":21,"unique_values":21,"null_values":0}}}
