{"metadata":{},"entity":{"result_asset":{"name":"PK_8264f55d-4039-49f9-a306-47d50a729c76_1481071862","metadata_enrichment_area_id":"e9adcb34-8766-41eb-85c7-ca9c4ecc6bc1","key_analysis_area_id":"12bb21ec-a9ba-46b0-9895-c625ba3550e2","key_analysis_result_id":"f8aa1077-f9aa-4eb1-a1ef-6bdc7f9ff553","data_asset":"8264f55d-4039-49f9-a306-47d50a729c76","data_asset_name":"country","analysis_type":"pk_shallow","has_relation":true,"related_assigned_primary_key":false,"keys":["country_code"],"confidence":1,"num_of_columns":1,"status":"assigned","internal_status":"assigned","is_defined":false,"auto_assign":false,"modified_at":1759170679835,"total_records":21,"unique_values":21,"null_values":0}}}
