{"metadata":{},"entity":{"result_asset":{"name":"PK_ed5b227e-1a5a-4809-a0df-11a1c6911bc2_-1033426467_-32988864_-124358503_-1753414930","metadata_enrichment_area_id":"e9adcb34-8766-41eb-85c7-ca9c4ecc6bc1","key_analysis_area_id":"12bb21ec-a9ba-46b0-9895-c625ba3550e2","key_analysis_result_id":"fc3904f2-1c4f-4712-a976-fca773e660e7","data_asset":"ed5b227e-1a5a-4809-a0df-11a1c6911bc2","data_asset_name":"inventory_levels","analysis_type":"pk_shallow","has_relation":false,"related_assigned_primary_key":false,"keys":["inventory_month","inventory_year","product_number","warehouse_branch_code"],"confidence":1,"num_of_columns":4,"status":"assigned","internal_status":"assigned","is_defined":false,"auto_assign":false,"modified_at":1759170728897}}}
