{"metadata":{},"entity":{"result_asset":{"name":"PK_1b49145e-c5ad-48c5-bd44-b0f90ad33c5b_-953093511","metadata_enrichment_area_id":"e9adcb34-8766-41eb-85c7-ca9c4ecc6bc1","key_analysis_area_id":"12bb21ec-a9ba-46b0-9895-c625ba3550e2","key_analysis_result_id":"f887545d-c51c-4384-a0a7-e18da1353afa","data_asset":"1b49145e-c5ad-48c5-bd44-b0f90ad33c5b","data_asset_name":"return_reason","analysis_type":"pk_shallow","has_relation":true,"related_assigned_primary_key":false,"keys":["return_reason_code"],"confidence":1,"num_of_columns":1,"status":"assigned","internal_status":"assigned","is_defined":false,"auto_assign":false,"modified_at":1759170711434,"total_records":5,"unique_values":5,"null_values":0}}}
