{"metadata":{},"entity":{"result_asset":{"name":"PK_93a32234-b158-4fdc-9e3b-d769237fd9b0_c662d5fbdc7a1959_7","metadata_enrichment_area_id":"e9adcb34-8766-41eb-85c7-ca9c4ecc6bc1","key_analysis_area_id":"12bb21ec-a9ba-46b0-9895-c625ba3550e2","key_analysis_result_id":"0d4b1196-9e65-43ce-8e0c-0a9055dc5c37","data_asset":"93a32234-b158-4fdc-9e3b-d769237fd9b0","data_asset_name":"sales_target","analysis_type":"pk_shallow","has_relation":false,"related_assigned_primary_key":false,"keys":["country_code","product_brand_code","product_type_code","retailer_code","sales_period","sales_staff_code","sales_year"],"confidence":1,"num_of_columns":7,"status":"assigned","internal_status":"assigned","is_defined":false,"auto_assign":false,"modified_at":1759170682339}}}
