{"metadata":{},"entity":{"result_asset":{"name":"FK_ed736cee-ea02-43e0-ade1-f611ca268e6f_1481071862_AND_8264f55d-4039-49f9-a306-47d50a729c76_1481071862","metadata_enrichment_area_id":"e9adcb34-8766-41eb-85c7-ca9c4ecc6bc1","key_analysis_area_id":"12bb21ec-a9ba-46b0-9895-c625ba3550e2","key_analysis_result_id":"0ff9e192-22c3-42cc-a5cc-b24b94f07cf8","data_asset":"ed736cee-ea02-43e0-ade1-f611ca268e6f","data_asset_name":"currency_lookup","target_data_asset":"8264f55d-4039-49f9-a306-47d50a729c76","target_data_asset_name":"country","analysis_type":"fk_shallow","has_relation":false,"related_assigned_primary_key":false,"keys":["country_code"],"target_keys":["country_code"],"confidence":1,"num_of_columns":1,"status":"assigned","internal_status":"assigned","is_defined":false,"auto_assign":false,"modified_at":1759170726408}}}
