{"metadata":{},"entity":{"result_asset":{"name":"FK_16cb7a56-e947-4f38-bf32-3ab03ca166f7_675552842_AND_209b35d6-80c5-48a2-a4fb-3b260170556b_2118642615","metadata_enrichment_area_id":"e9adcb34-8766-41eb-85c7-ca9c4ecc6bc1","key_analysis_area_id":"12bb21ec-a9ba-46b0-9895-c625ba3550e2","key_analysis_result_id":"3c4d7569-de26-4fa8-95a5-18c34ed4ce5c","data_asset":"16cb7a56-e947-4f38-bf32-3ab03ca166f7","data_asset_name":"branch","target_data_asset":"209b35d6-80c5-48a2-a4fb-3b260170556b","target_data_asset_name":"order_header","analysis_type":"fk_shallow","has_relation":false,"related_assigned_primary_key":false,"keys":["Branch_code"],"target_keys":["sales_branch_code"],"confidence":1,"num_of_columns":1,"status":"assigned","internal_status":"assigned","is_defined":false,"auto_assign":false,"modified_at":1759170714844}}}
