{"metadata":{},"entity":{"result_asset":{"name":"FK_20ff7f72-1fc2-4907-9e79-bbb15b87e27b_2044148300_AND_ff7bee47-9924-44c7-be20-51b202611663_2044148300","metadata_enrichment_area_id":"e9adcb34-8766-41eb-85c7-ca9c4ecc6bc1","key_analysis_area_id":"12bb21ec-a9ba-46b0-9895-c625ba3550e2","key_analysis_result_id":"69e80bf2-7852-44f9-8fd7-963da354162c","data_asset":"20ff7f72-1fc2-4907-9e79-bbb15b87e27b","data_asset_name":"time_quarter_lookup","target_data_asset":"ff7bee47-9924-44c7-be20-51b202611663","target_data_asset_name":"time","analysis_type":"fk_shallow","has_relation":false,"related_assigned_primary_key":false,"keys":["quarter_key"],"target_keys":["quarter_key"],"confidence":1,"num_of_columns":1,"status":"assigned","internal_status":"assigned","is_defined":false,"auto_assign":false,"modified_at":1759170680079}}}
