{"metadata":{},"entity":{"result_asset":{"name":"PK_601a9e51-01cf-4071-8550-32eb5731213d_-2128928233_624409030_1481071862","metadata_enrichment_area_id":"e9adcb34-8766-41eb-85c7-ca9c4ecc6bc1","key_analysis_area_id":"12bb21ec-a9ba-46b0-9895-c625ba3550e2","key_analysis_result_id":"02610939-b46a-48a4-847f-7a0439ccd10e","data_asset":"601a9e51-01cf-4071-8550-32eb5731213d","data_asset_name":"conversion_rate","analysis_type":"pk_shallow","has_relation":false,"related_assigned_primary_key":false,"keys":["conversion_month","conversion_year","country_code"],"confidence":1,"num_of_columns":3,"status":"assigned","internal_status":"assigned","is_defined":false,"auto_assign":false,"modified_at":1759170706858}}}
