{"metadata":{},"entity":{"result_asset":{"name":"FK_bf4c8e9b-8ea1-4892-8445-de7e5a34f445_2093964058_AND_209b35d6-80c5-48a2-a4fb-3b260170556b_2093964058","metadata_enrichment_area_id":"e9adcb34-8766-41eb-85c7-ca9c4ecc6bc1","key_analysis_area_id":"12bb21ec-a9ba-46b0-9895-c625ba3550e2","key_analysis_result_id":"15920d46-e2b6-4746-a6ac-4594874e4bbc","data_asset":"bf4c8e9b-8ea1-4892-8445-de7e5a34f445","data_asset_name":"order_method","target_data_asset":"209b35d6-80c5-48a2-a4fb-3b260170556b","target_data_asset_name":"order_header","analysis_type":"fk_shallow","has_relation":false,"related_assigned_primary_key":false,"keys":["order_method_code"],"target_keys":["order_method_code"],"confidence":1,"num_of_columns":1,"status":"assigned","internal_status":"assigned","is_defined":false,"auto_assign":false,"modified_at":1759170689076}}}
