{"metadata":{},"entity":{"result_asset":{"name":"FK_5f462193-4dc5-45fc-a8f6-211eec458902_1505142005_AND_e59d9cae-592d-4eb4-a89f-38ba12218032_1505142005","metadata_enrichment_area_id":"e9adcb34-8766-41eb-85c7-ca9c4ecc6bc1","key_analysis_area_id":"12bb21ec-a9ba-46b0-9895-c625ba3550e2","key_analysis_result_id":"396f8b03-52fc-4d32-8126-90b1b272fe2f","data_asset":"5f462193-4dc5-45fc-a8f6-211eec458902","data_asset_name":"product_brand","target_data_asset":"e59d9cae-592d-4eb4-a89f-38ba12218032","target_data_asset_name":"product","analysis_type":"fk_shallow","has_relation":false,"related_assigned_primary_key":false,"keys":["product_brand_code"],"target_keys":["product_brand_code"],"confidence":1,"num_of_columns":1,"status":"assigned","internal_status":"assigned","is_defined":false,"auto_assign":false,"modified_at":1759170679835}}}
