{"metadata":{},"entity":{"result_asset":{"name":"PK_beb37465-2de7-49ee-8859-b0ccf8f71394_-1677696636","metadata_enrichment_area_id":"e9adcb34-8766-41eb-85c7-ca9c4ecc6bc1","key_analysis_area_id":"12bb21ec-a9ba-46b0-9895-c625ba3550e2","key_analysis_result_id":"d180a2a8-125a-4fbf-aadf-e4dab8ae2b15","data_asset":"beb37465-2de7-49ee-8859-b0ccf8f71394","data_asset_name":"product_line","analysis_type":"pk_shallow","has_relation":false,"related_assigned_primary_key":false,"keys":["product_line_en"],"confidence":1,"num_of_columns":1,"status":"suggested","internal_status":"suggested","is_defined":false,"auto_assign":false,"modified_at":1759170719666,"total_records":5,"unique_values":5,"null_values":0}}}
