{"metadata":{},"entity":{"result_asset":{"name":"FK_40d79395-5b57-4f73-bcc1-e985df018b21_1420413593_AND_e59d9cae-592d-4eb4-a89f-38ba12218032_1420413593","metadata_enrichment_area_id":"e9adcb34-8766-41eb-85c7-ca9c4ecc6bc1","key_analysis_area_id":"12bb21ec-a9ba-46b0-9895-c625ba3550e2","key_analysis_result_id":"2f60d735-cc01-450d-b6cf-a6a2ca88e501","data_asset":"40d79395-5b57-4f73-bcc1-e985df018b21","data_asset_name":"product_color_lookup","target_data_asset":"e59d9cae-592d-4eb4-a89f-38ba12218032","target_data_asset_name":"product","analysis_type":"fk_shallow","has_relation":false,"related_assigned_primary_key":false,"keys":["product_color_code"],"target_keys":["product_color_code"],"confidence":1,"num_of_columns":1,"status":"assigned","internal_status":"assigned","is_defined":false,"auto_assign":false,"modified_at":1759170690039}}}
