{"metadata":{},"entity":{"result_asset":{"name":"PK_bf4c8e9b-8ea1-4892-8445-de7e5a34f445_2093964058","metadata_enrichment_area_id":"e9adcb34-8766-41eb-85c7-ca9c4ecc6bc1","key_analysis_area_id":"12bb21ec-a9ba-46b0-9895-c625ba3550e2","key_analysis_result_id":"12510b24-8e46-4802-8f17-db75e713cad2","data_asset":"bf4c8e9b-8ea1-4892-8445-de7e5a34f445","data_asset_name":"order_method","analysis_type":"pk_shallow","has_relation":true,"related_assigned_primary_key":false,"keys":["order_method_code"],"confidence":1,"num_of_columns":1,"status":"assigned","internal_status":"assigned","is_defined":false,"auto_assign":false,"modified_at":1759170689076,"total_records":7,"unique_values":7,"null_values":0}}}
