{"metadata":{},"entity":{"result_asset":{"name":"PK_3db79409-9b46-4329-9c5d-9d01861c7564_639043611","metadata_enrichment_area_id":"e9adcb34-8766-41eb-85c7-ca9c4ecc6bc1","key_analysis_area_id":"12bb21ec-a9ba-46b0-9895-c625ba3550e2","key_analysis_result_id":"a28449e3-6558-4dec-a412-9b42b078cd91","data_asset":"3db79409-9b46-4329-9c5d-9d01861c7564","data_asset_name":"product_size_lookup","analysis_type":"pk_shallow","has_relation":true,"related_assigned_primary_key":false,"keys":["product_size_code"],"confidence":1,"num_of_columns":1,"status":"assigned","internal_status":"assigned","is_defined":false,"auto_assign":false,"modified_at":1759170691612,"total_records":55,"unique_values":55,"null_values":0}}}
