{"metadata":{},"entity":{"result_asset":{"name":"FK_e59d9cae-592d-4eb4-a89f-38ba12218032_-124358503_AND_6f39a3a0-996b-48a7-a73d-48aa99954b9e_-124358503","metadata_enrichment_area_id":"e9adcb34-8766-41eb-85c7-ca9c4ecc6bc1","key_analysis_area_id":"12bb21ec-a9ba-46b0-9895-c625ba3550e2","key_analysis_result_id":"63436d0b-e0c1-4aad-a297-1c270e8ba820","data_asset":"e59d9cae-592d-4eb4-a89f-38ba12218032","data_asset_name":"product","target_data_asset":"6f39a3a0-996b-48a7-a73d-48aa99954b9e","target_data_asset_name":"product_name_lookup","analysis_type":"fk_shallow","has_relation":false,"related_assigned_primary_key":false,"keys":["product_number"],"target_keys":["product_number"],"confidence":1,"num_of_columns":1,"status":"assigned","internal_status":"assigned","is_defined":false,"auto_assign":false,"modified_at":1759170716224}}}
