{"metadata":{},"entity":{"result_asset":{"name":"PK_7daab036-eaa7-47f5-8f8e-11d8eeabf390_970865066","metadata_enrichment_area_id":"e9adcb34-8766-41eb-85c7-ca9c4ecc6bc1","key_analysis_area_id":"12bb21ec-a9ba-46b0-9895-c625ba3550e2","key_analysis_result_id":"36b6fc9c-2e08-4851-8ea6-b5a90365440f","data_asset":"7daab036-eaa7-47f5-8f8e-11d8eeabf390","data_asset_name":"returned_item","analysis_type":"pk_shallow","has_relation":false,"related_assigned_primary_key":false,"keys":["order_detail_code"],"confidence":0.8016,"num_of_columns":1,"status":"suggested","internal_status":"suggested","is_defined":false,"auto_assign":false,"modified_at":1759170706070,"total_records":10000,"unique_values":8016,"null_values":0}}}
