{"metadata":{},"entity":{"result_asset":{"name":"FK_c7d4ca58-16a6-4269-9518-ddebfa74ebd3_661648514_AND_beb37465-2de7-49ee-8859-b0ccf8f71394_-1653786616","metadata_enrichment_area_id":"e9adcb34-8766-41eb-85c7-ca9c4ecc6bc1","key_analysis_area_id":"12bb21ec-a9ba-46b0-9895-c625ba3550e2","key_analysis_result_id":"572ceda1-8dcb-45b2-99bf-7ca7c73b7a0f","data_asset":"c7d4ca58-16a6-4269-9518-ddebfa74ebd3","data_asset_name":"product_type","target_data_asset":"beb37465-2de7-49ee-8859-b0ccf8f71394","target_data_asset_name":"product_line","analysis_type":"fk_shallow","has_relation":false,"related_assigned_primary_key":false,"keys":["product_type_code"],"target_keys":["product_line_code"],"confidence":1,"num_of_columns":1,"status":"assigned","internal_status":"assigned","is_defined":false,"auto_assign":false,"modified_at":1759170701827}}}
