{"metadata":{},"entity":{"result_asset":{"name":"PK_40d79395-5b57-4f73-bcc1-e985df018b21_1420413593","metadata_enrichment_area_id":"e9adcb34-8766-41eb-85c7-ca9c4ecc6bc1","key_analysis_area_id":"12bb21ec-a9ba-46b0-9895-c625ba3550e2","key_analysis_result_id":"c669865b-c0bb-4dff-9b60-0e16f996011e","data_asset":"40d79395-5b57-4f73-bcc1-e985df018b21","data_asset_name":"product_color_lookup","analysis_type":"pk_shallow","has_relation":true,"related_assigned_primary_key":false,"keys":["product_color_code"],"confidence":1,"num_of_columns":1,"status":"assigned","internal_status":"assigned","is_defined":false,"auto_assign":false,"modified_at":1759170690039,"total_records":27,"unique_values":27,"null_values":0}}}
