{"metadata":{},"entity":{"result_asset":{"name":"FK_209b35d6-80c5-48a2-a4fb-3b260170556b_899489114_AND_3a3c0b64-6fc9-413b-8ba4-5bbd89fd5873_899489114","metadata_enrichment_area_id":"e9adcb34-8766-41eb-85c7-ca9c4ecc6bc1","key_analysis_area_id":"12bb21ec-a9ba-46b0-9895-c625ba3550e2","key_analysis_result_id":"dc803907-91e1-438a-8fda-35aa380091b6","data_asset":"209b35d6-80c5-48a2-a4fb-3b260170556b","data_asset_name":"order_header","target_data_asset":"3a3c0b64-6fc9-413b-8ba4-5bbd89fd5873","target_data_asset_name":"order_details","analysis_type":"fk_shallow","has_relation":false,"related_assigned_primary_key":false,"keys":["order_number"],"target_keys":["order_number"],"confidence":1,"num_of_columns":1,"status":"assigned","internal_status":"assigned","is_defined":false,"auto_assign":false,"modified_at":1759170702941}}}
