{"metadata":{},"entity":{"result_asset":{"name":"PK_c7d4ca58-16a6-4269-9518-ddebfa74ebd3_661648514","metadata_enrichment_area_id":"e9adcb34-8766-41eb-85c7-ca9c4ecc6bc1","key_analysis_area_id":"12bb21ec-a9ba-46b0-9895-c625ba3550e2","key_analysis_result_id":"c2dd69da-6684-408d-b850-28cf01c14962","data_asset":"c7d4ca58-16a6-4269-9518-ddebfa74ebd3","data_asset_name":"product_type","analysis_type":"pk_shallow","has_relation":true,"related_assigned_primary_key":false,"keys":["product_type_code"],"confidence":1,"num_of_columns":1,"status":"assigned","internal_status":"assigned","is_defined":false,"auto_assign":false,"modified_at":1759170701827,"total_records":21,"unique_values":21,"null_values":0}}}
