{"metadata":{},"entity":{"result_asset":{"name":"FK_3db79409-9b46-4329-9c5d-9d01861c7564_639043611_AND_e59d9cae-592d-4eb4-a89f-38ba12218032_639043611","metadata_enrichment_area_id":"e9adcb34-8766-41eb-85c7-ca9c4ecc6bc1","key_analysis_area_id":"12bb21ec-a9ba-46b0-9895-c625ba3550e2","key_analysis_result_id":"cc5705f8-17be-4cec-89a4-74a27755ec17","data_asset":"3db79409-9b46-4329-9c5d-9d01861c7564","data_asset_name":"product_size_lookup","target_data_asset":"e59d9cae-592d-4eb4-a89f-38ba12218032","target_data_asset_name":"product","analysis_type":"fk_shallow","has_relation":false,"related_assigned_primary_key":false,"keys":["product_size_code"],"target_keys":["product_size_code"],"confidence":1,"num_of_columns":1,"status":"assigned","internal_status":"assigned","is_defined":false,"auto_assign":false,"modified_at":1759170691612}}}
