{"metadata":{},"entity":{"result_asset":{"name":"PK_209b35d6-80c5-48a2-a4fb-3b260170556b_899489114","metadata_enrichment_area_id":"e9adcb34-8766-41eb-85c7-ca9c4ecc6bc1","key_analysis_area_id":"12bb21ec-a9ba-46b0-9895-c625ba3550e2","key_analysis_result_id":"7b5f81c1-80d4-48e1-a436-f2469346d353","data_asset":"209b35d6-80c5-48a2-a4fb-3b260170556b","data_asset_name":"order_header","analysis_type":"pk_shallow","has_relation":true,"related_assigned_primary_key":false,"keys":["order_number"],"confidence":1,"num_of_columns":1,"status":"assigned","internal_status":"assigned","is_defined":false,"auto_assign":false,"modified_at":1759170702941,"total_records":9975,"unique_values":9975,"null_values":0}}}
