{"metadata":{},"entity":{"result_asset":{"name":"PK_5f462193-4dc5-45fc-a8f6-211eec458902_1505142005","metadata_enrichment_area_id":"e9adcb34-8766-41eb-85c7-ca9c4ecc6bc1","key_analysis_area_id":"12bb21ec-a9ba-46b0-9895-c625ba3550e2","key_analysis_result_id":"d29c5ac9-3513-4b0a-9ca7-09f29c76e60d","data_asset":"5f462193-4dc5-45fc-a8f6-211eec458902","data_asset_name":"product_brand","analysis_type":"pk_shallow","has_relation":true,"related_assigned_primary_key":false,"keys":["product_brand_code"],"confidence":1,"num_of_columns":1,"status":"assigned","internal_status":"assigned","is_defined":false,"auto_assign":false,"modified_at":1759170679835,"total_records":28,"unique_values":28,"null_values":0}}}
