{"metadata":{},"entity":{"result_asset":{"name":"FK_c7d4ca58-16a6-4269-9518-ddebfa74ebd3_661648514_AND_e59d9cae-592d-4eb4-a89f-38ba12218032_661648514","metadata_enrichment_area_id":"e9adcb34-8766-41eb-85c7-ca9c4ecc6bc1","key_analysis_area_id":"12bb21ec-a9ba-46b0-9895-c625ba3550e2","key_analysis_result_id":"5cc5d8f9-a830-4d6a-826a-facb4d15a61a","data_asset":"c7d4ca58-16a6-4269-9518-ddebfa74ebd3","data_asset_name":"product_type","target_data_asset":"e59d9cae-592d-4eb4-a89f-38ba12218032","target_data_asset_name":"product","analysis_type":"fk_shallow","has_relation":false,"related_assigned_primary_key":false,"keys":["product_type_code"],"target_keys":["product_type_code"],"confidence":1,"num_of_columns":1,"status":"assigned","internal_status":"assigned","is_defined":false,"auto_assign":false,"modified_at":1759170701827}}}
