{"metadata":{},"entity":{"result_asset":{"name":"PK_e59d9cae-592d-4eb4-a89f-38ba12218032_-124358503","metadata_enrichment_area_id":"e9adcb34-8766-41eb-85c7-ca9c4ecc6bc1","key_analysis_area_id":"12bb21ec-a9ba-46b0-9895-c625ba3550e2","key_analysis_result_id":"d051bc86-9c3c-4c03-8569-5d0bcc9161d4","data_asset":"e59d9cae-592d-4eb4-a89f-38ba12218032","data_asset_name":"product","analysis_type":"pk_shallow","has_relation":true,"related_assigned_primary_key":false,"keys":["product_number"],"confidence":1,"num_of_columns":1,"status":"assigned","internal_status":"assigned","is_defined":false,"auto_assign":false,"modified_at":1759170716224,"total_records":274,"unique_values":274,"null_values":0}}}
