{"metadata":{},"entity":{"result_asset":{"name":"FK_16cb7a56-e947-4f38-bf32-3ab03ca166f7_675552842_AND_d2188a17-9cc9-48ac-bfc3-faebad23c911_-992315798","metadata_enrichment_area_id":"e9adcb34-8766-41eb-85c7-ca9c4ecc6bc1","key_analysis_area_id":"12bb21ec-a9ba-46b0-9895-c625ba3550e2","key_analysis_result_id":"0ac6b22e-b241-4221-a03c-d29c4e137490","data_asset":"16cb7a56-e947-4f38-bf32-3ab03ca166f7","data_asset_name":"branch","target_data_asset":"d2188a17-9cc9-48ac-bfc3-faebad23c911","target_data_asset_name":"product_forecast","analysis_type":"fk_shallow","has_relation":false,"related_assigned_primary_key":false,"keys":["Branch_code"],"target_keys":["branch_code"],"confidence":1,"num_of_columns":1,"status":"assigned","internal_status":"assigned","is_defined":false,"auto_assign":false,"modified_at":1759170714844}}}
