{"metadata":{},"entity":{"result_asset":{"name":"PK_6f39a3a0-996b-48a7-a73d-48aa99954b9e_1023415464_-124358503","metadata_enrichment_area_id":"e9adcb34-8766-41eb-85c7-ca9c4ecc6bc1","key_analysis_area_id":"12bb21ec-a9ba-46b0-9895-c625ba3550e2","key_analysis_result_id":"9f6be8ef-f806-4229-8058-f0bbea7dfe99","data_asset":"6f39a3a0-996b-48a7-a73d-48aa99954b9e","data_asset_name":"product_name_lookup","analysis_type":"pk_shallow","has_relation":false,"related_assigned_primary_key":false,"keys":["product_language","product_number"],"confidence":1,"num_of_columns":2,"status":"assigned","internal_status":"assigned","is_defined":false,"auto_assign":false,"modified_at":1759170712025}}}
