{"metadata":{},"entity":{"result_asset":{"name":"FK_3a3c0b64-6fc9-413b-8ba4-5bbd89fd5873_970865066_AND_7daab036-eaa7-47f5-8f8e-11d8eeabf390_970865066","metadata_enrichment_area_id":"e9adcb34-8766-41eb-85c7-ca9c4ecc6bc1","key_analysis_area_id":"12bb21ec-a9ba-46b0-9895-c625ba3550e2","key_analysis_result_id":"8d82d17e-44ad-41d1-b3ee-6874aee99636","data_asset":"3a3c0b64-6fc9-413b-8ba4-5bbd89fd5873","data_asset_name":"order_details","target_data_asset":"7daab036-eaa7-47f5-8f8e-11d8eeabf390","target_data_asset_name":"returned_item","analysis_type":"fk_shallow","has_relation":false,"related_assigned_primary_key":false,"keys":["order_detail_code"],"target_keys":["order_detail_code"],"confidence":1,"num_of_columns":1,"status":"assigned","internal_status":"assigned","is_defined":false,"auto_assign":false,"modified_at":1759170695486}}}
