{"metadata":{},"entity":{"result_asset":{"name":"PK_ed736cee-ea02-43e0-ade1-f611ca268e6f_1481071862","metadata_enrichment_area_id":"e9adcb34-8766-41eb-85c7-ca9c4ecc6bc1","key_analysis_area_id":"12bb21ec-a9ba-46b0-9895-c625ba3550e2","key_analysis_result_id":"ebe4b59b-4dc9-4bf5-8cf1-dbad174b065d","data_asset":"ed736cee-ea02-43e0-ade1-f611ca268e6f","data_asset_name":"currency_lookup","analysis_type":"pk_shallow","has_relation":true,"related_assigned_primary_key":false,"keys":["country_code"],"confidence":1,"num_of_columns":1,"status":"assigned","internal_status":"assigned","is_defined":false,"auto_assign":false,"modified_at":1759170726408,"total_records":21,"unique_values":21,"null_values":0}}}
