{"metadata":{},"entity":{"result_asset":{"name":"PK_beb37465-2de7-49ee-8859-b0ccf8f71394_-1653786616","metadata_enrichment_area_id":"e9adcb34-8766-41eb-85c7-ca9c4ecc6bc1","key_analysis_area_id":"12bb21ec-a9ba-46b0-9895-c625ba3550e2","key_analysis_result_id":"360c071c-d101-41f4-af48-7d84e6a50b3a","data_asset":"beb37465-2de7-49ee-8859-b0ccf8f71394","data_asset_name":"product_line","analysis_type":"pk_shallow","has_relation":false,"related_assigned_primary_key":false,"keys":["product_line_code"],"confidence":1,"num_of_columns":1,"status":"assigned","internal_status":"assigned","is_defined":false,"auto_assign":false,"modified_at":1759170719666,"total_records":5,"unique_values":5,"null_values":0}}}
