{"metadata":{"asset_id":"a5a112cd-5bf8-4874-91e1-10b466b52332","asset_type":"metadata_import","creator_id":"IBMid-2700014MQM","created_at":"1759166200276","project_id":"b2169c71-153c-4168-be32-d781d1fc935e","usage":{"last_updated_at":"2025-09-29T17:17:01Z","last_updater_id":"IBMid-2700014MQM","last_update_time":1759166221996,"last_accessed_at":"2025-09-29T17:17:01Z","last_access_time":1759166221996,"last_accessor_id":"IBMid-2700014MQM","access_count":0}},"entity":{"unified_lineage":true,"description":"Metadata import for semantic data model named Retail Sales Model\nImports assets from connection: Sales Warehouse","name":"Retail Sales Model - Sales Warehouse","import_type":"metadata","connection_id":"c395c23f-a251-4168-8de9-b02594535b69","target_project_id":"b2169c71-153c-4168-be32-d781d1fc935e","job_id":"b276b961-0838-4d73-876d-80e79d92fbf4","scope":{"paths":["/RetailSales/branch","/RetailSales/conversion_rate","/RetailSales/country","/RetailSales/currency_lookup","/RetailSales/CustomerDetails","/RetailSales/euro_conversion","/RetailSales/inventory_levels","/RetailSales/order_details","/RetailSales/order_header","/RetailSales/order_method","/RetailSales/product","/RetailSales/product_brand","/RetailSales/product_color_lookup","/RetailSales/product_forecast","/RetailSales/product_line","/RetailSales/product_name_lookup","/RetailSales/product_size_lookup","/RetailSales/product_type","/RetailSales/return_reason","/RetailSales/returned_item","/RetailSales/sales_region","/RetailSales/sales_target","/RetailSales/time","/RetailSales/time_quarter_lookup"]},"datasource_type":"database","last_run_started":1759166202733,"last_run_completed":1759166221924,"number_of_runs":1,"version":5,"number_of_new_assets":24,"number_of_updated_assets":0,"number_of_removed_assets":0,"mde_enabled":true,"migrate_tags":false,"reimport_options":{"delete_when_deleted_at_source":false,"delete_when_removed_from_scope":false,"update_description":true,"update_column_descriptions":true,"update_name":true},"import_options":{"extract_dependency":false,"column_level_global_search":false,"include_primary_key":true,"exclude_tables":false,"metadata_from_catalog_table_only":false,"include_foreign_key":true,"exclude_views":false,"import_incremental_changes_only":true,"include_datastage_job_runs":false,"include_asset_lifecycle_timestamps":false},"goal":"metadata"}}
