{"metadata":{"rov":{"mode":0,"collaborator_ids":{},"member_roles":{"IBMid-2700014MQM":{"user_iam_id":"IBMid-2700014MQM","roles":["OWNER"]}}},"project_id":"b2169c71-153c-4168-be32-d781d1fc935e","sandbox_id":"b2169c71-153c-4168-be32-d781d1fc935e","usage":{"last_updated_at":"2025-09-29T17:17:16Z","last_updater_id":"IBMid-2700014MQM","last_update_time":1759166236126,"last_accessed_at":"2025-09-29T17:17:16Z","last_access_time":1759166236126,"last_accessor_id":"IBMid-2700014MQM","access_count":0},"name":"Retail Sales Model","description":"Metadata enrichment area for Semantic Model: Retail Sales Model","tags":[],"asset_type":"metadata_enrichment_area","origin_country":"us","rating":0,"total_ratings":0,"catalog_id":"0225d408-ac11-4044-a6d9-97c33db6d5e6","created":1759166226169,"created_at":"2025-09-29T17:17:06Z","owner_id":"IBMid-2700014MQM","size":0,"version":2,"asset_state":"available","asset_attributes":["metadata_enrichment_area","location_definition"],"asset_id":"e9adcb34-8766-41eb-85c7-ca9c4ecc6bc1","asset_category":"USER","creator_id":"IBMid-2700014MQM"},"entity":{"metadata_enrichment_area":{"name":"Retail Sales Model","description":"Metadata enrichment area for Semantic Model: Retail Sales Model","job":{"name":"Retail Sales Model","id":"8f37031a-6a98-4e84-93c3-0aeae222a0a9"},"objective":{"enrichment_options":{"structured":{"profile":true,"assign_terms":true,"analyze_quality":false,"analyze_relationships":false,"semantic_expansion":true,"data_search":true}},"governance_scope":[{"id":"4304461c-1443-484c-a1d9-bc489e37bfee","type":"category"}],"sampling":{"structured":{"method":"random","analysis_method":"fixed","sample_size":{"name":"CUSTOM","options":{"row_number":10000}}}},"datascope_of_reruns":"all"},"status":"ready","data_scope_version":1,"key_analysis":{"key_analysis_id":"12bb21ec-a9ba-46b0-9895-c625ba3550e2"}},"location_definition":{"physical_location_code":"DAL","physical_location_code_assigned_by":"IBMid-2700014MQM","physical_location_code_rds_id":"c57cb90f-2126-3800-9c9f-9eab82021cdf","physical_location_code_rds_version":"00002025-0814-4204-8629-612173000000_5","physical_location_code_assignment_method":"INFERRED","physical_location_code_added_on":"1759166228788"}},"attachments":[],"href":"https://api.dataplatform.cloud.ibm.com/v2/assets/e9adcb34-8766-41eb-85c7-ca9c4ecc6bc1?project_id=b2169c71-153c-4168-be32-d781d1fc935e"}
