{"metadata":{"asset_id":"1c47b13a-a784-4a76-9bb8-f008d5e2956a","asset_attributes":["physical_constraint"],"name":"FK_CONSTRAINT time_quarter_lookup time","asset_type":"physical_constraint","created_at":"2025-09-29T18:31:22Z","origin_country":"us","owner_id":"iam-ServiceId-1e70d006-6759-47d2-a7a9-ea2b309baf79","project_id":"b2169c71-153c-4168-be32-d781d1fc935e","size":0,"usage":{"last_update_time":1759170682854,"last_updated_at":"2025-09-29T18:31:22Z"}},"entity":{"physical_constraint":{"name":"FK_CONSTRAINT time_quarter_lookup time","constraint_type":"FOREIGN KEY","keys":["quarter_key"],"target_keys":["quarter_key"],"enforced":false}}}
