{"metadata":{"asset_id":"0568eae2-6ade-4c35-bd31-f92139ec9072","asset_attributes":["physical_constraint"],"name":"FK_CONSTRAINT product inventory_levels","asset_type":"physical_constraint","created_at":"2025-09-29T18:32:00Z","origin_country":"us","owner_id":"iam-ServiceId-1e70d006-6759-47d2-a7a9-ea2b309baf79","project_id":"b2169c71-153c-4168-be32-d781d1fc935e","size":0,"usage":{"last_update_time":1759170720025,"last_updated_at":"2025-09-29T18:32:00Z"}},"entity":{"physical_constraint":{"name":"FK_CONSTRAINT product inventory_levels","constraint_type":"FOREIGN KEY","keys":["product_number"],"target_keys":["product_number"],"enforced":false}}}
