{"metadata":{"asset_id":"68ff4cf9-cd87-4e9c-b0e6-b9d7bffa45ed","asset_attributes":["physical_constraint"],"name":"PK_CONSTRAINT currency_lookup","asset_type":"physical_constraint","created_at":"2025-09-29T18:32:07Z","origin_country":"us","owner_id":"iam-ServiceId-1e70d006-6759-47d2-a7a9-ea2b309baf79","project_id":"b2169c71-153c-4168-be32-d781d1fc935e","size":0,"usage":{"last_update_time":1759170727336,"last_updated_at":"2025-09-29T18:32:07Z"}},"entity":{"physical_constraint":{"name":"PK_CONSTRAINT currency_lookup","constraint_type":"PRIMARY KEY","keys":["country_code"],"enforced":false}}}
