{"metadata":{"asset_id":"10de63d1-3ad2-418a-a52c-0baea9bc203b","asset_attributes":["physical_constraint"],"name":"PK_CONSTRAINT inventory_levels","asset_type":"physical_constraint","created_at":"2025-09-29T18:32:09Z","origin_country":"us","owner_id":"iam-ServiceId-1e70d006-6759-47d2-a7a9-ea2b309baf79","project_id":"b2169c71-153c-4168-be32-d781d1fc935e","size":0,"usage":{"last_update_time":1759170729840,"last_updated_at":"2025-09-29T18:32:09Z"}},"entity":{"physical_constraint":{"name":"PK_CONSTRAINT inventory_levels","constraint_type":"PRIMARY KEY","keys":["inventory_month","inventory_year","product_number","warehouse_branch_code"],"enforced":false}}}
