{"metadata":{"asset_id":"a25e117b-517d-4107-a4b5-16c262ffbf3e","asset_attributes":["physical_constraint"],"name":"FK_CONSTRAINT branch inventory_levels","asset_type":"physical_constraint","created_at":"2025-09-29T18:31:59Z","origin_country":"us","owner_id":"iam-ServiceId-1e70d006-6759-47d2-a7a9-ea2b309baf79","project_id":"b2169c71-153c-4168-be32-d781d1fc935e","size":0,"usage":{"last_update_time":1759170719447,"last_updated_at":"2025-09-29T18:31:59Z"}},"entity":{"physical_constraint":{"name":"FK_CONSTRAINT branch inventory_levels","constraint_type":"FOREIGN KEY","keys":["Branch_code"],"target_keys":["warehouse_branch_code"],"enforced":false}}}
