{"metadata":{"asset_id":"3a8c75e9-2a14-499b-8d9f-b45e6d16e215","asset_attributes":["physical_constraint"],"name":"FK_CONSTRAINT product_type product","asset_type":"physical_constraint","created_at":"2025-09-29T18:31:46Z","origin_country":"us","owner_id":"iam-ServiceId-1e70d006-6759-47d2-a7a9-ea2b309baf79","project_id":"b2169c71-153c-4168-be32-d781d1fc935e","size":0,"usage":{"last_update_time":1759170706159,"last_updated_at":"2025-09-29T18:31:46Z"}},"entity":{"physical_constraint":{"name":"FK_CONSTRAINT product_type product","constraint_type":"FOREIGN KEY","keys":["product_type_code"],"target_keys":["product_type_code"],"enforced":false}}}
