{"metadata":{"asset_id":"b26f24d5-cb1c-488d-8e3e-f9525188930d","asset_attributes":["physical_constraint"],"name":"PK_CONSTRAINT sales_region","asset_type":"physical_constraint","created_at":"2025-09-29T18:31:37Z","origin_country":"us","owner_id":"iam-ServiceId-1e70d006-6759-47d2-a7a9-ea2b309baf79","project_id":"b2169c71-153c-4168-be32-d781d1fc935e","size":0,"usage":{"last_update_time":1759170697662,"last_updated_at":"2025-09-29T18:31:37Z"}},"entity":{"physical_constraint":{"name":"PK_CONSTRAINT sales_region","constraint_type":"PRIMARY KEY","keys":["sales_region_code"],"enforced":false}}}
