{"metadata":{"asset_id":"2b092ed7-5d2f-4221-9662-8abfadcc279c","asset_attributes":["physical_constraint"],"name":"FK_CONSTRAINT country sales_region","asset_type":"physical_constraint","created_at":"2025-09-29T18:31:24Z","origin_country":"us","owner_id":"iam-ServiceId-1e70d006-6759-47d2-a7a9-ea2b309baf79","project_id":"b2169c71-153c-4168-be32-d781d1fc935e","size":0,"usage":{"last_update_time":1759170684751,"last_updated_at":"2025-09-29T18:31:24Z"}},"entity":{"physical_constraint":{"name":"FK_CONSTRAINT country sales_region","constraint_type":"FOREIGN KEY","keys":["country_code"],"target_keys":["sales_region_code"],"enforced":false}}}
