{"metadata":{"asset_id":"3d2816e7-db9b-4d84-99d4-9c55c91b8369","asset_attributes":["physical_constraint"],"name":"FK_CONSTRAINT currency_lookup country","asset_type":"physical_constraint","created_at":"2025-09-29T18:32:09Z","origin_country":"us","owner_id":"iam-ServiceId-1e70d006-6759-47d2-a7a9-ea2b309baf79","project_id":"b2169c71-153c-4168-be32-d781d1fc935e","size":0,"usage":{"last_update_time":1759170729202,"last_updated_at":"2025-09-29T18:32:09Z"}},"entity":{"physical_constraint":{"name":"FK_CONSTRAINT currency_lookup country","constraint_type":"FOREIGN KEY","keys":["country_code"],"target_keys":["country_code"],"enforced":false}}}
