{"metadata":{"asset_id":"765645c5-ed9b-4a00-9bd8-63b6e246d1ff","asset_attributes":["physical_constraint"],"name":"PK_CONSTRAINT returned_item","asset_type":"physical_constraint","created_at":"2025-09-29T18:31:47Z","origin_country":"us","owner_id":"iam-ServiceId-1e70d006-6759-47d2-a7a9-ea2b309baf79","project_id":"b2169c71-153c-4168-be32-d781d1fc935e","size":0,"usage":{"last_update_time":1759170707196,"last_updated_at":"2025-09-29T18:31:47Z"}},"entity":{"physical_constraint":{"name":"PK_CONSTRAINT returned_item","constraint_type":"PRIMARY KEY","keys":["return_code"],"enforced":false}}}
