{"metadata":{"asset_id":"b2c69598-4be2-439a-bf14-953ea115ab16","asset_attributes":["physical_constraint"],"name":"FK_CONSTRAINT product_type product_line","asset_type":"physical_constraint","created_at":"2025-09-29T18:31:45Z","origin_country":"us","owner_id":"iam-ServiceId-1e70d006-6759-47d2-a7a9-ea2b309baf79","project_id":"b2169c71-153c-4168-be32-d781d1fc935e","size":0,"usage":{"last_update_time":1759170705140,"last_updated_at":"2025-09-29T18:31:45Z"}},"entity":{"physical_constraint":{"name":"FK_CONSTRAINT product_type product_line","constraint_type":"FOREIGN KEY","keys":["product_type_code"],"target_keys":["product_line_code"],"enforced":false}}}
