{"metadata":{"asset_id":"b6508e2d-84f4-4cd2-a21f-1fab5710d2b5","asset_attributes":["physical_constraint"],"name":"FK_CONSTRAINT product_color_lookup product","asset_type":"physical_constraint","created_at":"2025-09-29T18:31:32Z","origin_country":"us","owner_id":"iam-ServiceId-1e70d006-6759-47d2-a7a9-ea2b309baf79","project_id":"b2169c71-153c-4168-be32-d781d1fc935e","size":0,"usage":{"last_update_time":1759170692618,"last_updated_at":"2025-09-29T18:31:32Z"}},"entity":{"physical_constraint":{"name":"FK_CONSTRAINT product_color_lookup product","constraint_type":"FOREIGN KEY","keys":["product_color_code"],"target_keys":["product_color_code"],"enforced":false}}}
