{"metadata":{"asset_id":"154bd2e0-38f8-4318-99d3-6cfb97d38f48","asset_attributes":["physical_constraint"],"name":"FK_CONSTRAINT product_brand product","asset_type":"physical_constraint","created_at":"2025-09-29T18:31:23Z","origin_country":"us","owner_id":"iam-ServiceId-1e70d006-6759-47d2-a7a9-ea2b309baf79","project_id":"b2169c71-153c-4168-be32-d781d1fc935e","size":0,"usage":{"last_update_time":1759170683201,"last_updated_at":"2025-09-29T18:31:23Z"}},"entity":{"physical_constraint":{"name":"FK_CONSTRAINT product_brand product","constraint_type":"FOREIGN KEY","keys":["product_brand_code"],"target_keys":["product_brand_code"],"enforced":false}}}
