{"metadata":{"asset_id":"30e332b5-4d7f-433e-9d52-7d644cfeee60","asset_attributes":["physical_constraint"],"name":"PK_CONSTRAINT euro_conversion","asset_type":"physical_constraint","created_at":"2025-09-29T18:32:00Z","origin_country":"us","owner_id":"iam-ServiceId-1e70d006-6759-47d2-a7a9-ea2b309baf79","project_id":"b2169c71-153c-4168-be32-d781d1fc935e","size":0,"usage":{"last_update_time":1759170720030,"last_updated_at":"2025-09-29T18:32:00Z"}},"entity":{"physical_constraint":{"name":"PK_CONSTRAINT euro_conversion","constraint_type":"PRIMARY KEY","keys":["country_code","euro_month","euro_year"],"enforced":false}}}
