{"metadata":{"asset_id":"5173381f-d37c-4ef2-b926-8caa04d6b241","asset_attributes":["physical_constraint"],"name":"PK_CONSTRAINT product_line","asset_type":"physical_constraint","created_at":"2025-09-29T18:32:00Z","origin_country":"us","owner_id":"iam-ServiceId-1e70d006-6759-47d2-a7a9-ea2b309baf79","project_id":"b2169c71-153c-4168-be32-d781d1fc935e","size":0,"usage":{"last_update_time":1759170720633,"last_updated_at":"2025-09-29T18:32:00Z"}},"entity":{"physical_constraint":{"name":"PK_CONSTRAINT product_line","constraint_type":"PRIMARY KEY","keys":["product_line_code"],"enforced":false}}}
