{"metadata":{"asset_id":"219a1fe6-9fc9-456e-9094-51c81bfb3048","asset_attributes":["physical_constraint"],"name":"PK_CONSTRAINT order_details","asset_type":"physical_constraint","created_at":"2025-09-29T18:31:36Z","origin_country":"us","owner_id":"iam-ServiceId-1e70d006-6759-47d2-a7a9-ea2b309baf79","project_id":"b2169c71-153c-4168-be32-d781d1fc935e","size":0,"usage":{"last_update_time":1759170696397,"last_updated_at":"2025-09-29T18:31:36Z"}},"entity":{"physical_constraint":{"name":"PK_CONSTRAINT order_details","constraint_type":"PRIMARY KEY","keys":["order_detail_code"],"enforced":false}}}
