{"metadata":{"asset_id":"10c99cbe-a20f-4994-befb-00d1a76e4364","asset_attributes":["physical_constraint"],"name":"PK_CONSTRAINT order_method","asset_type":"physical_constraint","created_at":"2025-09-29T18:31:30Z","origin_country":"us","owner_id":"iam-ServiceId-1e70d006-6759-47d2-a7a9-ea2b309baf79","project_id":"b2169c71-153c-4168-be32-d781d1fc935e","size":0,"usage":{"last_update_time":1759170690213,"last_updated_at":"2025-09-29T18:31:30Z"}},"entity":{"physical_constraint":{"name":"PK_CONSTRAINT order_method","constraint_type":"PRIMARY KEY","keys":["order_method_code"],"enforced":false}}}
