{"metadata":{"asset_id":"1a9c5db9-bfbc-4b51-8147-e9a1e84c0269","asset_attributes":["physical_constraint"],"name":"FK_CONSTRAINT country euro_conversion","asset_type":"physical_constraint","created_at":"2025-09-29T18:31:24Z","origin_country":"us","owner_id":"iam-ServiceId-1e70d006-6759-47d2-a7a9-ea2b309baf79","project_id":"b2169c71-153c-4168-be32-d781d1fc935e","size":0,"usage":{"last_update_time":1759170684429,"last_updated_at":"2025-09-29T18:31:24Z"}},"entity":{"physical_constraint":{"name":"FK_CONSTRAINT country euro_conversion","constraint_type":"FOREIGN KEY","keys":["country_code"],"target_keys":["country_code"],"enforced":false}}}
