{"metadata":{"asset_id":"66bd3be7-ebfc-42f0-ab92-90714f3aa830","asset_attributes":["physical_constraint"],"name":"PK_CONSTRAINT time_quarter_lookup","asset_type":"physical_constraint","created_at":"2025-09-29T18:31:21Z","origin_country":"us","owner_id":"iam-ServiceId-1e70d006-6759-47d2-a7a9-ea2b309baf79","project_id":"b2169c71-153c-4168-be32-d781d1fc935e","size":0,"usage":{"last_update_time":1759170681062,"last_updated_at":"2025-09-29T18:31:21Z"}},"entity":{"physical_constraint":{"name":"PK_CONSTRAINT time_quarter_lookup","constraint_type":"PRIMARY KEY","keys":["quarter_key"],"enforced":false}}}
