{"metadata":{"asset_id":"74b7ca9e-7651-4d30-a4bf-2ebdabd259f1","asset_attributes":["physical_constraint"],"name":"PK_CONSTRAINT product_name_lookup","asset_type":"physical_constraint","created_at":"2025-09-29T18:31:52Z","origin_country":"us","owner_id":"iam-ServiceId-1e70d006-6759-47d2-a7a9-ea2b309baf79","project_id":"b2169c71-153c-4168-be32-d781d1fc935e","size":0,"usage":{"last_update_time":1759170712947,"last_updated_at":"2025-09-29T18:31:52Z"}},"entity":{"physical_constraint":{"name":"PK_CONSTRAINT product_name_lookup","constraint_type":"PRIMARY KEY","keys":["product_language","product_number"],"enforced":false}}}
