{"metadata":{"asset_id":"bc300e93-f0da-493e-b216-7f38ce1df0dd","asset_attributes":["physical_constraint"],"name":"FK_CONSTRAINT return_reason returned_item","asset_type":"physical_constraint","created_at":"2025-09-29T18:31:54Z","origin_country":"us","owner_id":"iam-ServiceId-1e70d006-6759-47d2-a7a9-ea2b309baf79","project_id":"b2169c71-153c-4168-be32-d781d1fc935e","size":0,"usage":{"last_update_time":1759170714265,"last_updated_at":"2025-09-29T18:31:54Z"}},"entity":{"physical_constraint":{"name":"FK_CONSTRAINT return_reason returned_item","constraint_type":"FOREIGN KEY","keys":["return_reason_code"],"target_keys":["return_reason_code"],"enforced":false}}}
