{"metadata":{"asset_id":"8da0c423-b3d3-4c3f-8e30-7819cd8be38f","asset_attributes":["physical_constraint"],"name":"PK_CONSTRAINT conversion_rate","asset_type":"physical_constraint","created_at":"2025-09-29T18:31:48Z","origin_country":"us","owner_id":"iam-ServiceId-1e70d006-6759-47d2-a7a9-ea2b309baf79","project_id":"b2169c71-153c-4168-be32-d781d1fc935e","size":0,"usage":{"last_update_time":1759170708025,"last_updated_at":"2025-09-29T18:31:48Z"}},"entity":{"physical_constraint":{"name":"PK_CONSTRAINT conversion_rate","constraint_type":"PRIMARY KEY","keys":["conversion_month","conversion_year","country_code"],"enforced":false}}}
