{"metadata":{"asset_id":"19b9e9b7-cf30-487f-813d-ffac007eb4f5","asset_attributes":["physical_constraint"],"name":"PK_CONSTRAINT order_header","asset_type":"physical_constraint","created_at":"2025-09-29T18:31:43Z","origin_country":"us","owner_id":"iam-ServiceId-1e70d006-6759-47d2-a7a9-ea2b309baf79","project_id":"b2169c71-153c-4168-be32-d781d1fc935e","size":0,"usage":{"last_update_time":1759170703913,"last_updated_at":"2025-09-29T18:31:43Z"}},"entity":{"physical_constraint":{"name":"PK_CONSTRAINT order_header","constraint_type":"PRIMARY KEY","keys":["order_number"],"enforced":false}}}
