{"metadata":{"asset_id":"6d5784e6-d350-4f54-b5ea-d01848de5282","asset_attributes":["physical_constraint"],"name":"PK_CONSTRAINT return_reason","asset_type":"physical_constraint","created_at":"2025-09-29T18:31:52Z","origin_country":"us","owner_id":"iam-ServiceId-1e70d006-6759-47d2-a7a9-ea2b309baf79","project_id":"b2169c71-153c-4168-be32-d781d1fc935e","size":0,"usage":{"last_update_time":1759170712445,"last_updated_at":"2025-09-29T18:31:52Z"}},"entity":{"physical_constraint":{"name":"PK_CONSTRAINT return_reason","constraint_type":"PRIMARY KEY","keys":["return_reason_code"],"enforced":false}}}
