{"metadata":{"asset_id":"9f008d75-892d-46c9-9ea6-04969edd7088","asset_attributes":["physical_constraint"],"name":"PK_CONSTRAINT product_size_lookup","asset_type":"physical_constraint","created_at":"2025-09-29T18:31:32Z","origin_country":"us","owner_id":"iam-ServiceId-1e70d006-6759-47d2-a7a9-ea2b309baf79","project_id":"b2169c71-153c-4168-be32-d781d1fc935e","size":0,"usage":{"last_update_time":1759170692696,"last_updated_at":"2025-09-29T18:31:32Z"}},"entity":{"physical_constraint":{"name":"PK_CONSTRAINT product_size_lookup","constraint_type":"PRIMARY KEY","keys":["product_size_code"],"enforced":false}}}
