{"metadata":{"asset_id":"6ba86ae1-1134-40b3-a908-bd135e3b23c8","asset_attributes":["physical_constraint"],"name":"FK_CONSTRAINT country conversion_rate","asset_type":"physical_constraint","created_at":"2025-09-29T18:31:23Z","origin_country":"us","owner_id":"iam-ServiceId-1e70d006-6759-47d2-a7a9-ea2b309baf79","project_id":"b2169c71-153c-4168-be32-d781d1fc935e","size":0,"usage":{"last_update_time":1759170683971,"last_updated_at":"2025-09-29T18:31:23Z"}},"entity":{"physical_constraint":{"name":"FK_CONSTRAINT country conversion_rate","constraint_type":"FOREIGN KEY","keys":["country_code"],"target_keys":["country_code"],"enforced":false}}}
