{"metadata":{"asset_id":"b1baf8cd-64e2-42f3-9bde-1f74d2fe1061","asset_attributes":["physical_constraint"],"name":"PK_CONSTRAINT product_forecast","asset_type":"physical_constraint","created_at":"2025-09-29T18:32:08Z","origin_country":"us","owner_id":"iam-ServiceId-1e70d006-6759-47d2-a7a9-ea2b309baf79","project_id":"b2169c71-153c-4168-be32-d781d1fc935e","size":0,"usage":{"last_update_time":1759170728384,"last_updated_at":"2025-09-29T18:32:08Z"}},"entity":{"physical_constraint":{"name":"PK_CONSTRAINT product_forecast","constraint_type":"PRIMARY KEY","keys":["base_product_number","branch_code","sales_month","sales_year"],"enforced":false}}}
