{"metadata":{"asset_id":"e6584ef6-ce07-44fa-bf6d-2ac4cd8b4378","asset_attributes":["physical_constraint"],"name":"FK_CONSTRAINT branch product_forecast","asset_type":"physical_constraint","created_at":"2025-09-29T18:31:59Z","origin_country":"us","owner_id":"iam-ServiceId-1e70d006-6759-47d2-a7a9-ea2b309baf79","project_id":"b2169c71-153c-4168-be32-d781d1fc935e","size":0,"usage":{"last_update_time":1759170719774,"last_updated_at":"2025-09-29T18:31:59Z"}},"entity":{"physical_constraint":{"name":"FK_CONSTRAINT branch product_forecast","constraint_type":"FOREIGN KEY","keys":["Branch_code"],"target_keys":["branch_code"],"enforced":false}}}
