{"metadata":{"asset_id":"43e52bc3-a9f8-4a6e-9e6a-0be90cfd2e6e","asset_attributes":["physical_constraint"],"name":"FK_CONSTRAINT product product_name_lookup","asset_type":"physical_constraint","created_at":"2025-09-29T18:31:59Z","origin_country":"us","owner_id":"iam-ServiceId-1e70d006-6759-47d2-a7a9-ea2b309baf79","project_id":"b2169c71-153c-4168-be32-d781d1fc935e","size":0,"usage":{"last_update_time":1759170719658,"last_updated_at":"2025-09-29T18:31:59Z"}},"entity":{"physical_constraint":{"name":"FK_CONSTRAINT product product_name_lookup","constraint_type":"FOREIGN KEY","keys":["product_number"],"target_keys":["product_number"],"enforced":false}}}
