{"metadata":{"asset_id":"64a9ac5a-1e5b-428a-a712-d5d2b9a1b91b","asset_attributes":["physical_constraint"],"name":"PK_CONSTRAINT sales_target","asset_type":"physical_constraint","created_at":"2025-09-29T18:31:23Z","origin_country":"us","owner_id":"iam-ServiceId-1e70d006-6759-47d2-a7a9-ea2b309baf79","project_id":"b2169c71-153c-4168-be32-d781d1fc935e","size":0,"usage":{"last_update_time":1759170683484,"last_updated_at":"2025-09-29T18:31:23Z"}},"entity":{"physical_constraint":{"name":"PK_CONSTRAINT sales_target","constraint_type":"PRIMARY KEY","keys":["country_code","product_brand_code","product_type_code","retailer_code","sales_period","sales_staff_code","sales_year"],"enforced":false}}}
