{"metadata":{"asset_id":"3a4f6538-05d9-40ae-802b-96087a374ff7","asset_attributes":["physical_constraint"],"name":"PK_CONSTRAINT product_color_lookup","asset_type":"physical_constraint","created_at":"2025-09-29T18:31:31Z","origin_country":"us","owner_id":"iam-ServiceId-1e70d006-6759-47d2-a7a9-ea2b309baf79","project_id":"b2169c71-153c-4168-be32-d781d1fc935e","size":0,"usage":{"last_update_time":1759170691028,"last_updated_at":"2025-09-29T18:31:31Z"}},"entity":{"physical_constraint":{"name":"PK_CONSTRAINT product_color_lookup","constraint_type":"PRIMARY KEY","keys":["product_color_code"],"enforced":false}}}
