{"metadata":{"asset_id":"f3107a05-9e8a-47e4-8cbe-c03804422e87","asset_attributes":["physical_constraint"],"name":"FK_CONSTRAINT product_brand sales_target","asset_type":"physical_constraint","created_at":"2025-09-29T18:31:22Z","origin_country":"us","owner_id":"iam-ServiceId-1e70d006-6759-47d2-a7a9-ea2b309baf79","project_id":"b2169c71-153c-4168-be32-d781d1fc935e","size":0,"usage":{"last_update_time":1759170682803,"last_updated_at":"2025-09-29T18:31:22Z"}},"entity":{"physical_constraint":{"name":"FK_CONSTRAINT product_brand sales_target","constraint_type":"FOREIGN KEY","keys":["product_brand_code"],"target_keys":["product_brand_code"],"enforced":false}}}
