{"metadata":{"asset_id":"43d23fef-5b71-4893-a3bd-d669d0e5447e","asset_attributes":["physical_constraint"],"name":"FK_CONSTRAINT branch country","asset_type":"physical_constraint","created_at":"2025-09-29T18:31:58Z","origin_country":"us","owner_id":"iam-ServiceId-1e70d006-6759-47d2-a7a9-ea2b309baf79","project_id":"b2169c71-153c-4168-be32-d781d1fc935e","size":0,"usage":{"last_update_time":1759170718762,"last_updated_at":"2025-09-29T18:31:58Z"}},"entity":{"physical_constraint":{"name":"FK_CONSTRAINT branch country","constraint_type":"FOREIGN KEY","keys":["Branch_code"],"target_keys":["country_code"],"enforced":false}}}
