{"metadata":{"asset_id":"6e0abed9-e677-4667-9331-5107a151890a","asset_attributes":["physical_constraint"],"name":"FK_CONSTRAINT country sales_target","asset_type":"physical_constraint","created_at":"2025-09-29T18:31:25Z","origin_country":"us","owner_id":"iam-ServiceId-1e70d006-6759-47d2-a7a9-ea2b309baf79","project_id":"b2169c71-153c-4168-be32-d781d1fc935e","size":0,"usage":{"last_update_time":1759170685236,"last_updated_at":"2025-09-29T18:31:25Z"}},"entity":{"physical_constraint":{"name":"FK_CONSTRAINT country sales_target","constraint_type":"FOREIGN KEY","keys":["country_code"],"target_keys":["country_code"],"enforced":false}}}
