{"metadata":{"asset_id":"9cae04c5-576e-46dd-bb2b-6ba33e877045","asset_attributes":["physical_constraint"],"name":"FK_CONSTRAINT branch order_header","asset_type":"physical_constraint","created_at":"2025-09-29T18:31:59Z","origin_country":"us","owner_id":"iam-ServiceId-1e70d006-6759-47d2-a7a9-ea2b309baf79","project_id":"b2169c71-153c-4168-be32-d781d1fc935e","size":0,"usage":{"last_update_time":1759170719088,"last_updated_at":"2025-09-29T18:31:59Z"}},"entity":{"physical_constraint":{"name":"FK_CONSTRAINT branch order_header","constraint_type":"FOREIGN KEY","keys":["Branch_code"],"target_keys":["sales_branch_code"],"enforced":false}}}
