{"metadata":{"asset_id":"6d12ac5b-c948-4828-9939-ff5eef3ec62e","asset_attributes":["physical_constraint"],"name":"FK_CONSTRAINT product_size_lookup product","asset_type":"physical_constraint","created_at":"2025-09-29T18:31:34Z","origin_country":"us","owner_id":"iam-ServiceId-1e70d006-6759-47d2-a7a9-ea2b309baf79","project_id":"b2169c71-153c-4168-be32-d781d1fc935e","size":0,"usage":{"last_update_time":1759170694474,"last_updated_at":"2025-09-29T18:31:34Z"}},"entity":{"physical_constraint":{"name":"FK_CONSTRAINT product_size_lookup product","constraint_type":"FOREIGN KEY","keys":["product_size_code"],"target_keys":["product_size_code"],"enforced":false}}}
