{"metadata":{"asset_id":"5ac05440-59cd-41df-9318-a7b410dc25a8","asset_attributes":["physical_constraint"],"name":"FK_CONSTRAINT order_method order_header","asset_type":"physical_constraint","created_at":"2025-09-29T18:31:32Z","origin_country":"us","owner_id":"iam-ServiceId-1e70d006-6759-47d2-a7a9-ea2b309baf79","project_id":"b2169c71-153c-4168-be32-d781d1fc935e","size":0,"usage":{"last_update_time":1759170692126,"last_updated_at":"2025-09-29T18:31:32Z"}},"entity":{"physical_constraint":{"name":"FK_CONSTRAINT order_method order_header","constraint_type":"FOREIGN KEY","keys":["order_method_code"],"target_keys":["order_method_code"],"enforced":false}}}
