{"metadata":{"asset_id":"1d5cb445-4115-4c59-b6f0-d49e9e237de9","asset_attributes":["physical_constraint"],"name":"FK_CONSTRAINT order_details returned_item","asset_type":"physical_constraint","created_at":"2025-09-29T18:31:38Z","origin_country":"us","owner_id":"iam-ServiceId-1e70d006-6759-47d2-a7a9-ea2b309baf79","project_id":"b2169c71-153c-4168-be32-d781d1fc935e","size":0,"usage":{"last_update_time":1759170698180,"last_updated_at":"2025-09-29T18:31:38Z"}},"entity":{"physical_constraint":{"name":"FK_CONSTRAINT order_details returned_item","constraint_type":"FOREIGN KEY","keys":["order_detail_code"],"target_keys":["order_detail_code"],"enforced":false}}}
