{"metadata":{"asset_id":"2d067cef-90c7-478d-a266-adda521ea689","asset_attributes":["physical_constraint"],"name":"PK_CONSTRAINT product_type","asset_type":"physical_constraint","created_at":"2025-09-29T18:31:42Z","origin_country":"us","owner_id":"iam-ServiceId-1e70d006-6759-47d2-a7a9-ea2b309baf79","project_id":"b2169c71-153c-4168-be32-d781d1fc935e","size":0,"usage":{"last_update_time":1759170702844,"last_updated_at":"2025-09-29T18:31:42Z"}},"entity":{"physical_constraint":{"name":"PK_CONSTRAINT product_type","constraint_type":"PRIMARY KEY","keys":["product_type_code"],"enforced":false}}}
