{"metadata":{"asset_id":"1f2ee6dd-642d-4cda-9aa0-7fb424d37aba","asset_attributes":["physical_constraint"],"name":"FK_CONSTRAINT order_header order_details","asset_type":"physical_constraint","created_at":"2025-09-29T18:31:46Z","origin_country":"us","owner_id":"iam-ServiceId-1e70d006-6759-47d2-a7a9-ea2b309baf79","project_id":"b2169c71-153c-4168-be32-d781d1fc935e","size":0,"usage":{"last_update_time":1759170706022,"last_updated_at":"2025-09-29T18:31:46Z"}},"entity":{"physical_constraint":{"name":"FK_CONSTRAINT order_header order_details","constraint_type":"FOREIGN KEY","keys":["order_number"],"target_keys":["order_number"],"enforced":false}}}
