{"metadata":{"asset_id":"8f3c88bf-8764-4402-a848-cbe3cdb510c2","asset_attributes":["physical_constraint"],"name":"PK_CONSTRAINT product_brand","asset_type":"physical_constraint","created_at":"2025-09-29T18:31:20Z","origin_country":"us","owner_id":"iam-ServiceId-1e70d006-6759-47d2-a7a9-ea2b309baf79","project_id":"b2169c71-153c-4168-be32-d781d1fc935e","size":0,"usage":{"last_update_time":1759170680845,"last_updated_at":"2025-09-29T18:31:20Z"}},"entity":{"physical_constraint":{"name":"PK_CONSTRAINT product_brand","constraint_type":"PRIMARY KEY","keys":["product_brand_code"],"enforced":false}}}
