{"metadata":{"asset_id":"1ace0f5d-7c07-4a30-91bb-c533d0e32715","asset_attributes":["physical_constraint"],"name":"PK_CONSTRAINT product","asset_type":"physical_constraint","created_at":"2025-09-29T18:31:57Z","origin_country":"us","owner_id":"iam-ServiceId-1e70d006-6759-47d2-a7a9-ea2b309baf79","project_id":"b2169c71-153c-4168-be32-d781d1fc935e","size":0,"usage":{"last_update_time":1759170717242,"last_updated_at":"2025-09-29T18:31:57Z"}},"entity":{"physical_constraint":{"name":"PK_CONSTRAINT product","constraint_type":"PRIMARY KEY","keys":["product_number"],"enforced":false}}}
