{"metadata":{"asset_id":"7f96dc64-0dde-453f-8199-8e123162b5df","asset_attributes":["physical_constraint"],"name":"PK_CONSTRAINT branch","asset_type":"physical_constraint","created_at":"2025-09-29T18:31:56Z","origin_country":"us","owner_id":"iam-ServiceId-1e70d006-6759-47d2-a7a9-ea2b309baf79","project_id":"b2169c71-153c-4168-be32-d781d1fc935e","size":0,"usage":{"last_update_time":1759170716182,"last_updated_at":"2025-09-29T18:31:56Z"}},"entity":{"physical_constraint":{"name":"PK_CONSTRAINT branch","constraint_type":"PRIMARY KEY","keys":["Branch_code"],"enforced":false}}}
