{"metadata":{"asset_id":"84b93f87-b640-40da-8ffe-9cf9896ec8a2","asset_attributes":["term_assignment_model","location_definition"],"name":"term_assignment_model","asset_type":"term_assignment_model","created_at":"2025-09-29T18:31:37Z","description":"The term assignment model.","origin_country":"us","owner_id":"iam-ServiceId-3182fd5d-f9e3-433c-a5f9-73cdccd120c1","project_id":"b2169c71-153c-4168-be32-d781d1fc935e","size":56673,"usage":{"last_update_time":1759170700817,"last_updated_at":"2025-09-29T18:31:40Z"}},"entity":{"term_assignment_model":{"description":"The term assignment model.","training":{"status":"success","started_at":"2025-09-29T18:31:37Z","user":"iam-ServiceId-eb1c9939-bebe-4050-b2b4-71328987739d","model_description":"Model generated by automatic training on 2025-09-29T18:31:36Z. Reason to initiate training: No previous model found","phase":"upload","model_details":{"use_data_profile":false,"Number of categories":3,"Number of terms":104,"Number of tables":0,"Number of distinct columns":0,"Number of term assignments":0,"Model version":"1.2","Number of term rejects":0},"finished_at":"2025-09-29T18:31:39Z","model_id":"1646c29a-27ea-4eb1-8867-f76b68f984b4"},"project_id":"b2169c71-153c-4168-be32-d781d1fc935e","active_model":{"model_id":"1646c29a-27ea-4eb1-8867-f76b68f984b4","origin":"training","finished_at":"2025-09-29T18:31:39Z","model_details":{"use_data_profile":false,"Number of categories":3,"Number of terms":104,"Number of tables":0,"Number of distinct columns":0,"Number of term assignments":0,"Model version":"1.2","Number of term rejects":0},"user":"iam-ServiceId-eb1c9939-bebe-4050-b2b4-71328987739d","model_description":"Model generated by automatic training on 2025-09-29T18:31:36Z. Reason to initiate training: No previous model found"}},"location_definition":{"physical_location_code":"DAL","physical_location_code_assigned_by":"iam-ServiceId-3182fd5d-f9e3-433c-a5f9-73cdccd120c1","physical_location_code_rds_id":"c57cb90f-2126-3800-9c9f-9eab82021cdf","physical_location_code_rds_version":"00002025-0814-4204-8629-612173000000_5","physical_location_code_assignment_method":"INFERRED","physical_location_code_added_on":"1759170699621"}},"attachments":[{"id":"1646c29a-27ea-4eb1-8867-f76b68f984b4","version":2,"asset_type":"term_assignment_model","name":"term_assignment_model_b2169c71-153c-4168-be32-d781d1fc935e_84b93f87-b640-40da-8ffe-9cf9896ec8a2","mime":"application/octet-stream","datasource_type":"193a97c1-4475-4a19-b90c-295c4fdc6517","creator_id":"iam-ServiceId-3182fd5d-f9e3-433c-a5f9-73cdccd120c1","create_time":1759170699623,"size":56673,"is_remote":false,"is_managed":true,"is_referenced":false,"is_object_key_read_only":false,"is_user_provided_path_key":false,"transfer_complete":true,"is_partitioned":false,"complete_time_ticks":1759170700346,"user_data":{},"test_doc":0,"handle":{"bucket":"salesanalysis-donotdelete-pr-izavrl14tjfpr8","location":"us-south","type":"bluemix_cos","key":"0225d408-ac11-4044-a6d9-97c33db6d5e6/84b93f87-b640-40da-8ffe-9cf9896ec8a2/1646c29a-27ea-4eb1-8867-f76b68f984b4","upload_id":"done","max_part_num":1},"usage":{"access_count":0,"last_accessor_id":"iam-ServiceId-3182fd5d-f9e3-433c-a5f9-73cdccd120c1","last_access_time":1759170699623}}]}
