{"metadata":{"asset_id":"9960f9f6-8d1f-4655-b55a-c81c5de34b27","asset_attributes":["wxbi_semantic_model","location_definition"],"name":"Retail Sales Model","asset_type":"wxbi_semantic_model","created_at":"2025-09-29T17:15:09Z","owner_id":"IBMid-2700014MQM","project_id":"b2169c71-153c-4168-be32-d781d1fc935e","size":136213,"usage":{"last_update_time":1759177806163,"last_updated_at":"2025-09-29T20:30:06Z"}},"entity":{"wxbi_semantic_model":{"bi_model":{"options":{"enrich_sources":true,"generate_metrics":false},"metadata_enrichment_area_info":{"area_id":"e9adcb34-8766-41eb-85c7-ca9c4ecc6bc1"},"enrichment_review_state":"COMPLETED","identity_key":"Retail_Sales_Model_7c84c96e-052c-4754-80f2-eecbaff60e78","revisionNumber":2}},"location_definition":{"physical_location_code":"DAL","physical_location_code_assigned_by":"IBMid-2700014MQM","physical_location_code_rds_id":"c57cb90f-2126-3800-9c9f-9eab82021cdf","physical_location_code_rds_version":"00002025-0814-4204-8629-612173000000_5","physical_location_code_assignment_method":"INFERRED","physical_location_code_added_on":"1759177806159"}},"attachments":[{"id":"b414bf31-7ea3-4fee-a57c-175179099069","version":2,"asset_type":"wxbi_semantic_model","datasource_type":"193a97c1-4475-4a19-b90c-295c4fdc6517","object_key":"Retail_Sales_Model_7c84c96e-052c-4754-80f2-eecbaff60e78","creator_id":"IBMid-2700014MQM","create_time":1759177806162,"size":136213,"is_remote":false,"is_managed":false,"is_referenced":true,"is_object_key_read_only":false,"is_user_provided_path_key":true,"transfer_complete":true,"is_partitioned":false,"complete_time_ticks":1759177806162,"user_data":{},"test_doc":0,"handle":{"bucket":"salesanalysis-donotdelete-pr-izavrl14tjfpr8","location":"us-south","type":"bluemix_cos","key":"Retail_Sales_Model_7c84c96e-052c-4754-80f2-eecbaff60e78","upload_id":"done","max_part_num":1},"usage":{"access_count":0,"last_accessor_id":"IBMid-2700014MQM","last_access_time":1759177806162}}]}
