{"description":"The Model use case user OpenPages asset type to capture OpenPages fields.","fields":[],"relationships":[],"localized_metadata_attributes":{"name":{"de":"Angepasste Fakten","en":"Custom facts","es":"Hechos personalizados","fr":"Faits personnalisés","it":"Fatti personalizzati","ja":"カスタム・ファクト","ko":"사용자 정의 팩트","pt":"Fatos customizados","ru":"Пользовательские факты","sv":"Anpassade fakta","zh":"定制事实","zh-TW":"自訂事實","default":"Custom facts"}},"decorates":[{"asset_type_name":"model_entry"}],"global_search_searchable":[],"attribute_only":true,"is_column_custom_attribute":false,"can_have_image":false,"version":1,"name":"model_entry_user_op","scope":"ACCOUNT","allow_decorators":false}
