{"description":"WatsonX Business Intelligence semantic model","fields":[{"key":"bi_data.status","type":"string","facet":false,"is_array":false,"search_path":"bi_data.status","is_searchable_across_types":false},{"key":"bi_data.last_updated_at","type":"string","facet":false,"is_array":false,"search_path":"bi_data.last_updated_at","is_searchable_across_types":false},{"key":"bi_data.message_code","type":"string","facet":false,"is_array":false,"search_path":"bi_data.message_code","is_searchable_across_types":false},{"key":"bi_data.message","type":"string","facet":false,"is_array":false,"search_path":"bi_data.message","is_searchable_across_types":false},{"key":"bi_smarts.bi_enrichment.analysis_type","type":"string","facet":false,"is_array":false,"search_path":"bi_smarts.bi_enrichment.analysis_type","is_searchable_across_types":false},{"key":"bi_smarts.bi_enrichment.build_information.error_code","type":"string","facet":false,"is_array":false,"search_path":"bi_smarts.bi_enrichment.build_information.error_code","is_searchable_across_types":false},{"key":"bi_smarts.bi_enrichment.status","type":"string","facet":false,"is_array":false,"search_path":"bi_smarts.bi_enrichment.status","is_searchable_across_types":false},{"key":"bi_smarts.bi_question.status","type":"string","facet":false,"is_array":false,"search_path":"bi_smarts.bi_question.status","is_searchable_across_types":false},{"key":"bi_smarts.bi_question.valid_questions","type":"number","facet":false,"is_array":false,"search_path":"bi_smarts.bi_question.valid_questions","is_searchable_across_types":false},{"key":"bi_smarts.bi_vector_store.response_code","type":"number","facet":false,"is_array":false,"search_path":"bi_smarts.bi_vector_store.response_code","is_searchable_across_types":false},{"key":"bi_smarts.bi_vector_store.status","type":"string","facet":false,"is_array":false,"search_path":"bi_smarts.bi_vector_store.status","is_searchable_across_types":false}],"relationships":[],"global_search_searchable":["bi_data.status","bi_data.last_updated_at","bi_data.message_code","bi_data.message","bi_data.instana_id","bi_smarts.bi_enrichment.analysis_type","bi_smarts.bi_enrichment.build_information.error_code","bi_smarts.bi_enrichment.build_information.error_message","bi_smarts.bi_enrichment.created_at","bi_smarts.bi_enrichment.last_modified","bi_smarts.bi_enrichment.status","bi_smarts.bi_enrichment.trace","bi_smarts.bi_question.status","bi_smarts.bi_question.valid_questions","bi_smarts.bi_vector_store.response_code","bi_smarts.bi_vector_store.status","bi_smarts.bi_vector_store.trace"],"attribute_only":false,"is_column_custom_attribute":false,"can_have_image":false,"version":1,"name":"wxbi_semantic_model","scope":"ACCOUNT","allow_decorators":true}
