Name,Artifact Type,Category,Artifact ID,Description,Tags,Classifications,Stewards,Steward Groups,Related Terms,Business Start,Business End,Data Set Type,Parent Reference Data Sets,Secondary Categories,Custom Columns
Position Lookup,reference_data,890379d6-2540-4b9f-9847-96f84f409b4e,5a5723eb-2637-41be-a08d-300ad4189377,Valid codes and values for all positions in the company.,Employee,,,,b3cb25d6-a9f6-4b20-b6e6-d173fd8d274e,2024-07-02 21:41:00,,TEXT,,,
Department Lookup,reference_data,890379d6-2540-4b9f-9847-96f84f409b4e,f26ecc97-a987-464b-9438-a147b7d674f9,Valid codes and values for all departments in the company.,Employee,,,,c262d2f9-60e4-422e-8cd1-bbbd1ab0eef6,2024-07-02 21:41:00,,TEXT,,,
Sovereign Locations,reference_data,eebd338d-dbd5-37e4-9e4a-1296de82963a,534561ac-1080-3714-b7aa-5a5809ff1f00,Sovereign Locations Reference Dataset (SLRDS) is defined as sovereign administration data.,,,,,,,,TEXT,,,
Physical Locations,reference_data,eebd338d-dbd5-37e4-9e4a-1296de82963a,c57cb90f-2126-3800-9c9f-9eab82021cdf,Physical Locations Reference Dataset (PLRDS) is defined as geographical position data.,,,,,,,,TEXT,,,
