Business Terms,Column_header,Table,File
Account Balance,OPENING_BALANCE,CUSTOMER-ATTRITION,ACCOUNT_SUMMARY
Account Balance,CUSTOMER_SUMMARY_TOTAL_CLOSING_CASH_BALANCE,CUSTOMER-ATTRITION,CUSTOMER_HISTORY
Account Balance,CUSTOMER_SUMMARY_TOTAL_CLOSING_BALANCE_LOANS,CUSTOMER-ATTRITION,CUSTOMER_HISTORY
Account Balance,OPENING_CASH_BALANCE,CUSTOMER-ATTRITION,ACCOUNT_SUMMARY
Account Balance,CUSTOMER_SUMMARY_TOTAL_CLOSING_BALANCE,CUSTOMER-ATTRITION,CUSTOMER_HISTORY
Account Balance,CLOSING_CASH_BALANCE,CUSTOMER-ATTRITION,ACCOUNT_SUMMARY
Account Balance,CUSTOMER_SUMMARY_TOTAL_CLOSING_BALANCE_CREDIT_CARDS,CUSTOMER-ATTRITION,CUSTOMER_HISTORY
Account Balance,TOTAL_CLOSING_CASH_BALANCE,CUSTOMER-ATTRITION,CUSTOMER_SUMMARY
Account Balance,TOTAL_CLOSING_BALANCE_CREDIT_CARDS,CUSTOMER-ATTRITION,CUSTOMER_SUMMARY
Account Balance,TOTAL_CLOSING_BALANCE,CUSTOMER-ATTRITION,CUSTOMER_SUMMARY
Account Balance,CLOSING_BALANCE,CUSTOMER-ATTRITION,ACCOUNT_SUMMARY
Account Balance,TOTAL_CLOSING_BALANCE_LOANS,CUSTOMER-ATTRITION,CUSTOMER_SUMMARY
Account Closed Date,CLOSE_DATE,CUSTOMER-ATTRITION,ACCOUNT
Account Currency,BASE_CURRENCY,CUSTOMER-ATTRITION,ACCOUNT
Account Name,ACCOUNT_NAME,CUSTOMER-ATTRITION,ACCOUNT
Account Number,ACCOUNT_ID,CUSTOMER-ATTRITION,ACCOUNT_SUMMARY
Account Number,ACCOUNT_ID,CUSTOMER-ATTRITION,ACCOUNT
Account Opened Date,DATE_FIRST_ACCOUNT_OPENED,CUSTOMER-ATTRITION,CUSTOMER
Account Opened Date,OPEN_DATE,CUSTOMER-ATTRITION,ACCOUNT
Account Opened Date,DATE_LAST_ACCOUNT_OPENED,CUSTOMER-ATTRITION,CUSTOMER
Account Opened Date,CUSTOMER_DATE_FIRST_ACCOUNT_OPENED,CUSTOMER-ATTRITION,CUSTOMER_HISTORY
Account Opened Date,EFFECTIVE_DATE,CUSTOMER-ATTRITION,ACCOUNT
Account Opened Date,RELATIONSHIP_START_DATE,CUSTOMER-ATTRITION,CUSTOMER
Account Opened Date,CUSTOMER_EFFECTIVE_DATE,CUSTOMER-ATTRITION,CUSTOMER_HISTORY
Account Opened Date,CUSTOMER_RELATIONSHIP_START_DATE,CUSTOMER-ATTRITION,CUSTOMER_HISTORY
Account Opened Date,CUSTOMER_DATE_LAST_ACCOUNT_OPENED,CUSTOMER-ATTRITION,CUSTOMER_HISTORY
Account Opened Date,EFFECTIVE_DATE,CUSTOMER-ATTRITION,CUSTOMER
Account Status,DORMANT_INDICATOR,CUSTOMER-ATTRITION,ACCOUNT
Account Status,ACTIVE_INDICATOR,CUSTOMER-ATTRITION,ACCOUNT
Account Type,CUSTOMER_SUMMARY_TOTAL_CLOSING_BALANCE_CREDIT_CARDS,CUSTOMER-ATTRITION,CUSTOMER_HISTORY
Account Type,CUSTOMER_SUMMARY_TOTAL_CLOSING_BALANCE_LOANS,CUSTOMER-ATTRITION,CUSTOMER_HISTORY
Account Type,ACCOUNT_TYPE,CUSTOMER-ATTRITION,ACCOUNT
Account Type,TOTAL_CLOSING_BALANCE_CREDIT_CARDS,CUSTOMER-ATTRITION,CUSTOMER_SUMMARY
Account Type,TOTAL_CLOSING_BALANCE_LOANS,CUSTOMER-ATTRITION,CUSTOMER_SUMMARY
Anti-money Laundering Monitoring Indicator,AML_MONITORED_INDICATOR,CUSTOMER-ATTRITION,ACCOUNT
Arrears Amount,ARREARS,CUSTOMER-ATTRITION,CUSTOMER_SUMMARY
Arrears Amount,CUSTOMER_SUMMARY_ARREARS,CUSTOMER-ATTRITION,CUSTOMER_HISTORY
Communication,CUSTOMER_SUMMARY_TOTAL_NUMBER_OF_ACTIVE_COMMUNICATION_THREADS,CUSTOMER-ATTRITION,CUSTOMER_HISTORY
Communication,TOTAL_NUMBER_OF_ACTIVE_COMMUNICATION_THREADS,CUSTOMER-ATTRITION,CUSTOMER_SUMMARY
Communication Start,CUSTOMER_RELATIONSHIP_START_DATE,CUSTOMER-ATTRITION,CUSTOMER_HISTORY
Communication Start,RELATIONSHIP_START_DATE,CUSTOMER-ATTRITION,CUSTOMER
Communication Status,CUSTOMER_SUMMARY_NUMBER_OF_OPEN_COMPLAINTS,CUSTOMER-ATTRITION,CUSTOMER_HISTORY
Communication Status,TOTAL_NUMBER_OF_ACTIVE_COMMUNICATION_THREADS,CUSTOMER-ATTRITION,CUSTOMER_SUMMARY
Communication Status,CUSTOMER_SUMMARY_TOTAL_NUMBER_OF_ACTIVE_COMMUNICATION_THREADS,CUSTOMER-ATTRITION,CUSTOMER_HISTORY
Communication Status,NUMBER_OF_OPEN_COMPLAINTS,CUSTOMER-ATTRITION,CUSTOMER_SUMMARY
Credit Card Account,CUSTOMER_SUMMARY_TOTAL_CLOSING_BALANCE_CREDIT_CARDS,CUSTOMER-ATTRITION,CUSTOMER_HISTORY
Credit Card Account,TOTAL_CLOSING_BALANCE_CREDIT_CARDS,CUSTOMER-ATTRITION,CUSTOMER_SUMMARY
Customer Account,DATE_FIRST_ACCOUNT_OPENED,CUSTOMER-ATTRITION,CUSTOMER
Customer Account,DATE_LAST_ACCOUNT_OPENED,CUSTOMER-ATTRITION,CUSTOMER
Customer Account,CUSTOMER_DATE_FIRST_ACCOUNT_OPENED,CUSTOMER-ATTRITION,CUSTOMER_HISTORY
Customer Account,CUSTOMER_EFFECTIVE_DATE,CUSTOMER-ATTRITION,CUSTOMER_HISTORY
Customer Account,CUSTOMER_DATE_LAST_ACCOUNT_OPENED,CUSTOMER-ATTRITION,CUSTOMER_HISTORY
Customer Account,EFFECTIVE_DATE,CUSTOMER-ATTRITION,CUSTOMER
Customer Account Address,LOCATION_ID,CUSTOMER-ATTRITION,ACCOUNT
Customer Account Buy Trades,NUMBER_OF_BUY_TRADES,CUSTOMER-ATTRITION,ACCOUNT_SUMMARY
Customer Account Buy Trades Amount,AMOUNT_OF_BUY_TRADES,CUSTOMER-ATTRITION,ACCOUNT_SUMMARY
Customer Account Commision Amount,AMOUNT_OF_COMMISSION,CUSTOMER-ATTRITION,ACCOUNT_SUMMARY
Customer Account Deposits,NUMBER_OF_DEPOSITS,CUSTOMER-ATTRITION,ACCOUNT_SUMMARY
Customer Account Deposits Amount,AMOUNT_OF_DEPOSITS,CUSTOMER-ATTRITION,ACCOUNT_SUMMARY
Customer Account Fees,NUMBER_OF_ALL_FEES,CUSTOMER-ATTRITION,ACCOUNT_SUMMARY
Customer Account Fees Amount,AMOUNT_OF_ALL_FEES,CUSTOMER-ATTRITION,ACCOUNT_SUMMARY
Customer Account Fees In Arrears Amount,AMOUNT_OF_FEES_IN_ARREARS,CUSTOMER-ATTRITION,ACCOUNT_SUMMARY
Customer Account Interest Earned Amount,AMOUNT_OF_INTEREST_EARNED,CUSTOMER-ATTRITION,ACCOUNT_SUMMARY
Customer Account Interest Fees Amount,AMOUNT_OF_INTEREST_FEES,CUSTOMER-ATTRITION,ACCOUNT_SUMMARY
Customer Account Investment Objective,INVESTMENT_OBJECTIVE,CUSTOMER-ATTRITION,ACCOUNT
Customer Account Life Cycle Status,LIFE_CYCLE_STATUS,CUSTOMER-ATTRITION,ACCOUNT
Customer Account Market Change Amount,AMOUNT_OF_MARKET_CHANGE,CUSTOMER-ATTRITION,ACCOUNT_SUMMARY
Customer Account Product Type,PRODUCT_ID,CUSTOMER-ATTRITION,ACCOUNT
Customer Account Risk Tolerance,RISK_TOLERANCE,CUSTOMER-ATTRITION,ACCOUNT
Customer Account Sell Trades,NUMBER_OF_SELL_TRADES,CUSTOMER-ATTRITION,ACCOUNT_SUMMARY
Customer Account Sell Trades Amount,AMOUNT_OF_SELL_TRADES,CUSTOMER-ATTRITION,ACCOUNT_SUMMARY
Customer Account Transaction Fees Amount,AMOUNT_OF_TRANSACTION_FEES,CUSTOMER-ATTRITION,ACCOUNT_SUMMARY
Customer Account Units Bought,NUMBER_OF_UNITS_BOUGHT,CUSTOMER-ATTRITION,ACCOUNT_SUMMARY
Customer Account Units Sold,NUMBER_OF_UNITS_SOLD,CUSTOMER-ATTRITION,ACCOUNT_SUMMARY
Customer Account Waived Fees Amount,AMOUNT_OF_WAIVED_FEES,CUSTOMER-ATTRITION,ACCOUNT_SUMMARY
Customer Account Withdrawals,NUMBER_OF_WITHDRAWALS,CUSTOMER-ATTRITION,ACCOUNT_SUMMARY
Customer Account Withdrawals Amount,AMOUNT_OF_WITHDRAWALS,CUSTOMER-ATTRITION,ACCOUNT_SUMMARY
Customer Acquisition Cost,CUSTOMER_ACQUISITION_COST,CUSTOMER-ATTRITION,CUSTOMER_HISTORY
Customer Acquisition Cost,ACQUISITION_COST,CUSTOMER-ATTRITION,CUSTOMER
Customer Acquisition Cost,ACQUISITION_COST_AMOUNT,CUSTOMER-ATTRITION,ACCOUNT
Customer Active Accounts,CUSTOMER_SUMMARY_NUMBER_OF_ACTIVE_ACCOUNTS,CUSTOMER-ATTRITION,CUSTOMER_HISTORY
Customer Active Accounts,NUMBER_OF_ACTIVE_ACCOUNTS,CUSTOMER-ATTRITION,CUSTOMER_SUMMARY
Customer Agreement Type,SPECIAL_TERMS_INDICATOR,CUSTOMER-ATTRITION,CUSTOMER
Customer Agreement Type,CUSTOMER_SPECIAL_TERMS_INDICATOR,CUSTOMER-ATTRITION,CUSTOMER_HISTORY
Customer Agreement Validity Start,CUSTOMER_RELATIONSHIP_START_DATE,CUSTOMER-ATTRITION,CUSTOMER_HISTORY
Customer Agreement Validity Start,RELATIONSHIP_START_DATE,CUSTOMER-ATTRITION,CUSTOMER
Customer All Accounts Fees Amount,TOTAL_AMOUNT_OF_ALL_FEES,CUSTOMER-ATTRITION,CUSTOMER_SUMMARY
Customer All Accounts Fees Amount,CUSTOMER_SUMMARY_TOTAL_AMOUNT_OF_ALL_FEES,CUSTOMER-ATTRITION,CUSTOMER_HISTORY
Customer Behavior,CUSTOMER_BEHAVIOR,CUSTOMER-ATTRITION,CUSTOMER
Customer Buy Trades,TOTAL_NUMBER_OF_BUY_TRADES,CUSTOMER-ATTRITION,CUSTOMER_SUMMARY
Customer Buy Trades,CUSTOMER_SUMMARY_TOTAL_NUMBER_OF_BUY_TRADES,CUSTOMER-ATTRITION,CUSTOMER_HISTORY
Customer Buy Trades Amount,TOTAL_AMOUNT_OF_BUY_TRADES,CUSTOMER-ATTRITION,CUSTOMER_SUMMARY
Customer Buy Trades Amount,CUSTOMER_SUMMARY_TOTAL_AMOUNT_OF_BUY_TRADES,CUSTOMER-ATTRITION,CUSTOMER_HISTORY
Customer Call Duration,CUSTOMER_SUMMARY_TOTAL_CALL_TIME,CUSTOMER-ATTRITION,CUSTOMER_HISTORY
Customer Call Duration,TOTAL_CALL_TIME,CUSTOMER-ATTRITION,CUSTOMER_SUMMARY
Customer Calls,NUMBER_OF_CALLS,CUSTOMER-ATTRITION,CUSTOMER_SUMMARY
Customer Calls,CUSTOMER_SUMMARY_NUMBER_OF_CALLS,CUSTOMER-ATTRITION,CUSTOMER_HISTORY
Customer Commision Amount,TOTAL_AMOUNT_OF_COMMISSION,CUSTOMER-ATTRITION,CUSTOMER_SUMMARY
Customer Commision Amount,CUSTOMER_SUMMARY_TOTAL_AMOUNT_OF_COMMISSION,CUSTOMER-ATTRITION,CUSTOMER_HISTORY
Customer Complaints,CUSTOMER_SUMMARY_NUMBER_OF_OPEN_COMPLAINTS,CUSTOMER-ATTRITION,CUSTOMER_HISTORY
Customer Complaints,CUSTOMER_SUMMARY_NUMBER_OF_COMPLAINTS,CUSTOMER-ATTRITION,CUSTOMER_HISTORY
Customer Complaints,NUMBER_OF_COMPLAINTS,CUSTOMER-ATTRITION,CUSTOMER_SUMMARY
Customer Complaints,NUMBER_OF_OPEN_COMPLAINTS,CUSTOMER-ATTRITION,CUSTOMER_SUMMARY
Customer Credit Authority Level,CUSTOMER_CREDIT_AUTHORITY_LEVEL,CUSTOMER-ATTRITION,CUSTOMER_HISTORY
Customer Deposits,TOTAL_NUMBER_OF_UNITS_SOLD,CUSTOMER-ATTRITION,CUSTOMER_SUMMARY
Customer Deposits,CUSTOMER_SUMMARY_TOTAL_NUMBER_OF_UNITS_SOLD,CUSTOMER-ATTRITION,CUSTOMER_HISTORY
Customer Deposits Amount,TOTAL_AMOUNT_OF_DEPOSITS,CUSTOMER-ATTRITION,CUSTOMER_SUMMARY
Customer Deposits Amount,CUSTOMER_SUMMARY_TOTAL_AMOUNT_OF_DEPOSITS,CUSTOMER-ATTRITION,CUSTOMER_HISTORY
Customer Emails,NUMBER_OF_EMAILS,CUSTOMER-ATTRITION,CUSTOMER_SUMMARY
Customer Emails,CUSTOMER_SUMMARY_NUMBER_OF_EMAILS,CUSTOMER-ATTRITION,CUSTOMER_HISTORY
Customer Fees,TOTAL_NUMBER_OF_ALL_FEES,CUSTOMER-ATTRITION,CUSTOMER_SUMMARY
Customer Fees,CUSTOMER_SUMMARY_TOTAL_NUMBER_OF_ALL_FEES,CUSTOMER-ATTRITION,CUSTOMER_HISTORY
Customer Financial Assets,FINANCIAL_ASSETS,CUSTOMER-ATTRITION,CUSTOMER_SUMMARY
Customer Financial Assets,CUSTOMER_SUMMARY_FINANCIAL_ASSETS,CUSTOMER-ATTRITION,CUSTOMER_HISTORY
Customer Financial Assets Under Management,CUSTOMER_SUMMARY_FUNDS_UNDER_MANAGEMENT,CUSTOMER-ATTRITION,CUSTOMER_HISTORY
Customer Financial Assets Under Management,FUNDS_UNDER_MANAGEMENT,CUSTOMER-ATTRITION,CUSTOMER_SUMMARY
Customer Identifier,CUSTOMER_ID,CUSTOMER-ATTRITION,CUSTOMER_SUMMARY
Customer Identifier,CUSTOMER_CUSTOMER_ID,CUSTOMER-ATTRITION,CUSTOMER_HISTORY
Customer Identifier,CUSTOMER_ID,CUSTOMER-ATTRITION,CUSTOMER
Customer Identifier,CUSTOMER_SUMMARY_CUSTOMER_ID,CUSTOMER-ATTRITION,CUSTOMER_HISTORY
Customer Importance,IMPORTANCE_LEVEL_CODE,CUSTOMER-ATTRITION,CUSTOMER
Customer Importance,CUSTOMER_SUMMARY_PRIORITY,CUSTOMER-ATTRITION,CUSTOMER_HISTORY
Customer Importance,CUSTOMER_IMPORTANCE_LEVEL_CODE,CUSTOMER-ATTRITION,CUSTOMER_HISTORY
Customer Importance,PRIORITY,CUSTOMER-ATTRITION,CUSTOMER_SUMMARY
Customer Interest Earned Amount,TOTAL_AMOUNT_OF_INTEREST_EARNED,CUSTOMER-ATTRITION,CUSTOMER_SUMMARY
Customer Interest Earned Amount,CUSTOMER_SUMMARY_TOTAL_AMOUNT_OF_INTEREST_EARNED,CUSTOMER-ATTRITION,CUSTOMER_HISTORY
Customer Interest Fees Amount,TOTAL_AMOUNT_OF_INTEREST_FEES,CUSTOMER-ATTRITION,CUSTOMER_SUMMARY
Customer Interest Fees Amount,CUSTOMER_SUMMARY_TOTAL_AMOUNT_OF_INTEREST_FEES,CUSTOMER-ATTRITION,CUSTOMER_HISTORY
Customer Language,CUSTOMER_PRIMARY_WRITTEN_LANGUAGE,CUSTOMER-ATTRITION,CUSTOMER_HISTORY
Customer Language,PRIMARY_WRITTEN_LANGUAGE,CUSTOMER-ATTRITION,CUSTOMER
Customer Language,CUSTOMER_PRIMARY_SPOKEN_LANGUAGE,CUSTOMER-ATTRITION,CUSTOMER_HISTORY
Customer Language,PRIMARY_SPOKEN_LANGUAGE,CUSTOMER-ATTRITION,CUSTOMER
Customer Liabilities,CUSTOMER_SUMMARY_LIABILITIES,CUSTOMER-ATTRITION,CUSTOMER_HISTORY
Customer Liabilities,LIABILITIES,CUSTOMER-ATTRITION,CUSTOMER_SUMMARY
Customer Lifetime Value,CUSTOMER_LIFETIME_VALUE,CUSTOMER-ATTRITION,CUSTOMER_SUMMARY
Customer Lifetime Value,CUSTOMER_SUMMARY_CUSTOMER_LIFETIME_VALUE,CUSTOMER-ATTRITION,CUSTOMER_HISTORY
Customer Management Fees Amount,CUSTOMER_SUMMARY_AMOUNT_OF_MANAGEMENT_FEES,CUSTOMER-ATTRITION,CUSTOMER_HISTORY
Customer Management Fees Amount,AMOUNT_OF_MANAGEMENT_FEES,CUSTOMER-ATTRITION,CUSTOMER_SUMMARY
Customer Market Change Amount,CUSTOMER_SUMMARY_TOTAL_AMOUNT_OF_MARKET_CHANGE,CUSTOMER-ATTRITION,CUSTOMER_HISTORY
Customer Market Change Amount,TOTAL_AMOUNT_OF_MARKET_CHANGE,CUSTOMER-ATTRITION,CUSTOMER_SUMMARY
Customer Market Segment,MARKET_GROUP,CUSTOMER-ATTRITION,CUSTOMER
Customer Market Segment,CUSTOMER_MARKET_GROUP,CUSTOMER-ATTRITION,CUSTOMER_HISTORY
Customer Net Present Value,LIQUID_NET_WORTH,CUSTOMER-ATTRITION,CUSTOMER_SUMMARY
Customer Net Present Value,CUSTOMER_SUMMARY_LIQUID_NET_WORTH,CUSTOMER-ATTRITION,CUSTOMER_HISTORY
Customer Net Present Value,TOTAL_NET_WORTH,CUSTOMER-ATTRITION,CUSTOMER_SUMMARY
Customer Net Present Value,CUSTOMER_SUMMARY_TOTAL_NET_WORTH,CUSTOMER-ATTRITION,CUSTOMER_HISTORY
Customer Non-Financial Assets,CUSTOMER_SUMMARY_NON_FINANCIAL_ASSETS,CUSTOMER-ATTRITION,CUSTOMER_HISTORY
Customer Non-Financial Assets,NON_FINANCIAL_ASSETS,CUSTOMER-ATTRITION,CUSTOMER_SUMMARY
Customer Products,ASSETS,CUSTOMER-ATTRITION,CUSTOMER_SUMMARY
Customer Products,CUSTOMER_SUMMARY_ASSETS,CUSTOMER-ATTRITION,CUSTOMER_HISTORY
Customer Satisfaction,METRIC_SATISFACTION_LEVEL,CUSTOMER-ATTRITION,CUSTOMER
Customer Satisfaction,CUSTOMER_METRIC_SATISFACTION_LEVEL,CUSTOMER-ATTRITION,CUSTOMER_HISTORY
Customer Sell Trades,CUSTOMER_SUMMARY_TOTAL_NUMBER_OF_SELL_TRADES,CUSTOMER-ATTRITION,CUSTOMER_HISTORY
Customer Sell Trades,TOTAL_NUMBER_OF_SELL_TRADES,CUSTOMER-ATTRITION,CUSTOMER_SUMMARY
Customer Sell Trades Amount,TOTAL_AMOUNT_OF_SELL_TRADES,CUSTOMER-ATTRITION,CUSTOMER_SUMMARY
Customer Sell Trades Amount,CUSTOMER_SUMMARY_TOTAL_AMOUNT_OF_SELL_TRADES,CUSTOMER-ATTRITION,CUSTOMER_HISTORY
Customer Sentiment,LATEST_SENTIMENT_SCORE,CUSTOMER-ATTRITION,CUSTOMER_SUMMARY
Customer Sentiment,CUSTOMER_SUMMARY_AVERAGE_SENTIMENT_SCORE,CUSTOMER-ATTRITION,CUSTOMER_HISTORY
Customer Sentiment,AVERAGE_SENTIMENT_SCORE,CUSTOMER-ATTRITION,CUSTOMER_SUMMARY
Customer Sentiment,CUSTOMER_SUMMARY_LATEST_SENTIMENT_SCORE,CUSTOMER-ATTRITION,CUSTOMER_HISTORY
Customer Social Media Posts,CUSTOMER_SUMMARY_NUMBER_OF_POSTS,CUSTOMER-ATTRITION,CUSTOMER_HISTORY
Customer Social Media Posts,NUMBER_OF_POSTS,CUSTOMER-ATTRITION,CUSTOMER_SUMMARY
Customer Status,CUSTOMER_STATUS,CUSTOMER-ATTRITION,CUSTOMER_HISTORY
Customer Status,STATUS,CUSTOMER-ATTRITION,CUSTOMER
Customer Transaction Fees Amount,CUSTOMER_SUMMARY_TOTAL_AMOUNT_OF_TRANSACTION_FEES,CUSTOMER-ATTRITION,CUSTOMER_HISTORY
Customer Transaction Fees Amount,TOTAL_AMOUNT_OF_TRANSACTION_FEES,CUSTOMER-ATTRITION,CUSTOMER_SUMMARY
Customer Units Bought,TOTAL_NUMBER_OF_DEPOSITS,CUSTOMER-ATTRITION,CUSTOMER_SUMMARY
Customer Units Bought,CUSTOMER_SUMMARY_TOTAL_NUMBER_OF_DEPOSITS,CUSTOMER-ATTRITION,CUSTOMER_HISTORY
Customer Units Sold,TOTAL_NUMBER_OF_UNITS_BOUGHT,CUSTOMER-ATTRITION,CUSTOMER_SUMMARY
Customer Units Sold,CUSTOMER_SUMMARY_TOTAL_NUMBER_OF_UNITS_BOUGHT,CUSTOMER-ATTRITION,CUSTOMER_HISTORY
Customer Waived Fees Amount,TOTAL_AMOUNT_OF_WAIVED_FEES,CUSTOMER-ATTRITION,CUSTOMER_SUMMARY
Customer Waived Fees Amount,CUSTOMER_SUMMARY_TOTAL_AMOUNT_OF_WAIVED_FEES,CUSTOMER-ATTRITION,CUSTOMER_HISTORY
Customer Withdrawals,TOTAL_NUMBER_OF_WITHDRAWALS,CUSTOMER-ATTRITION,CUSTOMER_SUMMARY
Customer Withdrawals,CUSTOMER_SUMMARY_TOTAL_NUMBER_OF_WITHDRAWALS,CUSTOMER-ATTRITION,CUSTOMER_HISTORY
Customer Withdrawals Amount,CUSTOMER_SUMMARY_TOTAL_AMOUNT_OF_WITHDRAWALS,CUSTOMER-ATTRITION,CUSTOMER_HISTORY
Customer Withdrawals Amount,TOTAL_AMOUNT_OF_WITHDRAWALS,CUSTOMER-ATTRITION,CUSTOMER_SUMMARY
Date Of Birth,BIRTH_YEAR,CUSTOMER-ATTRITION,CUSTOMER
Date Of Birth,AGE_RANGE,CUSTOMER-ATTRITION,CUSTOMER
Date Of Birth,CUSTOMER_BIRTH_YEAR,CUSTOMER-ATTRITION,CUSTOMER_HISTORY
Date Of Birth,CUSTOMER_AGE_RANGE,CUSTOMER-ATTRITION,CUSTOMER_HISTORY
Employment Status,CUSTOMER_EMPLOYMENT_STATUS,CUSTOMER-ATTRITION,CUSTOMER_HISTORY
Employment Status,EMPLOYMENT_STATUS,CUSTOMER-ATTRITION,CUSTOMER
Gender,CUSTOMER_GENDER,CUSTOMER-ATTRITION,CUSTOMER_HISTORY
Gender,GENDER,CUSTOMER-ATTRITION,CUSTOMER
Growth As Investment Objective Accounts,NUM_ACCOUNTS_WITH_INVESTMENT_OBJECTIVE_GROWTH,CUSTOMER-ATTRITION,CUSTOMER_HISTORY
High Risk Tolerance Accounts,NUM_ACCOUNTS_WITH_RISK_TOLERANCE_HIGH,CUSTOMER-ATTRITION,CUSTOMER_HISTORY
Home Address,CUSTOMER_ADDRESS_HOME_COUNTRY,CUSTOMER-ATTRITION,CUSTOMER_HISTORY
Home Address,CUSTOMER_ADDRESS_HOME_POSTAL_CODE,CUSTOMER-ATTRITION,CUSTOMER_HISTORY
Home Address,GEOGRAPHIC_AREA_HOME,CUSTOMER-ATTRITION,CUSTOMER
Home Address,ADDRESS_HOME_COUNTRY,CUSTOMER-ATTRITION,CUSTOMER
Home Address,CUSTOMER_GEOGRAPHIC_AREA_HOME,CUSTOMER-ATTRITION,CUSTOMER_HISTORY
Home Address,ADDRESS_HOME_STATE,CUSTOMER-ATTRITION,CUSTOMER
Home Address,CUSTOMER_ADDRESS_HOME_CITY,CUSTOMER-ATTRITION,CUSTOMER_HISTORY
Home Address,CUSTOMER_ADDRESS_HOME_STATE,CUSTOMER-ATTRITION,CUSTOMER_HISTORY
Home Address,ADDRESS_HOME_POSTAL_CODE,CUSTOMER-ATTRITION,CUSTOMER
Home Address,ADDRESS_HOME_CITY,CUSTOMER-ATTRITION,CUSTOMER
Inbound Calls,CUSTOMER_SUMMARY_TOTAL_INWARD_CALLS,CUSTOMER-ATTRITION,CUSTOMER_HISTORY
Inbound Calls,TOTAL_INWARD_CALLS,CUSTOMER-ATTRITION,CUSTOMER_SUMMARY
Inbound Communications,TOTAL_INWARD_EMAILS,CUSTOMER-ATTRITION,CUSTOMER_SUMMARY
Inbound Communications,CUSTOMER_SUMMARY_TOTAL_INWARD_EMAILS,CUSTOMER-ATTRITION,CUSTOMER_HISTORY
Inbound Communications,TOTAL_INWARD_COMMUNICATIONS,CUSTOMER-ATTRITION,CUSTOMER_SUMMARY
Inbound Communications,CUSTOMER_SUMMARY_TOTAL_INWARD_COMMUNICATIONS,CUSTOMER-ATTRITION,CUSTOMER_HISTORY
Income As Investment Objective Accounts,NUM_ACCOUNTS_WITH_INVESTMENT_OBJECTIVE_INCOME,CUSTOMER-ATTRITION,CUSTOMER_HISTORY
Loan Account,CUSTOMER_SUMMARY_TOTAL_CLOSING_BALANCE_LOANS,CUSTOMER-ATTRITION,CUSTOMER_HISTORY
Loan Account,TOTAL_CLOSING_BALANCE_LOANS,CUSTOMER-ATTRITION,CUSTOMER_SUMMARY
Low Risk Tolerance Accounts,NUM_ACCOUNTS_WITH_RISK_TOLERANCE_LOW,CUSTOMER-ATTRITION,CUSTOMER_HISTORY
Moderate Risk Tolerance Accounts,NUM_ACCOUNTS_WITH_RISK_TOLERANCE_MODERATE,CUSTOMER-ATTRITION,CUSTOMER_HISTORY
New Customer Agreements,CUSTOMER_SUMMARY_NUMBER_OF_NEW_ACCOUNTS_OPENED,CUSTOMER-ATTRITION,CUSTOMER_HISTORY
New Customer Agreements,NUMBER_OF_NEW_ACCOUNTS_OPENED,CUSTOMER-ATTRITION,CUSTOMER_SUMMARY
Number of Customer Accounts,TOTAL_NUMBER_OF_ACCOUNTS_AS_NON_PRIMARY,CUSTOMER-ATTRITION,CUSTOMER_SUMMARY
Number of Customer Accounts,CUSTOMER_SUMMARY_TOTAL_NUMBER_OF_ACCOUNTS_AS_PRIMARY,CUSTOMER-ATTRITION,CUSTOMER_HISTORY
Number of Customer Accounts,TOTAL_NUMBER_OF_ACCOUNTS_AS_PRIMARY,CUSTOMER-ATTRITION,CUSTOMER_SUMMARY
Number of Customer Accounts,CUSTOMER_SUMMARY_NUMBER_OF_ACCOUNTS,CUSTOMER-ATTRITION,CUSTOMER_HISTORY
Number of Customer Accounts,NUMBER_OF_ACCOUNTS,CUSTOMER-ATTRITION,CUSTOMER_SUMMARY
Number of Customer Accounts,CUSTOMER_SUMMARY_TOTAL_NUMBER_OF_ACCOUNTS_AS_NON_PRIMARY,CUSTOMER-ATTRITION,CUSTOMER_HISTORY
Number of Customer Communications,CUSTOMER_SUMMARY_NUMBER_OF_COMMUNICATIONS,CUSTOMER-ATTRITION,CUSTOMER_HISTORY
Number of Customer Communications,NUMBER_OF_COMMUNICATIONS,CUSTOMER-ATTRITION,CUSTOMER_SUMMARY
Outbound Calls,TOTAL_OUTWARD_CALLS,CUSTOMER-ATTRITION,CUSTOMER_SUMMARY
Outbound Calls,CUSTOMER_SUMMARY_TOTAL_OUTWARD_CALLS,CUSTOMER-ATTRITION,CUSTOMER_HISTORY
Outbound Communications,TOTAL_OUTWARD_COMMUNICATIONS,CUSTOMER-ATTRITION,CUSTOMER_SUMMARY
Outbound Communications,CUSTOMER_SUMMARY_TOTAL_OUTWARD_COMMUNICATIONS,CUSTOMER-ATTRITION,CUSTOMER_HISTORY
Outbound Communications,TOTAL_OUTWARD_EMAILS,CUSTOMER-ATTRITION,CUSTOMER_SUMMARY
Outbound Communications,CUSTOMER_SUMMARY_TOTAL_OUTWARD_EMAILS,CUSTOMER-ATTRITION,CUSTOMER_HISTORY
Planning As Investment Objective Accounts,NUM_ACCOUNTS_WITH_INVESTMENT_OBJECTIVE_PLANNING,CUSTOMER-ATTRITION,CUSTOMER_HISTORY
Postal Address,GEOGRAPHIC_AREA_WORK,CUSTOMER-ATTRITION,CUSTOMER
Postal Address,GEOGRAPHIC_AREA_HOME,CUSTOMER-ATTRITION,CUSTOMER
Postal Address,CUSTOMER_GEOGRAPHIC_AREA_HOME,CUSTOMER-ATTRITION,CUSTOMER_HISTORY
Postal Address,CUSTOMER_GEOGRAPHIC_AREA_WORK,CUSTOMER-ATTRITION,CUSTOMER_HISTORY
Postal Address,GEOGRAPHIC_AREA_MAILING,CUSTOMER-ATTRITION,CUSTOMER
Postal Address,CUSTOMER_GEOGRAPHIC_AREA_MAILING,CUSTOMER-ATTRITION,CUSTOMER_HISTORY
Postal Address City,CUSTOMER_ADDRESS_HOME_CITY,CUSTOMER-ATTRITION,CUSTOMER_HISTORY
Postal Address City,ADDRESS_MAILING_CITY,CUSTOMER-ATTRITION,CUSTOMER
Postal Address City,CUSTOMER_ADDRESS_MAILING_CITY,CUSTOMER-ATTRITION,CUSTOMER_HISTORY
Postal Address City,ADDRESS_WORK_CITY,CUSTOMER-ATTRITION,CUSTOMER
Postal Address City,ADDRESS_HOME_CITY,CUSTOMER-ATTRITION,CUSTOMER
Postal Address City,CUSTOMER_ADDRESS_WORK_CITY,CUSTOMER-ATTRITION,CUSTOMER_HISTORY
Postal Address Country,CUSTOMER_ADDRESS_WORK_COUNTRY,CUSTOMER-ATTRITION,CUSTOMER_HISTORY
Postal Address Country,CUSTOMER_ADDRESS_HOME_COUNTRY,CUSTOMER-ATTRITION,CUSTOMER_HISTORY
Postal Address Country,ADDRESS_WORK_COUNTRY,CUSTOMER-ATTRITION,CUSTOMER
Postal Address Country,CUSTOMER_ADDRESS_MAILING_COUNTRY,CUSTOMER-ATTRITION,CUSTOMER_HISTORY
Postal Address Country,ADDRESS_HOME_COUNTRY,CUSTOMER-ATTRITION,CUSTOMER
Postal Address Country,ADDRESS_MAILING_COUNTRY,CUSTOMER-ATTRITION,CUSTOMER
Postal Address State,ADDRESS_WORK_STATE,CUSTOMER-ATTRITION,CUSTOMER
Postal Address State,CUSTOMER_ADDRESS_WORK_STATE,CUSTOMER-ATTRITION,CUSTOMER_HISTORY
Postal Address State,ADDRESS_MAILING_STATE,CUSTOMER-ATTRITION,CUSTOMER
Postal Address State,CUSTOMER_ADDRESS_HOME_STATE,CUSTOMER-ATTRITION,CUSTOMER_HISTORY
Postal Address State,CUSTOMER_ADDRESS_MAILING_STATE,CUSTOMER-ATTRITION,CUSTOMER_HISTORY
Postal Address State,ADDRESS_HOME_STATE,CUSTOMER-ATTRITION,CUSTOMER
Postal Code,ADDRESS_WORK_POSTAL_CODE,CUSTOMER-ATTRITION,CUSTOMER
Postal Code,CUSTOMER_ADDRESS_HOME_POSTAL_CODE,CUSTOMER-ATTRITION,CUSTOMER_HISTORY
Postal Code,CUSTOMER_ADDRESS_WORK_POSTAL_CODE,CUSTOMER-ATTRITION,CUSTOMER_HISTORY
Postal Code,CUSTOMER_ADDRESS_MAILING_POSTAL_CODE,CUSTOMER-ATTRITION,CUSTOMER_HISTORY
Postal Code,ADDRESS_HOME_POSTAL_CODE,CUSTOMER-ATTRITION,CUSTOMER
Postal Code,ADDRESS_MAILING_POSTAL_CODE,CUSTOMER-ATTRITION,CUSTOMER
Primary Account Holder,PRIMARY_CUSTOMER_ID,CUSTOMER-ATTRITION,ACCOUNT
Properties Owned,CUSTOMER_SUMMARY_REAL_PROPERTY_ASSETS,CUSTOMER-ATTRITION,CUSTOMER_HISTORY
Properties Owned,REAL_PROPERTY_ASSETS,CUSTOMER-ATTRITION,CUSTOMER_SUMMARY
Returned Customers,CUSTOMER_SUMMARY_RETURN_3Y,CUSTOMER-ATTRITION,CUSTOMER_HISTORY
Returned Customers,RETURN_5Y,CUSTOMER-ATTRITION,ACCOUNT_SUMMARY
Returned Customers,RETURN_5Y,CUSTOMER-ATTRITION,CUSTOMER_SUMMARY
Returned Customers,CUSTOMER_SUMMARY_RETURN_LAST_QUARTER,CUSTOMER-ATTRITION,CUSTOMER_HISTORY
Returned Customers,RETURN_1Y,CUSTOMER-ATTRITION,ACCOUNT_SUMMARY
Returned Customers,CUSTOMER_SUMMARY_RETURN_1Y,CUSTOMER-ATTRITION,CUSTOMER_HISTORY
Returned Customers,CUSTOMER_SUMMARY_RETURN_YTD,CUSTOMER-ATTRITION,CUSTOMER_HISTORY
Returned Customers,RETURN_1Y,CUSTOMER-ATTRITION,CUSTOMER_SUMMARY
Returned Customers,RETURN_3Y,CUSTOMER-ATTRITION,ACCOUNT_SUMMARY
Returned Customers,RETURN_LAST_QUARTER,CUSTOMER-ATTRITION,CUSTOMER_SUMMARY
Returned Customers,RETURN_LAST_QUARTER,CUSTOMER-ATTRITION,ACCOUNT_SUMMARY
Returned Customers,CUSTOMER_SUMMARY_RETURN_5Y,CUSTOMER-ATTRITION,CUSTOMER_HISTORY
Returned Customers,RETURN_2Y,CUSTOMER-ATTRITION,ACCOUNT_SUMMARY
Returned Customers,RETURN_2Y,CUSTOMER-ATTRITION,CUSTOMER_SUMMARY
Returned Customers,CUSTOMER_SUMMARY_RETURN_10Y,CUSTOMER-ATTRITION,CUSTOMER_HISTORY
Returned Customers,RETURN_YTD,CUSTOMER-ATTRITION,CUSTOMER_SUMMARY
Returned Customers,RETURN_SINCE_INCEPTION,CUSTOMER-ATTRITION,ACCOUNT_SUMMARY
Returned Customers,RETURN_YTD,CUSTOMER-ATTRITION,ACCOUNT_SUMMARY
Returned Customers,RETURN_3Y,CUSTOMER-ATTRITION,CUSTOMER_SUMMARY
Returned Customers,CUSTOMER_SUMMARY_RETURN_SINCE_INCEPTION,CUSTOMER-ATTRITION,CUSTOMER_HISTORY
Returned Customers,RETURN_SINCE_INCEPTION,CUSTOMER-ATTRITION,CUSTOMER_SUMMARY
Returned Customers,RETURN_10Y,CUSTOMER-ATTRITION,ACCOUNT_SUMMARY
Returned Customers,CUSTOMER_SUMMARY_RETURN_2Y,CUSTOMER-ATTRITION,CUSTOMER_HISTORY
Returned Customers,RETURN_10Y,CUSTOMER-ATTRITION,CUSTOMER_SUMMARY
Secure Growth As Investment Objective Accounts,NUM_ACCOUNTS_WITH_INVESTMENT_OBJECTIVE_SECURE_GROWTH,CUSTOMER-ATTRITION,CUSTOMER_HISTORY
Security As Investment Objective Accounts,NUM_ACCOUNTS_WITH_INVESTMENT_OBJECTIVE_SECURITY,CUSTOMER-ATTRITION,CUSTOMER_HISTORY
Tax Advantage Indicator,TAX_ADVANTAGE_INDICATOR,CUSTOMER-ATTRITION,ACCOUNT
Top Spending Category,TOP_SPENDING_CATEGORY,CUSTOMER-ATTRITION,CUSTOMER_SUMMARY
Top Spending Category,CUSTOMER_SUMMARY_TOP_SPENDING_CATEGORY,CUSTOMER-ATTRITION,CUSTOMER_HISTORY
Trading Volume,TRADING_VOLUME,CUSTOMER-ATTRITION,CUSTOMER_SUMMARY
Trading Volume,CUSTOMER_SUMMARY_TRADING_VOLUME,CUSTOMER-ATTRITION,CUSTOMER_HISTORY
Transaction Count,CUSTOMER_SUMMARY_NUMBER_OF_TRANSACTIONS,CUSTOMER-ATTRITION,CUSTOMER_HISTORY
Transaction Count,NUMBER_OF_TRANSACTIONS,CUSTOMER-ATTRITION,CUSTOMER_SUMMARY
Very Low Risk Tolerance Accounts,NUM_ACCOUNTS_WITH_RISK_TOLERANCE_VERY_LOW,CUSTOMER-ATTRITION,CUSTOMER_HISTORY
Work Address,ADDRESS_WORK_POSTAL_CODE,CUSTOMER-ATTRITION,CUSTOMER
Work Address,ADDRESS_WORK_STATE,CUSTOMER-ATTRITION,CUSTOMER
Work Address,ADDRESS_WORK_COUNTRY,CUSTOMER-ATTRITION,CUSTOMER
Work Address,CUSTOMER_ADDRESS_WORK_STATE,CUSTOMER-ATTRITION,CUSTOMER_HISTORY
Work Address,GEOGRAPHIC_AREA_WORK,CUSTOMER-ATTRITION,CUSTOMER
Work Address,CUSTOMER_ADDRESS_WORK_POSTAL_CODE,CUSTOMER-ATTRITION,CUSTOMER_HISTORY
Work Address,CUSTOMER_GEOGRAPHIC_AREA_WORK,CUSTOMER-ATTRITION,CUSTOMER_HISTORY
Work Address,CUSTOMER_ADDRESS_WORK_COUNTRY,CUSTOMER-ATTRITION,CUSTOMER_HISTORY
Work Address,ADDRESS_WORK_CITY,CUSTOMER-ATTRITION,CUSTOMER
Work Address,CUSTOMER_ADDRESS_WORK_CITY,CUSTOMER-ATTRITION,CUSTOMER_HISTORY
