{"metadata":{"asset_id":"900321ac-877f-4a53-98f3-7168f0be4554","asset_attributes":["data_asset"],"name":"fixed_maintenance.csv","asset_type":"data_asset","created_at":"2020-11-30T14:12:04Z","description":"","origin_country":"us","owner_id":"1000331017","project_id":"974cfdd3-0136-4377-acf7-d1f90c46305a","size":1150,"tags":[],"usage":{"last_update_time":1606745524674,"last_updated_at":"2020-11-30T14:12:04Z"}},"entity":{"data_asset":{"mime_type":"text/csv","dataset":false}},"attachments":[{"id":"67762891-2303-4619-a6cb-2c1007ce4918","version":2,"asset_type":"data_asset","name":"fixed_maintenance.csv","mime":"text/csv","datasource_type":"81bafdbd-b7c6-45c5-a4fd-6ec135f66f4e","object_key":"data_asset/fixed_maintenance.csv","creator_id":"icp4d-dev","create_time":1606745524403,"size":1150,"is_remote":false,"is_managed":false,"is_referenced":true,"is_object_key_read_only":false,"is_user_provided_path_key":true,"transfer_complete":true,"is_partitioned":false,"complete_time_ticks":1606745524403,"user_data":{},"test_doc":0,"handle":{"key":"data_asset/fixed_maintenance.csv","upload_id":"done","max_part_num":1},"usage":{"access_count":0,"last_accessor_id":"icp4d-dev","last_access_time":1606745524403}}]}