{"metadata":{"asset_id":"3a2adbff-2763-495f-bc15-7bf1bf0e7c05","asset_attributes":["data_asset"],"name":"machine.csv","asset_type":"data_asset","created_at":"2020-11-30T14:12:04Z","description":"","origin_country":"us","owner_id":"1000331017","project_id":"974cfdd3-0136-4377-acf7-d1f90c46305a","size":295,"tags":[],"usage":{"last_update_time":1606745524973,"last_updated_at":"2020-11-30T14:12:04Z"}},"entity":{"data_asset":{"mime_type":"text/csv","dataset":false}},"attachments":[{"id":"fc4a6541-f014-4814-9633-834d6f96ca56","version":2,"asset_type":"data_asset","name":"machine.csv","mime":"text/csv","datasource_type":"81bafdbd-b7c6-45c5-a4fd-6ec135f66f4e","object_key":"data_asset/machine.csv","creator_id":"icp4d-dev","create_time":1606745524740,"size":295,"is_remote":false,"is_managed":false,"is_referenced":true,"is_object_key_read_only":false,"is_user_provided_path_key":true,"transfer_complete":true,"is_partitioned":false,"complete_time_ticks":1606745524740,"user_data":{},"test_doc":0,"handle":{"key":"data_asset/machine.csv","upload_id":"done","max_part_num":1},"usage":{"access_count":0,"last_accessor_id":"icp4d-dev","last_access_time":1606745524740}}]}