{"metadata":{"asset_id":"b4e21ad4-3073-4779-a857-3840c4120a2c","asset_attributes":["data_asset"],"name":"predicted_failure.csv","asset_type":"data_asset","created_at":"2020-11-30T14:12:05Z","description":"","origin_country":"us","owner_id":"1000331017","project_id":"974cfdd3-0136-4377-acf7-d1f90c46305a","size":1162,"tags":[],"usage":{"last_update_time":1606745525293,"last_updated_at":"2020-11-30T14:12:05Z"}},"entity":{"data_asset":{"mime_type":"text/csv","dataset":false}},"attachments":[{"id":"ca31429a-e4b6-4391-b992-2fdcc5c13953","version":2,"asset_type":"data_asset","name":"predicted_failure.csv","mime":"text/csv","datasource_type":"81bafdbd-b7c6-45c5-a4fd-6ec135f66f4e","object_key":"data_asset/predicted_failure.csv","creator_id":"icp4d-dev","create_time":1606745525188,"size":1162,"is_remote":false,"is_managed":false,"is_referenced":true,"is_object_key_read_only":false,"is_user_provided_path_key":true,"transfer_complete":true,"is_partitioned":false,"complete_time_ticks":1606745525188,"user_data":{},"test_doc":0,"handle":{"key":"data_asset/predicted_failure.csv","upload_id":"done","max_part_num":1},"usage":{"access_count":0,"last_accessor_id":"icp4d-dev","last_access_time":1606745525188}}]}