{"metadata":{"asset_id":"e5693691-1bd9-4b7b-bd64-6bb9e4b94a37","asset_attributes":["data_asset"],"name":"historical.csv","asset_type":"data_asset","created_at":"2020-11-30T14:12:04Z","description":"","origin_country":"us","owner_id":"1000331017","project_id":"974cfdd3-0136-4377-acf7-d1f90c46305a","size":55693,"tags":[],"usage":{"last_update_time":1606745524860,"last_updated_at":"2020-11-30T14:12:04Z"}},"entity":{"data_asset":{"mime_type":"text/csv","dataset":false}},"attachments":[{"id":"fc79e3dc-81c7-483a-918c-848c0d5fee7f","version":2,"asset_type":"data_asset","name":"historical.csv","mime":"text/csv","datasource_type":"81bafdbd-b7c6-45c5-a4fd-6ec135f66f4e","object_key":"data_asset/historical.csv","creator_id":"icp4d-dev","create_time":1606745524654,"size":55693,"is_remote":false,"is_managed":false,"is_referenced":true,"is_object_key_read_only":false,"is_user_provided_path_key":true,"transfer_complete":true,"is_partitioned":false,"complete_time_ticks":1606745524654,"user_data":{},"test_doc":0,"handle":{"key":"data_asset/historical.csv","upload_id":"done","max_part_num":1},"usage":{"access_count":0,"last_accessor_id":"icp4d-dev","last_access_time":1606745524654}}]}