{"metadata":{"asset_id":"a4b512c0-0121-410b-80cc-990b3079af26","asset_attributes":["do_decision_asset"],"name":"PredictiveMaintenance","asset_type":"do_decision_asset","created_at":"2020-11-30T14:14:29Z","description":"","origin_country":"us","owner_id":"1000331017","project_id":"974cfdd3-0136-4377-acf7-d1f90c46305a","size":0,"tags":[],"usage":{"last_update_time":1606745669113,"last_updated_at":"2020-11-30T14:14:29Z"}},"entity":{"do_decision_asset":{"spaceId":"4d9a872d-7359-4cb7-9a17-411179a7664e"}}}