{"metadata":{"asset_id":"3235b396-260c-494f-b75a-0b7ae1d83fdd","asset_attributes":["notebook"],"name":"3-GenerateScenariosNB","asset_type":"notebook","created_at":"2020-11-30T14:12:05Z","description":"","origin_country":"us","owner_id":"1000331017","project_id":"974cfdd3-0136-4377-acf7-d1f90c46305a","size":10896,"tags":["notebook"],"usage":{"last_update_time":1606745526223,"last_updated_at":"2020-11-30T14:12:06Z"}},"entity":{"notebook":{"kernel":{"name":"python3","display_name":"Python 3.7","language":"python"},"originates_from":{"type":"file"},"runtime":{"environment":"jupconda37-974cfdd3-0136-4377-acf7-d1f90c46305a"}}},"attachments":[{"id":"2047e00e-ad8b-4df8-955b-437be390ee2f","version":2,"asset_type":"notebook","name":"attachment for notebook 3235b396-260c-494f-b75a-0b7ae1d83fdd","description":"attachment for notebook 3235b396-260c-494f-b75a-0b7ae1d83fdd","mime":"application/json","datasource_type":"81bafdbd-b7c6-45c5-a4fd-6ec135f66f4e","object_key":"notebook/3-GenerateScenariosNB_Px6XOxzG1.ipynb","creator_id":"icp4d-dev","create_time":1606745526074,"size":10896,"is_remote":false,"is_managed":false,"is_referenced":true,"is_object_key_read_only":false,"is_user_provided_path_key":true,"transfer_complete":true,"is_partitioned":false,"complete_time_ticks":1606745526074,"user_data":{},"test_doc":0,"handle":{"key":"notebook/3-GenerateScenariosNB_Px6XOxzG1.ipynb","upload_id":"done","max_part_num":1},"usage":{"access_count":0,"last_accessor_id":"icp4d-dev","last_access_time":1606745526074}}]}