{"metadata":{"asset_id":"a187ed61-d6e0-45bc-9c14-717d30d0f86d","asset_attributes":["notebook"],"name":"2-CompareManualVsOptimizedNB","asset_type":"notebook","created_at":"2020-11-30T14:12:05Z","description":"","origin_country":"us","owner_id":"1000331017","project_id":"974cfdd3-0136-4377-acf7-d1f90c46305a","size":14549,"tags":["notebook"],"usage":{"last_update_time":1606745526226,"last_updated_at":"2020-11-30T14:12:06Z"}},"entity":{"notebook":{"kernel":{"name":"python3","display_name":"Python 3.7","language":"python"},"originates_from":{"type":"file"},"runtime":{"environment":"jupconda37-974cfdd3-0136-4377-acf7-d1f90c46305a"}}},"attachments":[{"id":"67b4eb8f-c0b7-415c-9c4a-0cafde4e3720","version":2,"asset_type":"notebook","name":"attachment for notebook a187ed61-d6e0-45bc-9c14-717d30d0f86d","description":"attachment for notebook a187ed61-d6e0-45bc-9c14-717d30d0f86d","mime":"application/json","datasource_type":"81bafdbd-b7c6-45c5-a4fd-6ec135f66f4e","object_key":"notebook/2-CompareManualVsOptimizedNB_I_DxplpCt.ipynb","creator_id":"icp4d-dev","create_time":1606745526058,"size":14549,"is_remote":false,"is_managed":false,"is_referenced":true,"is_object_key_read_only":false,"is_user_provided_path_key":true,"transfer_complete":true,"is_partitioned":false,"complete_time_ticks":1606745526058,"user_data":{},"test_doc":0,"handle":{"key":"notebook/2-CompareManualVsOptimizedNB_I_DxplpCt.ipynb","upload_id":"done","max_part_num":1},"usage":{"access_count":0,"last_accessor_id":"icp4d-dev","last_access_time":1606745526058}}]}