{"metadata":{"asset_id":"eaef5a74-f43a-41bc-9321-a34451716bf5","asset_attributes":["notebook"],"name":"0-PrepareHistorical","asset_type":"notebook","created_at":"2020-11-30T14:12:05Z","description":"","origin_country":"us","owner_id":"1000331017","project_id":"974cfdd3-0136-4377-acf7-d1f90c46305a","size":29271,"tags":["notebook"],"usage":{"last_update_time":1606745526265,"last_updated_at":"2020-11-30T14:12:06Z"}},"entity":{"notebook":{"kernel":{"name":"python3","display_name":"Python 3.7","language":"python"},"originates_from":{"type":"file"},"runtime":{"environment":"jupconda37-974cfdd3-0136-4377-acf7-d1f90c46305a"}}},"attachments":[{"id":"62983383-0976-4f3e-8fd2-d440cdb8cffd","version":2,"asset_type":"notebook","name":"attachment for notebook eaef5a74-f43a-41bc-9321-a34451716bf5","description":"attachment for notebook eaef5a74-f43a-41bc-9321-a34451716bf5","mime":"application/json","datasource_type":"81bafdbd-b7c6-45c5-a4fd-6ec135f66f4e","object_key":"notebook/0-PrepareHistorical_01HdsTchk.ipynb","creator_id":"icp4d-dev","create_time":1606745526065,"size":29271,"is_remote":false,"is_managed":false,"is_referenced":true,"is_object_key_read_only":false,"is_user_provided_path_key":true,"transfer_complete":true,"is_partitioned":false,"complete_time_ticks":1606745526065,"user_data":{},"test_doc":0,"handle":{"key":"notebook/0-PrepareHistorical_01HdsTchk.ipynb","upload_id":"done","max_part_num":1},"usage":{"access_count":0,"last_accessor_id":"icp4d-dev","last_access_time":1606745526065}}]}