{"metadata":{"asset_id":"61b70638-d37c-4837-ae84-829af66fceb4","asset_attributes":["notebook"],"name":"1-SolveNB","asset_type":"notebook","created_at":"2020-11-30T14:12:05Z","description":"","origin_country":"us","owner_id":"1000331017","project_id":"974cfdd3-0136-4377-acf7-d1f90c46305a","size":24657,"tags":["notebook"],"usage":{"last_update_time":1606745526149,"last_updated_at":"2020-11-30T14:12:06Z"}},"entity":{"notebook":{"kernel":{"name":"python3","display_name":"Python 3.7","language":"python"},"originates_from":{"type":"file"},"runtime":{"environment":"jupconda37-974cfdd3-0136-4377-acf7-d1f90c46305a"}}},"attachments":[{"id":"84699926-1142-42eb-a3f8-d1ea4ffc2817","version":2,"asset_type":"notebook","name":"attachment for notebook 61b70638-d37c-4837-ae84-829af66fceb4","description":"attachment for notebook 61b70638-d37c-4837-ae84-829af66fceb4","mime":"application/json","datasource_type":"81bafdbd-b7c6-45c5-a4fd-6ec135f66f4e","object_key":"notebook/1-SolveNB_XUHmxSGHp.ipynb","creator_id":"icp4d-dev","create_time":1606745526011,"size":24657,"is_remote":false,"is_managed":false,"is_referenced":true,"is_object_key_read_only":false,"is_user_provided_path_key":true,"transfer_complete":true,"is_partitioned":false,"complete_time_ticks":1606745526011,"user_data":{},"test_doc":0,"handle":{"key":"notebook/1-SolveNB_XUHmxSGHp.ipynb","upload_id":"done","max_part_num":1},"usage":{"access_count":0,"last_accessor_id":"icp4d-dev","last_access_time":1606745526011}}]}