{"metadata":{"asset_id":"9b2e18e1-7403-4892-81c5-c2ba578e9848","asset_attributes":["wml_pipeline"],"name":"Machine Failure","asset_type":"wml_pipeline","created_at":"2020-11-30T14:12:05Z","description":"","origin_country":"us","owner_id":"1000331017","project_id":"974cfdd3-0136-4377-acf7-d1f90c46305a","sandbox_id":"974cfdd3-0136-4377-acf7-d1f90c46305a","size":0,"tags":[],"usage":{"last_update_time":1606745525561,"last_updated_at":"2020-11-30T14:12:05Z"}},"entity":{"wml_pipeline":{"document":{"doc_type":"pipeline","pipelines":[{"id":"autoai","nodes":[{"id":"automl","op":"kube","parameters":{"input_file_separator":",","optimization":{"compute_pipeline_notebooks_flag":true,"daub_adaptive_subsampling_max_mem_usage":9000000000,"holdout_param":0.1,"label":"mid","learning_type":"regression","max_num_daub_ensembles":2,"run_cognito_flag":true,"scorer_for_ranking":"neg_root_mean_squared_error"},"output_logs":true,"stage_flag":true},"runtime_ref":"autoai","type":"execution_node"}],"runtime_ref":"hybrid"}],"primary_pipeline":"autoai","runtimes":[{"app_data":{"wml_data":{"hardware_spec":{"base_id":"c076e82c-b2a7-4d20-9c0f-1f0c2fdf5a24","name":"M"}}},"id":"autoai","name":"auto_ai.kb"}],"version":"2.0"},"ml_version":"4.0.0"}}}