{"metadata":{"asset_id":"6c1f1fcb-9ab9-463d-b19a-6a3cc3b9e068","asset_attributes":["wml_model"],"name":"Predict Failure","asset_type":"wml_model","created_at":"2020-11-30T14:12:05Z","description":"","origin_country":"us","owner_id":"1000331017","project_id":"974cfdd3-0136-4377-acf7-d1f90c46305a","sandbox_id":"974cfdd3-0136-4377-acf7-d1f90c46305a","size":162600,"tags":[],"usage":{"last_update_time":1606745525997,"last_updated_at":"2020-11-30T14:12:05Z"}},"entity":{"wml_model":{"software_spec":{"base_id":"687eddc9-028a-4117-b9dd-e57b36f1efa5","name":"spss-modeler_18.2"},"ml_version":"4.0.2","type":"spss-modeler_18.2","schemas":{"input":[{"fields":[{"metadata":{},"name":"life","nullable":true,"type":"integer"},{"metadata":{},"name":"Day-01","nullable":true,"type":"integer"},{"metadata":{},"name":"Day-02","nullable":true,"type":"integer"},{"metadata":{},"name":"Day-03","nullable":true,"type":"integer"},{"metadata":{},"name":"Day-04","nullable":true,"type":"integer"},{"metadata":{},"name":"Day-05","nullable":true,"type":"integer"},{"metadata":{},"name":"Day-06","nullable":true,"type":"integer"},{"metadata":{},"name":"Day-07","nullable":true,"type":"integer"},{"metadata":{},"name":"Day-08","nullable":true,"type":"integer"},{"metadata":{},"name":"Day-09","nullable":true,"type":"integer"},{"metadata":{},"name":"Day-10","nullable":true,"type":"integer"},{"metadata":{},"name":"Day-11","nullable":true,"type":"integer"},{"metadata":{},"name":"Day-12","nullable":true,"type":"integer"},{"metadata":{},"name":"Day-13","nullable":true,"type":"integer"},{"metadata":{},"name":"Day-14","nullable":true,"type":"integer"},{"metadata":{},"name":"Day-15","nullable":true,"type":"integer"}],"id":"default_schema_id","type":"struct"}],"output":[{"fields":[{"metadata":{},"name":"Prediction","nullable":true,"type":"double"}],"id":"default_schema_id","type":"struct"}]}}},"attachments":[{"id":"8731ab5f-a0fa-41be-8625-5509e02ca1e6","version":2,"asset_type":"wml_model","datasource_type":"81bafdbd-b7c6-45c5-a4fd-6ec135f66f4e","object_key":"wml_model/6f261cd8-c4fb-42a7-8dc0-e0720600f026/10d043de-12ba-4f9c-9566-501baf567857","creator_id":"icp4d-dev","create_time":1606745525903,"size":162600,"is_remote":false,"is_managed":false,"is_referenced":true,"is_object_key_read_only":false,"is_user_provided_path_key":true,"transfer_complete":true,"is_partitioned":false,"complete_time_ticks":1606745525903,"user_data":{"content_format":"native"},"test_doc":0,"handle":{"key":"wml_model/6f261cd8-c4fb-42a7-8dc0-e0720600f026/10d043de-12ba-4f9c-9566-501baf567857","upload_id":"done","max_part_num":1},"usage":{"access_count":0,"last_accessor_id":"icp4d-dev","last_access_time":1606745525903}}]}