{"metadata":{"asset_id":"54c8e9bd-d51f-4b13-88ee-39f740ccf079","asset_attributes":["data_asset"],"name":"pca.txt","asset_type":"data_asset","created_at":"2021-05-12T08:47:10Z","description":"","origin_country":"us","owner_id":"1000330999","project_id":"0f093942-667d-42fb-ba32-52e1486a20cb","size":6857,"tags":[],"usage":{"last_update_time":1620809230805,"last_updated_at":"2021-05-12T08:47:10Z"}},"entity":{"data_asset":{"mime_type":"text/plain","dataset":false}},"attachments":[{"id":"17c1f502-50a1-4505-9238-95371acee221","version":2,"asset_type":"data_asset","name":"pca.txt","mime":"text/plain","datasource_type":"81bafdbd-b7c6-45c5-a4fd-6ec135f66f4e","object_key":"data_asset/pca.txt","creator_id":"icp4d-dev","create_time":1620809230729,"size":6857,"is_remote":false,"is_managed":false,"is_referenced":true,"is_object_key_read_only":false,"is_user_provided_path_key":true,"transfer_complete":true,"is_partitioned":false,"complete_time_ticks":1620809230729,"user_data":{},"test_doc":0,"handle":{"key":"data_asset/pca.txt","upload_id":"done","max_part_num":1},"usage":{"access_count":0,"last_accessor_id":"icp4d-dev","last_access_time":1620809230729}}]}