{"metadata":{"asset_id":"05725125-7b5f-47af-96f7-a8989b741c40","asset_attributes":["data_asset"],"name":"acceleratorWorkflow.png","asset_type":"data_asset","created_at":"2021-05-12T08:47:09Z","description":"","origin_country":"us","owner_id":"1000330999","project_id":"0f093942-667d-42fb-ba32-52e1486a20cb","size":64149,"tags":[],"usage":{"last_update_time":1620809230448,"last_updated_at":"2021-05-12T08:47:10Z"}},"entity":{"data_asset":{"mime_type":"image/png","dataset":false}},"attachments":[{"id":"a9b0204d-bfd8-4d70-b33a-17e6524d9b16","version":2,"asset_type":"data_asset","name":"acceleratorWorkflow.png","mime":"image/png","datasource_type":"81bafdbd-b7c6-45c5-a4fd-6ec135f66f4e","object_key":"data_asset/acceleratorWorkflow.png","creator_id":"icp4d-dev","create_time":1620809230278,"size":64149,"is_remote":false,"is_managed":false,"is_referenced":true,"is_object_key_read_only":false,"is_user_provided_path_key":true,"transfer_complete":true,"is_partitioned":false,"complete_time_ticks":1620809230278,"user_data":{},"test_doc":0,"handle":{"key":"data_asset/acceleratorWorkflow.png","upload_id":"done","max_part_num":1},"usage":{"access_count":0,"last_accessor_id":"icp4d-dev","last_access_time":1620809230278}}]}