{"metadata":{"asset_id":"5b6e732b-70ce-4ecb-b637-286ac13af50c","asset_attributes":["data_asset"],"name":"customer-segmentation-map-terms.csv","asset_type":"data_asset","created_at":"2021-05-12T08:47:10Z","description":"","origin_country":"us","owner_id":"1000330999","project_id":"0f093942-667d-42fb-ba32-52e1486a20cb","size":27541,"tags":[],"usage":{"last_update_time":1620809230819,"last_updated_at":"2021-05-12T08:47:10Z"}},"entity":{"data_asset":{"mime_type":"text/csv","dataset":false}},"attachments":[{"id":"c3712287-fd0f-490f-928e-4db95b15370a","version":2,"asset_type":"data_asset","name":"customer-segmentation-map-terms.csv","mime":"text/csv","datasource_type":"81bafdbd-b7c6-45c5-a4fd-6ec135f66f4e","object_key":"data_asset/customer-segmentation-map-terms.csv","creator_id":"icp4d-dev","create_time":1620809230729,"size":27541,"is_remote":false,"is_managed":false,"is_referenced":true,"is_object_key_read_only":false,"is_user_provided_path_key":true,"transfer_complete":true,"is_partitioned":false,"complete_time_ticks":1620809230729,"user_data":{},"test_doc":0,"handle":{"key":"data_asset/customer-segmentation-map-terms.csv","upload_id":"done","max_part_num":1},"usage":{"access_count":0,"last_accessor_id":"icp4d-dev","last_access_time":1620809230729}}]}