{"metadata":{"asset_id":"fd8fc775-c4a6-4208-b364-f6b3b8312731","asset_attributes":["data_asset"],"name":"customer_segmentation_prep.py","asset_type":"data_asset","created_at":"2021-05-12T08:47:10Z","description":"","origin_country":"us","owner_id":"1000330999","project_id":"0f093942-667d-42fb-ba32-52e1486a20cb","size":18063,"tags":[],"usage":{"last_update_time":1620809230403,"last_updated_at":"2021-05-12T08:47:10Z"}},"entity":{"data_asset":{"mime_type":"text/x-script.phyton","dataset":false}},"attachments":[{"id":"5f9f7d5c-0b77-4caf-ac4e-b7f4e49fe065","version":2,"asset_type":"data_asset","name":"customer_segmentation_prep.py","mime":"text/x-script.phyton","datasource_type":"81bafdbd-b7c6-45c5-a4fd-6ec135f66f4e","object_key":"data_asset/customer_segmentation_prep.py","creator_id":"icp4d-dev","create_time":1620809230258,"size":18063,"is_remote":false,"is_managed":false,"is_referenced":true,"is_object_key_read_only":false,"is_user_provided_path_key":true,"transfer_complete":true,"is_partitioned":false,"complete_time_ticks":1620809230258,"user_data":{},"test_doc":0,"handle":{"key":"data_asset/customer_segmentation_prep.py","upload_id":"done","max_part_num":1},"usage":{"access_count":0,"last_accessor_id":"icp4d-dev","last_access_time":1620809230258}}]}