{"metadata":{"asset_id":"4e8817a5-be38-4036-9f79-430d79793f97","asset_attributes":["data_asset"],"name":"CUSTOMER_FULL_SUMMARY_LATEST_VIEW.sql","asset_type":"data_asset","created_at":"2021-05-12T08:47:09Z","description":"","origin_country":"us","owner_id":"1000330999","project_id":"0f093942-667d-42fb-ba32-52e1486a20cb","size":27494,"tags":[],"usage":{"last_update_time":1620809230318,"last_updated_at":"2021-05-12T08:47:10Z"}},"entity":{"data_asset":{"mime_type":"application/octet-stream","dataset":false}},"attachments":[{"id":"9a0e581f-0f3d-4dd9-95cc-4e54f204814e","version":2,"asset_type":"data_asset","name":"CUSTOMER_FULL_SUMMARY_LATEST_VIEW.sql","mime":"application/octet-stream","datasource_type":"81bafdbd-b7c6-45c5-a4fd-6ec135f66f4e","object_key":"data_asset/CUSTOMER_FULL_SUMMARY_LATEST_VIEW.sql","creator_id":"icp4d-dev","create_time":1620809230178,"size":27494,"is_remote":false,"is_managed":false,"is_referenced":true,"is_object_key_read_only":false,"is_user_provided_path_key":true,"transfer_complete":true,"is_partitioned":false,"complete_time_ticks":1620809230178,"user_data":{},"test_doc":0,"handle":{"key":"data_asset/CUSTOMER_FULL_SUMMARY_LATEST_VIEW.sql","upload_id":"done","max_part_num":1},"usage":{"access_count":0,"last_accessor_id":"icp4d-dev","last_access_time":1620809230178}}]}