{"metadata":{"asset_id":"7e4bf966-03ad-4090-b257-d000174ff919","asset_attributes":["data_asset"],"name":"customer_full_summary_latest.csv","asset_type":"data_asset","created_at":"2021-05-12T08:47:09Z","description":"","origin_country":"us","owner_id":"1000330999","project_id":"0f093942-667d-42fb-ba32-52e1486a20cb","size":1607327,"tags":[],"usage":{"last_update_time":1620809230406,"last_updated_at":"2021-05-12T08:47:10Z"}},"entity":{"data_asset":{"mime_type":"text/csv","dataset":false}},"attachments":[{"id":"cad49930-3756-41c7-b89b-ae395bf0d4f1","version":2,"asset_type":"data_asset","name":"customer_full_summary_latest.csv","mime":"text/csv","datasource_type":"81bafdbd-b7c6-45c5-a4fd-6ec135f66f4e","object_key":"data_asset/customer_full_summary_latest.csv","creator_id":"icp4d-dev","create_time":1620809230258,"size":1607327,"is_remote":false,"is_managed":false,"is_referenced":true,"is_object_key_read_only":false,"is_user_provided_path_key":true,"transfer_complete":true,"is_partitioned":false,"complete_time_ticks":1620809230258,"user_data":{},"test_doc":0,"handle":{"key":"data_asset/customer_full_summary_latest.csv","upload_id":"done","max_part_num":1},"usage":{"access_count":0,"last_accessor_id":"icp4d-dev","last_access_time":1620809230258}}]}