{"metadata":{"asset_id":"3b7b3afa-6315-4ebd-a4db-37d640bb0320","asset_attributes":["data_asset"],"name":"training_data_metadata.json","asset_type":"data_asset","created_at":"2021-05-12T08:47:09Z","description":"","origin_country":"us","owner_id":"1000330999","project_id":"0f093942-667d-42fb-ba32-52e1486a20cb","size":3404,"tags":[],"usage":{"last_update_time":1620809230498,"last_updated_at":"2021-05-12T08:47:10Z"}},"entity":{"data_asset":{"mime_type":"application/json","dataset":false}},"attachments":[{"id":"a8235711-a43a-46a0-884d-af99fb479085","version":2,"asset_type":"data_asset","name":"training_data_metadata.json","mime":"application/json","datasource_type":"81bafdbd-b7c6-45c5-a4fd-6ec135f66f4e","object_key":"data_asset/training_data_metadata.json","creator_id":"icp4d-dev","create_time":1620809230219,"size":3404,"is_remote":false,"is_managed":false,"is_referenced":true,"is_object_key_read_only":false,"is_user_provided_path_key":true,"transfer_complete":true,"is_partitioned":false,"complete_time_ticks":1620809230219,"user_data":{},"test_doc":0,"handle":{"key":"data_asset/training_data_metadata.json","upload_id":"done","max_part_num":1},"usage":{"access_count":0,"last_accessor_id":"icp4d-dev","last_access_time":1620809230219}}]}