{"metadata":{"asset_id":"1979e5d5-af93-49d9-bcc2-a4300be3cd21","asset_attributes":["data_asset"],"name":"customer-segmentation-analytics-dashboard.zip","asset_type":"data_asset","created_at":"2021-05-12T08:47:09Z","description":"","origin_country":"us","owner_id":"1000330999","project_id":"0f093942-667d-42fb-ba32-52e1486a20cb","size":2828044,"tags":[],"usage":{"last_update_time":1620812571487,"last_updated_at":"2021-05-12T09:42:51Z"}},"entity":{"data_asset":{"mime_type":"application/zip","dataset":false}},"attachments":[{"id":"4d6f0e34-3426-439e-9862-50dcab9bf563","version":2,"asset_type":"data_asset","name":"customer-segmentation-analytics-dashboard.zip","mime":"application/zip","datasource_type":"81bafdbd-b7c6-45c5-a4fd-6ec135f66f4e","object_key":"data_asset/customer-segmentation-analytics-dashboard.zip","creator_id":"icp4d-dev","create_time":1620809230200,"size":2828044,"is_remote":false,"is_managed":false,"is_referenced":true,"is_object_key_read_only":false,"is_user_provided_path_key":true,"transfer_complete":true,"is_partitioned":false,"complete_time_ticks":1620809230200,"user_data":{},"test_doc":0,"handle":{"key":"data_asset/customer-segmentation-analytics-dashboard.zip","upload_id":"done","max_part_num":1},"usage":{"access_count":1,"last_accessor_id":"1000330999","last_access_time":1620812571486,"last_updater_id":"1000330999","last_update_time":1620812571486}}]}