{"metadata":{"asset_id":"bed7e8e6-9bef-42a1-bc0b-8d8a15f10266","asset_attributes":["data_asset"],"name":"account.csv","asset_type":"data_asset","created_at":"2021-05-12T08:47:09Z","description":"","origin_country":"us","owner_id":"1000330999","project_id":"0f093942-667d-42fb-ba32-52e1486a20cb","size":610691,"tags":[],"usage":{"last_update_time":1620809230318,"last_updated_at":"2021-05-12T08:47:10Z"}},"entity":{"data_asset":{"mime_type":"text/csv","dataset":false}},"attachments":[{"id":"28e20e04-f29f-426b-bd09-615be3509423","version":2,"asset_type":"data_asset","name":"account.csv","mime":"text/csv","datasource_type":"81bafdbd-b7c6-45c5-a4fd-6ec135f66f4e","object_key":"data_asset/account.csv","creator_id":"icp4d-dev","create_time":1620809230199,"size":610691,"is_remote":false,"is_managed":false,"is_referenced":true,"is_object_key_read_only":false,"is_user_provided_path_key":true,"transfer_complete":true,"is_partitioned":false,"complete_time_ticks":1620809230199,"user_data":{},"test_doc":0,"handle":{"key":"data_asset/account.csv","upload_id":"done","max_part_num":1},"usage":{"access_count":0,"last_accessor_id":"icp4d-dev","last_access_time":1620809230199}}]}