{"metadata":{"asset_id":"b1b5076b-5c45-4f32-8068-313d7e6954c5","asset_attributes":["data_asset"],"name":"cluster_df.csv","asset_type":"data_asset","created_at":"2021-05-12T08:47:09Z","description":"","origin_country":"us","owner_id":"1000330999","project_id":"0f093942-667d-42fb-ba32-52e1486a20cb","size":117057,"tags":[],"usage":{"last_update_time":1620809230305,"last_updated_at":"2021-05-12T08:47:10Z"}},"entity":{"data_asset":{"mime_type":"text/csv","dataset":false}},"attachments":[{"id":"35beb55b-1e7c-425f-bc0d-0db11dddf0b2","version":2,"asset_type":"data_asset","name":"cluster_df.csv","mime":"text/csv","datasource_type":"81bafdbd-b7c6-45c5-a4fd-6ec135f66f4e","object_key":"data_asset/cluster_df.csv","creator_id":"icp4d-dev","create_time":1620809230195,"size":117057,"is_remote":false,"is_managed":false,"is_referenced":true,"is_object_key_read_only":false,"is_user_provided_path_key":true,"transfer_complete":true,"is_partitioned":false,"complete_time_ticks":1620809230195,"user_data":{},"test_doc":0,"handle":{"key":"data_asset/cluster_df.csv","upload_id":"done","max_part_num":1},"usage":{"access_count":0,"last_accessor_id":"icp4d-dev","last_access_time":1620809230195}}]}