{"metadata":{"asset_id":"7141ecb5-4740-4763-88a7-ebb4568af286","asset_attributes":["data_asset"],"name":"customer_summary.csv","asset_type":"data_asset","created_at":"2021-05-12T08:47:09Z","description":"","origin_country":"us","owner_id":"1000330999","project_id":"0f093942-667d-42fb-ba32-52e1486a20cb","size":8657380,"tags":[],"usage":{"last_update_time":1620809230322,"last_updated_at":"2021-05-12T08:47:10Z"}},"entity":{"data_asset":{"mime_type":"text/csv","dataset":false}},"attachments":[{"id":"79ec35c9-a09c-4b4a-b43f-0518bfe699ec","version":2,"asset_type":"data_asset","name":"customer_summary.csv","mime":"text/csv","datasource_type":"81bafdbd-b7c6-45c5-a4fd-6ec135f66f4e","object_key":"data_asset/customer_summary.csv","creator_id":"icp4d-dev","create_time":1620809230183,"size":8657380,"is_remote":false,"is_managed":false,"is_referenced":true,"is_object_key_read_only":false,"is_user_provided_path_key":true,"transfer_complete":true,"is_partitioned":false,"complete_time_ticks":1620809230183,"user_data":{},"test_doc":0,"handle":{"key":"data_asset/customer_summary.csv","upload_id":"done","max_part_num":1},"usage":{"access_count":0,"last_accessor_id":"icp4d-dev","last_access_time":1620809230183}}]}