{"metadata":{"asset_id":"255ff172-c0bf-47fe-939e-48f6660668dc","asset_attributes":["job"],"name":"2-Model_Scoring_Notebook_Job","asset_type":"job","created_at":"2021-05-12T08:47:12Z","description":"","origin_country":"us","owner_id":"1000330999","project_id":"0f093942-667d-42fb-ba32-52e1486a20cb","size":0,"tags":[],"usage":{"last_update_time":1620809232798,"last_updated_at":"2021-05-12T08:47:12Z"}},"entity":{"job":{"asset_ref_type":"notebook","configuration":{"env_id":"jupconda37-0f093942-667d-42fb-ba32-52e1486a20cb","env_type":"notebook","env_variables":[]},"last_run_initiator":"None","last_run_time":"","last_run_status":"None","last_run_status_timestamp":0,"project_name":"CustomerSegmentation","asset_ref":"96774f5a-df0b-45fa-b9a8-3f7f2a756666"}}}