{"metadata":{"asset_id":"a835a66c-1a42-4fd6-9b7c-5c11ac236084","asset_attributes":["job"],"name":"1-Model_Training_Notebook_Job","asset_type":"job","created_at":"2021-05-12T08:47:12Z","description":"","origin_country":"us","owner_id":"1000330999","project_id":"0f093942-667d-42fb-ba32-52e1486a20cb","size":0,"tags":[],"usage":{"last_update_time":1620809232798,"last_updated_at":"2021-05-12T08:47:12Z"}},"entity":{"job":{"asset_ref_type":"notebook","configuration":{"env_id":"jupconda37-0f093942-667d-42fb-ba32-52e1486a20cb","env_type":"notebook","env_variables":[]},"last_run_initiator":"None","last_run_time":"","last_run_status":"None","last_run_status_timestamp":0,"project_name":"CustomerSegmentation","asset_ref":"0e810ba1-fbc1-40e8-be1b-eecf13aca54b"}}}