{"metadata":{"asset_id":"96774f5a-df0b-45fa-b9a8-3f7f2a756666","asset_attributes":["notebook"],"name":"2-model_scoring_and_app_deployment","asset_type":"notebook","created_at":"2021-05-12T08:47:11Z","description":"","origin_country":"us","owner_id":"icp4d-dev","project_id":"0f093942-667d-42fb-ba32-52e1486a20cb","size":29474,"tags":["notebook"],"usage":{"last_update_time":1620809231226,"last_updated_at":"2021-05-12T08:47:11Z"}},"entity":{"notebook":{"kernel":{"name":"python3","display_name":"Python 3.7","language":"python"},"originates_from":{"type":"file"},"runtime":{"environment":"jupconda37-0f093942-667d-42fb-ba32-52e1486a20cb"}}},"attachments":[{"id":"46cdb8cc-fa8f-4514-b1be-e997c6715df7","version":2,"asset_type":"notebook","name":"attachment for notebook 96774f5a-df0b-45fa-b9a8-3f7f2a756666","description":"attachment for notebook 96774f5a-df0b-45fa-b9a8-3f7f2a756666","mime":"application/json","datasource_type":"81bafdbd-b7c6-45c5-a4fd-6ec135f66f4e","object_key":"notebook/2-model_scoring_and_app_deployment_Us_nbTkXK.ipynb","creator_id":"1000330999","create_time":1620809231225,"size":29474,"is_remote":false,"is_managed":false,"is_referenced":true,"is_object_key_read_only":false,"is_user_provided_path_key":true,"transfer_complete":true,"is_partitioned":false,"complete_time_ticks":1620809231225,"user_data":{},"test_doc":0,"handle":{"key":"notebook/2-model_scoring_and_app_deployment_Us_nbTkXK.ipynb","upload_id":"done","max_part_num":1},"usage":{"access_count":0,"last_accessor_id":"1000330999","last_access_time":1620809231225}}]}