{"metadata":{"asset_id":"0d0ea22a-cb4d-4628-8982-1250f9b1c98a","asset_attributes":["notebook"],"name":"0-Map_Business_Terms_to_data_headers","asset_type":"notebook","created_at":"2021-05-12T08:47:11Z","description":"","origin_country":"us","owner_id":"icp4d-dev","project_id":"0f093942-667d-42fb-ba32-52e1486a20cb","size":46826,"tags":["notebook"],"usage":{"last_update_time":1620809231240,"last_updated_at":"2021-05-12T08:47:11Z"}},"entity":{"notebook":{"kernel":{"name":"python3","display_name":"Python 3.7","language":"python"},"originates_from":{"type":"file"},"runtime":{"environment":"jupconda37-0f093942-667d-42fb-ba32-52e1486a20cb"}}},"attachments":[{"id":"ff50e074-384c-4fe4-9821-d688251f83d3","version":2,"asset_type":"notebook","name":"attachment for notebook 0d0ea22a-cb4d-4628-8982-1250f9b1c98a","description":"attachment for notebook 0d0ea22a-cb4d-4628-8982-1250f9b1c98a","mime":"application/json","datasource_type":"81bafdbd-b7c6-45c5-a4fd-6ec135f66f4e","object_key":"notebook/0-Map_Business_Terms_to_data_headers__P5K2MaVj.ipynb","creator_id":"1000330999","create_time":1620809231239,"size":46826,"is_remote":false,"is_managed":false,"is_referenced":true,"is_object_key_read_only":false,"is_user_provided_path_key":true,"transfer_complete":true,"is_partitioned":false,"complete_time_ticks":1620809231239,"user_data":{},"test_doc":0,"handle":{"key":"notebook/0-Map_Business_Terms_to_data_headers__P5K2MaVj.ipynb","upload_id":"done","max_part_num":1},"usage":{"access_count":0,"last_accessor_id":"1000330999","last_access_time":1620809231239}}]}