{"metadata":{"asset_id":"0e810ba1-fbc1-40e8-be1b-eecf13aca54b","asset_attributes":["notebook"],"name":"1-model_training","asset_type":"notebook","created_at":"2021-05-12T08:47:11Z","description":"","origin_country":"us","owner_id":"icp4d-dev","project_id":"0f093942-667d-42fb-ba32-52e1486a20cb","size":692145,"tags":["notebook"],"usage":{"last_update_time":1620809231230,"last_updated_at":"2021-05-12T08:47:11Z"}},"entity":{"notebook":{"kernel":{"name":"python3","display_name":"Python 3.7","language":"python"},"originates_from":{"type":"file"},"runtime":{"environment":"jupconda37-0f093942-667d-42fb-ba32-52e1486a20cb"}}},"attachments":[{"id":"be663e1b-1b5e-483d-b61a-6a107a046abf","version":2,"asset_type":"notebook","name":"attachment for notebook 0e810ba1-fbc1-40e8-be1b-eecf13aca54b","description":"attachment for notebook 0e810ba1-fbc1-40e8-be1b-eecf13aca54b","mime":"application/json","datasource_type":"81bafdbd-b7c6-45c5-a4fd-6ec135f66f4e","object_key":"notebook/1-model_training_gI475CnjD.ipynb","creator_id":"1000330999","create_time":1620809231229,"size":692145,"is_remote":false,"is_managed":false,"is_referenced":true,"is_object_key_read_only":false,"is_user_provided_path_key":true,"transfer_complete":true,"is_partitioned":false,"complete_time_ticks":1620809231229,"user_data":{},"test_doc":0,"handle":{"key":"notebook/1-model_training_gI475CnjD.ipynb","upload_id":"done","max_part_num":1},"usage":{"access_count":0,"last_accessor_id":"1000330999","last_access_time":1620809231229}}]}