{"metadata":{"asset_id":"4f948787-b86a-42ce-9752-5c62a2f78af8","asset_attributes":["notebook"],"name":"README","asset_type":"notebook","created_at":"2021-05-12T08:47:11Z","description":"","origin_country":"us","owner_id":"icp4d-dev","project_id":"0f093942-667d-42fb-ba32-52e1486a20cb","size":93472,"tags":["notebook"],"usage":{"last_update_time":1620809231227,"last_updated_at":"2021-05-12T08:47:11Z"}},"entity":{"notebook":{"kernel":{"name":"python3","display_name":"Python 3.7","language":"python"},"originates_from":{"type":"file"},"runtime":{"environment":"jupconda37-0f093942-667d-42fb-ba32-52e1486a20cb"}}},"attachments":[{"id":"f0f1720a-99ef-4c88-b4d8-fccaa00a35bd","version":2,"asset_type":"notebook","name":"attachment for notebook 4f948787-b86a-42ce-9752-5c62a2f78af8","description":"attachment for notebook 4f948787-b86a-42ce-9752-5c62a2f78af8","mime":"application/json","datasource_type":"81bafdbd-b7c6-45c5-a4fd-6ec135f66f4e","object_key":"notebook/README_J1gkNhmtJ.ipynb","creator_id":"1000330999","create_time":1620809231226,"size":93472,"is_remote":false,"is_managed":false,"is_referenced":true,"is_object_key_read_only":false,"is_user_provided_path_key":true,"transfer_complete":true,"is_partitioned":false,"complete_time_ticks":1620809231226,"user_data":{},"test_doc":0,"handle":{"key":"notebook/README_J1gkNhmtJ.ipynb","upload_id":"done","max_part_num":1},"usage":{"access_count":0,"last_accessor_id":"1000330999","last_access_time":1620809231226}}]}