{"metadata":{"asset_id":"71f795c8-83fd-4c10-a15e-65f87ec33ed5","asset_attributes":["shiny_asset"],"name":"customer-segmentation-analytics-dashboard","asset_type":"shiny_asset","created_at":"2021-05-12T08:47:11Z","description":"Shiny asset created in RStudio and pulled via git","origin_country":"us","owner_id":"1000330999","project_id":"0f093942-667d-42fb-ba32-52e1486a20cb","size":3094139,"tags":[],"usage":{"last_update_time":1620809231235,"last_updated_at":"2021-05-12T08:47:11Z"}},"entity":{},"attachments":[{"id":"d9f0ad08-7b78-49c3-9eb4-dd453e6ec50d","version":2,"asset_type":"shiny_asset","name":"customer-segmentation-analytics-dashboard","datasource_type":"81bafdbd-b7c6-45c5-a4fd-6ec135f66f4e","object_key":"shiny_app/customer-segmentation-analytics-dashboard.zip","creator_id":"icp4d-dev","create_time":1620809231148,"size":3094139,"is_remote":false,"is_managed":false,"is_referenced":true,"is_object_key_read_only":false,"is_user_provided_path_key":true,"transfer_complete":true,"is_partitioned":false,"complete_time_ticks":1620809231148,"user_data":{},"test_doc":0,"handle":{"key":"shiny_app/customer-segmentation-analytics-dashboard.zip","upload_id":"done","max_part_num":1},"usage":{"access_count":0,"last_accessor_id":"icp4d-dev","last_access_time":1620809231148}}]}