[{"relationship_ends":[{"catalog_id":"c7f76146-e40e-4752-80e5-88f6a2f8e6c9","project_id":"e7ac0878-859c-4ba8-9ef0-324cccaf2c26","asset_id":"443d59a3-e4f9-496b-b0d2-33e4bbdf89d4","relationship_name":"uses","relationship_display_name":"Uses","asset_type":"job","href":"https://api.dataplatform.cloud.ibm.com/v2/assets/443d59a3-e4f9-496b-b0d2-33e4bbdf89d4?project_id=e7ac0878-859c-4ba8-9ef0-324cccaf2c26","created":1756401813707,"updated":1756401813707,"creator_id":"IBMid-2700014MQM","updater_id":"IBMid-2700014MQM","localized_display_name":{"default":"Uses","en":"Uses","de":"Verwendet","es":"Usos","fr":"Utilisations","it":"Utilizza","ja":"使用","ko":"사용","pt":"Usa","ru":"Использует","sv":"Använder","zh":"使用","zh-TW":"使用","pl":"Używa","eo":"$dad2c6ab#Uses]}"}},{"catalog_id":"c7f76146-e40e-4752-80e5-88f6a2f8e6c9","project_id":"e7ac0878-859c-4ba8-9ef0-324cccaf2c26","asset_id":"898d5e13-e074-4b06-9c5f-9a9c2a9476eb","relationship_name":"is_used_by","relationship_display_name":"Is used by","asset_type":"metadata_import","href":"https://api.dataplatform.cloud.ibm.com/v2/assets/898d5e13-e074-4b06-9c5f-9a9c2a9476eb?project_id=e7ac0878-859c-4ba8-9ef0-324cccaf2c26","created":1756401813707,"updated":1756401813707,"creator_id":"IBMid-2700014MQM","updater_id":"IBMid-2700014MQM","localized_display_name":{"default":"Is used by","en":"Is used by","de":"Wird verwendet von","es":"Es utilizado por","fr":"Est utilisé par","it":"Viene utilizzato da","ja":"使用される","ko":"은(는) 다음에 의해 사용됨","pt":"É usado por","ru":"Используется","sv":"Används av","zh":"被使用","zh-TW":"由下列項目使用","pl":"Jest używane przez","eo":"$9392c9de#Is used by]}"}}]},{"relationship_ends":[{"catalog_id":"c7f76146-e40e-4752-80e5-88f6a2f8e6c9","project_id":"e7ac0878-859c-4ba8-9ef0-324cccaf2c26","asset_id":"01073d9e-0423-4d90-9828-b5b42c362c07","relationship_name":"wxbi-mdi","relationship_display_name":"Metadata import","asset_type":"wxbi_semantic_model","href":"https://api.dataplatform.cloud.ibm.com/v2/assets/01073d9e-0423-4d90-9828-b5b42c362c07?project_id=e7ac0878-859c-4ba8-9ef0-324cccaf2c26","created":1756401814290,"updated":1756401814290,"creator_id":"IBMid-2700014MQM","updater_id":"IBMid-2700014MQM"},{"catalog_id":"c7f76146-e40e-4752-80e5-88f6a2f8e6c9","project_id":"e7ac0878-859c-4ba8-9ef0-324cccaf2c26","asset_id":"898d5e13-e074-4b06-9c5f-9a9c2a9476eb","relationship_name":"wxbi-mdi-parent","relationship_display_name":"Parent asset","asset_type":"metadata_import","href":"https://api.dataplatform.cloud.ibm.com/v2/assets/898d5e13-e074-4b06-9c5f-9a9c2a9476eb?project_id=e7ac0878-859c-4ba8-9ef0-324cccaf2c26","created":1756401814290,"updated":1756401814290,"creator_id":"IBMid-2700014MQM","updater_id":"IBMid-2700014MQM"}]},{"relationship_ends":[{"catalog_id":"c7f76146-e40e-4752-80e5-88f6a2f8e6c9","project_id":"e7ac0878-859c-4ba8-9ef0-324cccaf2c26","asset_id":"a7f1c20c-58c1-45d6-9e42-b7fff8e742f7","relationship_name":"uses","relationship_display_name":"Uses","asset_type":"job","href":"https://api.dataplatform.cloud.ibm.com/v2/assets/a7f1c20c-58c1-45d6-9e42-b7fff8e742f7?project_id=e7ac0878-859c-4ba8-9ef0-324cccaf2c26","created":1756401840570,"updated":1756401840570,"creator_id":"IBMid-2700014MQM","updater_id":"IBMid-2700014MQM","localized_display_name":{"default":"Uses","en":"Uses","de":"Verwendet","es":"Usos","fr":"Utilisations","it":"Utilizza","ja":"使用","ko":"사용","pt":"Usa","ru":"Использует","sv":"Använder","zh":"使用","zh-TW":"使用","pl":"Używa","eo":"$dad2c6ab#Uses]}"}},{"catalog_id":"c7f76146-e40e-4752-80e5-88f6a2f8e6c9","project_id":"e7ac0878-859c-4ba8-9ef0-324cccaf2c26","asset_id":"f32990d3-a445-4159-b275-9316b09e99b1","relationship_name":"is_used_by","relationship_display_name":"Is used by","asset_type":"metadata_enrichment_area","href":"https://api.dataplatform.cloud.ibm.com/v2/assets/f32990d3-a445-4159-b275-9316b09e99b1?project_id=e7ac0878-859c-4ba8-9ef0-324cccaf2c26","created":1756401840570,"updated":1756401840570,"creator_id":"IBMid-2700014MQM","updater_id":"IBMid-2700014MQM","localized_display_name":{"default":"Is used by","en":"Is used by","de":"Wird verwendet von","es":"Es utilizado por","fr":"Est utilisé par","it":"Viene utilizzato da","ja":"使用される","ko":"은(는) 다음에 의해 사용됨","pt":"É usado por","ru":"Используется","sv":"Används av","zh":"被使用","zh-TW":"由下列項目使用","pl":"Jest używane przez","eo":"$9392c9de#Is used by]}"}}]},{"relationship_ends":[{"catalog_id":"c7f76146-e40e-4752-80e5-88f6a2f8e6c9","project_id":"e7ac0878-859c-4ba8-9ef0-324cccaf2c26","asset_id":"01073d9e-0423-4d90-9828-b5b42c362c07","relationship_name":"wxbi-mea","relationship_display_name":"Metadata enrichment area","asset_type":"wxbi_semantic_model","href":"https://api.dataplatform.cloud.ibm.com/v2/assets/01073d9e-0423-4d90-9828-b5b42c362c07?project_id=e7ac0878-859c-4ba8-9ef0-324cccaf2c26","created":1756401841408,"updated":1756401841408,"creator_id":"IBMid-2700014MQM","updater_id":"IBMid-2700014MQM"},{"catalog_id":"c7f76146-e40e-4752-80e5-88f6a2f8e6c9","project_id":"e7ac0878-859c-4ba8-9ef0-324cccaf2c26","asset_id":"f32990d3-a445-4159-b275-9316b09e99b1","relationship_name":"wxbi-mea-parent","relationship_display_name":"Parent asset","asset_type":"metadata_enrichment_area","href":"https://api.dataplatform.cloud.ibm.com/v2/assets/f32990d3-a445-4159-b275-9316b09e99b1?project_id=e7ac0878-859c-4ba8-9ef0-324cccaf2c26","created":1756401841408,"updated":1756401841408,"creator_id":"IBMid-2700014MQM","updater_id":"IBMid-2700014MQM"}]},{"relationship_ends":[{"catalog_id":"c7f76146-e40e-4752-80e5-88f6a2f8e6c9","project_id":"e7ac0878-859c-4ba8-9ef0-324cccaf2c26","asset_id":"1be81c0c-4033-4c93-8b67-1682485b46d6","relationship_name":"wxbi-uses","relationship_display_name":"Uses","asset_type":"data_asset","href":"https://api.dataplatform.cloud.ibm.com/v2/data_assets/1be81c0c-4033-4c93-8b67-1682485b46d6?project_id=e7ac0878-859c-4ba8-9ef0-324cccaf2c26","created":1756402406451,"updated":1756402406451,"creator_id":"IBMid-2700014MQM","updater_id":"IBMid-2700014MQM"},{"catalog_id":"c7f76146-e40e-4752-80e5-88f6a2f8e6c9","project_id":"e7ac0878-859c-4ba8-9ef0-324cccaf2c26","asset_id":"4762e33f-0f31-4c74-8a18-1567b97608a4","relationship_name":"wxbi-isUsedBy","relationship_display_name":"Is used by","asset_type":"connection","href":"https://api.dataplatform.cloud.ibm.com/v2/assets/4762e33f-0f31-4c74-8a18-1567b97608a4?project_id=e7ac0878-859c-4ba8-9ef0-324cccaf2c26","created":1756402406451,"updated":1756402406451,"creator_id":"IBMid-2700014MQM","updater_id":"IBMid-2700014MQM"}]},{"relationship_ends":[{"catalog_id":"c7f76146-e40e-4752-80e5-88f6a2f8e6c9","project_id":"e7ac0878-859c-4ba8-9ef0-324cccaf2c26","asset_id":"01073d9e-0423-4d90-9828-b5b42c362c07","relationship_name":"wxbi-exported-metric-definition","relationship_display_name":"Exported metric definition","asset_type":"wxbi_semantic_model","href":"https://api.dataplatform.cloud.ibm.com/v2/assets/01073d9e-0423-4d90-9828-b5b42c362c07?project_id=e7ac0878-859c-4ba8-9ef0-324cccaf2c26","created":1756402407183,"updated":1756402407183,"creator_id":"IBMid-2700014MQM","updater_id":"IBMid-2700014MQM"},{"catalog_id":"c7f76146-e40e-4752-80e5-88f6a2f8e6c9","project_id":"e7ac0878-859c-4ba8-9ef0-324cccaf2c26","asset_id":"1be81c0c-4033-4c93-8b67-1682485b46d6","relationship_name":"wxbi-source-semantic-model","relationship_display_name":"Source semantic model","asset_type":"data_asset","href":"https://api.dataplatform.cloud.ibm.com/v2/data_assets/1be81c0c-4033-4c93-8b67-1682485b46d6?project_id=e7ac0878-859c-4ba8-9ef0-324cccaf2c26","created":1756402407183,"updated":1756402407183,"creator_id":"IBMid-2700014MQM","updater_id":"IBMid-2700014MQM"}]},{"relationship_ends":[{"catalog_id":"c7f76146-e40e-4752-80e5-88f6a2f8e6c9","project_id":"e7ac0878-859c-4ba8-9ef0-324cccaf2c26","asset_id":"3edcbce2-38e4-4684-ab30-1533adda1696","relationship_name":"uses","relationship_display_name":"Uses","asset_type":"job","href":"https://api.dataplatform.cloud.ibm.com/v2/assets/3edcbce2-38e4-4684-ab30-1533adda1696?project_id=e7ac0878-859c-4ba8-9ef0-324cccaf2c26","created":1756402408277,"updated":1756402408277,"creator_id":"IBMid-2700014MQM","updater_id":"IBMid-2700014MQM","localized_display_name":{"default":"Uses","en":"Uses","de":"Verwendet","es":"Usos","fr":"Utilisations","it":"Utilizza","ja":"使用","ko":"사용","pt":"Usa","ru":"Использует","sv":"Använder","zh":"使用","zh-TW":"使用","pl":"Używa","eo":"$dad2c6ab#Uses]}"}},{"catalog_id":"c7f76146-e40e-4752-80e5-88f6a2f8e6c9","project_id":"e7ac0878-859c-4ba8-9ef0-324cccaf2c26","asset_id":"239d23e6-5267-4e6c-b3f1-e3a03a611286","relationship_name":"is_used_by","relationship_display_name":"Is used by","asset_type":"metadata_enrichment_area","href":"https://api.dataplatform.cloud.ibm.com/v2/assets/239d23e6-5267-4e6c-b3f1-e3a03a611286?project_id=e7ac0878-859c-4ba8-9ef0-324cccaf2c26","created":1756402408277,"updated":1756402408277,"creator_id":"IBMid-2700014MQM","updater_id":"IBMid-2700014MQM","localized_display_name":{"default":"Is used by","en":"Is used by","de":"Wird verwendet von","es":"Es utilizado por","fr":"Est utilisé par","it":"Viene utilizzato da","ja":"使用される","ko":"은(는) 다음에 의해 사용됨","pt":"É usado por","ru":"Используется","sv":"Används av","zh":"被使用","zh-TW":"由下列項目使用","pl":"Jest używane przez","eo":"$9392c9de#Is used by]}"}}]},{"relationship_ends":[{"catalog_id":"c7f76146-e40e-4752-80e5-88f6a2f8e6c9","project_id":"e7ac0878-859c-4ba8-9ef0-324cccaf2c26","asset_id":"1be81c0c-4033-4c93-8b67-1682485b46d6","relationship_name":"wxbi-mea","relationship_display_name":"Metadata enrichment area","asset_type":"data_asset","href":"https://api.dataplatform.cloud.ibm.com/v2/data_assets/1be81c0c-4033-4c93-8b67-1682485b46d6?project_id=e7ac0878-859c-4ba8-9ef0-324cccaf2c26","created":1756402408888,"updated":1756402408888,"creator_id":"IBMid-2700014MQM","updater_id":"IBMid-2700014MQM"},{"catalog_id":"c7f76146-e40e-4752-80e5-88f6a2f8e6c9","project_id":"e7ac0878-859c-4ba8-9ef0-324cccaf2c26","asset_id":"239d23e6-5267-4e6c-b3f1-e3a03a611286","relationship_name":"wxbi-mea-parent","relationship_display_name":"Parent asset","asset_type":"metadata_enrichment_area","href":"https://api.dataplatform.cloud.ibm.com/v2/assets/239d23e6-5267-4e6c-b3f1-e3a03a611286?project_id=e7ac0878-859c-4ba8-9ef0-324cccaf2c26","created":1756402408888,"updated":1756402408888,"creator_id":"IBMid-2700014MQM","updater_id":"IBMid-2700014MQM"}]},{"relationship_ends":[{"catalog_id":"c7f76146-e40e-4752-80e5-88f6a2f8e6c9","project_id":"e7ac0878-859c-4ba8-9ef0-324cccaf2c26","asset_id":"11b0885b-fd69-42ca-8015-0a2bb5d9420f","relationship_name":"wxbi-uses-cascade-delete","relationship_display_name":"Uses","asset_type":"wxbi_card","href":"https://api.dataplatform.cloud.ibm.com/v2/assets/11b0885b-fd69-42ca-8015-0a2bb5d9420f?project_id=e7ac0878-859c-4ba8-9ef0-324cccaf2c26","created":1756402887318,"updated":1756402887318,"creator_id":"IBMid-2700014MQM","updater_id":"IBMid-2700014MQM"},{"catalog_id":"c7f76146-e40e-4752-80e5-88f6a2f8e6c9","project_id":"e7ac0878-859c-4ba8-9ef0-324cccaf2c26","asset_id":"1be81c0c-4033-4c93-8b67-1682485b46d6","relationship_name":"wxbi-IsUsedBy-cascade-delete","relationship_display_name":"Is used by","asset_type":"data_asset","href":"https://api.dataplatform.cloud.ibm.com/v2/data_assets/1be81c0c-4033-4c93-8b67-1682485b46d6?project_id=e7ac0878-859c-4ba8-9ef0-324cccaf2c26","created":1756402887318,"updated":1756402887318,"creator_id":"IBMid-2700014MQM","updater_id":"IBMid-2700014MQM"}]},{"relationship_ends":[{"catalog_id":"c7f76146-e40e-4752-80e5-88f6a2f8e6c9","project_id":"e7ac0878-859c-4ba8-9ef0-324cccaf2c26","asset_id":"b0fbd1b4-095b-454c-8588-32940474e222","relationship_name":"wxbi-uses-cascade-delete","relationship_display_name":"Uses","asset_type":"wxbi_card","href":"https://api.dataplatform.cloud.ibm.com/v2/assets/b0fbd1b4-095b-454c-8588-32940474e222?project_id=e7ac0878-859c-4ba8-9ef0-324cccaf2c26","created":1756402946906,"updated":1756402946906,"creator_id":"IBMid-2700014MQM","updater_id":"IBMid-2700014MQM"},{"catalog_id":"c7f76146-e40e-4752-80e5-88f6a2f8e6c9","project_id":"e7ac0878-859c-4ba8-9ef0-324cccaf2c26","asset_id":"1be81c0c-4033-4c93-8b67-1682485b46d6","relationship_name":"wxbi-IsUsedBy-cascade-delete","relationship_display_name":"Is used by","asset_type":"data_asset","href":"https://api.dataplatform.cloud.ibm.com/v2/data_assets/1be81c0c-4033-4c93-8b67-1682485b46d6?project_id=e7ac0878-859c-4ba8-9ef0-324cccaf2c26","created":1756402946906,"updated":1756402946906,"creator_id":"IBMid-2700014MQM","updater_id":"IBMid-2700014MQM"}]},{"relationship_ends":[{"catalog_id":"c7f76146-e40e-4752-80e5-88f6a2f8e6c9","project_id":"e7ac0878-859c-4ba8-9ef0-324cccaf2c26","asset_id":"bff974aa-5e02-45f2-bdcc-4cb6ba693440","relationship_name":"wxbi-uses-cascade-delete","relationship_display_name":"Uses","asset_type":"wxbi_card","href":"https://api.dataplatform.cloud.ibm.com/v2/assets/bff974aa-5e02-45f2-bdcc-4cb6ba693440?project_id=e7ac0878-859c-4ba8-9ef0-324cccaf2c26","created":1756403019745,"updated":1756403019745,"creator_id":"IBMid-2700014MQM","updater_id":"IBMid-2700014MQM"},{"catalog_id":"c7f76146-e40e-4752-80e5-88f6a2f8e6c9","project_id":"e7ac0878-859c-4ba8-9ef0-324cccaf2c26","asset_id":"1be81c0c-4033-4c93-8b67-1682485b46d6","relationship_name":"wxbi-IsUsedBy-cascade-delete","relationship_display_name":"Is used by","asset_type":"data_asset","href":"https://api.dataplatform.cloud.ibm.com/v2/data_assets/1be81c0c-4033-4c93-8b67-1682485b46d6?project_id=e7ac0878-859c-4ba8-9ef0-324cccaf2c26","created":1756403019745,"updated":1756403019745,"creator_id":"IBMid-2700014MQM","updater_id":"IBMid-2700014MQM"}]},{"relationship_ends":[{"catalog_id":"c7f76146-e40e-4752-80e5-88f6a2f8e6c9","project_id":"e7ac0878-859c-4ba8-9ef0-324cccaf2c26","asset_id":"bf7db26d-b95f-4b71-adf2-fdb1990ba9bb","relationship_name":"wxbi-uses","relationship_display_name":"Uses","asset_type":"data_asset","href":"https://api.dataplatform.cloud.ibm.com/v2/data_assets/bf7db26d-b95f-4b71-adf2-fdb1990ba9bb?project_id=e7ac0878-859c-4ba8-9ef0-324cccaf2c26","created":1756487886236,"updated":1756487886236,"creator_id":"IBMid-2700014MQM","updater_id":"IBMid-2700014MQM"},{"catalog_id":"c7f76146-e40e-4752-80e5-88f6a2f8e6c9","project_id":"e7ac0878-859c-4ba8-9ef0-324cccaf2c26","asset_id":"4762e33f-0f31-4c74-8a18-1567b97608a4","relationship_name":"wxbi-isUsedBy","relationship_display_name":"Is used by","asset_type":"connection","href":"https://api.dataplatform.cloud.ibm.com/v2/assets/4762e33f-0f31-4c74-8a18-1567b97608a4?project_id=e7ac0878-859c-4ba8-9ef0-324cccaf2c26","created":1756487886236,"updated":1756487886236,"creator_id":"IBMid-2700014MQM","updater_id":"IBMid-2700014MQM"}]},{"relationship_ends":[{"catalog_id":"c7f76146-e40e-4752-80e5-88f6a2f8e6c9","project_id":"e7ac0878-859c-4ba8-9ef0-324cccaf2c26","asset_id":"01073d9e-0423-4d90-9828-b5b42c362c07","relationship_name":"wxbi-exported-metric-definition","relationship_display_name":"Exported metric definition","asset_type":"wxbi_semantic_model","href":"https://api.dataplatform.cloud.ibm.com/v2/assets/01073d9e-0423-4d90-9828-b5b42c362c07?project_id=e7ac0878-859c-4ba8-9ef0-324cccaf2c26","created":1756487887213,"updated":1756487887213,"creator_id":"IBMid-2700014MQM","updater_id":"IBMid-2700014MQM"},{"catalog_id":"c7f76146-e40e-4752-80e5-88f6a2f8e6c9","project_id":"e7ac0878-859c-4ba8-9ef0-324cccaf2c26","asset_id":"bf7db26d-b95f-4b71-adf2-fdb1990ba9bb","relationship_name":"wxbi-source-semantic-model","relationship_display_name":"Source semantic model","asset_type":"data_asset","href":"https://api.dataplatform.cloud.ibm.com/v2/data_assets/bf7db26d-b95f-4b71-adf2-fdb1990ba9bb?project_id=e7ac0878-859c-4ba8-9ef0-324cccaf2c26","created":1756487887213,"updated":1756487887213,"creator_id":"IBMid-2700014MQM","updater_id":"IBMid-2700014MQM"}]},{"relationship_ends":[{"catalog_id":"c7f76146-e40e-4752-80e5-88f6a2f8e6c9","project_id":"e7ac0878-859c-4ba8-9ef0-324cccaf2c26","asset_id":"a57b8aca-86ca-47fb-b529-a09d7fc69f3f","relationship_name":"uses","relationship_display_name":"Uses","asset_type":"job","href":"https://api.dataplatform.cloud.ibm.com/v2/assets/a57b8aca-86ca-47fb-b529-a09d7fc69f3f?project_id=e7ac0878-859c-4ba8-9ef0-324cccaf2c26","created":1756487888542,"updated":1756487888542,"creator_id":"IBMid-2700014MQM","updater_id":"IBMid-2700014MQM","localized_display_name":{"default":"Uses","en":"Uses","de":"Verwendet","es":"Usos","fr":"Utilisations","it":"Utilizza","ja":"使用","ko":"사용","pt":"Usa","ru":"Использует","sv":"Använder","zh":"使用","zh-TW":"使用","pl":"Używa","eo":"$dad2c6ab#Uses]}"}},{"catalog_id":"c7f76146-e40e-4752-80e5-88f6a2f8e6c9","project_id":"e7ac0878-859c-4ba8-9ef0-324cccaf2c26","asset_id":"a9d8a222-bb4b-439f-96db-1190ae60c91c","relationship_name":"is_used_by","relationship_display_name":"Is used by","asset_type":"metadata_enrichment_area","href":"https://api.dataplatform.cloud.ibm.com/v2/assets/a9d8a222-bb4b-439f-96db-1190ae60c91c?project_id=e7ac0878-859c-4ba8-9ef0-324cccaf2c26","created":1756487888542,"updated":1756487888542,"creator_id":"IBMid-2700014MQM","updater_id":"IBMid-2700014MQM","localized_display_name":{"default":"Is used by","en":"Is used by","de":"Wird verwendet von","es":"Es utilizado por","fr":"Est utilisé par","it":"Viene utilizzato da","ja":"使用される","ko":"은(는) 다음에 의해 사용됨","pt":"É usado por","ru":"Используется","sv":"Används av","zh":"被使用","zh-TW":"由下列項目使用","pl":"Jest używane przez","eo":"$9392c9de#Is used by]}"}}]},{"relationship_ends":[{"catalog_id":"c7f76146-e40e-4752-80e5-88f6a2f8e6c9","project_id":"e7ac0878-859c-4ba8-9ef0-324cccaf2c26","asset_id":"bf7db26d-b95f-4b71-adf2-fdb1990ba9bb","relationship_name":"wxbi-mea","relationship_display_name":"Metadata enrichment area","asset_type":"data_asset","href":"https://api.dataplatform.cloud.ibm.com/v2/data_assets/bf7db26d-b95f-4b71-adf2-fdb1990ba9bb?project_id=e7ac0878-859c-4ba8-9ef0-324cccaf2c26","created":1756487889234,"updated":1756487889234,"creator_id":"IBMid-2700014MQM","updater_id":"IBMid-2700014MQM"},{"catalog_id":"c7f76146-e40e-4752-80e5-88f6a2f8e6c9","project_id":"e7ac0878-859c-4ba8-9ef0-324cccaf2c26","asset_id":"a9d8a222-bb4b-439f-96db-1190ae60c91c","relationship_name":"wxbi-mea-parent","relationship_display_name":"Parent asset","asset_type":"metadata_enrichment_area","href":"https://api.dataplatform.cloud.ibm.com/v2/assets/a9d8a222-bb4b-439f-96db-1190ae60c91c?project_id=e7ac0878-859c-4ba8-9ef0-324cccaf2c26","created":1756487889234,"updated":1756487889234,"creator_id":"IBMid-2700014MQM","updater_id":"IBMid-2700014MQM"}]},{"relationship_ends":[{"catalog_id":"c7f76146-e40e-4752-80e5-88f6a2f8e6c9","project_id":"e7ac0878-859c-4ba8-9ef0-324cccaf2c26","asset_id":"d8a66b2a-35e6-445b-bdf4-85c8b1e019ae","relationship_name":"wxbi-uses-cascade-delete","relationship_display_name":"Uses","asset_type":"wxbi_card","href":"https://api.dataplatform.cloud.ibm.com/v2/assets/d8a66b2a-35e6-445b-bdf4-85c8b1e019ae?project_id=e7ac0878-859c-4ba8-9ef0-324cccaf2c26","created":1756488618184,"updated":1756488618184,"creator_id":"IBMid-2700014MQM","updater_id":"IBMid-2700014MQM"},{"catalog_id":"c7f76146-e40e-4752-80e5-88f6a2f8e6c9","project_id":"e7ac0878-859c-4ba8-9ef0-324cccaf2c26","asset_id":"bf7db26d-b95f-4b71-adf2-fdb1990ba9bb","relationship_name":"wxbi-IsUsedBy-cascade-delete","relationship_display_name":"Is used by","asset_type":"data_asset","href":"https://api.dataplatform.cloud.ibm.com/v2/data_assets/bf7db26d-b95f-4b71-adf2-fdb1990ba9bb?project_id=e7ac0878-859c-4ba8-9ef0-324cccaf2c26","created":1756488618184,"updated":1756488618184,"creator_id":"IBMid-2700014MQM","updater_id":"IBMid-2700014MQM"}]},{"relationship_ends":[{"catalog_id":"c7f76146-e40e-4752-80e5-88f6a2f8e6c9","project_id":"e7ac0878-859c-4ba8-9ef0-324cccaf2c26","asset_id":"84abfa97-051b-46e0-89a4-b0fa5373d079","relationship_name":"wxbi-uses-cascade-delete","relationship_display_name":"Uses","asset_type":"wxbi_card","href":"https://api.dataplatform.cloud.ibm.com/v2/assets/84abfa97-051b-46e0-89a4-b0fa5373d079?project_id=e7ac0878-859c-4ba8-9ef0-324cccaf2c26","created":1756488695897,"updated":1756488695897,"creator_id":"IBMid-2700014MQM","updater_id":"IBMid-2700014MQM"},{"catalog_id":"c7f76146-e40e-4752-80e5-88f6a2f8e6c9","project_id":"e7ac0878-859c-4ba8-9ef0-324cccaf2c26","asset_id":"bf7db26d-b95f-4b71-adf2-fdb1990ba9bb","relationship_name":"wxbi-IsUsedBy-cascade-delete","relationship_display_name":"Is used by","asset_type":"data_asset","href":"https://api.dataplatform.cloud.ibm.com/v2/data_assets/bf7db26d-b95f-4b71-adf2-fdb1990ba9bb?project_id=e7ac0878-859c-4ba8-9ef0-324cccaf2c26","created":1756488695897,"updated":1756488695897,"creator_id":"IBMid-2700014MQM","updater_id":"IBMid-2700014MQM"}]},{"relationship_ends":[{"catalog_id":"c7f76146-e40e-4752-80e5-88f6a2f8e6c9","project_id":"e7ac0878-859c-4ba8-9ef0-324cccaf2c26","asset_id":"c98374b1-493b-4cdd-8938-1b8438a3e488","relationship_name":"wxbi-uses-cascade-delete","relationship_display_name":"Uses","asset_type":"wxbi_card","href":"https://api.dataplatform.cloud.ibm.com/v2/assets/c98374b1-493b-4cdd-8938-1b8438a3e488?project_id=e7ac0878-859c-4ba8-9ef0-324cccaf2c26","created":1756488738184,"updated":1756488738184,"creator_id":"IBMid-2700014MQM","updater_id":"IBMid-2700014MQM"},{"catalog_id":"c7f76146-e40e-4752-80e5-88f6a2f8e6c9","project_id":"e7ac0878-859c-4ba8-9ef0-324cccaf2c26","asset_id":"bf7db26d-b95f-4b71-adf2-fdb1990ba9bb","relationship_name":"wxbi-IsUsedBy-cascade-delete","relationship_display_name":"Is used by","asset_type":"data_asset","href":"https://api.dataplatform.cloud.ibm.com/v2/data_assets/bf7db26d-b95f-4b71-adf2-fdb1990ba9bb?project_id=e7ac0878-859c-4ba8-9ef0-324cccaf2c26","created":1756488738184,"updated":1756488738184,"creator_id":"IBMid-2700014MQM","updater_id":"IBMid-2700014MQM"}]}]
