{"metadata":{"asset_id":"8d3d5cf1-344c-4b32-bf67-22388d8eff35","asset_attributes":["data_asset"],"name":"MORTGAGE_PROPERTY","asset_type":"data_asset","created_at":"2021-04-01T22:48:52Z","description":"Governed and trusted data to perform mortgage default analysis.","origin_country":"us","owner_id":"1000331022","project_id":"d5280504-a389-4736-9e25-886e020fb75d","size":7984,"tags":["Discovered","Mortgage"],"usage":{"last_update_time":1617317332754,"last_updated_at":"2021-04-01T22:48:52Z"}},"entity":{"data_asset":{"mime_type":"text/csv","dataset":false}},"attachments":[{"id":"80702b91-97b8-416a-93a2-17e8d752cdaa","version":2,"asset_type":"data_asset","name":"Mortgage Property.csv","mime":"text/csv","datasource_type":"81bafdbd-b7c6-45c5-a4fd-6ec135f66f4e","object_key":"data_asset/Mortgage Property.csv","creator_id":"icp4d-dev","create_time":1617317332648,"size":7984,"is_remote":false,"is_managed":false,"is_referenced":true,"is_object_key_read_only":false,"is_user_provided_path_key":true,"transfer_complete":true,"is_partitioned":false,"complete_time_ticks":1617317332648,"user_data":{},"test_doc":0,"handle":{"key":"data_asset/Mortgage Property.csv","upload_id":"done","max_part_num":1},"usage":{"access_count":0,"last_accessor_id":"icp4d-dev","last_access_time":1617317332648}}]}