{"metadata":{"asset_id":"cc3be19c-e003-4bc0-9157-3150cc3bda1a","asset_attributes":["data_asset"],"name":"MORTGAGE_CUSTOMER","asset_type":"data_asset","created_at":"2021-04-01T22:48:52Z","description":"Governed and trusted data to perform mortgage default analysis.","origin_country":"us","owner_id":"1000331022","project_id":"d5280504-a389-4736-9e25-886e020fb75d","size":21980,"tags":["Discovered","Mortgage"],"usage":{"last_update_time":1617317332730,"last_updated_at":"2021-04-01T22:48:52Z"}},"entity":{"data_asset":{"mime_type":"text/csv","dataset":false}},"attachments":[{"id":"38a4ad6c-796b-4d41-aee1-833b9be3b40b","version":2,"asset_type":"data_asset","name":"Mortgage Customer.csv","mime":"text/csv","datasource_type":"81bafdbd-b7c6-45c5-a4fd-6ec135f66f4e","object_key":"data_asset/Mortgage Customer.csv","creator_id":"icp4d-dev","create_time":1617317332634,"size":21980,"is_remote":false,"is_managed":false,"is_referenced":true,"is_object_key_read_only":false,"is_user_provided_path_key":true,"transfer_complete":true,"is_partitioned":false,"complete_time_ticks":1617317332634,"user_data":{},"test_doc":0,"handle":{"key":"data_asset/Mortgage Customer.csv","upload_id":"done","max_part_num":1},"usage":{"access_count":0,"last_accessor_id":"icp4d-dev","last_access_time":1617317332634}}]}