{"metadata":{"asset_id":"dc46bb15-f278-4533-bd52-415e32c8cff7","asset_attributes":["notebook"],"name":"Using AutoAI Model","asset_type":"notebook","created_at":"2021-04-01T22:48:52Z","description":"","origin_country":"us","owner_id":"icp4d-dev","project_id":"d5280504-a389-4736-9e25-886e020fb75d","size":14204,"tags":["notebook"],"usage":{"last_update_time":1619472870443,"last_updated_at":"2021-04-26T21:34:30Z"}},"entity":{"notebook":{"kernel":{"name":"python3","display_name":"Python 3.7","language":"python"},"originates_from":{"type":"file"},"runtime":{"environment":"jupconda37-d5280504-a389-4736-9e25-886e020fb75d"}}},"attachments":[{"id":"96ea00a5-0bb1-4024-bff8-d974cd3bc887","version":2,"asset_type":"notebook","name":"attachment for notebook dc46bb15-f278-4533-bd52-415e32c8cff7","description":"attachment for notebook dc46bb15-f278-4533-bd52-415e32c8cff7","mime":"application/json","datasource_type":"81bafdbd-b7c6-45c5-a4fd-6ec135f66f4e","object_key":"notebook/Using_AutoAI_Model_ihwshGo1E.ipynb","creator_id":"1000331022","create_time":1617317332991,"size":14204,"is_remote":false,"is_managed":false,"is_referenced":true,"is_object_key_read_only":false,"is_user_provided_path_key":true,"transfer_complete":true,"is_partitioned":false,"complete_time_ticks":1617317332991,"user_data":{},"test_doc":0,"handle":{"key":"notebook/Using_AutoAI_Model_ihwshGo1E.ipynb","upload_id":"done","max_part_num":1},"usage":{"access_count":0,"last_accessor_id":"1000331022","last_access_time":1617317332991}}]}