{"metadata":{"asset_id":"c89fd4f2-649b-4155-9377-b24f68da4d54","asset_attributes":["notebook"],"name":"Using AutoAI Model","asset_type":"notebook","created_at":"2021-07-01T17:52:16Z","description":"","origin_country":"us","owner_id":"1000331001","project_id":"6d2c589c-2808-4fc0-9719-b18aadab5d1a","size":33481,"tags":["notebook"],"usage":{"last_update_time":1625171042728,"last_updated_at":"2021-07-01T20:24:02Z"}},"entity":{"notebook":{"kernel":{"name":"python3","display_name":"Python 3.7","language":"python"},"originates_from":{"type":"notebook","guid":"234eda99-5d34-48a9-81c4-7bcceb27d201"},"runtime":{"environment":"jupconda37-6d2c589c-2808-4fc0-9719-b18aadab5d1a"}}},"attachments":[{"id":"f971f620-22b8-4c2e-832e-e760a6188513","version":2,"asset_type":"notebook","name":"attachment for notebook c89fd4f2-649b-4155-9377-b24f68da4d54","description":"attachment for notebook c89fd4f2-649b-4155-9377-b24f68da4d54","mime":"application/json","datasource_type":"81bafdbd-b7c6-45c5-a4fd-6ec135f66f4e","object_key":"notebook/Using_AutoAI_Model_copy_1_0Yb3UAEUQ.ipynb","creator_id":"1000331001","create_time":1625161937335,"size":33481,"is_remote":false,"is_managed":false,"is_referenced":true,"is_object_key_read_only":false,"is_user_provided_path_key":true,"transfer_complete":true,"is_partitioned":false,"complete_time_ticks":1625161937335,"user_data":{},"test_doc":0,"handle":{"key":"notebook/Using_AutoAI_Model_copy_1_0Yb3UAEUQ.ipynb","upload_id":"done","max_part_num":1},"usage":{"access_count":0,"last_accessor_id":"1000331001","last_access_time":1625161937335}}]}