{"metadata":{"asset_id":"927f0bd6-f565-4ff0-b141-9f075da2ec8d","asset_attributes":["notebook"],"name":"Using AutoAI Model","asset_type":"notebook","created_at":"2021-07-07T17:45:40Z","description":"","origin_country":"us","owner_id":"icp4d-dev","project_id":"d26ca96b-36c8-4440-98ec-158742281d64","size":7895,"tags":["notebook"],"usage":{"last_update_time":1625680024788,"last_updated_at":"2021-07-07T17:47:04Z"}},"entity":{"notebook":{"kernel":{"name":"python3","display_name":"Python 3.7","language":"python"},"originates_from":{"type":"file"},"runtime":{"environment":"jupconda37-d26ca96b-36c8-4440-98ec-158742281d64"}}},"attachments":[{"id":"e1dcb7aa-8b48-457d-909c-2773bf4496c1","version":2,"asset_type":"notebook","name":"attachment for notebook 927f0bd6-f565-4ff0-b141-9f075da2ec8d","description":"attachment for notebook 927f0bd6-f565-4ff0-b141-9f075da2ec8d","mime":"application/json","datasource_type":"81bafdbd-b7c6-45c5-a4fd-6ec135f66f4e","object_key":"notebook/Using_AutoAI_Model_copy_1_0Yb3UAEUQ.ipynb","creator_id":"1000330999","create_time":1625679940647,"size":7895,"is_remote":false,"is_managed":false,"is_referenced":true,"is_object_key_read_only":false,"is_user_provided_path_key":true,"transfer_complete":true,"is_partitioned":false,"complete_time_ticks":1625679940647,"user_data":{},"test_doc":0,"handle":{"key":"notebook/Using_AutoAI_Model_copy_1_0Yb3UAEUQ.ipynb","upload_id":"done","max_part_num":1},"usage":{"access_count":0,"last_accessor_id":"1000330999","last_access_time":1625679940647}}]}