{"metadata":{"asset_id":"15fb563c-1d9c-4a87-bb05-8f790c9efa19","asset_attributes":["notebook"],"name":"Using AutoAI Model","asset_type":"notebook","created_at":"2021-06-22T16:59:42Z","description":"","origin_country":"us","owner_id":"icp4d-dev","project_id":"e2698503-96f0-4543-a527-b272611ce49c","size":8463,"tags":["notebook"],"usage":{"last_update_time":1624381183178,"last_updated_at":"2021-06-22T16:59:43Z"}},"entity":{"notebook":{"kernel":{"name":"python3","display_name":"Python 3.7","language":"python"},"originates_from":{"type":"file"},"runtime":{"environment":"jupconda37-e2698503-96f0-4543-a527-b272611ce49c"}}},"attachments":[{"id":"8ce611ea-4eac-4d05-93b3-f6dcc99406d4","version":2,"asset_type":"notebook","name":"attachment for notebook 15fb563c-1d9c-4a87-bb05-8f790c9efa19","description":"attachment for notebook 15fb563c-1d9c-4a87-bb05-8f790c9efa19","mime":"application/json","datasource_type":"81bafdbd-b7c6-45c5-a4fd-6ec135f66f4e","object_key":"notebook/Using_AutoAI_Model_ihwshGo1E.ipynb","creator_id":"1000330999","create_time":1624381183177,"size":8463,"is_remote":false,"is_managed":false,"is_referenced":true,"is_object_key_read_only":false,"is_user_provided_path_key":true,"transfer_complete":true,"is_partitioned":false,"complete_time_ticks":1624381183177,"user_data":{},"test_doc":0,"handle":{"key":"notebook/Using_AutoAI_Model_ihwshGo1E.ipynb","upload_id":"done","max_part_num":1},"usage":{"access_count":0,"last_accessor_id":"1000330999","last_access_time":1624381183177}}]}