Name,Artifact Type,Category,Description,Tags,Classifications,Stewards,Steward Groups,Related Terms,Business Start,Business End,Secondary Categories,Parent Data Class,Enabled,Definition
Day,data_class,Business,"A string representing the day of the week. For instance, the day of the week a work shift occurs. For example, Monday, Tuesday etc.",Business,,,,,,,,,TRUE,"<?xml version=""1.0"" encoding=""UTF-8"" standalone=""yes""?><DataClasses xmlns=""http://www.ibm.com/infosphere/ia/classification/DataclassesDefinition""><DataClass id=""Day9966cdd6-f4e7-422f-8428-03502125e8e5"" name=""Day"" description=""A string representing the day of the week. For instance, the day of the week a work shift occurs. For example, Monday, Tuesday etc."" confidenceThreshold=""0.8"" priority=""100"" active=""true""><ValueListClassifier caseSensitive=""true"" allowSubstringMatch=""false"" squeezeConsecutiveWhiteSpaces=""false""><Value>Monday</Value><Value>Tuesday</Value><Value>Wednesday</Value><Value>Thursday</Value><Value>Friday</Value><Value>Saturday</Value><Value>Sunday</Value></ValueListClassifier><DataTypeFilter><LogicalDataType>string</LogicalDataType></DataTypeFilter><DataLengthFilter minLength=""6"" maxLength=""10""/></DataClass></DataClasses>"
,,,,Warehouse,,,,,,,,,,
Days Off,data_class,Business,"A string representing the days of the week that a shift worker has been granted time off. Each day is separated by a comma. For example, Monday, Tuesday.",Business,,,,,,,,,TRUE,"<?xml version=""1.0"" encoding=""UTF-8"" standalone=""yes""?><DataClasses xmlns=""http://www.ibm.com/infosphere/ia/classification/DataclassesDefinition""><DataClass id=""DaysOff36e2ec27-6408-4832-8b6c-89dd43209ffd"" name=""Days Off"" description=""A string representing the days of the week that a shift worker has been granted time off. Each day is separated by a comma. For example, Monday, Tuesday."" confidenceThreshold=""1.0"" priority=""12"" active=""true""><RegexClassifier><RegularExpression applicableFor=""structured_data_only"">^(M(?:on|onday)|T(?:ue|uesday|hursday)|W(?:ed|ednesday)|F(?:ri|riday)|S(?:at|aturday|un|unday)),\s?(M(?:on|onday)|T(?:ue|uesday|hursday)|W(?:ed|ednesday)|F(?:ri|riday)|S(?:at|aturday|un|unday))$</RegularExpression></RegexClassifier><DataTypeFilter><LogicalDataType>string</LogicalDataType></DataTypeFilter></DataClass></DataClasses>"
,,,,Warehouse,,,,,,,,,,
Employee Code,data_class,Business,A unique code that identifies an employee of the company.,Business,,,,,,,,,TRUE,"<?xml version=""1.0"" encoding=""UTF-8"" standalone=""yes""?><DataClasses xmlns=""http://www.ibm.com/infosphere/ia/classification/DataclassesDefinition""><DataClass id=""EmployeeCodeba6b35ff-f03d-466f-844d-22a2c5019ed5"" name=""Employee Code"" description=""A unique code that identifies an employee of the company."" confidenceThreshold=""0.8"" priority=""100"" active=""true""><RegexClassifier><RegularExpression applicableFor=""structured_data_only"">(1000\d|100[1-9]\d|10[1-9]\d{2}|11\d{3}|12000)</RegularExpression></RegexClassifier><DataTypeFilter><LogicalDataType>numeric</LogicalDataType></DataTypeFilter><DataLengthFilter minLength=""5"" maxLength=""5""/></DataClass></DataClasses>"
,,,,Employee,,,,,,,,,,
Last Name,data_class,Business,Last name of an individual.,Business,,,,,,,,,TRUE,"<?xml version=""1.0"" encoding=""UTF-8"" standalone=""yes""?><DataClasses xmlns=""http://www.ibm.com/infosphere/ia/classification/DataclassesDefinition""><DataClass id=""EmployeeLastNamec79331a0-6b6f-4b10-a8b0-59f76f57d38b"" name=""Last Name"" example=""Smith"" description=""Last name of an individual."" confidenceThreshold=""0.5"" priority=""10"" active=""true""><JavaClassifier scope=""column"" className=""com.ibm.infosphere.classification.impl.GNMLastNameClassifier""/><DataTypeFilter><LogicalDataType>string</LogicalDataType></DataTypeFilter><ColumnNameFilter><ColumnNameRegularExpression>^l(ast)?([ \-_])?name$|^surname$|^family(([ \-_])?)name$</ColumnNameRegularExpression></ColumnNameFilter></DataClass></DataClasses>"
,,,,Employee,,,,,,,,,,
Max Shifts,data_class,Business,The maximum number of work shifts an employee can work for a given day. This is typically related to warehouse departments and staff.,Business,,,,,,,,,TRUE,"<?xml version=""1.0"" encoding=""UTF-8"" standalone=""yes""?><DataClasses xmlns=""http://www.ibm.com/infosphere/ia/classification/DataclassesDefinition""><DataClass id=""MaxShiftsb4e09449-9447-4c99-9fd4-05eea9a81feb"" name=""Max Shifts"" description=""The maximum number of work shifts an employee can work for a given day. This is typically related to warehouse departments and staff."" confidenceThreshold=""0.8"" priority=""100"" active=""true""><ValueListClassifier caseSensitive=""true"" allowSubstringMatch=""true"" squeezeConsecutiveWhiteSpaces=""true""><Value>0</Value><Value>1</Value></ValueListClassifier><DataTypeFilter><LogicalDataType>numeric</LogicalDataType></DataTypeFilter><DataLengthFilter minLength=""1"" maxLength=""1""/></DataClass></DataClasses>"
,,,,Warehouse,,,,,,,,,,
Phone Extension,data_class,Business,"A short internal number assigned to an employee, a project team, or a department that is an extension of the main business phone number.",Business,,,,,,,,,TRUE,"<?xml version=""1.0"" encoding=""UTF-8"" standalone=""yes""?><DataClasses xmlns=""http://www.ibm.com/infosphere/ia/classification/DataclassesDefinition""><DataClass id=""PhoneExtension015852d1-c9e2-45e8-8aee-35d1ebda1981"" name=""Phone Extension"" description=""A short internal number assigned to an employee, a project team, or a department that is an extension of the main business phone number."" confidenceThreshold=""0.8"" priority=""100"" active=""true""><RegexClassifier><RegularExpression applicableFor=""structured_data_only"">^2\d{3}|3000$</RegularExpression></RegexClassifier><DataTypeFilter><LogicalDataType>string</LogicalDataType></DataTypeFilter><DataLengthFilter minLength=""4"" maxLength=""4""/></DataClass></DataClasses>"
,,,,Employee,,,,,,,,,,
Shift Duration,data_class,Business,The number of hours that encompass a work shift.,Business,,,,,,,,,TRUE,"<?xml version=""1.0"" encoding=""UTF-8"" standalone=""yes""?><DataClasses xmlns=""http://www.ibm.com/infosphere/ia/classification/DataclassesDefinition""><DataClass id=""ShiftDuration8ef04c01-c6f8-407f-8774-750f99e1eed8"" name=""Shift Duration"" description=""The number of hours that encompass a work shift."" confidenceThreshold=""0.8"" priority=""100"" active=""true""><ValueListClassifier caseSensitive=""true"" allowSubstringMatch=""true"" squeezeConsecutiveWhiteSpaces=""true""><Value>4</Value><Value>5</Value><Value>6</Value></ValueListClassifier><DataTypeFilter><LogicalDataType>numeric</LogicalDataType></DataTypeFilter><DataLengthFilter minLength=""1"" maxLength=""1""/></DataClass></DataClasses>"
,,,,Warehouse,,,,,,,,,,
Shift Hour,data_class,Business,The hour of the day a work shift ends using a 24 hour format with a value = 1-24.,Business,,,,,,,,,TRUE,"<?xml version=""1.0"" encoding=""UTF-8"" standalone=""yes""?><DataClasses xmlns=""http://www.ibm.com/infosphere/ia/classification/DataclassesDefinition""><DataClass id=""ShiftEndHour767fe1f9-6ea9-42e2-9767-b4a9f4325b0f"" name=""Shift Hour"" description=""The hour of the day a work shift ends using a 24 hour format with a value = 1-24."" confidenceThreshold=""1.0"" priority=""11"" active=""true""><RegexClassifier><RegularExpression applicableFor=""structured_data_only"">^(?:(?:2[0-3]|1\d|[1-9])(?:\.\d+)?|24(?:\.0+)?)$</RegularExpression></RegexClassifier><DataTypeFilter><LogicalDataType>numeric</LogicalDataType></DataTypeFilter><DataLengthFilter minLength=""1"" maxLength=""2""/></DataClass></DataClasses>"
,,,,Warehouse,,,,,,,,,,
Shift Identifier,data_class,Business,"A number that uniquely identifies a work shift in a department of the company. A shift is defined with a start and end date, minimum and maximum number of hours, day of the week it occurs and the skills required by a employee, like a warehouse worker, that are needed to fulfill the shift requirements.",Business,,,,,,,,,TRUE,"<?xml version=""1.0"" encoding=""UTF-8"" standalone=""yes""?><DataClasses xmlns=""http://www.ibm.com/infosphere/ia/classification/DataclassesDefinition""><DataClass id=""ShiftIdentifierb0327e5d-3b9a-4fc6-a78b-76c25c8d5cf4"" name=""Shift Identifier"" description=""A number that uniquely identifies a work shift in a department of the company. A shift is defined with a start and end date, minimum and maximum number of hours, day of the week it occurs and the skills required by a employee, like a warehouse worker, that are needed to fulfill the shift requirements."" confidenceThreshold=""1.0"" priority=""5"" active=""true""><RegexClassifier><RegularExpression applicableFor=""structured_data_only"">^([1-9]|[1-4][0-9]|50|51|52)$</RegularExpression></RegexClassifier><DataTypeFilter><LogicalDataType>numeric</LogicalDataType></DataTypeFilter></DataClass></DataClasses>"
,,,,Warehouse,,,,,,,,,,
Skill Experience,data_class,Business,The number of years of experience that an employee has obtained for a skill that is required to perform a job function for a work shift in a department of the company.,Business,,,,,,,,,TRUE,"<?xml version=""1.0"" encoding=""UTF-8"" standalone=""yes""?><DataClasses xmlns=""http://www.ibm.com/infosphere/ia/classification/DataclassesDefinition""><DataClass id=""SkillExperience364707a9-1bc3-4e11-9d3a-d3987cce1ca2"" name=""Skill Experience"" description=""The number of years of experience that an employee has obtained for a skill that is required to perform a job function for a work shift in a department of the company."" confidenceThreshold=""1.0"" priority=""10"" active=""true""><RegexClassifier><RegularExpression applicableFor=""structured_data_only"">^([0-9]|11)$</RegularExpression></RegexClassifier><DataTypeFilter><LogicalDataType>numeric</LogicalDataType></DataTypeFilter><DataLengthFilter minLength=""1"" maxLength=""2""/></DataClass></DataClasses>"
,,,,Employee,,,,,,,,,,
,,,,Warehouse,,,,,,,,,,
Skill Required,data_class,Business,"The skills that an employee possesses to perform job functions for a work shift in a department of the company. An employee may have more than one skill. For example, a warehouse staff member may have the skills to perform multiple job functions such as operating a Forklift and the training to do Customer Service.",Business,,,,,,,,,TRUE,"<?xml version=""1.0"" encoding=""UTF-8"" standalone=""yes""?><DataClasses xmlns=""http://www.ibm.com/infosphere/ia/classification/DataclassesDefinition""><DataClass id=""SkillSetf2f029bb-3347-419e-a3d5-6809404f16a5"" name=""Skill Required"" description=""The skills that an employee possesses to perform job functions for a work shift in a department of the company. An employee may have more than one skill. For example, a warehouse staff member may have the skills to perform multiple job functions such as operating a Forklift and the training to do Customer Service."" confidenceThreshold=""0.8"" priority=""100"" active=""true""><ValueListClassifier caseSensitive=""true"" allowSubstringMatch=""false"" squeezeConsecutiveWhiteSpaces=""false""><Value>Customer Service</Value><Value>Forklift</Value><Value>Order Fullfilment</Value><Value>Supervisor</Value></ValueListClassifier><DataTypeFilter><LogicalDataType>string</LogicalDataType></DataTypeFilter></DataClass></DataClasses>"
,,,,Employee,,,,,,,,,,
,,,,Warehouse,,,,,,,,,,
Skill Set,data_class,Business,"The skills that an employee possesses to perform job functions for a work shift in a department of the company. An employee may have more than one skill. For example, a warehouse staff member may have the skills to perform multiple job functions such as operating a Forklift and the training to do Customer Service.",Business,,,,,,,,,TRUE,"<?xml version=""1.0"" encoding=""UTF-8"" standalone=""yes""?><DataClasses xmlns=""http://www.ibm.com/infosphere/ia/classification/DataclassesDefinition""><DataClass id=""SkillSet0fb6a7c4-2f94-4c0a-895e-3d267630c0e4"" name=""Skill Set"" description=""The skills that an employee possesses to perform job functions for a work shift in a department of the company. An employee may have more than one skill. For example, a warehouse staff member may have the skills to perform multiple job functions such as operating a Forklift and the training to do Customer Service."" confidenceThreshold=""0.8"" priority=""100"" active=""true""><ValueListClassifier caseSensitive=""true"" allowSubstringMatch=""true"" squeezeConsecutiveWhiteSpaces=""true""><Value>Customer Service</Value><Value>Forklift</Value><Value>Forklift, Customer Service</Value><Value>Supervisor</Value></ValueListClassifier><DataTypeFilter><LogicalDataType>string</LogicalDataType></DataTypeFilter><DataLengthFilter minLength=""8"" maxLength=""40""/></DataClass></DataClasses>"
,,,,Employee,,,,,,,,,,
,,,,Warehouse,,,,,,,,,,
Termination Code,data_class,Business,A unique code that designates the employment status of an employee whether they are active or have been terminated.,Business,,,,,,,,,TRUE,"<?xml version=""1.0"" encoding=""UTF-8"" standalone=""yes""?><DataClasses xmlns=""http://www.ibm.com/infosphere/ia/classification/DataclassesDefinition""><DataClass id=""TerminationCode0e337770-7414-4458-b8eb-a3981ed7c891"" name=""Termination Code"" description=""A unique code that designates the employment status of an employee whether they are active or have been terminated."" active=""true""/></DataClasses>"
,,,,Employee,,,,,,,,,,
Warehouse Department,data_class,Business,The name of a department within the company.,Business,,,,,,,,,TRUE,"<?xml version=""1.0"" encoding=""UTF-8"" standalone=""yes""?><DataClasses xmlns=""http://www.ibm.com/infosphere/ia/classification/DataclassesDefinition""><DataClass id=""Department5ca64382-901a-4aaf-8e23-84404e102cbb"" name=""Warehouse Department"" description=""The name of a department within the company."" confidenceThreshold=""0.8"" priority=""100"" active=""true""><ValueListClassifier caseSensitive=""true"" allowSubstringMatch=""true"" squeezeConsecutiveWhiteSpaces=""false""><Value>Customer Support</Value><Value>Warehouse Packaging</Value><Value>Warehouse Picking</Value><Value>Warehouse Receiving</Value><Value>Warehouse Shipping</Value></ValueListClassifier><DataTypeFilter><LogicalDataType>string</LogicalDataType></DataTypeFilter><DataLengthFilter maxLength=""30""/></DataClass></DataClasses>"
,,,,Warehouse,,,,,,,,,,
Zip Code,data_class,Business,The 5 digit US Zip Code format without the +4.,Business,,,,,,,,,TRUE,"<?xml version=""1.0"" encoding=""UTF-8"" standalone=""yes""?><DataClasses xmlns=""http://www.ibm.com/infosphere/ia/classification/DataclassesDefinition""><DataClass id=""ZipCode4ae2b1f6-7c2e-4c9d-bdd3-cdd0a99f2b1f"" name=""Zip Code"" description=""The 5 digit US Zip Code format without the +4."" confidenceThreshold=""0.7"" priority=""15"" active=""true""><RegexClassifier><RegularExpression applicableFor=""structured_data_only"">^\d{5}$</RegularExpression></RegexClassifier><DataTypeFilter><LogicalDataType>string</LogicalDataType></DataTypeFilter><DataLengthFilter minLength=""5"" maxLength=""5""/></DataClass></DataClasses>"
,,,,Employee,,,,,,,,,,