Name,Artifact Type,Category,Description,Tags,Classifications,Stewards,Related Terms,Business Start,Business End,Part of Terms,Type of Terms,Abbreviations,Data Classes,Synonyms,Secondary Categories,custom_Department
Birth Date,glossary_term,Business >> Employee,"Data values which are dates, and likely to represent a date of birth.",Employee,Business >> Data Privacy >> Personally Identifiable Information,,,,,, ,,Date of Birth, ,Business >> Data Privacy,Human Resources
Date Hired,glossary_term,Business >> Employee,The date an employee was hired.,Employee,,,,,,,,,Date, ,,Human Resources
Day,glossary_term,Business >> Employee,"A string representing the day of the week. For instance, the day of the week a work shift occurs. For example, Monday, Tuesday etc.",Warehouse,,,,,,,,,Business >> Day, ,,Fulfillment Center
Days Off,glossary_term,Business >> Employee,"A string representing the days of the week that a shift worker has been granted time off. Each day is separated by a comma. For example, Monday, Tuesday.",Warehouse,,,,,,,,,Business >> Days Off, ,,Fulfillment Center
Department,glossary_term,Business >> Employee,The name of a department within the company.,Business,,,,,,,,,Business >> Warehouse Department, ,,Human Resources
Email,glossary_term,Business >> Employee,An email address identifies an email box to which email messages are delivered.,Employee,Business >> Data Privacy >> Personally Identifiable Information,, ,,,,,,Email Address, ,Business >> Data Privacy,Human Resources
Employee Code,glossary_term,Business >> Employee,A unique code that identifies an employee of the company.,Employee,,,,,,,,,Business >> Employee Code, ,,Human Resources
Extension,glossary_term,Business >> Employee,"A short internal number assigned to an employee, a project team, or a department that is an extension of the main business phone number.",Employee,,,,,,,,,Business >> Phone Extension, ,,Human Resources
Fax,glossary_term,Business >> Employee,The fax telephone number associated with a printer or other output device used for the transmission of scanned-in printed material.,Employee,,,,,,,,,US Phone Number, ,,Human Resources
First Name,glossary_term,Business >> Employee,First Name of an individual.,Employee,Business >> Data Privacy >> Personally Identifiable Information,,,,,,,,First Name, ,Business >> Data Privacy,Human Resources
Gender Code,glossary_term,Business >> Employee,"An alpha code setting for gender. Either M or F, or Male or Female.",Employee,Business >> Data Privacy >> Sensitive Personal Information,, ,,,,,,Gender, ,Business >> Data Privacy,Human Resources
Last Name,glossary_term,Business >> Employee,Last Name of an individual.,Employee,Business >> Data Privacy >> Personally Identifiable Information,,,,,,,,Business >> Last Name, ,Business >> Data Privacy,Human Resources
Max Shifts,glossary_term,Business >> Employee,The maximum number of work shifts an employee can work for a given day. This is typically related to warehouse departments and staff.,Warehouse,,,,,,,,,Business >> Max Shifts, ,,Fulfillment Center
Shift Day,glossary_term,Business >> Employee,"A string representing the day of the week that a work shift occurs. For example, Monday, Tuesday etc.",Warehouse,,,,,,,,,Business >> Day, ,,Fulfillment Center
Shift Duration,glossary_term,Business >> Employee,The number of hours that encompass a work shift.,Warehouse,,,,,,,,,Business >> Shift Duration, ,,Fulfillment Center
Shift End Hour,glossary_term,Business >> Employee,The hour of the day a work shift ends using a 24 hour format with a value = 1-24.,Warehouse,,,,,,,,,Business >> Shift Hour, ,,Fulfillment Center
Shift ID,glossary_term,Business >> Employee,"A number that uniquely identifies a work shift in a department of the company. A shift is defined with a start and end date, minimum and maximum number of hours, day of the week it occurs and the skills required by a employee, like a warehouse worker, that are needed to fulfill the shift requirements.",Warehouse,,,,,,,,,Business >> Shift Identifier, ,,Fulfillment Center
Shift Max Hours,glossary_term,Business >> Employee,The maximum number of hours that encompasses a work shift; 5 or 8,Warehouse,,,,,,,,,Business >> Shift Hour, ,,Fulfillment Center
Shift Min Hours,glossary_term,Business >> Employee,"The minimum number of hours that encompasses a work shift; 2, 3 or 4",Warehouse,,,,,,,,,Business >> Shift Hour, ,,Fulfillment Center
Shift Start Hour,glossary_term,Business >> Employee,The hour of the day a work shift begins using a 24 hour format with a value = 1-24.,Warehouse,,,,,,,,,Business >> Shift Hour, ,,Fulfillment Center
Skill Experience,glossary_term,Business >> Employee,The number of years of experience that an employee has obtained for a skill that is required to perform a job function for a work shift in a department of the company.,Warehouse,,,,,,,,,Business >> Skill Experience, ,,Fulfillment Center
Skill Required,glossary_term,Business >> Employee,"The skill that is required to perform a job function for a work shift in a department of the company. For example, every warehouse job function for a work shift requires a specific skillset, such as Forklift, Order Fulfillment or Customer Service skills.",Warehouse,,,,,,,,,Business >> Skill Required, ,,Fulfillment Center
Skill Set,glossary_term,Business >> Employee,"The skills that an employee possesses to perform job functions for a work shift in a department of the company. An employee may have more than one skill. For example, a warehouse staff member may have the skills to perform multiple job functions such as operating a Forklift and the training to do Customer Service.",Warehouse,,,,,,,,,Business >> Skill Set, ,,Fulfillment Center
SSN,glossary_term,Business >> Employee,"In the United States, a Social Security number (SSN) is a unique nine-digit number issued to U.S. citizens, permanent residents, and temporary (working) residents. SSN is a synonym for US Social Security Number",Employee,Business >> Data Privacy >> Personally Identifiable Information,, ,,,,,SSN,US Social Security Number, ,Business >> Data Privacy,Human Resources
State Code,glossary_term,Business >> Employee,A unique code that represents the US state of the company office where the state where the employee works.,Employee, ,,,,,,,,US State Code, ,Business >> Data Privacy,Human Resources
Termination Code,glossary_term,Business >> Employee,A unique code that designates the employment status of an employee whether they are active or have been terminated.,Employee,,,,,,,,,Business >> Termination Code, ,Business >> Data Privacy,Human Resources
Termination Date,glossary_term,Business >> Employee,The date an employee was terminated from the company.,Employee,,,,,,,,,Date, ,Business >> Data Privacy,Human Resources
Work Phone,glossary_term,Business >> Employee,The business phone number an employee can be reached at work.,Employee,Business >> Data Privacy >> Personally Identifiable Information,,,,,,,,US Phone Number, ,Business >> Data Privacy,Human Resources
Zip Code,glossary_term,Business >> Employee,A unique code that represents the US zip code of the office where the employee works. This is the 5 digit version of a US zip code not the zip+4 version.,Employee, ,,,,,,,,Business >> Zip Code, ,Business >> Data Privacy,Human Resources