Artifact Type,Id,Artifact ID,Asset Version Id,Asset Type,Name,Comment,Workflow Status,Action Id,Log Status,Created,Modified,Modifier,Asset Ancestor Id,Property Name,Property Type,Old Value,New Value,Details Modified,Details Modifier,Additional Info,Action,Modification Id
development_log,a6b46fac-d28f-49c3-afdf-91194a7aa60d,534561ac-1080-3714-b7aa-5a5809ff1f00,2d324bfb-0e93-4e18-895e-9420e7f02bef_0,reference_data,Sovereign Locations,,,,MODIFIED,2024-07-01 21:19:05,2024-07-01 21:19:05,1000330999,,is_multi_mapped_to,Relationship,,"{""value"":""Physical Locations.LON"",""path"":[""Locations""]}",2024-07-01 21:19:05,1000330999,reference_data_value,Added,c8acbcfe-d5a8-43bd-8b56-a1590bf1f993
"",,,,,,,,,,,,,,is_multi_mapped_to,Relationship,,"{""value"":""Physical Locations.SYD"",""path"":[""Locations""]}",2024-07-01 21:19:05,1000330999,reference_data_value,Added,c8acbcfe-d5a8-43bd-8b56-a1590bf1f993
"",,,,,,,,,,,,,,is_multi_mapped_to,Relationship,,"{""value"":""Physical Locations.FRA"",""path"":[""Locations""]}",2024-07-01 21:19:05,1000330999,reference_data_value,Added,c8acbcfe-d5a8-43bd-8b56-a1590bf1f993
"",,,,,,,,,,,,,,is_multi_mapped_to,Relationship,,"{""value"":""Physical Locations.DAL"",""path"":[""Locations""]}",2024-07-01 21:19:05,1000330999,reference_data_value,Added,c8acbcfe-d5a8-43bd-8b56-a1590bf1f993
"",,,,,,,,,,,,,,is_multi_mapped_to,Relationship,,"{""value"":""Physical Locations.TOR"",""path"":[""Locations""]}",2024-07-01 21:19:05,1000330999,reference_data_value,Added,c8acbcfe-d5a8-43bd-8b56-a1590bf1f993
"",,,,,,,,,,,,,,is_multi_mapped_to,Relationship,,"{""value"":""Physical Locations.SAO"",""path"":[""Locations""]}",2024-07-01 21:19:05,1000330999,reference_data_value,Added,c8acbcfe-d5a8-43bd-8b56-a1590bf1f993
"",,,,,,,,,,,,,,is_multi_mapped_to,Relationship,,"{""value"":""Physical Locations.OSA"",""path"":[""Locations""]}",2024-07-01 21:19:05,1000330999,reference_data_value,Added,c8acbcfe-d5a8-43bd-8b56-a1590bf1f993
"",,,,,,,,,,,,,,is_multi_mapped_to,Relationship,,"{""value"":""Physical Locations.TOK"",""path"":[""Locations""]}",2024-07-01 21:19:05,1000330999,reference_data_value,Added,c8acbcfe-d5a8-43bd-8b56-a1590bf1f993
"",,,,,,,,,,,,,,is_multi_mapped_to,Relationship,,"{""value"":""Physical Locations.WAS"",""path"":[""Locations""]}",2024-07-01 21:19:05,1000330999,reference_data_value,Added,c8acbcfe-d5a8-43bd-8b56-a1590bf1f993
development_log,d606d07e-0d34-4530-be6b-f874d00ae3e5,534561ac-1080-3714-b7aa-5a5809ff1f00,2d324bfb-0e93-4e18-895e-9420e7f02bef_0,reference_data,Sovereign Locations,,,,MODIFIED,2024-07-01 21:19:03,2024-07-01 21:19:03,1000330999,,is_child_of,Relationship,,"{""source"":""Sovereign Locations.PRT"",""target"":""Sovereign Locations.EU""}",2024-07-01 21:19:03,1000330999,reference_data_value,Added,53f994fe-0866-41b7-9f17-029f23023029
"",,,,,,,,,,,,,,is_child_of,Relationship,,"{""source"":""Sovereign Locations.DEU"",""target"":""Sovereign Locations.EU""}",2024-07-01 21:19:03,1000330999,reference_data_value,Added,53f994fe-0866-41b7-9f17-029f23023029
"",,,,,,,,,,,,,,is_child_of,Relationship,,"{""source"":""Sovereign Locations.ITA"",""target"":""Sovereign Locations.EU""}",2024-07-01 21:19:03,1000330999,reference_data_value,Added,53f994fe-0866-41b7-9f17-029f23023029
"",,,,,,,,,,,,,,is_child_of,Relationship,,"{""source"":""Sovereign Locations.NLD"",""target"":""Sovereign Locations.EU""}",2024-07-01 21:19:03,1000330999,reference_data_value,Added,53f994fe-0866-41b7-9f17-029f23023029
"",,,,,,,,,,,,,,is_child_of,Relationship,,"{""source"":""Sovereign Locations.BEL"",""target"":""Sovereign Locations.EU""}",2024-07-01 21:19:03,1000330999,reference_data_value,Added,53f994fe-0866-41b7-9f17-029f23023029
"",,,,,,,,,,,,,,is_child_of,Relationship,,"{""source"":""Sovereign Locations.FRA"",""target"":""Sovereign Locations.EU""}",2024-07-01 21:19:03,1000330999,reference_data_value,Added,53f994fe-0866-41b7-9f17-029f23023029
development_log,354f144e-bc30-45ed-907a-95a9f703ac34,534561ac-1080-3714-b7aa-5a5809ff1f00,2d324bfb-0e93-4e18-895e-9420e7f02bef_0,reference_data,Sovereign Locations,,,,MODIFIED,2024-07-01 21:19:03,2024-07-01 21:19:03,1000330999,,referenceDataValues,Collection,,"{""description"":""United Kingdom of Great Britain and Northern Ireland"",""code"":""GBR"",""value"":""United Kingdom of Great Britain and Northern Ireland""}",2024-07-01 21:19:03,1000330999,,Added,08f56c26-8827-4b18-bc62-a301a9db91ed
"",,,,,,,,,,,,,,referenceDataValues,Collection,,"{""description"":""Portugal"",""code"":""PRT"",""value"":""Portugal""}",2024-07-01 21:19:03,1000330999,,Added,08f56c26-8827-4b18-bc62-a301a9db91ed
"",,,,,,,,,,,,,,referenceDataValues,Collection,,"{""description"":""Brazil"",""code"":""BRA"",""value"":""Brazil""}",2024-07-01 21:19:03,1000330999,,Added,08f56c26-8827-4b18-bc62-a301a9db91ed
"",,,,,,,,,,,,,,referenceDataValues,Collection,,"{""description"":""Chile"",""code"":""CHL"",""value"":""Chile""}",2024-07-01 21:19:03,1000330999,,Added,08f56c26-8827-4b18-bc62-a301a9db91ed
"",,,,,,,,,,,,,,referenceDataValues,Collection,,"{""description"":""Netherlands"",""code"":""NLD"",""value"":""Netherlands""}",2024-07-01 21:19:03,1000330999,,Added,08f56c26-8827-4b18-bc62-a301a9db91ed
"",,,,,,,,,,,,,,referenceDataValues,Collection,,"{""description"":""France"",""code"":""FRA"",""value"":""France""}",2024-07-01 21:19:03,1000330999,,Added,08f56c26-8827-4b18-bc62-a301a9db91ed
"",,,,,,,,,,,,,,referenceDataValues,Collection,,"{""description"":""Italy"",""code"":""ITA"",""value"":""Italy""}",2024-07-01 21:19:03,1000330999,,Added,08f56c26-8827-4b18-bc62-a301a9db91ed
"",,,,,,,,,,,,,,referenceDataValues,Collection,,"{""description"":""China"",""code"":""CHN"",""value"":""China""}",2024-07-01 21:19:03,1000330999,,Added,08f56c26-8827-4b18-bc62-a301a9db91ed
"",,,,,,,,,,,,,,referenceDataValues,Collection,,"{""description"":""Turkey"",""code"":""TUR"",""value"":""Turkey""}",2024-07-01 21:19:03,1000330999,,Added,08f56c26-8827-4b18-bc62-a301a9db91ed
"",,,,,,,,,,,,,,referenceDataValues,Collection,,"{""description"":""Russian Federation"",""code"":""RUS"",""value"":""Russian Federation""}",2024-07-01 21:19:03,1000330999,,Added,08f56c26-8827-4b18-bc62-a301a9db91ed
"",,,,,,,,,,,,,,referenceDataValues,Collection,,"{""description"":""Germany"",""code"":""DEU"",""value"":""Germany""}",2024-07-01 21:19:03,1000330999,,Added,08f56c26-8827-4b18-bc62-a301a9db91ed
"",,,,,,,,,,,,,,referenceDataValues,Collection,,"{""description"":""Hong Kong"",""code"":""HKG"",""value"":""Hong Kong""}",2024-07-01 21:19:03,1000330999,,Added,08f56c26-8827-4b18-bc62-a301a9db91ed
"",,,,,,,,,,,,,,referenceDataValues,Collection,,"{""description"":""Canada"",""code"":""CAN"",""value"":""Canada""}",2024-07-01 21:19:03,1000330999,,Added,08f56c26-8827-4b18-bc62-a301a9db91ed
"",,,,,,,,,,,,,,referenceDataValues,Collection,,"{""description"":""Mexico"",""code"":""MEX"",""value"":""Mexico""}",2024-07-01 21:19:03,1000330999,,Added,08f56c26-8827-4b18-bc62-a301a9db91ed
"",,,,,,,,,,,,,,referenceDataValues,Collection,,"{""description"":""European Union"",""code"":""EU"",""value"":""European Union""}",2024-07-01 21:19:03,1000330999,,Added,08f56c26-8827-4b18-bc62-a301a9db91ed
"",,,,,,,,,,,,,,referenceDataValues,Collection,,"{""description"":""Japan"",""code"":""JPN"",""value"":""Japan""}",2024-07-01 21:19:03,1000330999,,Added,08f56c26-8827-4b18-bc62-a301a9db91ed
"",,,,,,,,,,,,,,referenceDataValues,Collection,,"{""description"":""Belgium"",""code"":""BEL"",""value"":""Belgium""}",2024-07-01 21:19:03,1000330999,,Added,08f56c26-8827-4b18-bc62-a301a9db91ed
"",,,,,,,,,,,,,,referenceDataValues,Collection,,"{""description"":""Australia"",""code"":""AUS"",""value"":""Australia""}",2024-07-01 21:19:03,1000330999,,Added,08f56c26-8827-4b18-bc62-a301a9db91ed
"",,,,,,,,,,,,,,referenceDataValues,Collection,,"{""description"":""Argentina"",""code"":""ARG"",""value"":""Argentina""}",2024-07-01 21:19:03,1000330999,,Added,08f56c26-8827-4b18-bc62-a301a9db91ed
"",,,,,,,,,,,,,,referenceDataValues,Collection,,"{""description"":""United States of America"",""code"":""USA"",""value"":""United States of America""}",2024-07-01 21:19:03,1000330999,,Added,08f56c26-8827-4b18-bc62-a301a9db91ed
"",,,,,,,,,,,,,,referenceDataValues,Collection,,"{""description"":""Korea (Democratic People's Republic of)"",""code"":""PRK"",""value"":""Korea (Democratic People's Republic of)""}",2024-07-01 21:19:03,1000330999,,Added,08f56c26-8827-4b18-bc62-a301a9db91ed
"",,,,,,,,,,,,,,referenceDataValues,Collection,,"{""description"":""New Zealand"",""code"":""NZL"",""value"":""New Zealand""}",2024-07-01 21:19:03,1000330999,,Added,08f56c26-8827-4b18-bc62-a301a9db91ed
development_log,9bf5e880-d4c6-4de9-8590-b10f420e1ce0,534561ac-1080-3714-b7aa-5a5809ff1f00,2d324bfb-0e93-4e18-895e-9420e7f02bef_0,reference_data,Sovereign Locations,,,,MODIFIED,2024-07-01 21:19:02,2024-07-01 21:19:02,1000330999,,parent_category,Relationship,,"{""value"":""Locations""}",2024-07-01 21:19:02,1000330999,category,Added,ca866aee-ee6f-45ec-a243-d921c1440aa3
development_log,0216f183-5e06-42c7-9b1d-a18d777e6d54,534561ac-1080-3714-b7aa-5a5809ff1f00,2d324bfb-0e93-4e18-895e-9420e7f02bef_0,reference_data,Sovereign Locations,,PUBLISHED,Publish,STATUS_CHANGED,2024-07-01 21:19:02,2024-07-01 21:19:02,1000330999,,type,String,,TEXT,2024-07-01 21:19:02,1000330999,,Added,
"",,,,,,,,,,,,,,name,String,,Sovereign Locations,2024-07-01 21:19:02,1000330999,,Added,
"",,,,,,,,,,,,,,codeCaseSensitivity,Boolean,,true,2024-07-01 21:19:02,1000330999,,Added,
"",,,,,,,,,,,,,,longDescription,String,,Sovereign Locations Reference Dataset (SLRDS) is defined as sovereign administration data.,2024-07-01 21:19:02,1000330999,,Added,
development_log,6d31ff0e-1ede-430f-afc8-accf7b40254d,5a5723eb-2637-41be-a08d-300ad4189377,c6828e2b-b73f-438e-af17-d1ba5f073846_0,reference_data,Position Lookup,,PUBLISHED,Publish,STATUS_CHANGED,2024-07-02 21:41:00,2024-07-02 21:41:00,1000330999,,type,String,,TEXT,2024-07-02 21:41:00,1000330999,,Added,
"",,,,,,,,,,,,,,name,String,,Position Lookup,2024-07-02 21:41:00,1000330999,,Added,
"",,,,,,,,,,,,,,codeCaseSensitivity,Boolean,,true,2024-07-02 21:41:00,1000330999,,Added,
"",,,,,,,,,,,,,,longDescription,String,,Valid codes and values for all positions in the company.,2024-07-02 21:41:00,1000330999,,Added,
"",,,,,,,,,,,,,,tags,Collection,,[Employee],2024-07-02 21:41:00,1000330999,,Added,1f7e0aaa-5cec-402a-81f9-59ca4cd81ea6
"",,,,,,,,,,,,,,related,Relationship,,"{""value"":""Position Code"",""path"":[""Person"",""Employee""]}",2024-07-02 21:41:00,1000330999,glossary_term,Added,c2d711bb-a596-4ddf-9365-e2e0be7b4540
"",,,,,,,,,,,,,,parent_category,Relationship,,"{""value"":""Employee"",""path"":[""Person""]}",2024-07-02 21:41:00,1000330999,category,Added,b4e4619f-48dc-4bb8-814e-12aea3026ea5
development_log,6d64f0cd-9900-4b7e-87ee-60c0f3a90196,c57cb90f-2126-3800-9c9f-9eab82021cdf,5e634707-ffcb-4d2a-ac22-a470092d5fb0_0,reference_data,Physical Locations,,,,MODIFIED,2024-07-01 21:19:05,2024-07-01 21:19:05,1000330999,,is_multi_mapped_to,Relationship,,"{""value"":""Sovereign Locations.GBR"",""path"":[""Locations""]}",2024-07-01 21:19:05,1000330999,reference_data_value,Added,c4b96be5-840d-4441-b878-b2c7b48955a6
"",,,,,,,,,,,,,,is_multi_mapped_to,Relationship,,"{""value"":""Sovereign Locations.AUS"",""path"":[""Locations""]}",2024-07-01 21:19:05,1000330999,reference_data_value,Added,c4b96be5-840d-4441-b878-b2c7b48955a6
"",,,,,,,,,,,,,,is_multi_mapped_to,Relationship,,"{""value"":""Sovereign Locations.DEU"",""path"":[""Locations""]}",2024-07-01 21:19:05,1000330999,reference_data_value,Added,c4b96be5-840d-4441-b878-b2c7b48955a6
"",,,,,,,,,,,,,,is_multi_mapped_to,Relationship,,"{""value"":""Sovereign Locations.USA"",""path"":[""Locations""]}",2024-07-01 21:19:05,1000330999,reference_data_value,Added,c4b96be5-840d-4441-b878-b2c7b48955a6
"",,,,,,,,,,,,,,is_multi_mapped_to,Relationship,,"{""value"":""Sovereign Locations.CAN"",""path"":[""Locations""]}",2024-07-01 21:19:05,1000330999,reference_data_value,Added,c4b96be5-840d-4441-b878-b2c7b48955a6
"",,,,,,,,,,,,,,is_multi_mapped_to,Relationship,,"{""value"":""Sovereign Locations.BRA"",""path"":[""Locations""]}",2024-07-01 21:19:05,1000330999,reference_data_value,Added,c4b96be5-840d-4441-b878-b2c7b48955a6
"",,,,,,,,,,,,,,is_multi_mapped_to,Relationship,,"{""value"":""Sovereign Locations.JPN"",""path"":[""Locations""]}",2024-07-01 21:19:05,1000330999,reference_data_value,Added,c4b96be5-840d-4441-b878-b2c7b48955a6
"",,,,,,,,,,,,,,is_multi_mapped_to,Relationship,,"{""value"":""Sovereign Locations.JPN"",""path"":[""Locations""]}",2024-07-01 21:19:05,1000330999,reference_data_value,Added,c4b96be5-840d-4441-b878-b2c7b48955a6
"",,,,,,,,,,,,,,is_multi_mapped_to,Relationship,,"{""value"":""Sovereign Locations.USA"",""path"":[""Locations""]}",2024-07-01 21:19:05,1000330999,reference_data_value,Added,c4b96be5-840d-4441-b878-b2c7b48955a6
development_log,3cfa7d8a-80cc-4d45-a587-b38520f9c6c9,c57cb90f-2126-3800-9c9f-9eab82021cdf,5e634707-ffcb-4d2a-ac22-a470092d5fb0_0,reference_data,Physical Locations,,,,MODIFIED,2024-07-01 21:19:04,2024-07-01 21:19:04,1000330999,,referenceDataValues,Collection,,"{""description"":""IBM London Data Center"",""code"":""LON"",""value"":""IBM-London""}",2024-07-01 21:19:04,1000330999,,Added,09462575-13d4-4f92-b02f-d790c2a1ac34
"",,,,,,,,,,,,,,referenceDataValues,Collection,,"{""description"":""IBM Sao Paulo Data Center"",""code"":""SAO"",""value"":""IBM-Sao Paulo""}",2024-07-01 21:19:04,1000330999,,Added,09462575-13d4-4f92-b02f-d790c2a1ac34
"",,,,,,,,,,,,,,referenceDataValues,Collection,,"{""description"":""IBM Washington DC Data Center"",""code"":""WAS"",""value"":""IBM-Washington DC""}",2024-07-01 21:19:04,1000330999,,Added,09462575-13d4-4f92-b02f-d790c2a1ac34
"",,,,,,,,,,,,,,referenceDataValues,Collection,,"{""description"":""IBM Osaka Data Center"",""code"":""OSA"",""value"":""IBM-Osaka""}",2024-07-01 21:19:04,1000330999,,Added,09462575-13d4-4f92-b02f-d790c2a1ac34
"",,,,,,,,,,,,,,referenceDataValues,Collection,,"{""description"":""IBM Sydney Data Center"",""code"":""SYD"",""value"":""IBM-Sydney""}",2024-07-01 21:19:04,1000330999,,Added,09462575-13d4-4f92-b02f-d790c2a1ac34
"",,,,,,,,,,,,,,referenceDataValues,Collection,,"{""description"":""IBM Tokyo Data Center"",""code"":""TOK"",""value"":""IBM-Tokyo""}",2024-07-01 21:19:04,1000330999,,Added,09462575-13d4-4f92-b02f-d790c2a1ac34
"",,,,,,,,,,,,,,referenceDataValues,Collection,,"{""description"":""IBM Toronto Data Center"",""code"":""TOR"",""value"":""IBM-Toronto""}",2024-07-01 21:19:04,1000330999,,Added,09462575-13d4-4f92-b02f-d790c2a1ac34
"",,,,,,,,,,,,,,referenceDataValues,Collection,,"{""description"":""IBM Frankfurt Data Center"",""code"":""FRA"",""value"":""IBM-Frankfurt""}",2024-07-01 21:19:04,1000330999,,Added,09462575-13d4-4f92-b02f-d790c2a1ac34
"",,,,,,,,,,,,,,referenceDataValues,Collection,,"{""description"":""IBM Dallas Data Center"",""code"":""DAL"",""value"":""IBM-Dallas""}",2024-07-01 21:19:04,1000330999,,Added,09462575-13d4-4f92-b02f-d790c2a1ac34
development_log,f0b3850e-b310-4fbb-bd10-94c797c58555,c57cb90f-2126-3800-9c9f-9eab82021cdf,5e634707-ffcb-4d2a-ac22-a470092d5fb0_0,reference_data,Physical Locations,,,,MODIFIED,2024-07-01 21:19:04,2024-07-01 21:19:04,1000330999,,parent_category,Relationship,,"{""value"":""Locations""}",2024-07-01 21:19:04,1000330999,category,Added,5dc9c939-dbfd-4ba7-b87c-4e3d7f1db530
development_log,1f935fc8-aba7-453f-b8e5-b2508bfcd57b,c57cb90f-2126-3800-9c9f-9eab82021cdf,5e634707-ffcb-4d2a-ac22-a470092d5fb0_0,reference_data,Physical Locations,,PUBLISHED,Publish,STATUS_CHANGED,2024-07-01 21:19:04,2024-07-01 21:19:04,1000330999,,type,String,,TEXT,2024-07-01 21:19:04,1000330999,,Added,
"",,,,,,,,,,,,,,name,String,,Physical Locations,2024-07-01 21:19:04,1000330999,,Added,
"",,,,,,,,,,,,,,codeCaseSensitivity,Boolean,,true,2024-07-01 21:19:04,1000330999,,Added,
"",,,,,,,,,,,,,,longDescription,String,,Physical Locations Reference Dataset (PLRDS) is defined as geographical position data.,2024-07-01 21:19:04,1000330999,,Added,
development_log,ba388a1b-745e-4c5a-a2fb-33747c26cd44,f26ecc97-a987-464b-9438-a147b7d674f9,34879c0e-f41b-4809-893d-39b9c28637e8_0,reference_data,Department Lookup,,PUBLISHED,Publish,STATUS_CHANGED,2024-07-02 21:41:00,2024-07-02 21:41:00,1000330999,,type,String,,TEXT,2024-07-02 21:41:00,1000330999,,Added,
"",,,,,,,,,,,,,,name,String,,Department Lookup,2024-07-02 21:41:00,1000330999,,Added,
"",,,,,,,,,,,,,,codeCaseSensitivity,Boolean,,true,2024-07-02 21:41:00,1000330999,,Added,
"",,,,,,,,,,,,,,longDescription,String,,Valid codes and values for all departments in the company.,2024-07-02 21:41:00,1000330999,,Added,
"",,,,,,,,,,,,,,tags,Collection,,[Employee],2024-07-02 21:41:00,1000330999,,Added,2a93763b-ef72-43ce-a3b0-82c1c30a696e
"",,,,,,,,,,,,,,parent_category,Relationship,,"{""value"":""Employee"",""path"":[""Person""]}",2024-07-02 21:41:00,1000330999,category,Added,547c4afe-6aec-45b3-b3ab-19d62d8af028
"",,,,,,,,,,,,,,related,Relationship,,"{""value"":""Department Code"",""path"":[""Person"",""Employee""]}",2024-07-02 21:41:00,1000330999,glossary_term,Added,0c2da00a-b584-4e74-8fcf-30562f203718
