{"metadata":{"asset_id":"1b8c1368-03c9-4a94-8e40-6c3f68cc24ca","asset_attributes":["data_asset"],"name":"hiring_training_data_autoai.csv","asset_type":"data_asset","created_at":"2022-08-02T22:17:58Z","origin_country":"us","owner_id":"IBMid-110000B3QC","project_id":"c530e5e3-da0a-4f0c-8a75-f3a2f926dd7a","size":383802,"usage":{"last_update_time":1659479746792,"last_updated_at":"2022-08-02T22:35:46Z"}},"entity":{"data_asset":{"mime_type":"text/csv","dataset":false},"location_definition":{"physical_location_code_assignment_method":"INFERRED","physical_location_code":"DAL","physical_location_code_assigned_by":"IBMid-120000A2MS","physical_location_code_added_on":"1659464074939","physical_location_code_rds_version":"93703e8d-71ac-45fc-84bc-45b31b2133e4_0","physical_location_code_rds_id":"c57cb90f-2126-3800-9c9f-9eab82021cdf"}},"attachments":[{"id":"0d90212f-8d4e-4b23-b4a3-7c510657a367","version":2,"asset_type":"data_asset","name":"hiring_training_data_autoai.csv","mime":"text/csv","datasource_type":"193a97c1-4475-4a19-b90c-295c4fdc6517","object_key":"hiring_training_data_autoai.csv","creator_id":"IBMid-110000B3QC","create_time":1659478678555,"size":383802,"is_remote":false,"is_managed":false,"is_referenced":true,"is_object_key_read_only":true,"is_user_provided_path_key":true,"transfer_complete":true,"is_partitioned":false,"complete_time_ticks":1659478678555,"user_data":{},"test_doc":0,"handle":{"bucket":"trustedail3techlab-donotdelete-pr-h8osbpficxeadv","location":"us-geo","key":"hiring_training_data_autoai.csv","upload_id":"done","max_part_num":1},"usage":{"access_count":2,"last_accessor_id":"IBMid-110000B3QC","last_access_time":1659479746790,"last_updater_id":"IBMid-110000B3QC","last_update_time":1659479746790}}]}
