{"metadata":{"asset_id":"aa454dea-c951-45a2-b93c-c5bfefc435a7","asset_attributes":["data_asset"],"name":"modeling_records_2022.csv","asset_type":"data_asset","created_at":"2022-08-02T18:29:14Z","origin_country":"us","owner_id":"IBMid-120000A2MS","project_id":"c530e5e3-da0a-4f0c-8a75-f3a2f926dd7a","size":20334,"usage":{"last_update_time":1659464954467,"last_updated_at":"2022-08-02T18:29:14Z"}},"entity":{"data_asset":{"mime_type":"text/csv","dataset":false},"location_definition":{"physical_location_code_assignment_method":"INFERRED","physical_location_code":"DAL","physical_location_code_assigned_by":"IBMid-120000A2MS","physical_location_code_added_on":"1659464074939","physical_location_code_rds_version":"93703e8d-71ac-45fc-84bc-45b31b2133e4_0","physical_location_code_rds_id":"c57cb90f-2126-3800-9c9f-9eab82021cdf"}},"attachments":[{"id":"4d443ebc-75fa-4eb2-9827-a456ca78b830","version":2,"asset_type":"data_asset","name":"modeling_records_2022.csv","mime":"text/csv","datasource_type":"193a97c1-4475-4a19-b90c-295c4fdc6517","object_key":"modeling_records_2022.csv","creator_id":"IBMid-120000A2MS","create_time":1659464955017,"size":20334,"is_remote":false,"is_managed":false,"is_referenced":true,"is_object_key_read_only":true,"is_user_provided_path_key":true,"transfer_complete":true,"is_partitioned":false,"complete_time_ticks":1659464955017,"user_data":{},"test_doc":0,"handle":{"bucket":"trustedail3techlab-donotdelete-pr-h8osbpficxeadv","location":"us-geo","key":"modeling_records_2022.csv","upload_id":"done","max_part_num":1},"usage":{"access_count":0,"last_accessor_id":"IBMid-120000A2MS","last_access_time":1659464955017}}]}
