{"metadata":{"asset_id":"88001ae6-5dd7-4a98-a756-e8ad312a8bd7","asset_attributes":["data_asset","location_definition"],"name":"Demofiles.zip","asset_type":"data_asset","created_at":"2023-07-27T14:52:29Z","origin_country":"us","owner_id":"IBMid-120000A2MS","project_id":"c2bc5955-5c8b-4442-a039-ba781f4171cc","size":6942,"usage":{"last_update_time":1690469549972,"last_updated_at":"2023-07-27T14:52:29Z"}},"entity":{"data_asset":{"mime_type":"application/zip","dataset":false},"location_definition":{"physical_location_code":"DAL","physical_location_code_assigned_by":"IBMid-120000A2MS","physical_location_code_rds_id":"c57cb90f-2126-3800-9c9f-9eab82021cdf","physical_location_code_rds_version":"93703e8d-71ac-45fc-84bc-45b31b2133e4_0","physical_location_code_assignment_method":"INFERRED","physical_location_code_added_on":"1659464074939"}},"attachments":[{"id":"87679abe-ec2e-47db-b80c-089426fbbc52","version":2,"asset_type":"data_asset","name":"Demofiles.zip","mime":"application/zip","datasource_type":"193a97c1-4475-4a19-b90c-295c4fdc6517","object_key":"Demofiles.zip","creator_id":"iam-ServiceId-f49c5558-c247-4983-a04f-7d3c7a3d55da","create_time":1690469549850,"size":6942,"is_remote":false,"is_managed":false,"is_referenced":true,"is_object_key_read_only":false,"is_user_provided_path_key":true,"transfer_complete":true,"is_partitioned":false,"complete_time_ticks":1690469549850,"user_data":{},"test_doc":0,"handle":{"bucket":"trustedail3techlab-donotdelete-pr-f40zgjpwmepldm","location":"us-south","type":"bluemix_cos","key":"Demofiles.zip","upload_id":"done","max_part_num":1},"usage":{"access_count":0,"last_accessor_id":"iam-ServiceId-f49c5558-c247-4983-a04f-7d3c7a3d55da","last_access_time":1690469549850}}]}
