{"metadata":{"asset_id":"efa51347-3827-4391-8935-0a9ebf8253f1","asset_attributes":["data_asset"],"name":"Demofiles.zip","asset_type":"data_asset","created_at":"2022-08-02T20:36:03Z","origin_country":"us","owner_id":"IBMid-120000A2MS","project_id":"c530e5e3-da0a-4f0c-8a75-f3a2f926dd7a","size":6942,"usage":{"last_update_time":1659472563738,"last_updated_at":"2022-08-02T20:36:03Z"}},"entity":{"data_asset":{"mime_type":"application/zip","dataset":false},"location_definition":{"physical_location_code":"DAL","physical_location_code_assigned_by":"IBMid-120000A2MS","physical_location_code_rds_id":"c57cb90f-2126-3800-9c9f-9eab82021cdf","physical_location_code_rds_version":"93703e8d-71ac-45fc-84bc-45b31b2133e4_0","physical_location_code_assignment_method":"INFERRED","physical_location_code_added_on":"1659464074939"}},"attachments":[{"id":"f54ee96b-1cca-43df-8895-3ec1d482846d","version":2,"asset_type":"data_asset","name":"Demofiles.zip","mime":"application/zip","datasource_type":"193a97c1-4475-4a19-b90c-295c4fdc6517","object_key":"Demofiles.zip","creator_id":"IBMid-120000A2MS","create_time":1659472563737,"size":6942,"is_remote":false,"is_managed":false,"is_referenced":true,"is_object_key_read_only":true,"is_user_provided_path_key":true,"transfer_complete":true,"is_partitioned":false,"complete_time_ticks":1659472563737,"user_data":{},"test_doc":0,"handle":{"bucket":"trustedail3techlab-donotdelete-pr-h8osbpficxeadv","location":"us-geo","key":"Demofiles.zip","upload_id":"done","max_part_num":1},"usage":{"access_count":0,"last_accessor_id":"IBMid-120000A2MS","last_access_time":1659472563737}}]}
