{"metadata":{"asset_id":"37941aac-9e16-4804-b36c-c18c221dd429","asset_attributes":["notebook"],"name":"04-Deploy function lab","asset_type":"notebook","created_at":"2023-07-27T14:52:30Z","description":"This lab shows how to create and deploy a Python function. It depends on a previous step in the overall lab where the `attrition challenger - spark` model was deployed.","origin_country":"us","owner_id":"IBMid-120000A2MS","project_id":"c2bc5955-5c8b-4442-a039-ba781f4171cc","size":10165,"tags":["notebook"],"usage":{"last_update_time":1690469756079,"last_updated_at":"2023-07-27T14:55:56Z"}},"entity":{"notebook":{"kernel":{"name":"python3","display_name":"Python 3.10","language":"python"},"originates_from":{"type":"file"},"runtime":{"environment":"rt222pys1-c2bc5955-5c8b-4442-a039-ba781f4171cc"}},"location_definition":{"physical_location_code":"DAL","physical_location_code_assigned_by":"IBMid-120000A2MS","physical_location_code_rds_id":"c57cb90f-2126-3800-9c9f-9eab82021cdf","physical_location_code_rds_version":"00002022-0503-4211-8958-635137000000_2","physical_location_code_assignment_method":"INFERRED","physical_location_code_added_on":"1690469540626"}},"attachments":[{"id":"b65be214-9022-476f-bde4-224887139f66","version":2,"asset_type":"notebook","name":"attachment for notebook 37941aac-9e16-4804-b36c-c18c221dd429","description":"attachment for notebook 37941aac-9e16-4804-b36c-c18c221dd429","mime":"application/json","datasource_type":"193a97c1-4475-4a19-b90c-295c4fdc6517","object_key":"notebook/04-Deploy_function_lab_iOxp6QoMS.ipynb","creator_id":"IBMid-120000A2MS","create_time":1690469551484,"size":10165,"is_remote":false,"is_managed":false,"is_referenced":true,"is_object_key_read_only":false,"is_user_provided_path_key":true,"transfer_complete":true,"is_partitioned":false,"complete_time_ticks":1690469551484,"user_data":{},"test_doc":0,"handle":{"bucket":"trustedail3techlab-donotdelete-pr-f40zgjpwmepldm","location":"us-south","type":"bluemix_cos","key":"notebook/04-Deploy_function_lab_iOxp6QoMS.ipynb","upload_id":"done","max_part_num":1},"usage":{"access_count":1,"last_accessor_id":"IBMid-120000A2MS","last_access_time":1690469756071,"last_updater_id":"IBMid-120000A2MS","last_update_time":1690469756071}}]}
