{"metadata":{"asset_id":"bd902bf7-5ac8-4724-8ed4-703c41f11e03","asset_attributes":["notebook"],"name":"04-Deploy function lab","asset_type":"notebook","created_at":"2022-08-05T17:02:38Z","description":"This lab shows how to create and deploy a Python function. It depends on a previous step in the overall lab where the `attrition challenger - spark` model was deployed.","origin_country":"us","owner_id":"IBMid-120000A2MS","project_id":"c530e5e3-da0a-4f0c-8a75-f3a2f926dd7a","size":8120,"tags":["notebook"],"usage":{"last_update_time":1659719005273,"last_updated_at":"2022-08-05T17:03:25Z"}},"entity":{"notebook":{"kernel":{"name":"python3","display_name":"Python 3.9","language":"python"},"originates_from":{"type":"blank"},"runtime":{"environment":"conda2rt221-c530e5e3-da0a-4f0c-8a75-f3a2f926dd7a"}},"location_definition":{"physical_location_code":"DAL","physical_location_code_assigned_by":"IBMid-120000A2MS","physical_location_code_rds_id":"c57cb90f-2126-3800-9c9f-9eab82021cdf","physical_location_code_rds_version":"93703e8d-71ac-45fc-84bc-45b31b2133e4_0","physical_location_code_assignment_method":"INFERRED","physical_location_code_added_on":"1659464074939"}},"attachments":[{"id":"2d4b0117-47f5-4fe4-a87e-e841cc719e6b","version":2,"asset_type":"notebook","name":"attachment for notebook bd902bf7-5ac8-4724-8ed4-703c41f11e03","description":"attachment for notebook bd902bf7-5ac8-4724-8ed4-703c41f11e03","mime":"application/json","datasource_type":"193a97c1-4475-4a19-b90c-295c4fdc6517","object_key":"notebook/04-Deploy_function_lab_iOxp6QoMS.ipynb","creator_id":"IBMid-120000A2MS","create_time":1659718959373,"size":8120,"is_remote":false,"is_managed":false,"is_referenced":true,"is_object_key_read_only":false,"is_user_provided_path_key":true,"transfer_complete":true,"is_partitioned":false,"complete_time_ticks":1659718959373,"user_data":{},"test_doc":0,"handle":{"bucket":"trustedail3techlab-donotdelete-pr-h8osbpficxeadv","location":"us-geo","key":"notebook/04-Deploy_function_lab_iOxp6QoMS.ipynb","upload_id":"done","max_part_num":1},"usage":{"access_count":1,"last_accessor_id":"IBMid-120000A2MS","last_access_time":1659719005271,"last_updater_id":"IBMid-120000A2MS","last_update_time":1659719005271}}]}
