{"metadata":{"asset_id":"c9bb52fe-f150-451c-819e-5476c5454e93","asset_attributes":["notebook"],"name":"01-Data access lab","asset_type":"notebook","created_at":"2023-07-27T14:52:30Z","description":"Notebook for the data access portion of the lab.","origin_country":"us","owner_id":"IBMid-120000A2MS","project_id":"c2bc5955-5c8b-4442-a039-ba781f4171cc","size":9358,"tags":["notebook"],"usage":{"last_update_time":1690469590588,"last_updated_at":"2023-07-27T14:53:10Z"}},"entity":{"notebook":{"kernel":{"name":"python3","display_name":"Python 3.10","language":"python","version":"3.10"},"originates_from":{"type":"file"},"runtime":{"environment":"rt222pys1-c2bc5955-5c8b-4442-a039-ba781f4171cc"}},"location_definition":{"physical_location_code":"DAL","physical_location_code_assigned_by":"IBMid-120000A2MS","physical_location_code_rds_id":"c57cb90f-2126-3800-9c9f-9eab82021cdf","physical_location_code_rds_version":"00002022-0503-4211-8958-635137000000_2","physical_location_code_assignment_method":"INFERRED","physical_location_code_added_on":"1690469540626"}},"attachments":[{"id":"0a61570a-6ae4-47d7-ae7a-710ce9778fef","version":2,"asset_type":"notebook","name":"attachment for notebook c9bb52fe-f150-451c-819e-5476c5454e93","description":"attachment for notebook c9bb52fe-f150-451c-819e-5476c5454e93","mime":"application/json","datasource_type":"193a97c1-4475-4a19-b90c-295c4fdc6517","object_key":"notebook/01-Data_access_lab_7vhTbh0X2.ipynb","creator_id":"IBMid-120000A2MS","create_time":1690469551421,"size":9358,"is_remote":false,"is_managed":false,"is_referenced":true,"is_object_key_read_only":false,"is_user_provided_path_key":true,"transfer_complete":true,"is_partitioned":false,"complete_time_ticks":1690469551421,"user_data":{},"test_doc":0,"handle":{"bucket":"trustedail3techlab-donotdelete-pr-f40zgjpwmepldm","location":"us-south","type":"bluemix_cos","key":"notebook/01-Data_access_lab_7vhTbh0X2.ipynb","upload_id":"done","max_part_num":1},"usage":{"access_count":0,"last_accessor_id":"IBMid-120000A2MS","last_access_time":1690469551421}}]}
