{"metadata":{"asset_id":"daf7be23-d22c-442b-97c3-052e501b2277","asset_attributes":["notebook"],"name":"01-Data access lab","asset_type":"notebook","created_at":"2022-09-08T14:35:09Z","description":"Notebook for the data access portion of the lab.","origin_country":"us","owner_id":"IBMid-110000B3QC","project_id":"c3345fff-a577-4985-a61a-63e99cdd3c32","size":9358,"tags":["notebook"],"usage":{"last_update_time":1662650441533,"last_updated_at":"2022-09-08T15:20:41Z"}},"entity":{"notebook":{"kernel":{"name":"python3","display_name":"Python 3.9","language":"python"},"originates_from":{"type":"file"},"runtime":{"environment":"conda2rt221-c3345fff-a577-4985-a61a-63e99cdd3c32"}},"location_definition":{"physical_location_code":"DAL","physical_location_code_assigned_by":"IBMid-110000B3QC","physical_location_code_rds_id":"c57cb90f-2126-3800-9c9f-9eab82021cdf","physical_location_code_rds_version":"00002022-0706-4013-8454-473140000000_2","physical_location_code_assignment_method":"INFERRED","physical_location_code_added_on":"1662647688869"}},"attachments":[{"id":"17fc8911-fa91-44e3-acdd-20c0f6c5b828","version":2,"asset_type":"notebook","name":"attachment for notebook daf7be23-d22c-442b-97c3-052e501b2277","description":"attachment for notebook daf7be23-d22c-442b-97c3-052e501b2277","mime":"application/json","datasource_type":"193a97c1-4475-4a19-b90c-295c4fdc6517","object_key":"notebook/01-Data_access_lab_7vhTbh0X2.ipynb","creator_id":"IBMid-110000B3QC","create_time":1662647710389,"size":9358,"is_remote":false,"is_managed":false,"is_referenced":true,"is_object_key_read_only":false,"is_user_provided_path_key":true,"transfer_complete":true,"is_partitioned":false,"complete_time_ticks":1662647710389,"user_data":{},"test_doc":0,"handle":{"bucket":"notebookedit-donotdelete-pr-m8k69m6np05f0y","location":"us-geo","type":"bluemix_cos","key":"notebook/01-Data_access_lab_7vhTbh0X2.ipynb","upload_id":"done","max_part_num":1},"usage":{"access_count":20,"last_accessor_id":"IBMid-110000B3QC","last_access_time":1662650425604,"last_updater_id":"IBMid-110000B3QC","last_update_time":1662650425604}}]}
