Destination,Product_Code,backlog
W2,Product_0001,7.0
W2,Product_0003,229.0
W2,Product_0004,93.0
W2,Product_0005,63.0
W2,Product_0006,29.0
W2,Product_0007,0.0
W2,Product_0008,761.0
W2,Product_0009,72.0
W2,Product_0010,16.0
W2,Product_0011,0.0
W2,Product_0012,2372.0
W2,Product_0013,501.0
W2,Product_0014,3204.0
W2,Product_0015,1486.0
W2,Product_0016,3664.0
W2,Product_0017,260.0
W2,Product_0018,3674.0
W2,Product_0019,499.0
W2,Product_0020,398.0
W2,Product_0021,2693.0
W2,Product_0022,0.0
W2,Product_0023,119.0
W2,Product_0024,23694.0
W2,Product_0025,918.0
W2,Product_0026,106.0
W2,Product_0027,11.0
W2,Product_0028,26.0
W2,Product_0029,33.0
W2,Product_0030,2.0
W2,Product_0031,3356.0
W2,Product_0032,0.0
W2,Product_0033,0.0
W2,Product_0034,184.0
W2,Product_0035,286.0
W2,Product_0036,1486.0
W2,Product_0037,254.0
W2,Product_0039,214.0
W2,Product_0040,1.0
W2,Product_0041,10.0
W2,Product_0042,182.0
W2,Product_0043,6.0
W2,Product_0045,2.0
W2,Product_0046,1.0
W2,Product_0047,0.0
W2,Product_0048,11.0
W2,Product_0049,137.0
W2,Product_0050,0.0
W2,Product_0051,1.0
W2,Product_0052,504.0
W2,Product_0053,82.0
W2,Product_0054,482.0
W2,Product_0055,0.0
W2,Product_0056,56.0
W2,Product_0057,0.0
W2,Product_0058,0.0
W2,Product_0059,0.0
W2,Product_0060,0.0
W2,Product_0061,746.0
W2,Product_0062,751.0
W2,Product_0063,8463.0
W2,Product_0064,4814.0
W2,Product_0065,26024.0
W2,Product_0066,3829.0
W2,Product_0067,157.0
W2,Product_0068,0.0
W2,Product_0069,1608.0
W2,Product_0070,2346.0
W2,Product_0071,0.0
W2,Product_0072,739.0
W2,Product_0073,0.0
W2,Product_0074,304.0
W2,Product_0076,3.0
W2,Product_0078,2722.0
W2,Product_0079,175.0
W2,Product_0080,367.0
W2,Product_0081,1905.0
W2,Product_0082,17467.0
W2,Product_0083,8538.0
W2,Product_0085,1866.0
W2,Product_0086,433.0
W2,Product_0087,54.0
W2,Product_0088,1145.0
W2,Product_0089,3037.0
W2,Product_0090,44.0
W2,Product_0092,17.0
W2,Product_0093,1030.0
W2,Product_0095,779.0
W2,Product_0096,9564.0
W2,Product_0097,110.0
W2,Product_0098,9498.0
W2,Product_0099,0.0
W2,Product_0101,148.0
W2,Product_0102,0.0
W2,Product_0103,0.0
W2,Product_0104,4.0
W2,Product_0105,24.0
W2,Product_0107,719.0
W2,Product_0108,0.0
W2,Product_0109,7250.0
W2,Product_0110,85.0
W2,Product_0111,23.0
W2,Product_0113,3.0
W2,Product_0114,4.0
W2,Product_0115,52.0
W2,Product_0116,0.0
W2,Product_0117,6.0
W2,Product_0118,0.0
W2,Product_0119,0.0
W2,Product_0124,6.0
W2,Product_0125,0.0
W2,Product_0126,128.0
W2,Product_0127,225.0
W2,Product_0128,1696.0
W2,Product_0129,19.0
W2,Product_0130,1.0
W2,Product_0138,160.0
W2,Product_0139,5.0
W2,Product_0140,140.0
W2,Product_0141,63.0
W2,Product_0142,0.0
W2,Product_0150,0.0
W2,Product_0152,0.0
W2,Product_0156,1.0
W2,Product_0157,0.0
W2,Product_0158,0.0
W2,Product_0159,17.0
W2,Product_0160,0.0
W2,Product_0161,0.0
W2,Product_0163,0.0
W2,Product_0164,0.0
W2,Product_0167,15.0
W2,Product_0168,0.0
W2,Product_0170,1.0
W2,Product_0172,1.0
W2,Product_0173,0.0
W2,Product_0174,72.0
W2,Product_0175,45.0
W2,Product_0176,20.0
W2,Product_0177,76.0
W2,Product_0178,113.0
W2,Product_0179,468.0
W2,Product_0180,4.0
W2,Product_0181,0.0
W2,Product_0182,0.0
W2,Product_0183,633.0
W2,Product_0184,4.0
W2,Product_0185,12.0
W2,Product_0186,29.0
W2,Product_0187,16.0
W2,Product_0188,37.0
W2,Product_0196,116.0
W2,Product_0197,0.0
W2,Product_0198,0.0
W2,Product_0199,27.0
W2,Product_0200,18.0
W2,Product_0206,4.0
W2,Product_0214,0.0
W2,Product_0215,181.0
W2,Product_0216,0.0
W2,Product_0217,97.0
W2,Product_0218,0.0
W2,Product_0219,17.0
W2,Product_0220,1.0
W2,Product_0221,54.0
W2,Product_0222,12.0
W2,Product_0223,76.0
W2,Product_0224,3.0
W2,Product_0225,1.0
W2,Product_0226,127.0
W2,Product_0227,8.0
W2,Product_0228,20.0
W2,Product_0229,4.0
W2,Product_0230,1.0
W2,Product_0231,0.0
W2,Product_0232,1.0
W2,Product_0234,1.0
W2,Product_0235,1.0
W2,Product_0236,0.0
W2,Product_0237,2.0
W2,Product_0238,0.0
W2,Product_0239,1.0
W2,Product_0240,0.0
W2,Product_0241,7.0
W2,Product_0242,2.0
W2,Product_0243,303.0
W2,Product_0244,1.0
W2,Product_0248,62.0
W2,Product_0249,15.0
W2,Product_0250,23.0
W2,Product_0251,2.0
W2,Product_0253,0.0
W2,Product_0254,0.0
W2,Product_0255,45.0
W2,Product_0256,2.0
W2,Product_0257,0.0
W2,Product_0258,0.0
W2,Product_0259,0.0
W2,Product_0260,1.0
W2,Product_0262,8.0
W2,Product_0264,0.0
W2,Product_0265,0.0
W2,Product_0266,0.0
W2,Product_0267,0.0
W2,Product_0268,0.0
W2,Product_0269,1.0
W2,Product_0270,0.0
W2,Product_0271,1.0
W2,Product_0273,28.0
W2,Product_0275,217.0
W2,Product_0276,168.0
W2,Product_0277,131.0
W2,Product_0278,19.0
W2,Product_0280,9.0
W2,Product_0281,4.0
W2,Product_0282,7.0
W2,Product_0283,0.0
W2,Product_0284,12.0
W2,Product_0285,30.0
W2,Product_0286,38.0
W2,Product_0287,8.0
W2,Product_0288,52.0
W2,Product_0289,28.0
W2,Product_0290,0.0
W2,Product_0292,0.0
W2,Product_0294,3.0
W2,Product_0296,67.0
W2,Product_0297,61.0
W2,Product_0298,54.0
W2,Product_0299,0.0
W2,Product_0300,1.0
W2,Product_0301,46.0
W2,Product_0303,1.0
W2,Product_0304,84.0
W2,Product_0306,0.0
W2,Product_0307,7.0
W2,Product_0308,57.0
W2,Product_0309,0.0
W2,Product_0310,0.0
W2,Product_0311,12.0
W2,Product_0313,0.0
W2,Product_0314,26.0
W2,Product_0315,0.0
W2,Product_0316,0.0
W2,Product_0317,8.0
W2,Product_0318,1.0
W2,Product_0322,1.0
W2,Product_0323,3.0
W2,Product_0324,0.0
W2,Product_0325,6.0
W2,Product_0327,0.0
W2,Product_0328,0.0
W2,Product_0329,0.0
W2,Product_0331,0.0
W2,Product_0332,0.0
W2,Product_0333,15.0
W2,Product_0334,0.0
W2,Product_0335,7.0
W2,Product_0336,0.0
W2,Product_0337,0.0
W2,Product_0338,4.0
W2,Product_0339,1.0
W2,Product_0340,0.0
W2,Product_0341,0.0
W2,Product_0344,33.0
W2,Product_0345,3.0
W2,Product_0346,6.0
W2,Product_0348,9.0
W2,Product_0349,1.0
W2,Product_0350,0.0
W2,Product_0351,13.0
W2,Product_0353,1.0
W2,Product_0354,0.0
W2,Product_0355,473.0
W2,Product_0356,584.0
W2,Product_0357,0.0
W2,Product_0358,14366.0
W2,Product_0359,23730.0
W2,Product_0361,1.0
W2,Product_0362,0.0
W2,Product_0363,0.0
W2,Product_0364,11.0
W2,Product_0365,0.0
W2,Product_0367,1197.0
W2,Product_0369,928.0
W2,Product_0370,209.0
W2,Product_0373,72.0
W2,Product_0375,2.0
W2,Product_0377,0.0
W2,Product_0378,106.0
W2,Product_0380,24.0
W2,Product_0383,112.0
W2,Product_0386,6.0
W2,Product_0389,76.0
W2,Product_0393,0.0
W2,Product_0394,2.0
W2,Product_0395,3.0
W2,Product_0396,5.0
W2,Product_0397,44.0
W2,Product_0399,92.0
W2,Product_0400,10.0
W2,Product_0402,1.0
W2,Product_0406,21.0
W2,Product_0407,2382.0
W2,Product_0408,934.0
W2,Product_0409,51.0
W2,Product_0410,0.0
W2,Product_0412,4.0
W2,Product_0429,2.0
W2,Product_0430,1.0
W2,Product_0431,1.0
W2,Product_0432,0.0
W2,Product_0433,0.0
W2,Product_0443,0.0
W2,Product_0444,0.0
W2,Product_0445,4.0
W2,Product_0446,0.0
W2,Product_0447,2.0
W2,Product_0448,0.0
W2,Product_0449,0.0
W2,Product_0450,0.0
W2,Product_0451,0.0
W2,Product_0452,43.0
W2,Product_0453,7.0
W2,Product_0454,61.0
W2,Product_0455,1.0
W2,Product_0457,0.0
W2,Product_0458,11.0
W2,Product_0459,8.0
W2,Product_0460,5.0
W2,Product_0461,0.0
W2,Product_0462,0.0
W2,Product_0463,29.0
W2,Product_0464,1.0
W2,Product_0468,25.0
W2,Product_0469,0.0
W2,Product_0471,6.0
W2,Product_0472,0.0
W2,Product_0473,1.0
W2,Product_0474,0.0
W2,Product_0475,93.0
W2,Product_0476,20.0
W2,Product_0478,187.0
W2,Product_0479,137.0
W2,Product_0481,0.0
W2,Product_0482,0.0
W2,Product_0483,0.0
W2,Product_0485,0.0
W2,Product_0486,0.0
W2,Product_0487,0.0
W2,Product_0489,8.0
W2,Product_0490,0.0
W2,Product_0492,0.0
W2,Product_0493,0.0
W2,Product_0494,0.0
W2,Product_0497,0.0
W2,Product_0499,0.0
W2,Product_0500,0.0
W2,Product_0501,0.0
W2,Product_0502,0.0
W2,Product_0503,1.0
W2,Product_0504,1.0
W2,Product_0505,0.0
W2,Product_0508,1.0
W2,Product_0509,0.0
W2,Product_0510,4.0
W2,Product_0512,0.0
W2,Product_0513,9.0
W2,Product_0514,0.0
W2,Product_0516,1.0
W2,Product_0517,5.0
W2,Product_0520,0.0
W2,Product_0524,0.0
W2,Product_0525,0.0
W2,Product_0526,1.0
W2,Product_0529,0.0
W2,Product_0534,0.0
W2,Product_0537,0.0
W2,Product_0538,1.0
W2,Product_0539,0.0
W2,Product_0540,1.0
W2,Product_0544,0.0
W2,Product_0545,0.0
W2,Product_0546,25.0
W2,Product_0547,22.0
W2,Product_0548,0.0
W2,Product_0553,0.0
W2,Product_0564,0.0
W2,Product_0568,2.0
W2,Product_0569,23.0
W2,Product_0570,3.0
W2,Product_0571,3.0
W2,Product_0572,86.0
W2,Product_0581,0.0
W2,Product_0582,5.0
W2,Product_0583,41.0
W2,Product_0584,6.0
W2,Product_0585,0.0
W2,Product_0588,2.0
W2,Product_0590,33.0
W2,Product_0593,13.0
W2,Product_0594,1.0
W2,Product_0596,2.0
W2,Product_0597,0.0
W2,Product_0598,0.0
W2,Product_0600,27.0
W2,Product_0602,1.0
W2,Product_0603,68.0
W2,Product_0604,2.0
W2,Product_0605,379.0
W2,Product_0606,136.0
W2,Product_0607,28.0
W2,Product_0608,7.0
W2,Product_0609,2.0
W2,Product_0612,0.0
W2,Product_0613,44.0
W2,Product_0614,5.0
W2,Product_0615,0.0
W2,Product_0616,1.0
W2,Product_0617,0.0
W2,Product_0618,108.0
W2,Product_0619,56.0
W2,Product_0620,0.0
W2,Product_0621,2.0
W2,Product_0623,0.0
W2,Product_0624,0.0
W2,Product_0625,0.0
W2,Product_0626,0.0
W2,Product_0627,0.0
W2,Product_0628,5.0
W2,Product_0629,0.0
W2,Product_0630,0.0
W2,Product_0631,2.0
W2,Product_0632,7.0
W2,Product_0633,0.0
W2,Product_0639,0.0
W2,Product_0640,0.0
W2,Product_0641,0.0
W2,Product_0642,0.0
W2,Product_0643,0.0
W2,Product_0644,1.0
W2,Product_0645,10.0
W2,Product_0648,69.0
W2,Product_0649,12.0
W2,Product_0651,0.0
W2,Product_0652,0.0
W2,Product_0653,15.0
W2,Product_0654,31.0
W2,Product_0655,0.0
W2,Product_0656,0.0
W2,Product_0657,0.0
W2,Product_0658,0.0
W2,Product_0659,2.0
W2,Product_0660,11.0
W2,Product_0662,6.0
W2,Product_0663,10.0
W2,Product_0664,130.0
W2,Product_0665,1.0
W2,Product_0666,0.0
W2,Product_0667,3.0
W2,Product_0668,2.0
W2,Product_0670,1.0
W2,Product_0671,2.0
W2,Product_0672,3.0
W2,Product_0673,0.0
W2,Product_0674,0.0
W2,Product_0675,0.0
W2,Product_0676,76.0
W2,Product_0677,4064.0
W2,Product_0678,64.0
W2,Product_0679,0.0
W2,Product_0680,0.0
W2,Product_0681,59.0
W2,Product_0682,0.0
W2,Product_0683,0.0
W2,Product_0684,98.0
W2,Product_0685,10.0
W2,Product_0686,0.0
W2,Product_0687,287.0
W2,Product_0688,4.0
W2,Product_0689,52.0
W2,Product_0690,58.0
W2,Product_0692,37.0
W2,Product_0693,0.0
W2,Product_0694,1.0
W2,Product_0695,4.0
W2,Product_0696,0.0
W2,Product_0697,0.0
W2,Product_0698,0.0
W2,Product_0699,0.0
W2,Product_0700,8.0
W2,Product_0701,2.0
W2,Product_0702,12.0
W2,Product_0703,0.0
W2,Product_0704,2.0
W2,Product_0705,23.0
W2,Product_0706,11.0
W2,Product_0707,3.0
W2,Product_0708,1.0
W2,Product_0709,13.0
W2,Product_0710,34.0
W2,Product_0711,1.0
W2,Product_0712,2.0
W2,Product_0713,18.0
W2,Product_0714,31.0
W2,Product_0715,6.0
W2,Product_0716,4.0
W2,Product_0717,1.0
W2,Product_0718,0.0
W2,Product_0719,4.0
W2,Product_0720,8.0
W2,Product_0721,4.0
W2,Product_0722,5.0
W2,Product_0723,37.0
W2,Product_0724,152.0
W2,Product_0725,24.0
W2,Product_0726,22.0
W2,Product_0727,16.0
W2,Product_0728,3.0
W2,Product_0729,25.0
W2,Product_0730,26.0
W2,Product_0731,0.0
W2,Product_0732,2.0
W2,Product_0733,49.0
W2,Product_0734,3.0
W2,Product_0735,4.0
W2,Product_0736,4.0
W2,Product_0737,0.0
W2,Product_0738,2.0
W2,Product_0739,30.0
W2,Product_0740,7.0
W2,Product_0741,1.0
W2,Product_0742,0.0
W2,Product_0743,17.0
W2,Product_0744,0.0
W2,Product_0745,15.0
W2,Product_0746,11.0
W2,Product_0747,5.0
W2,Product_0748,0.0
W2,Product_0749,4.0
W2,Product_0750,0.0
W2,Product_0751,1.0
W2,Product_0752,1.0
W2,Product_0753,3.0
W2,Product_0754,0.0
W2,Product_0755,7.0
W2,Product_0756,10.0
W2,Product_0757,32.0
W2,Product_0758,2.0
W2,Product_0759,5.0
W2,Product_0760,0.0
W2,Product_0761,3.0
W2,Product_0762,1.0
W2,Product_0763,0.0
W2,Product_0764,24.0
W2,Product_0765,0.0
W2,Product_0766,0.0
W2,Product_0767,221.0
W2,Product_0768,76.0
W2,Product_0769,9.0
W2,Product_0770,5.0
W2,Product_0772,1.0
W2,Product_0773,15.0
W2,Product_0774,0.0
W2,Product_0775,0.0
W2,Product_0776,0.0
W2,Product_0777,0.0
W2,Product_0778,0.0
W2,Product_0779,31.0
W2,Product_0780,24.0
W2,Product_0781,13.0
W2,Product_0782,4.0
W2,Product_0784,0.0
W2,Product_0785,9.0
W2,Product_0786,7.0
W2,Product_0787,56.0
W2,Product_0788,3.0
W2,Product_0789,1.0
W2,Product_0790,55.0
W2,Product_0791,0.0
W2,Product_0792,41.0
W2,Product_0793,0.0
W2,Product_0794,1.0
W2,Product_0795,44.0
W2,Product_0796,6.0
W2,Product_0797,3.0
W2,Product_0798,2.0
W2,Product_0799,0.0
W2,Product_0800,1.0
W2,Product_0801,0.0
W2,Product_0802,1.0
W2,Product_0803,1.0
W2,Product_0804,4.0
W2,Product_0805,0.0
W2,Product_0806,3.0
W2,Product_0807,1.0
W2,Product_0808,27.0
W2,Product_0810,0.0
W2,Product_0811,0.0
W2,Product_0812,0.0
W2,Product_0813,0.0
W2,Product_0814,0.0
W2,Product_0815,3.0
W2,Product_0816,2.0
W2,Product_0817,0.0
W2,Product_0818,0.0
W2,Product_0819,1.0
W2,Product_0820,0.0
W2,Product_0821,7.0
W2,Product_0822,6.0
W2,Product_0823,2.0
W2,Product_0826,1.0
W2,Product_0827,1.0
W2,Product_0828,0.0
W2,Product_0829,9262.0
W2,Product_0830,55.0
W2,Product_0831,351.0
W2,Product_0832,77.0
W2,Product_0833,47.0
W2,Product_0834,15.0
W2,Product_0835,49.0
W2,Product_0836,6.0
W2,Product_0837,4929.0
W2,Product_0838,177.0
W2,Product_0839,4.0
W2,Product_0841,14.0
W2,Product_0842,0.0
W2,Product_0843,17.0
W2,Product_0844,0.0
W2,Product_0845,336.0
W2,Product_0846,1.0
W2,Product_0847,23.0
W2,Product_0853,1.0
W2,Product_0860,1.0
W2,Product_0861,1.0
W2,Product_0862,0.0
W2,Product_0864,0.0
W2,Product_0865,0.0
W2,Product_0866,0.0
W2,Product_0867,0.0
W2,Product_0868,0.0
W2,Product_0900,15.0
W2,Product_0901,44.0
W2,Product_0904,0.0
W2,Product_0905,81.0
W2,Product_0907,18.0
W2,Product_0908,5.0
W2,Product_0928,830.0
W2,Product_0929,0.0
W2,Product_0930,2090.0
W2,Product_0931,14823.0
W2,Product_0932,4758.0
W2,Product_0933,15822.0
W2,Product_0934,1478.0
W2,Product_0935,2455.0
W2,Product_0936,3244.0
W2,Product_0937,794.0
W2,Product_0939,710.0
W2,Product_0940,71.0
W2,Product_0941,3952.0
W2,Product_0942,1846.0
W2,Product_0943,2743.0
W2,Product_0947,0.0
W2,Product_0950,59.0
W2,Product_0952,155.0
W2,Product_0953,12.0
W2,Product_0954,0.0
W2,Product_0955,0.0
W2,Product_0956,1.0
W2,Product_0957,63.0
W2,Product_0959,0.0
W2,Product_0960,0.0
W2,Product_0961,141.0
W2,Product_0962,3677.0
W2,Product_0963,64.0
W2,Product_0964,159.0
W2,Product_0968,7.0
W2,Product_0969,0.0
W2,Product_0970,3.0
W2,Product_0971,0.0
W2,Product_0972,315.0
W2,Product_0973,755.0
W2,Product_0974,87.0
W2,Product_0975,1050.0
W2,Product_0976,590.0
W2,Product_0978,0.0
W2,Product_0979,5614.0
W2,Product_0980,53.0
W2,Product_0981,2244.0
W2,Product_0982,14.0
W2,Product_0983,17.0
W2,Product_0984,891.0
W2,Product_0986,1398.0
W2,Product_0987,1.0
W2,Product_0988,35.0
W2,Product_0989,77.0
W2,Product_0991,10.0
W2,Product_0993,8.0
W2,Product_0994,192.0
W2,Product_0995,18.0
W2,Product_0998,391.0
W2,Product_1000,25.0
W2,Product_1001,277.0
W2,Product_1009,225.0
W2,Product_1011,23.0
W2,Product_1012,22.0
W2,Product_1013,0.0
W2,Product_1014,345.0
W2,Product_1015,278.0
W2,Product_1016,14748.0
W2,Product_1017,340.0
W2,Product_1018,95.0
W2,Product_1020,37.0
W2,Product_1021,478.0
W2,Product_1022,206.0
W2,Product_1023,4169.0
W2,Product_1024,2.0
W2,Product_1025,3.0
W2,Product_1026,99.0
W2,Product_1028,49.0
W2,Product_1029,49.0
W2,Product_1030,798.0
W2,Product_1031,236.0
W2,Product_1032,188.0
W2,Product_1033,71.0
W2,Product_1034,23.0
W2,Product_1035,4.0
W2,Product_1036,3.0
W2,Product_1037,0.0
W2,Product_1038,34.0
W2,Product_1039,196.0
W2,Product_1040,21.0
W2,Product_1041,2.0
W2,Product_1042,4.0
W2,Product_1043,0.0
W2,Product_1044,12.0
W2,Product_1045,31.0
W2,Product_1046,20.0
W2,Product_1047,4439.0
W2,Product_1048,7024.0
W2,Product_1049,1.0
W2,Product_1050,10.0
W2,Product_1051,10.0
W2,Product_1052,1.0
W2,Product_1055,4.0
W2,Product_1056,8.0
W2,Product_1057,0.0
W2,Product_1058,3.0
W2,Product_1059,2.0
W2,Product_1060,3.0
W2,Product_1062,14.0
W2,Product_1063,0.0
W2,Product_1091,0.0
W2,Product_1093,0.0
W2,Product_1094,3.0
W2,Product_1096,1.0
W2,Product_1097,13.0
W2,Product_1098,0.0
W2,Product_1099,0.0
W2,Product_1100,0.0
W2,Product_1104,607.0
W2,Product_1105,138.0
W2,Product_1106,644.0
W2,Product_1107,257.0
W2,Product_1110,0.0
W2,Product_1111,1.0
W2,Product_1112,0.0
W2,Product_1113,0.0
W2,Product_1114,0.0
W2,Product_1115,0.0
W2,Product_1117,0.0
W2,Product_1118,4.0
W2,Product_1119,0.0
W2,Product_1120,1.0
W2,Product_1121,4.0
W2,Product_1122,8.0
W2,Product_1123,0.0
W2,Product_1124,4.0
W2,Product_1125,1.0
W2,Product_1126,1.0
W2,Product_1134,0.0
W2,Product_1135,7428.0
W2,Product_1136,0.0
W2,Product_1137,0.0
W2,Product_1138,0.0
W2,Product_1139,8.0
W2,Product_1140,88.0
W2,Product_1141,0.0
W2,Product_1142,4.0
W2,Product_1143,3.0
W2,Product_1144,0.0
W2,Product_1145,0.0
W2,Product_1146,0.0
W2,Product_1147,5253.0
W2,Product_1148,2599.0
W2,Product_1149,76760.0
W2,Product_1150,1478.0
W2,Product_1151,14214.0
W2,Product_1152,10579.0
W2,Product_1153,14145.0
W2,Product_1154,1452.0
W2,Product_1155,117.0
W2,Product_1156,31985.0
W2,Product_1157,17950.0
W2,Product_1158,23194.0
W2,Product_1159,0.0
W2,Product_1160,593.0
W2,Product_1161,2715.0
W2,Product_1162,130383.0
W2,Product_1163,3310.0
W2,Product_1164,2020.0
W2,Product_1165,2070.0
W2,Product_1167,16620.0
W2,Product_1168,1.0
W2,Product_1173,128.0
W2,Product_1174,0.0
W2,Product_1175,14.0
W2,Product_1176,2.0
W2,Product_1177,4.0
W2,Product_1181,0.0
W2,Product_1186,4.0
W2,Product_1187,66.0
W2,Product_1188,329.0
W2,Product_1189,67.0
W2,Product_1191,78.0
W2,Product_1192,47.0
W2,Product_1193,133.0
W2,Product_1194,228.0
W2,Product_1195,807.0
W2,Product_1196,395.0
W2,Product_1197,29.0
W2,Product_1198,856.0
W2,Product_1199,813.0
W2,Product_1200,192.0
W2,Product_1201,52.0
W2,Product_1202,73.0
W2,Product_1203,44.0
W2,Product_1204,0.0
W2,Product_1205,1.0
W2,Product_1206,29.0
W2,Product_1207,135.0
W2,Product_1208,1.0
W2,Product_1209,352.0
W2,Product_1210,3887.0
W2,Product_1211,1817.0
W2,Product_1212,0.0
W2,Product_1213,2701.0
W2,Product_1214,6318.0
W2,Product_1215,4121.0
W2,Product_1216,2163.0
W2,Product_1217,1068269.0
W2,Product_1218,787.0
W2,Product_1219,663.0
W2,Product_1220,0.0
W2,Product_1221,7176.0
W2,Product_1222,8468.0
W2,Product_1223,3.0
W2,Product_1224,1201.0
W2,Product_1225,653.0
W2,Product_1226,518.0
W2,Product_1227,466.0
W2,Product_1228,34.0
W2,Product_1229,124.0
W2,Product_1230,3.0
W2,Product_1231,0.0
W2,Product_1232,1192.0
W2,Product_1233,181.0
W2,Product_1234,1432.0
W2,Product_1236,2234.0
W2,Product_1239,250.0
W2,Product_1240,1635.0
W2,Product_1241,33722.0
W2,Product_1242,131901.0
W2,Product_1243,505.0
W2,Product_1244,792.0
W2,Product_1246,6140.0
W2,Product_1247,339.0
W2,Product_1248,187648.0
W2,Product_1250,22526.0
W2,Product_1251,196.0
W2,Product_1252,1.0
W2,Product_1253,810.0
W2,Product_1254,37.0
W2,Product_1255,1157.0
W2,Product_1256,3309.0
W2,Product_1257,28.0
W2,Product_1258,28.0
W2,Product_1259,271.0
W2,Product_1260,19.0
W2,Product_1261,2822.0
W2,Product_1262,3681.0
W2,Product_1264,37905.0
W2,Product_1265,650.0
W2,Product_1266,1357.0
W2,Product_1267,17514.0
W2,Product_1268,239.0
W2,Product_1269,876.0
W2,Product_1270,9664.0
W2,Product_1271,745.0
W2,Product_1272,260.0
W2,Product_1273,1432.0
W2,Product_1274,67343.0
W2,Product_1275,1385.0
W2,Product_1276,0.0
W2,Product_1277,0.0
W2,Product_1278,685.0
W2,Product_1279,2466.0
W2,Product_1280,33.0
W2,Product_1281,1350.0
W2,Product_1282,9496.0
W2,Product_1283,59.0
W2,Product_1284,333.0
W2,Product_1285,202.0
W2,Product_1286,43722.0
W2,Product_1287,0.0
W2,Product_1288,1579.0
W2,Product_1289,2521.0
W2,Product_1290,9378.0
W2,Product_1292,557.0
W2,Product_1294,15511.0
W2,Product_1295,259423.0
W2,Product_1296,14.0
W2,Product_1297,458.0
W2,Product_1300,26.0
W2,Product_1301,258.0
W2,Product_1302,34.0
W2,Product_1303,94.0
W2,Product_1304,7864.0
W2,Product_1305,411.0
W2,Product_1306,323.0
W2,Product_1307,665.0
W2,Product_1308,925.0
W2,Product_1309,12609.0
W2,Product_1310,4.0
W2,Product_1311,21.0
W2,Product_1312,17606.0
W2,Product_1313,22.0
W2,Product_1314,0.0
W2,Product_1315,6889.0
W2,Product_1316,7424.0
W2,Product_1317,0.0
W2,Product_1318,0.0
W2,Product_1320,1.0
W2,Product_1321,1.0
W2,Product_1322,29.0
W2,Product_1323,23.0
W2,Product_1327,0.0
W2,Product_1328,0.0
W2,Product_1329,0.0
W2,Product_1331,0.0
W2,Product_1333,118.0
W2,Product_1334,0.0
W2,Product_1335,21.0
W2,Product_1337,5.0
W2,Product_1338,0.0
W2,Product_1339,11.0
W2,Product_1340,3.0
W2,Product_1344,2232.0
W2,Product_1345,350.0
W2,Product_1346,1460.0
W2,Product_1347,3349.0
W2,Product_1348,34.0
W2,Product_1349,5802.0
W2,Product_1350,24647.0
W2,Product_1351,16.0
W2,Product_1352,4394.0
W2,Product_1354,32.0
W2,Product_1355,6615.0
W2,Product_1356,4903.0
W2,Product_1357,908.0
W2,Product_1359,76961.0
W2,Product_1360,53790.0
W2,Product_1361,26553.0
W2,Product_1362,343.0
W2,Product_1363,20779.0
W2,Product_1364,312.0
W2,Product_1365,0.0
W2,Product_1367,491.0
W2,Product_1368,165.0
W2,Product_1369,4245.0
W2,Product_1370,0.0
W2,Product_1371,0.0
W2,Product_1372,5847.0
W2,Product_1373,124.0
W2,Product_1374,2450.0
W2,Product_1375,0.0
W2,Product_1376,1807.0
W2,Product_1377,83432.0
W2,Product_1378,169998.0
W2,Product_1379,0.0
W2,Product_1380,1870.0
W2,Product_1381,14452.0
W2,Product_1382,17951.0
W2,Product_1383,0.0
W2,Product_1385,1110.0
W2,Product_1386,11.0
W2,Product_1387,2474.0
W2,Product_1388,636.0
W2,Product_1389,69.0
W2,Product_1390,26.0
W2,Product_1391,265.0
W2,Product_1392,669.0
W2,Product_1393,18150.0
W2,Product_1394,2813.0
W2,Product_1396,11200.0
W2,Product_1397,6350.0
W2,Product_1398,52.0
W2,Product_1399,118.0
W2,Product_1400,2416.0
W2,Product_1401,2573.0
W2,Product_1402,392.0
W2,Product_1403,34370.0
W2,Product_1404,316.0
W2,Product_1406,581.0
W2,Product_1407,64862.0
W2,Product_1408,932.0
W2,Product_1410,11852.0
W2,Product_1411,26.0
W2,Product_1412,0.0
W2,Product_1413,254.0
W2,Product_1414,528.0
W2,Product_1415,18.0
W2,Product_1416,225.0
W2,Product_1417,70.0
W2,Product_1418,706.0
W2,Product_1419,0.0
W2,Product_1420,27.0
W2,Product_1423,30.0
W2,Product_1424,108.0
W2,Product_1425,50.0
W2,Product_1426,47.0
W2,Product_1427,0.0
W2,Product_1428,25.0
W2,Product_1429,0.0
W2,Product_1430,6038.0
W2,Product_1432,87266.0
W2,Product_1435,484.0
W2,Product_1436,2003.0
W2,Product_1437,6925.0
W2,Product_1438,4233.0
W2,Product_1439,10951.0
W2,Product_1440,1212.0
W2,Product_1446,197.0
W2,Product_1447,1358.0
W2,Product_1449,0.0
W2,Product_1450,0.0
W2,Product_1451,148444.0
W2,Product_1452,0.0
W2,Product_1453,30553.0
W2,Product_1454,0.0
W2,Product_1455,1295.0
W2,Product_1456,12664.0
W2,Product_1457,159.0
W2,Product_1458,7226.0
W2,Product_1459,7489.0
W2,Product_1460,0.0
W2,Product_1461,36.0
W2,Product_1462,30.0
W2,Product_1463,14938.0
W2,Product_1464,508.0
W2,Product_1465,0.0
W2,Product_1466,25.0
W2,Product_1467,1523.0
W2,Product_1468,156.0
W2,Product_1469,2153.0
W2,Product_1470,2306.0
W2,Product_1471,7934.0
W2,Product_1472,559.0
W2,Product_1473,88.0
W2,Product_1474,0.0
W2,Product_1475,191.0
W2,Product_1477,164.0
W2,Product_1478,467.0
W2,Product_1479,5274.0
W2,Product_1480,1144.0
W2,Product_1481,854.0
W2,Product_1482,188.0
W2,Product_1483,3609.0
W2,Product_1484,1516.0
W2,Product_1486,23629.0
W2,Product_1487,818.0
W2,Product_1489,6356.0
W2,Product_1490,1051.0
W2,Product_1491,11.0
W2,Product_1492,725.0
W2,Product_1493,13668.0
W2,Product_1494,67.0
W2,Product_1495,2293.0
W2,Product_1496,161.0
W2,Product_1497,236.0
W2,Product_1498,4.0
W2,Product_1499,25.0
W2,Product_1500,529.0
W2,Product_1501,274.0
W2,Product_1502,4677.0
W2,Product_1504,0.0
W2,Product_1505,0.0
W2,Product_1506,108.0
W2,Product_1507,17.0
W2,Product_1508,9119.0
W2,Product_1509,126.0
W2,Product_1511,206.0
W2,Product_1512,0.0
W2,Product_1513,4034.0
W2,Product_1514,68.0
W2,Product_1515,3131.0
W2,Product_1516,561.0
W2,Product_1517,11.0
W2,Product_1518,745.0
W2,Product_1519,115.0
W2,Product_1520,12982.0
W2,Product_1521,12342.0
W2,Product_1522,402.0
W2,Product_1523,356.0
W2,Product_1524,1523.0
W2,Product_1526,14181.0
W2,Product_1527,386.0
W2,Product_1529,14.0
W2,Product_1530,0.0
W2,Product_1531,20.0
W2,Product_1532,229.0
W2,Product_1533,0.0
W2,Product_1534,12.0
W2,Product_1535,170.0
W2,Product_1536,125.0
W2,Product_1537,199.0
W2,Product_1538,0.0
W2,Product_1539,146.0
W2,Product_1540,0.0
W2,Product_1541,247.0
W2,Product_1542,251.0
W2,Product_1543,264.0
W2,Product_1546,0.0
W2,Product_1547,0.0
W2,Product_1550,147.0
W2,Product_1551,29.0
W2,Product_1552,123.0
W2,Product_1554,33102.0
W2,Product_1555,16683.0
W2,Product_1556,0.0
W2,Product_1557,27.0
W2,Product_1559,35.0
W2,Product_1561,353.0
W2,Product_1562,263.0
W2,Product_1564,20.0
W2,Product_1565,4.0
W2,Product_1566,0.0
W2,Product_1569,41.0
W2,Product_1570,11354.0
W2,Product_1572,4063.0
W2,Product_1575,12.0
W2,Product_1576,0.0
W2,Product_1578,1948.0
W2,Product_1579,493.0
W2,Product_1580,1793.0
W2,Product_1581,15936.0
W2,Product_1582,592.0
W2,Product_1583,0.0
W2,Product_1611,10.0
W2,Product_1612,235.0
W2,Product_1613,3228.0
W2,Product_1614,2.0
W2,Product_1615,0.0
W2,Product_1620,0.0
W2,Product_1621,311.0
W2,Product_1622,154.0
W2,Product_1623,1734.0
W2,Product_1624,0.0
W2,Product_1625,3826.0
W2,Product_1626,171.0
W2,Product_1627,0.0
W2,Product_1628,95.0
W2,Product_1629,0.0
W2,Product_1632,83.0
W2,Product_1633,384.0
W2,Product_1634,82.0
W2,Product_1635,552.0
W2,Product_1636,600.0
W2,Product_1637,6111.0
W2,Product_1638,110.0
W2,Product_1639,307.0
W2,Product_1640,224.0
W2,Product_1641,38.0
W2,Product_1642,3.0
W2,Product_1643,316.0
W2,Product_1648,195.0
W2,Product_1649,0.0
W2,Product_1650,9.0
W2,Product_1651,74.0
W2,Product_1652,1262.0
W2,Product_1653,647.0
W2,Product_1656,1.0
W2,Product_1657,0.0
W2,Product_1658,0.0
W2,Product_1659,3.0
W2,Product_1660,2.0
W2,Product_1661,2.0
W2,Product_1662,0.0
W2,Product_1663,3.0
W2,Product_1664,0.0
W2,Product_1665,0.0
W2,Product_1666,1.0
W2,Product_1667,7.0
W2,Product_1668,1.0
W2,Product_1669,1.0
W2,Product_1670,0.0
W2,Product_1671,0.0
W2,Product_1672,21.0
W2,Product_1673,0.0
W2,Product_1674,4.0
W2,Product_1675,41.0
W2,Product_1676,14.0
W2,Product_1677,0.0
W2,Product_1678,3.0
W2,Product_1679,1.0
W2,Product_1680,12.0
W2,Product_1681,0.0
W2,Product_1682,0.0
W2,Product_1683,0.0
W2,Product_1684,9.0
W2,Product_1685,0.0
W2,Product_1686,1.0
W2,Product_1688,1.0
W2,Product_1689,0.0
W2,Product_1690,0.0
W2,Product_1691,1.0
W2,Product_1692,0.0
W2,Product_1693,0.0
W2,Product_1694,1.0
W2,Product_1695,0.0
W2,Product_1696,0.0
W2,Product_1697,0.0
W2,Product_1699,6.0
W2,Product_1700,8.0
W2,Product_1701,0.0
W2,Product_1702,0.0
W2,Product_1704,0.0
W2,Product_1705,6.0
W2,Product_1708,6.0
W2,Product_1709,0.0
W2,Product_1710,3.0
W2,Product_1711,1.0
W2,Product_1712,1.0
W2,Product_1713,1.0
W2,Product_1714,1.0
W2,Product_1715,2.0
W2,Product_1716,0.0
W2,Product_1717,0.0
W2,Product_1718,134.0
W2,Product_1719,0.0
W2,Product_1721,0.0
W2,Product_1722,0.0
W2,Product_1723,0.0
W2,Product_1729,270.0
W2,Product_1730,0.0
W2,Product_1731,393.0
W2,Product_1732,157.0
W2,Product_1749,0.0
W2,Product_1750,0.0
W2,Product_1752,6.0
W2,Product_1753,0.0
W2,Product_1754,2.0
W2,Product_1755,1.0
W2,Product_1756,2.0
W2,Product_1757,1.0
W2,Product_1758,1.0
W2,Product_1759,1.0
W2,Product_1760,1.0
W2,Product_1761,1.0
W2,Product_1762,1.0
W2,Product_1763,3.0
W2,Product_1764,5.0
W2,Product_1765,803.0
W2,Product_1766,9644.0
W2,Product_1767,0.0
W2,Product_1768,0.0
W2,Product_1770,1.0
W2,Product_1771,0.0
W2,Product_1774,1.0
W2,Product_1776,3.0
W2,Product_1777,8.0
W2,Product_1779,3.0
W2,Product_1780,19397.0
W2,Product_1781,0.0
W2,Product_1782,3.0
W2,Product_1784,0.0
W2,Product_1785,522.0
W2,Product_1786,6.0
W2,Product_1787,6433.0
W2,Product_1788,2165.0
W2,Product_1789,117.0
W2,Product_1790,356.0
W2,Product_1791,866.0
W2,Product_1792,0.0
W2,Product_1795,42.0
W2,Product_1796,3.0
W2,Product_1797,0.0
W2,Product_1798,1.0
W2,Product_1801,0.0
W2,Product_1802,2.0
W2,Product_1803,1.0
W2,Product_1805,1.0
W2,Product_1806,0.0
W2,Product_1807,0.0
W2,Product_1809,0.0
W2,Product_1810,0.0
W2,Product_1812,1581.0
W2,Product_1813,884.0
W2,Product_1815,5.0
W2,Product_1816,0.0
W2,Product_1817,6183.0
W2,Product_1818,1407.0
W2,Product_1819,215.0
W2,Product_1820,472.0
W2,Product_1821,398.0
W2,Product_1822,9.0
W2,Product_1823,1044.0
W2,Product_1824,276.0
W2,Product_1825,6347.0
W2,Product_1826,4516.0
W2,Product_1827,431.0
W2,Product_1829,259.0
W2,Product_1830,38710.0
W2,Product_1831,3583.0
W2,Product_1832,1338.0
W2,Product_1833,3630.0
W2,Product_1834,0.0
W2,Product_1836,0.0
W2,Product_1838,520.0
W2,Product_1839,67439.0
W2,Product_1840,1569.0
W2,Product_1841,5603.0
W2,Product_1842,8626.0
W2,Product_1843,1631.0
W2,Product_1846,2186.0
W2,Product_1847,71.0
W2,Product_1848,379.0
W2,Product_1850,3.0
W2,Product_1851,1.0
W2,Product_1852,0.0
W2,Product_1853,1.0
W2,Product_1854,0.0
W2,Product_1856,0.0
W2,Product_1857,0.0
W2,Product_1858,1.0
W2,Product_1859,1.0
W2,Product_1860,0.0
W2,Product_1861,0.0
W2,Product_1862,0.0
W2,Product_1863,0.0
W2,Product_1864,0.0
W2,Product_1865,0.0
W2,Product_1866,0.0
W2,Product_1867,0.0
W2,Product_1868,0.0
W2,Product_1869,1.0
W2,Product_1870,1.0
W2,Product_1871,0.0
W2,Product_1872,0.0
W2,Product_1873,0.0
W2,Product_1874,0.0
W2,Product_1875,3.0
W2,Product_1876,3.0
W2,Product_1877,0.0
W2,Product_1878,1455.0
W2,Product_1879,203.0
W2,Product_1880,558.0
W2,Product_1881,0.0
W2,Product_1883,0.0
W2,Product_1884,716.0
W2,Product_1885,3188.0
W2,Product_1886,23998.0
W2,Product_1887,133.0
W2,Product_1888,253.0
W2,Product_1889,650.0
W2,Product_1890,562.0
W2,Product_1891,5.0
W2,Product_1892,1.0
W2,Product_1893,0.0
W2,Product_1895,0.0
W2,Product_1896,0.0
W2,Product_1897,3.0
W2,Product_1898,0.0
W2,Product_1899,645.0
W2,Product_1900,391.0
W2,Product_1901,0.0
W2,Product_1903,61.0
W2,Product_1904,359.0
W2,Product_1905,1232.0
W2,Product_1906,755.0
W2,Product_1907,0.0
W2,Product_1908,1.0
W2,Product_1909,0.0
W2,Product_1910,0.0
W2,Product_1916,36.0
W2,Product_1917,0.0
W2,Product_1919,0.0
W2,Product_1920,0.0
W2,Product_1921,0.0
W2,Product_1922,0.0
W2,Product_1923,0.0
W2,Product_1924,0.0
W2,Product_1926,9.0
W2,Product_1927,0.0
W2,Product_1928,0.0
W2,Product_1929,0.0
W2,Product_1930,0.0
W2,Product_1931,0.0
W2,Product_1932,0.0
W2,Product_1933,0.0
W2,Product_1934,0.0
W2,Product_1936,1.0
W2,Product_1937,0.0
W2,Product_1938,8.0
W2,Product_1939,2.0
W2,Product_1940,0.0
W2,Product_1941,0.0
W2,Product_1942,0.0
W2,Product_1943,0.0
W2,Product_1944,0.0
W2,Product_1945,0.0
W2,Product_1946,0.0
W2,Product_1947,0.0
W2,Product_1948,0.0
W2,Product_1949,0.0
W2,Product_1950,0.0
W2,Product_1951,0.0
W2,Product_1952,1.0
W2,Product_1953,0.0
W2,Product_1954,6.0
W2,Product_1956,0.0
W2,Product_1961,0.0
W2,Product_1962,0.0
W2,Product_1963,1.0
W2,Product_1965,0.0
W2,Product_1966,861.0
W2,Product_1967,0.0
W2,Product_1968,36.0
W2,Product_1969,4490.0
W2,Product_1970,8616.0
W2,Product_1971,302.0
W2,Product_1972,1478.0
W2,Product_1973,0.0
W2,Product_1974,0.0
W2,Product_1975,0.0
W2,Product_1977,181.0
W2,Product_1979,13.0
W2,Product_1981,327.0
W2,Product_1982,82.0
W2,Product_1984,2.0
W2,Product_1985,97.0
W2,Product_1986,460.0
W2,Product_1987,74.0
W2,Product_1988,458.0
W2,Product_1990,6487.0
W2,Product_1991,4048.0
W2,Product_1992,659.0
W2,Product_1993,162.0
W2,Product_1994,8.0
W2,Product_1995,35.0
W2,Product_1996,75.0
W2,Product_1997,1339.0
W2,Product_1998,209.0
W2,Product_1999,22.0
W2,Product_2000,135.0
W2,Product_2001,877.0
W2,Product_2002,0.0
W2,Product_2003,4.0
W2,Product_2004,0.0
W2,Product_2005,138.0
W2,Product_2006,204.0
W2,Product_2007,146.0
W2,Product_2008,136.0
W2,Product_2010,2926.0
W2,Product_2011,56.0
W2,Product_2012,81.0
W2,Product_2013,8.0
W2,Product_2014,420.0
W2,Product_2015,1128.0
W2,Product_2016,500.0
W2,Product_2017,269.0
W2,Product_2018,0.0
W2,Product_2019,319.0
W2,Product_2020,1.0
W2,Product_2021,103.0
W2,Product_2023,6.0
W2,Product_2024,4.0
W2,Product_2025,0.0
W2,Product_2026,60.0
W2,Product_2027,992.0
W2,Product_2028,193.0
W2,Product_2029,0.0
W2,Product_2030,1.0
W2,Product_2031,62.0
W2,Product_2032,0.0
W2,Product_2033,3822.0
W2,Product_2034,2233.0
W2,Product_2035,22898.0
W2,Product_2036,0.0
W2,Product_2037,0.0
W2,Product_2038,4.0
W2,Product_2039,8.0
W2,Product_2041,118.0
W2,Product_2042,6163.0
W2,Product_2043,2746.0
W2,Product_2044,2932.0
W2,Product_2045,594.0
W2,Product_2046,0.0
W2,Product_2047,2440.0
W2,Product_2048,424.0
W2,Product_2049,120.0
W2,Product_2050,0.0
W2,Product_2061,0.0
W2,Product_2062,1195.0
W2,Product_2063,27.0
W2,Product_2064,45.0
W2,Product_2065,7.0
W2,Product_2066,65.0
W2,Product_2067,7.0
W2,Product_2068,6.0
W2,Product_2069,0.0
W2,Product_2075,0.0
W2,Product_2076,0.0
W2,Product_2081,0.0
W2,Product_2082,8.0
W2,Product_2088,0.0
W2,Product_2089,0.0
W2,Product_2091,4.0
W2,Product_2093,7.0
W2,Product_2094,10.0
W2,Product_2095,4.0
W2,Product_2096,49.0
W2,Product_2100,8.0
W2,Product_2101,1.0
W2,Product_2104,2.0
W2,Product_2106,0.0
W2,Product_2109,0.0
W2,Product_2110,0.0
W2,Product_2114,2.0
W2,Product_2115,0.0
W2,Product_2116,0.0
W2,Product_2128,0.0
W2,Product_2131,0.0
W2,Product_2132,1.0
W2,Product_2134,0.0
W2,Product_2136,10.0
W2,Product_2138,1.0
W2,Product_2140,5.0
W2,Product_2142,9.0
W2,Product_2143,1.0
W2,Product_2144,1.0
W2,Product_2148,36.0
W2,Product_2149,76.0
W2,Product_2150,123.0
W2,Product_2151,1.0
W2,Product_2152,0.0
W2,Product_2153,58.0
W2,Product_2154,1.0
W2,Product_2155,6.0
W2,Product_2157,14.0
W2,Product_2158,2.0
W2,Product_2159,25.0
W2,Product_2160,34.0
W2,Product_2163,2.0
W2,Product_2166,0.0
W2,Product_2167,142.0
W2,Product_2168,50.0
W2,Product_2169,20.0
W2,Product_2171,3.0
W2,Product_2172,204.0
W1,Product_0001,4.0
W1,Product_0020,56.0
W1,Product_0031,0.0
W1,Product_0075,0.0
W1,Product_0078,202.0
W1,Product_0081,0.0
W1,Product_0091,65.0
W1,Product_0097,13.0
W1,Product_0119,0.0
W1,Product_0120,131.0
W1,Product_0121,107.0
W1,Product_0122,297.0
W1,Product_0123,479.0
W1,Product_0125,2.0
W1,Product_0130,6.0
W1,Product_0131,0.0
W1,Product_0132,10.0
W1,Product_0133,2.0
W1,Product_0134,0.0
W1,Product_0135,1.0
W1,Product_0136,2.0
W1,Product_0140,3.0
W1,Product_0148,0.0
W1,Product_0149,0.0
W1,Product_0150,0.0
W1,Product_0151,1.0
W1,Product_0168,30.0
W1,Product_0169,11.0
W1,Product_0172,2.0
W1,Product_0189,30.0
W1,Product_0190,34.0
W1,Product_0193,1.0
W1,Product_0200,1085.0
W1,Product_0201,0.0
W1,Product_0202,212.0
W1,Product_0203,3.0
W1,Product_0204,7.0
W1,Product_0205,0.0
W1,Product_0206,0.0
W1,Product_0207,151.0
W1,Product_0208,18.0
W1,Product_0209,102.0
W1,Product_0210,2.0
W1,Product_0211,612.0
W1,Product_0212,28.0
W1,Product_0213,39.0
W1,Product_0225,0.0
W1,Product_0226,154.0
W1,Product_0228,2354.0
W1,Product_0230,442.0
W1,Product_0231,0.0
W1,Product_0232,1.0
W1,Product_0243,61.0
W1,Product_0245,0.0
W1,Product_0246,0.0
W1,Product_0247,0.0
W1,Product_0249,0.0
W1,Product_0250,747.0
W1,Product_0272,129.0
W1,Product_0274,658.0
W1,Product_0287,5.0
W1,Product_0288,34.0
W1,Product_0293,22.0
W1,Product_0294,1.0
W1,Product_0295,1.0
W1,Product_0300,14.0
W1,Product_0301,5.0
W1,Product_0302,11.0
W1,Product_0304,62.0
W1,Product_0308,9.0
W1,Product_0311,2.0
W1,Product_0318,1.0
W1,Product_0319,0.0
W1,Product_0320,4.0
W1,Product_0321,0.0
W1,Product_0325,10.0
W1,Product_0326,0.0
W1,Product_0329,3.0
W1,Product_0333,2.0
W1,Product_0337,15.0
W1,Product_0342,0.0
W1,Product_0347,1.0
W1,Product_0349,23.0
W1,Product_0352,0.0
W1,Product_0353,10.0
W1,Product_0365,0.0
W1,Product_0394,1.0
W1,Product_0395,0.0
W1,Product_0412,20.0
W1,Product_0413,227.0
W1,Product_0414,0.0
W1,Product_0415,508.0
W1,Product_0416,0.0
W1,Product_0417,7.0
W1,Product_0418,2645.0
W1,Product_0419,285.0
W1,Product_0420,18924.0
W1,Product_0421,959.0
W1,Product_0422,93.0
W1,Product_0423,1124.0
W1,Product_0424,3698.0
W1,Product_0425,1732.0
W1,Product_0426,13.0
W1,Product_0427,859.0
W1,Product_0432,1.0
W1,Product_0436,3.0
W1,Product_0437,4.0
W1,Product_0442,0.0
W1,Product_0453,1.0
W1,Product_0454,2.0
W1,Product_0456,0.0
W1,Product_0458,4.0
W1,Product_0460,0.0
W1,Product_0463,15.0
W1,Product_0465,0.0
W1,Product_0466,0.0
W1,Product_0467,0.0
W1,Product_0471,1.0
W1,Product_0474,0.0
W1,Product_0484,0.0
W1,Product_0486,16.0
W1,Product_0487,6.0
W1,Product_0495,4.0
W1,Product_0496,0.0
W1,Product_0505,1.0
W1,Product_0507,9.0
W1,Product_0512,2.0
W1,Product_0533,0.0
W1,Product_0544,0.0
W1,Product_0547,2.0
W1,Product_0548,0.0
W1,Product_0565,0.0
W1,Product_0567,9.0
W1,Product_0599,34.0
W1,Product_0634,0.0
W1,Product_0635,6.0
W1,Product_0636,2.0
W1,Product_0637,0.0
W1,Product_0638,0.0
W1,Product_0639,0.0
W1,Product_0642,0.0
W1,Product_0643,0.0
W1,Product_0646,0.0
W1,Product_0647,0.0
W1,Product_0650,3.0
W1,Product_0825,0.0
W1,Product_0899,0.0
W1,Product_0905,0.0
W1,Product_0935,1363.0
W1,Product_0936,1762.0
W1,Product_0937,880.0
W1,Product_0944,0.0
W1,Product_0945,0.0
W1,Product_0946,1.0
W1,Product_0951,11.0
W1,Product_0965,0.0
W1,Product_0966,7.0
W1,Product_0967,1.0
W1,Product_0973,10.0
W1,Product_0976,3.0
W1,Product_0977,29.0
W1,Product_0979,457.0
W1,Product_0980,337.0
W1,Product_0981,500.0
W1,Product_0982,1100.0
W1,Product_0984,259.0
W1,Product_0985,216.0
W1,Product_0986,0.0
W1,Product_0987,65.0
W1,Product_0989,304.0
W1,Product_0990,0.0
W1,Product_0995,63.0
W1,Product_0997,519.0
W1,Product_0998,3649.0
W1,Product_1000,0.0
W1,Product_1001,122.0
W1,Product_1002,0.0
W1,Product_1003,7.0
W1,Product_1004,6.0
W1,Product_1006,63.0
W1,Product_1007,294.0
W1,Product_1017,31.0
W1,Product_1053,9.0
W1,Product_1054,0.0
W1,Product_1083,6.0
W1,Product_1093,1.0
W1,Product_1094,1.0
W1,Product_1104,110.0
W1,Product_1107,541.0
W1,Product_1140,0.0
W1,Product_1143,1.0
W1,Product_1154,0.0
W1,Product_1168,0.0
W1,Product_1171,0.0
W1,Product_1178,1.0
W1,Product_1180,33.0
W1,Product_1249,532.0
W1,Product_1250,852.0
W1,Product_1264,0.0
W1,Product_1276,87.0
W1,Product_1284,152.0
W1,Product_1291,29.0
W1,Product_1293,64.0
W1,Product_1298,7527.0
W1,Product_1299,1199.0
W1,Product_1314,0.0
W1,Product_1365,40.0
W1,Product_1368,813.0
W1,Product_1384,277.0
W1,Product_1385,100.0
W1,Product_1387,3884.0
W1,Product_1388,7326.0
W1,Product_1392,308.0
W1,Product_1402,107.0
W1,Product_1409,1570.0
W1,Product_1410,7224.0
W1,Product_1416,1001.0
W1,Product_1417,206.0
W1,Product_1419,8710.0
W1,Product_1420,1403.0
W1,Product_1421,210.0
W1,Product_1422,459.0
W1,Product_1423,2327.0
W1,Product_1424,405.0
W1,Product_1425,66.0
W1,Product_1427,31.0
W1,Product_1429,1486.0
W1,Product_1431,427.0
W1,Product_1432,1729.0
W1,Product_1434,407.0
W1,Product_1435,1395.0
W1,Product_1438,0.0
W1,Product_1441,218.0
W1,Product_1442,47.0
W1,Product_1443,461.0
W1,Product_1444,0.0
W1,Product_1445,24.0
W1,Product_1448,278.0
W1,Product_1461,323.0
W1,Product_1464,715.0
W1,Product_1469,491.0
W1,Product_1470,16319.0
W1,Product_1477,3.0
W1,Product_1478,2155.0
W1,Product_1481,12.0
W1,Product_1495,191.0
W1,Product_1496,1402.0
W1,Product_1499,17.0
W1,Product_1500,53.0
W1,Product_1503,139.0
W1,Product_1505,644.0
W1,Product_1509,289.0
W1,Product_1512,91.0
W1,Product_1513,1908.0
W1,Product_1518,224.0
W1,Product_1519,580.0
W1,Product_1521,1923.0
W1,Product_1535,22.0
W1,Product_1539,360.0
W1,Product_1541,188.0
W1,Product_1544,1.0
W1,Product_1548,0.0
W1,Product_1553,844.0
W1,Product_1560,359.0
W1,Product_1563,409.0
W1,Product_1585,0.0
W1,Product_1618,2.0
W1,Product_1622,0.0
W1,Product_1629,257.0
W1,Product_1630,423.0
W1,Product_1636,135.0
W1,Product_1646,0.0
W1,Product_1647,0.0
W1,Product_1656,0.0
W1,Product_1661,0.0
W1,Product_1669,35.0
W1,Product_1670,1.0
W1,Product_1672,5.0
W1,Product_1675,1.0
W1,Product_1676,0.0
W1,Product_1689,0.0
W1,Product_1698,0.0
W1,Product_1703,0.0
W1,Product_1705,10.0
W1,Product_1706,4.0
W1,Product_1707,0.0
W1,Product_1716,0.0
W1,Product_1719,23.0
W1,Product_1724,34.0
W1,Product_1725,10.0
W1,Product_1726,25.0
W1,Product_1727,4.0
W1,Product_1748,5.0
W1,Product_1772,1.0
W1,Product_1773,0.0
W1,Product_1774,0.0
W1,Product_1775,1.0
W1,Product_1776,2.0
W1,Product_1777,0.0
W1,Product_1778,37.0
W1,Product_1786,0.0
W1,Product_1792,1.0
W1,Product_1793,0.0
W1,Product_1794,0.0
W1,Product_1800,0.0
W1,Product_1807,4.0
W1,Product_1808,0.0
W1,Product_1814,2.0
W1,Product_1815,0.0
W1,Product_1816,0.0
W1,Product_1822,8.0
W1,Product_1825,0.0
W1,Product_1828,0.0
W1,Product_1834,4.0
W1,Product_1836,0.0
W1,Product_1837,0.0
W1,Product_1839,9.0
W1,Product_1844,1.0
W1,Product_1846,2852.0
W1,Product_1847,0.0
W1,Product_1848,393.0
W1,Product_1886,40.0
W1,Product_1891,4.0
W1,Product_1892,1.0
W1,Product_1898,0.0
W1,Product_1911,625.0
W1,Product_1913,0.0
W1,Product_1914,3.0
W1,Product_1915,1.0
W1,Product_1918,1.0
W1,Product_1957,6.0
W1,Product_1958,10.0
W1,Product_1959,5.0
W1,Product_1960,1.0
W1,Product_1976,0.0
W1,Product_2051,49.0
W1,Product_2052,18.0
W1,Product_2053,20.0
W1,Product_2054,3.0
W1,Product_2055,85.0
W1,Product_2056,27.0
W1,Product_2057,0.0
W1,Product_2058,0.0
W1,Product_2059,4.0
W1,Product_2060,0.0
W1,Product_2070,3.0
W1,Product_2071,46.0
W1,Product_2072,149.0
W1,Product_2073,6.0
W1,Product_2074,4.0
W1,Product_2075,0.0
W1,Product_2076,201.0
W1,Product_2077,30.0
W1,Product_2079,28.0
W1,Product_2080,70.0
W1,Product_2081,0.0
W1,Product_2082,95.0
W1,Product_2083,15.0
W1,Product_2084,42.0
W1,Product_2085,10.0
W1,Product_2086,0.0
W1,Product_2087,5.0
W1,Product_2089,5.0
W1,Product_2090,4.0
W1,Product_2091,15.0
W1,Product_2092,6.0
W1,Product_2093,14.0
W1,Product_2095,67.0
W1,Product_2100,1.0
W1,Product_2107,182.0
W1,Product_2108,1.0
W1,Product_2109,1.0
W1,Product_2110,2.0
W1,Product_2111,14.0
W1,Product_2112,1.0
W1,Product_2113,3.0
W1,Product_2114,288.0
W1,Product_2115,0.0
W1,Product_2117,1.0
W1,Product_2119,0.0
W1,Product_2121,68.0
W1,Product_2122,10.0
W1,Product_2123,12.0
W1,Product_2124,17.0
W1,Product_2128,270.0
W1,Product_2130,0.0
W1,Product_2132,37.0
W1,Product_2136,0.0
W1,Product_2138,18.0
W1,Product_2144,11.0
W1,Product_2147,0.0
W1,Product_2164,1.0
W1,Product_2165,0.0
W1,Product_2166,1.0
W1,Product_2167,24.0
W1,Product_2168,2.0
W1,Product_2169,1.0
W4,Product_0002,9797.0
W4,Product_0003,94.0
W4,Product_0021,339.0
W4,Product_0031,8932.0
W4,Product_0033,18027.0
W4,Product_0034,0.0
W4,Product_0063,3823.0
W4,Product_0064,2351.0
W4,Product_0070,22745.0
W4,Product_0071,3898.0
W4,Product_0077,12508.0
W4,Product_0082,31667.0
W4,Product_0083,302441.0
W4,Product_0084,2489.0
W4,Product_0094,6337.0
W4,Product_0106,0.0
W4,Product_0110,1.0
W4,Product_0111,2.0
W4,Product_0112,1.0
W4,Product_0115,4.0
W4,Product_0117,65.0
W4,Product_0118,0.0
W4,Product_0125,0.0
W4,Product_0130,11.0
W4,Product_0131,2.0
W4,Product_0145,3.0
W4,Product_0146,0.0
W4,Product_0150,5.0
W4,Product_0151,0.0
W4,Product_0153,7.0
W4,Product_0154,46.0
W4,Product_0158,0.0
W4,Product_0162,417.0
W4,Product_0166,1.0
W4,Product_0171,0.0
W4,Product_0172,0.0
W4,Product_0178,0.0
W4,Product_0179,0.0
W4,Product_0200,26.0
W4,Product_0202,368.0
W4,Product_0204,39.0
W4,Product_0206,0.0
W4,Product_0208,0.0
W4,Product_0211,0.0
W4,Product_0213,16.0
W4,Product_0214,0.0
W4,Product_0215,3.0
W4,Product_0217,0.0
W4,Product_0219,11.0
W4,Product_0221,0.0
W4,Product_0224,0.0
W4,Product_0225,0.0
W4,Product_0226,0.0
W4,Product_0228,0.0
W4,Product_0229,0.0
W4,Product_0231,0.0
W4,Product_0250,0.0
W4,Product_0261,11.0
W4,Product_0287,0.0
W4,Product_0288,0.0
W4,Product_0304,0.0
W4,Product_0308,0.0
W4,Product_0321,18680.0
W4,Product_0325,0.0
W4,Product_0333,0.0
W4,Product_0337,13.0
W4,Product_0342,0.0
W4,Product_0343,6.0
W4,Product_0349,31.0
W4,Product_0352,0.0
W4,Product_0354,0.0
W4,Product_0360,0.0
W4,Product_0366,56045.0
W4,Product_0368,2765.0
W4,Product_0372,0.0
W4,Product_0374,1813.0
W4,Product_0376,0.0
W4,Product_0379,10512.0
W4,Product_0381,0.0
W4,Product_0383,0.0
W4,Product_0384,584.0
W4,Product_0385,99.0
W4,Product_0387,242.0
W4,Product_0388,0.0
W4,Product_0390,0.0
W4,Product_0391,0.0
W4,Product_0392,0.0
W4,Product_0398,0.0
W4,Product_0401,0.0
W4,Product_0403,0.0
W4,Product_0404,0.0
W4,Product_0405,0.0
W4,Product_0411,1024.0
W4,Product_0432,0.0
W4,Product_0434,0.0
W4,Product_0435,0.0
W4,Product_0437,2.0
W4,Product_0438,0.0
W4,Product_0440,0.0
W4,Product_0441,0.0
W4,Product_0444,0.0
W4,Product_0445,0.0
W4,Product_0454,0.0
W4,Product_0455,0.0
W4,Product_0458,6.0
W4,Product_0460,0.0
W4,Product_0463,0.0
W4,Product_0464,0.0
W4,Product_0470,19766.0
W4,Product_0471,0.0
W4,Product_0476,0.0
W4,Product_0480,0.0
W4,Product_0486,0.0
W4,Product_0487,0.0
W4,Product_0491,0.0
W4,Product_0495,2.0
W4,Product_0496,0.0
W4,Product_0503,0.0
W4,Product_0505,0.0
W4,Product_0508,0.0
W4,Product_0511,0.0
W4,Product_0512,459.0
W4,Product_0514,17.0
W4,Product_0516,52.0
W4,Product_0517,2.0
W4,Product_0518,0.0
W4,Product_0519,0.0
W4,Product_0520,0.0
W4,Product_0522,7.0
W4,Product_0523,2.0
W4,Product_0524,9.0
W4,Product_0525,0.0
W4,Product_0526,0.0
W4,Product_0527,0.0
W4,Product_0528,0.0
W4,Product_0529,0.0
W4,Product_0530,1.0
W4,Product_0531,0.0
W4,Product_0532,0.0
W4,Product_0533,0.0
W4,Product_0534,17.0
W4,Product_0535,13.0
W4,Product_0536,0.0
W4,Product_0537,1.0
W4,Product_0538,0.0
W4,Product_0539,0.0
W4,Product_0541,0.0
W4,Product_0542,0.0
W4,Product_0549,0.0
W4,Product_0551,2507.0
W4,Product_0552,1790.0
W4,Product_0553,22.0
W4,Product_0554,0.0
W4,Product_0558,284.0
W4,Product_0561,7.0
W4,Product_0563,0.0
W4,Product_0566,0.0
W4,Product_0569,1.0
W4,Product_0570,0.0
W4,Product_0571,0.0
W4,Product_0572,0.0
W4,Product_0573,0.0
W4,Product_0574,0.0
W4,Product_0575,0.0
W4,Product_0576,0.0
W4,Product_0577,0.0
W4,Product_0578,0.0
W4,Product_0586,0.0
W4,Product_0587,0.0
W4,Product_0588,4.0
W4,Product_0589,4.0
W4,Product_0591,0.0
W4,Product_0593,64.0
W4,Product_0595,0.0
W4,Product_0608,52.0
W4,Product_0609,0.0
W4,Product_0613,2.0
W4,Product_0614,1.0
W4,Product_0620,6.0
W4,Product_0621,0.0
W4,Product_0627,0.0
W4,Product_0639,2.0
W4,Product_0642,0.0
W4,Product_0643,0.0
W4,Product_0645,1.0
W4,Product_0664,124.0
W4,Product_0672,1.0
W4,Product_0677,22.0
W4,Product_0685,19.0
W4,Product_0809,41.0
W4,Product_0824,3.0
W4,Product_0869,0.0
W4,Product_0897,35035.0
W4,Product_0898,0.0
W4,Product_0904,0.0
W4,Product_0905,445.0
W4,Product_0906,0.0
W4,Product_0909,138.0
W4,Product_0910,0.0
W4,Product_0911,0.0
W4,Product_0912,0.0
W4,Product_0913,33.0
W4,Product_0914,0.0
W4,Product_0915,0.0
W4,Product_0916,6.0
W4,Product_0917,0.0
W4,Product_0918,5.0
W4,Product_0919,0.0
W4,Product_0920,33.0
W4,Product_0921,12.0
W4,Product_0923,2.0
W4,Product_0924,0.0
W4,Product_0925,0.0
W4,Product_0926,0.0
W4,Product_0927,0.0
W4,Product_0936,68.0
W4,Product_0938,0.0
W4,Product_0945,0.0
W4,Product_0965,0.0
W4,Product_0973,0.0
W4,Product_0979,1978.0
W4,Product_0980,194.0
W4,Product_0984,0.0
W4,Product_0996,460.0
W4,Product_0998,6094.0
W4,Product_1000,0.0
W4,Product_1005,42.0
W4,Product_1007,19.0
W4,Product_1008,0.0
W4,Product_1016,0.0
W4,Product_1025,0.0
W4,Product_1027,0.0
W4,Product_1064,0.0
W4,Product_1065,0.0
W4,Product_1066,0.0
W4,Product_1067,0.0
W4,Product_1068,0.0
W4,Product_1069,0.0
W4,Product_1070,0.0
W4,Product_1071,0.0
W4,Product_1072,0.0
W4,Product_1073,0.0
W4,Product_1074,0.0
W4,Product_1075,0.0
W4,Product_1077,9.0
W4,Product_1078,0.0
W4,Product_1079,18.0
W4,Product_1080,0.0
W4,Product_1081,0.0
W4,Product_1082,0.0
W4,Product_1086,0.0
W4,Product_1087,0.0
W4,Product_1088,0.0
W4,Product_1090,935.0
W4,Product_1092,0.0
W4,Product_1093,0.0
W4,Product_1095,0.0
W4,Product_1101,0.0
W4,Product_1102,0.0
W4,Product_1103,0.0
W4,Product_1108,4.0
W4,Product_1109,24.0
W4,Product_1118,0.0
W4,Product_1127,881.0
W4,Product_1128,973.0
W4,Product_1129,3370.0
W4,Product_1130,508.0
W4,Product_1133,2048.0
W4,Product_1135,3.0
W4,Product_1144,0.0
W4,Product_1170,0.0
W4,Product_1172,2.0
W4,Product_1179,0.0
W4,Product_1182,0.0
W4,Product_1183,37.0
W4,Product_1184,0.0
W4,Product_1185,246.0
W4,Product_1195,3454.0
W4,Product_1208,0.0
W4,Product_1213,0.0
W4,Product_1216,4915.0
W4,Product_1224,9713.0
W4,Product_1234,19557.0
W4,Product_1237,13537.0
W4,Product_1241,91.0
W4,Product_1245,0.0
W4,Product_1249,43.0
W4,Product_1263,49490.0
W4,Product_1264,26.0
W4,Product_1266,0.0
W4,Product_1269,264.0
W4,Product_1273,3263.0
W4,Product_1278,0.0
W4,Product_1279,417.0
W4,Product_1280,113921.0
W4,Product_1281,44.0
W4,Product_1285,7238.0
W4,Product_1298,3.0
W4,Product_1312,0.0
W4,Product_1341,107408.0
W4,Product_1342,1702.0
W4,Product_1344,7791.0
W4,Product_1346,0.0
W4,Product_1348,1849.0
W4,Product_1350,15674.0
W4,Product_1351,0.0
W4,Product_1355,1758.0
W4,Product_1356,10542.0
W4,Product_1358,0.0
W4,Product_1374,745.0
W4,Product_1375,0.0
W4,Product_1387,189.0
W4,Product_1391,82.0
W4,Product_1393,700.0
W4,Product_1394,1037.0
W4,Product_1395,0.0
W4,Product_1398,1457.0
W4,Product_1399,5399.0
W4,Product_1403,0.0
W4,Product_1404,0.0
W4,Product_1429,350.0
W4,Product_1431,2645.0
W4,Product_1432,2380.0
W4,Product_1435,31.0
W4,Product_1439,230.0
W4,Product_1440,280.0
W4,Product_1450,2635.0
W4,Product_1465,995.0
W4,Product_1466,0.0
W4,Product_1476,0.0
W4,Product_1478,284.0
W4,Product_1479,3520.0
W4,Product_1480,0.0
W4,Product_1488,0.0
W4,Product_1502,45367.0
W4,Product_1510,890.0
W4,Product_1521,23731.0
W4,Product_1525,0.0
W4,Product_1549,0.0
W4,Product_1567,3868.0
W4,Product_1570,669.0
W4,Product_1571,3338.0
W4,Product_1573,6412.0
W4,Product_1574,18201.0
W4,Product_1581,0.0
W4,Product_1587,1075.0
W4,Product_1588,78.0
W4,Product_1589,262.0
W4,Product_1590,16.0
W4,Product_1591,0.0
W4,Product_1593,0.0
W4,Product_1596,304.0
W4,Product_1598,120.0
W4,Product_1599,0.0
W4,Product_1600,1435.0
W4,Product_1601,276.0
W4,Product_1603,0.0
W4,Product_1604,223.0
W4,Product_1605,0.0
W4,Product_1606,438.0
W4,Product_1607,0.0
W4,Product_1608,4.0
W4,Product_1609,87.0
W4,Product_1612,107.0
W4,Product_1616,4.0
W4,Product_1617,1.0
W4,Product_1618,0.0
W4,Product_1619,0.0
W4,Product_1628,0.0
W4,Product_1631,1.0
W4,Product_1644,1.0
W4,Product_1645,0.0
W4,Product_1646,0.0
W4,Product_1654,0.0
W4,Product_1655,0.0
W4,Product_1671,0.0
W4,Product_1672,10.0
W4,Product_1675,0.0
W4,Product_1680,1.0
W4,Product_1688,0.0
W4,Product_1705,5.0
W4,Product_1719,0.0
W4,Product_1721,0.0
W4,Product_1722,0.0
W4,Product_1723,0.0
W4,Product_1728,0.0
W4,Product_1733,0.0
W4,Product_1734,5.0
W4,Product_1735,0.0
W4,Product_1736,698.0
W4,Product_1737,79.0
W4,Product_1738,1901.0
W4,Product_1739,104.0
W4,Product_1740,16.0
W4,Product_1741,0.0
W4,Product_1742,6290.0
W4,Product_1743,150761.0
W4,Product_1744,0.0
W4,Product_1745,10.0
W4,Product_1746,0.0
W4,Product_1786,0.0
W4,Product_1787,5.0
W4,Product_1792,1.0
W4,Product_1794,1.0
W4,Product_1799,2.0
W4,Product_1802,1.0
W4,Product_1811,271.0
W4,Product_1812,2002.0
W4,Product_1817,0.0
W4,Product_1822,0.0
W4,Product_1824,0.0
W4,Product_1825,0.0
W4,Product_1833,0.0
W4,Product_1839,155.0
W4,Product_1843,0.0
W4,Product_1846,18650.0
W4,Product_1859,0.0
W4,Product_1884,0.0
W4,Product_1886,0.0
W4,Product_1887,0.0
W4,Product_1891,7.0
W4,Product_1892,0.0
W4,Product_1902,6300.0
W4,Product_1904,1644.0
W4,Product_1935,0.0
W4,Product_1966,0.0
W4,Product_1970,30.0
W4,Product_1983,6.0
W4,Product_1986,0.0
W4,Product_1989,3175.0
W4,Product_1994,0.0
W4,Product_2001,0.0
W4,Product_2002,0.0
W4,Product_2004,1493.0
W4,Product_2009,2.0
W4,Product_2022,109.0
W4,Product_2072,0.0
W4,Product_2080,0.0
W4,Product_2081,0.0
W4,Product_2082,29.0
W4,Product_2083,76.0
W4,Product_2085,0.0
W4,Product_2087,0.0
W4,Product_2088,1.0
W4,Product_2089,163.0
W4,Product_2090,146.0
W4,Product_2093,2.0
W4,Product_2095,196.0
W4,Product_2099,0.0
W4,Product_2100,0.0
W4,Product_2101,0.0
W4,Product_2111,0.0
W4,Product_2114,0.0
W4,Product_2124,3.0
W4,Product_2125,0.0
W4,Product_2126,0.0
W4,Product_2127,0.0
W4,Product_2128,2170.0
W4,Product_2129,5.0
W4,Product_2131,11.0
W4,Product_2132,32.0
W4,Product_2136,0.0
W4,Product_2138,0.0
W4,Product_2139,12.0
W4,Product_2141,0.0
W4,Product_2143,1503.0
W4,Product_2144,3.0
W4,Product_2145,3.0
W4,Product_2146,0.0
W4,Product_2153,164.0
W4,Product_2154,39.0
W4,Product_2155,0.0
W4,Product_2156,9.0
W4,Product_2157,5.0
W4,Product_2158,0.0
W4,Product_2159,11.0
W4,Product_2160,15.0
W4,Product_2161,0.0
W4,Product_2162,0.0
W4,Product_2165,1.0
W4,Product_2168,0.0
W4,Product_2169,0.0
W3,Product_0002,0.0
W3,Product_0008,94.0
W3,Product_0012,1.0
W3,Product_0021,87.0
W3,Product_0033,985.0
W3,Product_0036,1276.0
W3,Product_0038,574.0
W3,Product_0044,44.0
W3,Product_0063,97.0
W3,Product_0071,8950.0
W3,Product_0083,23576.0
W3,Product_0093,13716.0
W3,Product_0094,11346.0
W3,Product_0100,56694.0
W3,Product_0116,8.0
W3,Product_0119,10.0
W3,Product_0125,0.0
W3,Product_0144,42.0
W3,Product_0147,235.0
W3,Product_0191,4007.0
W3,Product_0192,17.0
W3,Product_0193,3795.0
W3,Product_0194,122.0
W3,Product_0195,1529.0
W3,Product_0200,0.0
W3,Product_0202,7315.0
W3,Product_0204,203.0
W3,Product_0206,283.0
W3,Product_0208,12131.0
W3,Product_0209,1287.0
W3,Product_0213,2933.0
W3,Product_0215,72.0
W3,Product_0226,46.0
W3,Product_0229,34.0
W3,Product_0249,1.0
W3,Product_0250,94.0
W3,Product_0288,12368.0
W3,Product_0304,1.0
W3,Product_0312,1.0
W3,Product_0342,0.0
W3,Product_0349,159.0
W3,Product_0368,19.0
W3,Product_0374,0.0
W3,Product_0387,161.0
W3,Product_0412,19.0
W3,Product_0439,6.0
W3,Product_0443,57.0
W3,Product_0445,1.0
W3,Product_0453,39.0
W3,Product_0458,20.0
W3,Product_0463,5.0
W3,Product_0469,2.0
W3,Product_0477,6656.0
W3,Product_0491,0.0
W3,Product_0495,12.0
W3,Product_0550,49.0
W3,Product_0551,102.0
W3,Product_0552,368.0
W3,Product_0553,440.0
W3,Product_0555,5484.0
W3,Product_0556,5444.0
W3,Product_0557,42.0
W3,Product_0558,9188.0
W3,Product_0559,0.0
W3,Product_0561,17.0
W3,Product_0562,338.0
W3,Product_0608,0.0
W3,Product_0610,2.0
W3,Product_0611,0.0
W3,Product_0613,1.0
W3,Product_0614,0.0
W3,Product_0615,0.0
W3,Product_0617,0.0
W3,Product_0620,33.0
W3,Product_0622,4.0
W3,Product_0623,0.0
W3,Product_0631,3.0
W3,Product_0639,0.0
W3,Product_0642,3.0
W3,Product_0645,0.0
W3,Product_0658,820.0
W3,Product_0664,2.0
W3,Product_0666,0.0
W3,Product_0670,0.0
W3,Product_0863,218.0
W3,Product_0870,0.0
W3,Product_0871,533.0
W3,Product_0872,0.0
W3,Product_0873,3.0
W3,Product_0874,26.0
W3,Product_0875,88.0
W3,Product_0876,135.0
W3,Product_0877,3.0
W3,Product_0878,18.0
W3,Product_0879,0.0
W3,Product_0880,589.0
W3,Product_0881,59.0
W3,Product_0882,146.0
W3,Product_0883,304.0
W3,Product_0884,22.0
W3,Product_0885,424.0
W3,Product_0886,185.0
W3,Product_0887,45.0
W3,Product_0888,190.0
W3,Product_0889,0.0
W3,Product_0891,0.0
W3,Product_0892,7.0
W3,Product_0894,16.0
W3,Product_0895,0.0
W3,Product_0896,1.0
W3,Product_0902,0.0
W3,Product_0905,128.0
W3,Product_0940,4.0
W3,Product_0949,929.0
W3,Product_0958,660.0
W3,Product_0961,105.0
W3,Product_1010,245.0
W3,Product_1016,55881.0
W3,Product_1023,124.0
W3,Product_1047,0.0
W3,Product_1078,282.0
W3,Product_1101,51163.0
W3,Product_1131,6.0
W3,Product_1132,2781.0
W3,Product_1135,359.0
W3,Product_1157,2689.0
W3,Product_1166,45861.0
W3,Product_1190,2350.0
W3,Product_1195,4852.0
W3,Product_1198,631.0
W3,Product_1216,322.0
W3,Product_1227,186.0
W3,Product_1235,0.0
W3,Product_1238,0.0
W3,Product_1241,3219.0
W3,Product_1243,3303.0
W3,Product_1245,3670.0
W3,Product_1247,193.0
W3,Product_1263,63269.0
W3,Product_1264,28409.0
W3,Product_1270,1367.0
W3,Product_1278,7976.0
W3,Product_1279,2802.0
W3,Product_1281,8444.0
W3,Product_1298,3600.0
W3,Product_1299,0.0
W3,Product_1341,6754.0
W3,Product_1342,10930.0
W3,Product_1344,350.0
W3,Product_1348,1401.0
W3,Product_1350,6867.0
W3,Product_1352,730.0
W3,Product_1353,909.0
W3,Product_1354,996.0
W3,Product_1355,2568.0
W3,Product_1356,3600.0
W3,Product_1366,0.0
W3,Product_1387,0.0
W3,Product_1393,2238.0
W3,Product_1394,7787.0
W3,Product_1401,2007.0
W3,Product_1402,16081.0
W3,Product_1403,5115.0
W3,Product_1404,321.0
W3,Product_1407,1661.0
W3,Product_1431,11711.0
W3,Product_1432,0.0
W3,Product_1439,0.0
W3,Product_1450,592.0
W3,Product_1465,71345.0
W3,Product_1466,280159.0
W3,Product_1468,11.0
W3,Product_1470,0.0
W3,Product_1479,3485.0
W3,Product_1480,32057.0
W3,Product_1485,6636.0
W3,Product_1494,44692.0
W3,Product_1502,108371.0
W3,Product_1507,11568.0
W3,Product_1512,0.0
W3,Product_1513,31.0
W3,Product_1520,48.0
W3,Product_1521,471.0
W3,Product_1528,112.0
W3,Product_1542,14.0
W3,Product_1545,1788.0
W3,Product_1548,5842.0
W3,Product_1558,1.0
W3,Product_1564,824.0
W3,Product_1568,385.0
W3,Product_1570,474.0
W3,Product_1581,0.0
W3,Product_1586,197.0
W3,Product_1587,1289.0
W3,Product_1592,33.0
W3,Product_1593,735.0
W3,Product_1594,0.0
W3,Product_1595,118.0
W3,Product_1597,15.0
W3,Product_1599,1477.0
W3,Product_1600,495.0
W3,Product_1601,734.0
W3,Product_1602,2074.0
W3,Product_1610,113.0
W3,Product_1643,3972.0
W3,Product_1733,218.0
W3,Product_1738,2640.0
W3,Product_1740,660.0
W3,Product_1766,0.0
W3,Product_1792,0.0
W3,Product_1794,0.0
W3,Product_1823,2042.0
W3,Product_1825,0.0
W3,Product_1835,389.0
W3,Product_1847,16.0
W3,Product_1859,0.0
W3,Product_1886,841.0
W3,Product_1904,0.0
W3,Product_1925,4.0
W3,Product_1933,0.0
W3,Product_1942,0.0
W3,Product_1967,1164.0
W3,Product_1969,100.0
W3,Product_1970,864.0
W3,Product_1980,123136.0
W3,Product_1986,0.0
W3,Product_1991,39.0
W3,Product_1997,100.0
W3,Product_2001,0.0
W3,Product_2003,903.0
W3,Product_2004,2960.0
W3,Product_2008,252.0
W3,Product_2015,1192.0
W3,Product_2019,0.0
W3,Product_2021,1046.0
W3,Product_2138,620.0
W3,Product_2165,1.0
W3,Product_2166,5.0
W3,Product_2167,20.0
W3,Product_2169,6.0
W3,Product_2170,0.0
