,Product_Category,Product_Code,Unnamed: 0
0,Category_001,Product_0256,134466969
1,Category_001,Product_0257,67350671
2,Category_001,Product_0258,85880185
3,Category_001,Product_0259,54751149
4,Category_001,Product_0260,100110956
5,Category_001,Product_0261,248463009
6,Category_001,Product_0262,61487448
7,Category_001,Product_0263,161695461
8,Category_001,Product_0264,118081055
9,Category_001,Product_0265,88679643
10,Category_001,Product_0266,151436201
11,Category_001,Product_0267,141380578
12,Category_001,Product_0268,80964009
13,Category_001,Product_0269,82541016
14,Category_001,Product_0270,80272163
15,Category_001,Product_0271,62155605
16,Category_001,Product_0404,113723125
17,Category_001,Product_0405,66567954
18,Category_001,Product_0600,79233417
19,Category_001,Product_0601,37056815
20,Category_001,Product_0602,39434231
21,Category_001,Product_0603,127594086
22,Category_001,Product_0604,79388864
23,Category_001,Product_0605,81783368
24,Category_001,Product_0606,882306862
25,Category_001,Product_0607,315796261
26,Category_001,Product_0608,2557143110
27,Category_001,Product_0609,462913812
28,Category_001,Product_0610,80423737
29,Category_001,Product_0611,28544431
30,Category_001,Product_0612,35145336
31,Category_001,Product_0613,3184726267
32,Category_001,Product_0614,745353294
33,Category_001,Product_0615,162133337
34,Category_001,Product_0616,101230829
35,Category_001,Product_0617,122151524
36,Category_001,Product_0618,1196136018
37,Category_001,Product_0619,301184623
38,Category_001,Product_0620,4867014928
39,Category_001,Product_0621,803676259
40,Category_001,Product_0622,90114261
41,Category_001,Product_0623,109419408
42,Category_001,Product_0624,72620106
43,Category_001,Product_0625,189634968
44,Category_001,Product_0626,112048081
45,Category_001,Product_0627,956656784
46,Category_001,Product_0628,314117262
47,Category_001,Product_0629,53241305
48,Category_001,Product_0630,48384240
49,Category_001,Product_0631,897437467
50,Category_001,Product_0632,354907662
51,Category_001,Product_0633,15389320
52,Category_001,Product_0691,14911460
53,Category_001,Product_0692,24112718
54,Category_001,Product_0693,103926334
55,Category_001,Product_0694,50452086
56,Category_001,Product_0695,106082129
57,Category_001,Product_0696,37541504
58,Category_001,Product_0697,35826054
59,Category_001,Product_0698,27118390
60,Category_001,Product_0699,29709288
61,Category_001,Product_0700,212265069
62,Category_001,Product_0701,40188581
63,Category_001,Product_0702,55497859
64,Category_001,Product_0703,187006658
65,Category_001,Product_0704,182492680
66,Category_001,Product_0705,316207395
67,Category_001,Product_0706,73708356
68,Category_001,Product_0707,61055405
69,Category_001,Product_0708,56995383
70,Category_001,Product_0709,59285606
71,Category_001,Product_0710,71522266
72,Category_001,Product_0711,194800972
73,Category_001,Product_0712,183630817
74,Category_001,Product_0713,591418972
75,Category_001,Product_0714,141161394
76,Category_001,Product_0715,211612312
77,Category_001,Product_0716,137111809
78,Category_001,Product_0717,32594902
79,Category_001,Product_0718,88858331
80,Category_001,Product_0719,189177133
81,Category_001,Product_0720,354651022
82,Category_001,Product_0721,109420078
83,Category_001,Product_0722,117744382
84,Category_001,Product_0723,420616706
85,Category_001,Product_0724,163576901
86,Category_001,Product_0725,114066127
87,Category_001,Product_0726,72668188
88,Category_001,Product_0727,237270941
89,Category_001,Product_0728,99544093
90,Category_001,Product_0729,121886685
91,Category_001,Product_0730,89568919
92,Category_001,Product_0731,207726847
93,Category_001,Product_0732,203315100
94,Category_001,Product_0733,314491680
95,Category_001,Product_0734,91200721
96,Category_001,Product_0735,118864435
97,Category_001,Product_0736,77403420
98,Category_001,Product_0737,104028210
99,Category_001,Product_0738,283840206
100,Category_001,Product_0739,406357186
101,Category_001,Product_0740,158830034
102,Category_001,Product_0741,113300684
103,Category_001,Product_0742,73833064
104,Category_001,Product_0743,188342749
105,Category_001,Product_0744,80480395
106,Category_001,Product_0745,122273348
107,Category_001,Product_0746,107289558
108,Category_001,Product_0747,183399063
109,Category_001,Product_0748,197286355
110,Category_001,Product_0749,224679452
111,Category_001,Product_0750,56685940
112,Category_001,Product_0751,55885672
113,Category_001,Product_0752,49495326
114,Category_001,Product_0753,52690180
115,Category_001,Product_0754,131751327
116,Category_001,Product_0755,406162459
117,Category_001,Product_0756,233306871
118,Category_001,Product_0757,183178932
119,Category_001,Product_0758,84531549
120,Category_001,Product_0759,86356026
121,Category_001,Product_0760,73633798
122,Category_001,Product_0761,115981948
123,Category_001,Product_0762,111620590
124,Category_001,Product_0763,195616285
125,Category_001,Product_0764,186864038
126,Category_001,Product_0765,101777725
127,Category_001,Product_0766,93265230
128,Category_001,Product_0767,444303032
129,Category_001,Product_0768,228621500
130,Category_001,Product_0769,187786945
131,Category_001,Product_0770,124136139
132,Category_001,Product_0771,46955610
133,Category_001,Product_0772,51832218
134,Category_001,Product_0773,118529081
135,Category_001,Product_0774,119511648
136,Category_001,Product_0775,210660631
137,Category_001,Product_0776,152453459
138,Category_001,Product_0777,19496750
139,Category_001,Product_0778,38556460
140,Category_001,Product_0779,633832618
141,Category_001,Product_0780,232691621
142,Category_001,Product_0781,312830713
143,Category_001,Product_0782,157280676
144,Category_001,Product_0783,68469599
145,Category_001,Product_0784,145876036
146,Category_001,Product_0785,191304298
147,Category_001,Product_0786,288359205
148,Category_001,Product_0787,103629207
149,Category_001,Product_0788,161560446
150,Category_001,Product_0789,127033420
151,Category_001,Product_0790,720655366
152,Category_001,Product_0791,350675888
153,Category_001,Product_0792,400896318
154,Category_001,Product_0793,154081618
155,Category_001,Product_0794,147961305
156,Category_001,Product_0795,308409385
157,Category_001,Product_0796,341302799
158,Category_001,Product_0797,124597292
159,Category_001,Product_0798,132218436
160,Category_001,Product_0799,80293600
161,Category_001,Product_0800,69740299
162,Category_001,Product_0801,61544932
163,Category_001,Product_0802,73786202
164,Category_001,Product_0803,81160677
165,Category_001,Product_0804,46952100
166,Category_001,Product_0805,98540485
167,Category_001,Product_0806,96726600
168,Category_001,Product_0807,26185044
169,Category_001,Product_0808,55498670
170,Category_001,Product_0809,28406574
171,Category_001,Product_0810,37083606
172,Category_001,Product_0811,20525301
173,Category_001,Product_0812,26990480
174,Category_001,Product_0813,17106351
175,Category_001,Product_0814,154097895
176,Category_001,Product_0815,370831654
177,Category_001,Product_0816,353654004
178,Category_001,Product_0817,401724992
179,Category_001,Product_0818,325194483
180,Category_001,Product_0819,268878286
181,Category_001,Product_0820,240038931
182,Category_001,Product_0821,361282952
183,Category_001,Product_0822,180584079
184,Category_001,Product_0866,197725446
185,Category_001,Product_0867,114268433
186,Category_001,Product_1749,320997103
187,Category_001,Product_1750,164848363
188,Category_001,Product_1751,73928684
189,Category_001,Product_1752,282239874
190,Category_001,Product_1753,107121395
191,Category_001,Product_1754,140118587
192,Category_001,Product_1755,237796806
193,Category_001,Product_1756,32382151
194,Category_001,Product_1757,311368825
195,Category_001,Product_1758,138153872
196,Category_001,Product_1759,334358415
197,Category_001,Product_1760,242084855
198,Category_001,Product_1761,384935558
199,Category_001,Product_1762,247433705
200,Category_001,Product_1763,240300149
201,Category_001,Product_1764,130966750
202,Category_001,Product_1767,197067483
203,Category_001,Product_1768,106246634
204,Category_001,Product_1769,106752279
205,Category_001,Product_1770,287035515
206,Category_001,Product_1771,236603612
207,Category_001,Product_1850,33927613
208,Category_001,Product_1851,106254431
209,Category_001,Product_1852,88448636
210,Category_001,Product_1853,244864009
211,Category_001,Product_1854,28776766
212,Category_001,Product_1855,32006809
213,Category_001,Product_1856,66624216
214,Category_001,Product_1857,37960538
215,Category_001,Product_1858,102845333
216,Category_001,Product_1859,180742873
217,Category_001,Product_1860,70677534
218,Category_001,Product_1861,80365035
219,Category_001,Product_1862,46605591
220,Category_001,Product_1863,17789158
221,Category_001,Product_1864,114500306
222,Category_001,Product_1865,112805231
223,Category_001,Product_1866,89469797
224,Category_001,Product_1867,84885204
225,Category_001,Product_1868,181105000
226,Category_001,Product_1869,340919978
227,Category_001,Product_1870,83721383
228,Category_001,Product_1871,117940754
229,Category_001,Product_1872,173064616
230,Category_001,Product_1873,29795020
231,Category_001,Product_1874,150599148
232,Category_001,Product_1875,359193320
233,Category_001,Product_1876,54143975
234,Category_001,Product_1877,95006368
235,Category_001,Product_1919,37825330
236,Category_001,Product_1920,132438186
237,Category_001,Product_1921,75182616
238,Category_001,Product_1922,58408161
239,Category_001,Product_1923,53908876
240,Category_001,Product_1924,63734856
241,Category_001,Product_1925,8268526
242,Category_001,Product_1926,199240297
243,Category_001,Product_1927,66630892
244,Category_001,Product_1928,80774796
245,Category_001,Product_1929,98863360
246,Category_001,Product_1930,124886293
247,Category_001,Product_1931,114726360
248,Category_001,Product_1932,71391776
249,Category_001,Product_1933,78605969
250,Category_001,Product_1934,24215885
251,Category_001,Product_1935,48493176
252,Category_001,Product_1936,118914035
253,Category_001,Product_1937,55482525
254,Category_001,Product_1938,501595311
255,Category_001,Product_1939,90538196
256,Category_001,Product_1940,135589895
257,Category_001,Product_1941,97607342
258,Category_001,Product_1942,90323701
259,Category_001,Product_1943,60097944
260,Category_001,Product_1944,14153412
261,Category_001,Product_1945,93799734
262,Category_001,Product_1946,119155637
263,Category_001,Product_1947,64743046
264,Category_001,Product_1948,73229189
265,Category_001,Product_1949,64510899
266,Category_001,Product_1950,30304186
267,Category_001,Product_1951,35603739
268,Category_001,Product_1952,98911848
269,Category_001,Product_1953,93015946
270,Category_001,Product_1954,416370214
271,Category_001,Product_1955,56674947
272,Category_001,Product_1956,96995671
273,Category_001,Product_1961,61034029
274,Category_001,Product_1962,78998099
275,Category_001,Product_1963,66872950
276,Category_001,Product_1964,53381043
277,Category_001,Product_1965,59500009
278,Category_002,Product_1103,51097477
279,Category_003,Product_1180,132073114
280,Category_003,Product_1718,219151724
281,Category_003,Product_1719,693571260
282,Category_003,Product_1720,35271142
283,Category_003,Product_1721,68391847
284,Category_003,Product_1722,174579859
285,Category_003,Product_1723,233469640
286,Category_003,Product_1724,427949703
287,Category_003,Product_1725,48268689
288,Category_003,Product_1726,197060091
289,Category_003,Product_1727,70816127
290,Category_003,Product_1728,45058287
291,Category_004,Product_1102,143165265
292,Category_005,Product_0001,298992229
293,Category_005,Product_0002,203170467
294,Category_005,Product_0003,195968079
295,Category_005,Product_0004,209960786
296,Category_005,Product_0005,37066574
297,Category_005,Product_0006,20384693
298,Category_005,Product_0007,303895029
299,Category_005,Product_0008,155887742
300,Category_005,Product_0009,108634568
301,Category_005,Product_0010,188625686
302,Category_005,Product_0011,1002568516
303,Category_005,Product_0012,790620291
304,Category_005,Product_0013,516171149
305,Category_005,Product_0014,120637003
306,Category_005,Product_0015,76707802
307,Category_005,Product_0016,1484339322
308,Category_005,Product_0017,577718424
309,Category_005,Product_0018,1189697335
310,Category_005,Product_0019,712528897
311,Category_005,Product_0020,1053692303
312,Category_005,Product_0021,785578117
313,Category_005,Product_0022,286076815
314,Category_005,Product_0023,354983515
315,Category_005,Product_0024,80644036
316,Category_005,Product_0025,910750470
317,Category_005,Product_0026,352481268
318,Category_005,Product_0027,168755372
319,Category_005,Product_0028,151117539
320,Category_005,Product_0029,72159223
321,Category_005,Product_0030,117000442
322,Category_005,Product_0031,2556698659
323,Category_005,Product_0032,255888457
324,Category_005,Product_0033,2130388420
325,Category_005,Product_0034,606790966
326,Category_005,Product_0035,540973745
327,Category_005,Product_0036,437358223
328,Category_005,Product_0037,219059269
329,Category_005,Product_0038,93115161
330,Category_005,Product_0043,144565665
331,Category_005,Product_0044,17630757
332,Category_005,Product_0045,42025754
333,Category_005,Product_0046,69385077
334,Category_005,Product_0047,313311019
335,Category_005,Product_0048,54858302
336,Category_005,Product_0049,73131341
337,Category_005,Product_0050,197498067
338,Category_005,Product_0051,111398040
339,Category_005,Product_0052,219767378
340,Category_005,Product_0143,46096904
341,Category_005,Product_0144,20601573
342,Category_005,Product_0145,62899444
343,Category_005,Product_0146,53727429
344,Category_005,Product_0147,41803931
345,Category_005,Product_0355,223563885
346,Category_005,Product_0356,135414480
347,Category_005,Product_0357,211013177
348,Category_005,Product_0358,21543362
349,Category_005,Product_0359,14469917
350,Category_005,Product_0429,27617839
351,Category_005,Product_0430,43267819
352,Category_005,Product_0468,56786691
353,Category_005,Product_0469,110357631
354,Category_005,Product_0470,67882607
355,Category_005,Product_0475,22628081
356,Category_005,Product_0476,107040067
357,Category_005,Product_0477,33616152
358,Category_005,Product_0478,124325277
359,Category_005,Product_0479,115457017
360,Category_005,Product_0648,99049222
361,Category_005,Product_0649,42239330
362,Category_005,Product_0863,41431108
363,Category_005,Product_0869,49896550
364,Category_005,Product_0939,70036793
365,Category_005,Product_0940,573925297
366,Category_005,Product_0941,387151827
367,Category_005,Product_0942,761666923
368,Category_005,Product_0943,819681632
369,Category_005,Product_0948,14573034
370,Category_005,Product_0949,42194566
371,Category_005,Product_0953,53006478
372,Category_005,Product_0957,204388163
373,Category_005,Product_0958,60452037
374,Category_005,Product_0961,430590128
375,Category_005,Product_0962,90312812
376,Category_005,Product_0963,523345553
377,Category_005,Product_0964,195951390
378,Category_005,Product_1009,220394873
379,Category_005,Product_1010,55349721
380,Category_005,Product_1011,148538261
381,Category_005,Product_1012,99097356
382,Category_005,Product_1013,16482948
383,Category_005,Product_1014,108391044
384,Category_005,Product_1021,183899736
385,Category_005,Product_1022,79126478
386,Category_005,Product_1036,118459073
387,Category_005,Product_1037,72104119
388,Category_005,Product_1038,53377579
389,Category_005,Product_1039,112247161
390,Category_005,Product_1040,84173969
391,Category_005,Product_1041,52020314
392,Category_005,Product_1042,57660955
393,Category_005,Product_1134,512177578
394,Category_005,Product_1135,622980356
395,Category_005,Product_1580,359564191
396,Category_005,Product_1581,869884543
397,Category_005,Product_1582,118140859
398,Category_005,Product_1583,71223040
399,Category_005,Product_1611,47173703
400,Category_005,Product_1612,180291595
401,Category_005,Product_1613,22852569
402,Category_005,Product_1614,26265026
403,Category_005,Product_1729,515862713
404,Category_005,Product_1730,67526144
405,Category_005,Product_1731,261636143
406,Category_005,Product_1732,79028906
407,Category_005,Product_1765,675934792
408,Category_005,Product_1766,524732785
409,Category_005,Product_1795,155100399
410,Category_005,Product_1796,69340487
411,Category_005,Product_1797,63612508
412,Category_005,Product_1798,72657914
413,Category_005,Product_1878,652287233
414,Category_005,Product_1879,416801666
415,Category_005,Product_1880,270857069
416,Category_005,Product_1966,643055223
417,Category_005,Product_1967,269249611
418,Category_005,Product_1968,58734969
419,Category_005,Product_1969,1675215672
420,Category_005,Product_1970,1794702646
421,Category_005,Product_1971,125056597
422,Category_005,Product_1972,189520073
423,Category_005,Product_1973,382951137
424,Category_005,Product_1977,183319325
425,Category_005,Product_1979,73185841
426,Category_005,Product_1980,28026443
427,Category_005,Product_1981,833119683
428,Category_005,Product_1982,69734087
429,Category_005,Product_1983,44217548
430,Category_005,Product_1984,147109280
431,Category_005,Product_1985,184811976
432,Category_005,Product_1986,543237876
433,Category_005,Product_1987,132821382
434,Category_005,Product_1988,120555132
435,Category_005,Product_1989,40875108
436,Category_005,Product_1990,16969767
437,Category_005,Product_1991,1844284820
438,Category_005,Product_1992,514532114
439,Category_005,Product_1993,136652223
440,Category_005,Product_1997,660496153
441,Category_005,Product_1998,60969080
442,Category_005,Product_1999,162079169
443,Category_005,Product_2000,134267176
444,Category_005,Product_2001,1182875171
445,Category_005,Product_2002,254600965
446,Category_005,Product_2004,532941823
447,Category_005,Product_2005,45332547
448,Category_005,Product_2006,691335190
449,Category_005,Product_2007,183095543
450,Category_005,Product_2008,183369557
451,Category_005,Product_2009,6360888
452,Category_005,Product_2010,1370203907
453,Category_005,Product_2011,275880657
454,Category_005,Product_2012,106290742
455,Category_005,Product_2013,177622823
456,Category_005,Product_2015,338321307
457,Category_005,Product_2016,22631663
458,Category_005,Product_2017,70783152
459,Category_005,Product_2018,30609329
460,Category_005,Product_2019,382636613
461,Category_005,Product_2020,85479470
462,Category_005,Product_2021,271233904
463,Category_005,Product_2022,30567193
464,Category_005,Product_2023,89978861
465,Category_005,Product_2024,75153087
466,Category_005,Product_2025,173292304
467,Category_005,Product_2026,45228188
468,Category_005,Product_2027,871433484
469,Category_005,Product_2028,218062740
470,Category_005,Product_2029,326738904
471,Category_005,Product_2030,47184147
472,Category_005,Product_2031,108492353
473,Category_005,Product_2041,67969092
474,Category_005,Product_2149,11816501
475,Category_005,Product_2150,30732742
476,Category_005,Product_2172,33727432
477,Category_006,Product_0107,60391354
478,Category_006,Product_0108,57720666
479,Category_006,Product_0109,137101722
480,Category_006,Product_0113,53737921
481,Category_006,Product_0114,11992155
482,Category_006,Product_0433,172228726
483,Category_006,Product_0829,43367122
484,Category_006,Product_0928,125069397
485,Category_006,Product_0929,363438346
486,Category_006,Product_0930,250267063
487,Category_006,Product_0931,364744118
488,Category_006,Product_0932,267899629
489,Category_006,Product_0933,289283705
490,Category_006,Product_0934,65839605
491,Category_006,Product_0935,319996200
492,Category_006,Product_0936,708924163
493,Category_006,Product_0937,245059417
494,Category_006,Product_0938,51290689
495,Category_006,Product_0950,107796969
496,Category_006,Product_0952,154277799
497,Category_006,Product_0965,153778039
498,Category_006,Product_0966,161932863
499,Category_006,Product_0967,69202538
500,Category_006,Product_1003,184957535
501,Category_006,Product_1004,163211439
502,Category_006,Product_1005,93721289
503,Category_006,Product_1006,51984322
504,Category_006,Product_1007,285673443
505,Category_006,Product_1008,104179490
506,Category_006,Product_1047,146366380
507,Category_006,Product_1048,64616170
508,Category_006,Product_1104,385985490
509,Category_006,Product_1105,46821316
510,Category_006,Product_1106,351388529
511,Category_006,Product_1107,360877829
512,Category_006,Product_1147,79026614
513,Category_006,Product_1148,122336364
514,Category_006,Product_1149,248356435
515,Category_006,Product_1150,229298063
516,Category_006,Product_1151,186020481
517,Category_006,Product_1152,133460361
518,Category_006,Product_1153,110558062
519,Category_006,Product_1154,426582256
520,Category_006,Product_1155,32045872
521,Category_006,Product_1156,214614066
522,Category_006,Product_1157,370148465
523,Category_006,Product_1158,464967540
524,Category_006,Product_1159,146982349
525,Category_006,Product_1160,70434129
526,Category_006,Product_1161,22862137
527,Category_006,Product_1162,69754158
528,Category_006,Product_1163,105075793
529,Category_006,Product_1164,97891596
530,Category_006,Product_1165,93396457
531,Category_006,Product_1166,78326415
532,Category_006,Product_1167,40423659
533,Category_006,Product_1173,32389866
534,Category_006,Product_1220,48419790
535,Category_006,Product_1221,77090461
536,Category_006,Product_1620,232652318
537,Category_006,Product_1780,44426294
538,Category_006,Product_1782,36987246
539,Category_006,Product_1784,81119998
540,Category_006,Product_1785,79197481
541,Category_006,Product_1787,548580996
542,Category_006,Product_1788,814196338
543,Category_006,Product_1789,65063289
544,Category_006,Product_1790,40620279
545,Category_006,Product_1791,41927757
546,Category_006,Product_1802,270112853
547,Category_006,Product_1803,193459036
548,Category_006,Product_1804,35467686
549,Category_006,Product_1805,146458508
550,Category_006,Product_1806,118670711
551,Category_006,Product_1810,45392327
552,Category_006,Product_1811,18270492
553,Category_006,Product_1812,108315650
554,Category_006,Product_1813,86768277
555,Category_006,Product_1817,277401845
556,Category_006,Product_1818,66931122
557,Category_006,Product_1819,50520542
558,Category_006,Product_1820,72992893
559,Category_006,Product_1821,60567809
560,Category_006,Product_1823,399366500
561,Category_006,Product_1824,153947005
562,Category_006,Product_1825,1312415976
563,Category_006,Product_1826,752670384
564,Category_006,Product_1827,31578822
565,Category_006,Product_1829,35711770
566,Category_006,Product_1830,29451601
567,Category_006,Product_1831,129836545
568,Category_006,Product_1832,67642050
569,Category_006,Product_1833,121093211
570,Category_006,Product_1835,100883092
571,Category_006,Product_1838,62672499
572,Category_006,Product_1839,834748638
573,Category_006,Product_1840,140860836
574,Category_006,Product_1841,143009998
575,Category_006,Product_1842,13937028
576,Category_006,Product_1843,81463612
577,Category_006,Product_1845,45288372
578,Category_006,Product_1846,325540692
579,Category_006,Product_1848,74950402
580,Category_006,Product_1882,103995825
581,Category_006,Product_1883,112434370
582,Category_006,Product_1974,91782498
583,Category_006,Product_1975,37840066
584,Category_006,Product_2032,49622578
585,Category_006,Product_2033,57968118
586,Category_006,Product_2034,75257983
587,Category_006,Product_2035,89977606
588,Category_006,Product_2036,53871695
589,Category_007,Product_0138,472349105
590,Category_007,Product_0139,687690334
591,Category_007,Product_0140,519503991
592,Category_007,Product_0141,413192568
593,Category_007,Product_0142,47593351
594,Category_007,Product_0172,478786101
595,Category_007,Product_0178,627750160
596,Category_007,Product_0179,393377824
597,Category_007,Product_0180,82947976
598,Category_007,Product_0181,163085488
599,Category_007,Product_0182,107432485
600,Category_007,Product_0183,474042500
601,Category_007,Product_0184,142756774
602,Category_007,Product_0185,179518503
603,Category_007,Product_0186,115410775
604,Category_007,Product_0187,163765088
605,Category_007,Product_0188,195153383
606,Category_007,Product_0189,94744791
607,Category_007,Product_0190,225857904
608,Category_007,Product_0191,561523642
609,Category_007,Product_0192,67694484
610,Category_007,Product_0193,343477176
611,Category_007,Product_0194,199239302
612,Category_007,Product_0195,148575380
613,Category_007,Product_0196,171139716
614,Category_007,Product_0197,180548974
615,Category_007,Product_0198,56151717
616,Category_007,Product_0199,61475318
617,Category_007,Product_0200,1520276908
618,Category_007,Product_0201,143486399
619,Category_007,Product_0202,1287267236
620,Category_007,Product_0203,37601583
621,Category_007,Product_0204,422250354
622,Category_007,Product_0205,81816834
623,Category_007,Product_0206,873938946
624,Category_007,Product_0207,62744341
625,Category_007,Product_0208,224958340
626,Category_007,Product_0209,458039472
627,Category_007,Product_0210,88647096
628,Category_007,Product_0211,795026782
629,Category_007,Product_0212,79522824
630,Category_007,Product_0213,521695910
631,Category_007,Product_0214,814622717
632,Category_007,Product_0215,734741988
633,Category_007,Product_0216,70721058
634,Category_007,Product_0217,335582452
635,Category_007,Product_0218,105705928
636,Category_007,Product_0219,477232727
637,Category_007,Product_0220,147417901
638,Category_007,Product_0221,313975288
639,Category_007,Product_0222,126050496
640,Category_007,Product_0223,160105003
641,Category_007,Product_0224,292431846
642,Category_007,Product_0225,792848130
643,Category_007,Product_0226,464996248
644,Category_007,Product_0227,100965642
645,Category_007,Product_0228,659529720
646,Category_007,Product_0229,114473054
647,Category_007,Product_0230,232688485
648,Category_007,Product_0231,133907706
649,Category_007,Product_0232,476668067
650,Category_007,Product_0233,5002424
651,Category_007,Product_0234,3996297
652,Category_007,Product_0235,27216445
653,Category_007,Product_0236,50945828
654,Category_007,Product_0237,10312033
655,Category_007,Product_0238,25984918
656,Category_007,Product_0239,24170862
657,Category_007,Product_0240,7077278
658,Category_007,Product_0241,21891397
659,Category_007,Product_0242,22110257
660,Category_007,Product_0243,79210191
661,Category_007,Product_0244,6984379
662,Category_007,Product_0245,26841233
663,Category_007,Product_0246,55053920
664,Category_007,Product_0247,29424170
665,Category_007,Product_0248,596310808
666,Category_007,Product_0249,540909845
667,Category_007,Product_0250,695766438
668,Category_007,Product_0251,190840255
669,Category_007,Product_0252,141134970
670,Category_007,Product_0253,160722716
671,Category_007,Product_0254,62239250
672,Category_007,Product_0255,109359863
673,Category_007,Product_0322,781151672
674,Category_007,Product_0323,317354620
675,Category_007,Product_0324,52799001
676,Category_007,Product_0361,1138419164
677,Category_007,Product_0365,239819356
678,Category_007,Product_0393,48360769
679,Category_007,Product_0394,227942164
680,Category_007,Product_0395,205573889
681,Category_007,Product_0396,60291183
682,Category_007,Product_0412,926419159
683,Category_007,Product_0634,51840758
684,Category_007,Product_0635,42623289
685,Category_007,Product_0636,106787034
686,Category_007,Product_0637,53653477
687,Category_007,Product_0638,9296214
688,Category_007,Product_1015,439676236
689,Category_007,Product_1016,3311357269
690,Category_007,Product_1017,1111536615
691,Category_007,Product_1018,260767187
692,Category_007,Product_1019,5878567
693,Category_007,Product_1023,2267210466
694,Category_007,Product_1025,1327985642
695,Category_007,Product_1043,213387407
696,Category_007,Product_1044,65662172
697,Category_007,Product_1045,293521041
698,Category_007,Product_1046,72159598
699,Category_007,Product_1110,101450363
700,Category_007,Product_1111,155300823
701,Category_007,Product_1112,87165398
702,Category_007,Product_1113,58455278
703,Category_007,Product_1114,149330656
704,Category_007,Product_1115,176899194
705,Category_007,Product_1116,47058834
706,Category_007,Product_1117,61247253
707,Category_007,Product_1118,169058177
708,Category_007,Product_1119,105900222
709,Category_007,Product_1120,153420379
710,Category_007,Product_1121,79920747
711,Category_007,Product_1122,126862547
712,Category_007,Product_1123,73430824
713,Category_007,Product_1124,74738821
714,Category_007,Product_1125,82746201
715,Category_007,Product_1126,77434033
716,Category_007,Product_1144,202456391
717,Category_007,Product_1168,187425120
718,Category_007,Product_1169,84655678
719,Category_007,Product_1809,154964655
720,Category_007,Product_1881,127816523
721,Category_007,Product_1884,263176851
722,Category_007,Product_1885,32831870
723,Category_007,Product_1886,2165855093
724,Category_007,Product_1887,253053936
725,Category_007,Product_1888,66547077
726,Category_007,Product_1889,566510642
727,Category_007,Product_1890,42129290
728,Category_007,Product_1976,93751736
729,Category_007,Product_2171,369779932
730,Category_008,Product_0119,133889826
731,Category_008,Product_0149,67621882
732,Category_008,Product_0826,92272376
733,Category_008,Product_0827,207268309
734,Category_008,Product_0828,112779239
735,Category_008,Product_1020,126600224
736,Category_008,Product_1024,186613606
737,Category_009,Product_1136,29759061
738,Category_009,Product_1137,107912896
739,Category_009,Product_1138,94147449
740,Category_009,Product_1139,80457432
741,Category_009,Product_1140,172896155
742,Category_009,Product_1141,41524423
743,Category_009,Product_1142,77175323
744,Category_009,Product_1143,112290658
745,Category_009,Product_1910,16451943
746,Category_009,Product_1911,13286674
747,Category_009,Product_1912,1766377
748,Category_009,Product_1913,18262958
749,Category_009,Product_1914,13618989
750,Category_009,Product_1915,8706085
751,Category_009,Product_1916,24449517
752,Category_009,Product_1917,26272545
753,Category_009,Product_2061,22354188
754,Category_009,Product_2062,33959633
755,Category_009,Product_2063,38600841
756,Category_009,Product_2064,22957909
757,Category_009,Product_2065,87474865
758,Category_009,Product_2066,30950655
759,Category_009,Product_2067,41766446
760,Category_009,Product_2068,33157965
761,Category_009,Product_2069,26633875
762,Category_009,Product_2070,40866389
763,Category_009,Product_2071,80263249
764,Category_009,Product_2072,191573079
765,Category_009,Product_2073,49619934
766,Category_009,Product_2074,41630620
767,Category_009,Product_2075,88928806
768,Category_009,Product_2076,223310806
769,Category_009,Product_2077,53095617
770,Category_009,Product_2078,55352342
771,Category_009,Product_2079,52655670
772,Category_009,Product_2080,66627175
773,Category_009,Product_2081,130040946
774,Category_009,Product_2082,428713270
775,Category_009,Product_2083,88925421
776,Category_009,Product_2084,42505164
777,Category_009,Product_2085,80784164
778,Category_009,Product_2086,69204026
779,Category_009,Product_2087,137783981
780,Category_009,Product_2088,155873739
781,Category_009,Product_2089,314090935
782,Category_009,Product_2090,81538589
783,Category_009,Product_2091,80288282
784,Category_009,Product_2092,52676449
785,Category_009,Product_2093,121898466
786,Category_009,Product_2094,47172183
787,Category_009,Product_2095,122002779
788,Category_009,Product_2096,14538046
789,Category_009,Product_2097,34785165
790,Category_009,Product_2098,12370782
791,Category_009,Product_2099,855858
792,Category_009,Product_2100,50648714
793,Category_009,Product_2101,29135560
794,Category_009,Product_2102,15126544
795,Category_009,Product_2103,11598722
796,Category_009,Product_2104,76237543
797,Category_009,Product_2105,91669530
798,Category_009,Product_2106,90064682
799,Category_009,Product_2107,70196962
800,Category_009,Product_2108,57297182
801,Category_009,Product_2109,158546966
802,Category_009,Product_2110,87872633
803,Category_009,Product_2111,255427956
804,Category_009,Product_2112,65791676
805,Category_009,Product_2113,66306826
806,Category_009,Product_2114,239689624
807,Category_009,Product_2115,108172933
808,Category_009,Product_2116,61919389
809,Category_009,Product_2117,3889630
810,Category_009,Product_2118,136449221
811,Category_009,Product_2119,13195435
812,Category_009,Product_2120,14140474
813,Category_009,Product_2121,83148831
814,Category_009,Product_2122,34662495
815,Category_009,Product_2123,134946096
816,Category_009,Product_2124,205859774
817,Category_009,Product_2125,33646103
818,Category_009,Product_2126,45887059
819,Category_009,Product_2127,63987945
820,Category_009,Product_2128,489997553
821,Category_009,Product_2129,53637960
822,Category_009,Product_2130,60341789
823,Category_009,Product_2131,138590544
824,Category_009,Product_2132,868915833
825,Category_009,Product_2133,112293467
826,Category_009,Product_2134,48116588
827,Category_009,Product_2135,96087595
828,Category_009,Product_2136,286116344
829,Category_009,Product_2137,161876072
830,Category_009,Product_2138,1026491844
831,Category_009,Product_2139,138737930
832,Category_009,Product_2140,66232068
833,Category_009,Product_2141,99934832
834,Category_009,Product_2142,222689005
835,Category_009,Product_2143,212455660
836,Category_009,Product_2144,374775161
837,Category_009,Product_2145,60335246
838,Category_009,Product_2146,58088121
839,Category_010,Product_1654,14435415
840,Category_010,Product_1655,14836011
841,Category_010,Product_1775,63475740
842,Category_010,Product_1776,180588008
843,Category_010,Product_1777,147882517
844,Category_010,Product_1778,82558125
845,Category_010,Product_1779,42713682
846,Category_011,Product_0039,73156128
847,Category_011,Product_0040,101468058
848,Category_011,Product_0041,43472077
849,Category_011,Product_0042,76506607
850,Category_011,Product_0125,261049776
851,Category_011,Product_0314,73565382
852,Category_011,Product_0315,110466196
853,Category_011,Product_0316,101520087
854,Category_011,Product_0317,154558206
855,Category_011,Product_0318,234999063
856,Category_011,Product_0431,86841354
857,Category_011,Product_0483,32587199
858,Category_011,Product_0651,127436051
859,Category_011,Product_0652,164942309
860,Category_011,Product_0653,87681138
861,Category_011,Product_0654,961595002
862,Category_011,Product_0655,79648389
863,Category_011,Product_0656,125024029
864,Category_011,Product_0657,135371314
865,Category_011,Product_0658,292827717
866,Category_011,Product_0659,70268275
867,Category_011,Product_0660,278811184
868,Category_011,Product_0661,57397854
869,Category_011,Product_0662,68125560
870,Category_011,Product_0663,82684708
871,Category_011,Product_0664,1821151824
872,Category_011,Product_0665,180879742
873,Category_011,Product_0666,228439203
874,Category_011,Product_0667,195024068
875,Category_011,Product_0668,176520564
876,Category_011,Product_0669,105226666
877,Category_011,Product_0670,409412373
878,Category_011,Product_0671,187755376
879,Category_011,Product_0672,674411460
880,Category_011,Product_0673,39784619
881,Category_011,Product_0674,45033474
882,Category_011,Product_0675,173823830
883,Category_011,Product_0676,40326176
884,Category_011,Product_0677,715818726
885,Category_011,Product_0678,46424867
886,Category_011,Product_0679,63475289
887,Category_011,Product_0680,38545493
888,Category_011,Product_0681,73572685
889,Category_011,Product_0682,53592194
890,Category_011,Product_0683,99336887
891,Category_011,Product_0684,73741590
892,Category_011,Product_0685,374675018
893,Category_011,Product_0686,50050277
894,Category_011,Product_0687,34305562
895,Category_011,Product_0688,47811101
896,Category_011,Product_0689,106960605
897,Category_011,Product_0690,80342570
898,Category_011,Product_1978,92759768
899,Category_011,Product_2037,719249888
900,Category_011,Product_2038,399598748
901,Category_011,Product_2039,781260487
902,Category_011,Product_2049,42394889
903,Category_011,Product_2050,88910877
904,Category_011,Product_2148,82408364
905,Category_012,Product_0437,60427413
906,Category_012,Product_0438,4767475
907,Category_012,Product_0439,150264620
908,Category_012,Product_0440,14652718
909,Category_012,Product_0441,13090087
910,Category_012,Product_0465,991154
911,Category_012,Product_0466,3238829
912,Category_012,Product_0507,70721917
913,Category_012,Product_0510,35540404
914,Category_012,Product_0566,36907303
915,Category_012,Product_0567,22803114
916,Category_012,Product_0568,20767485
917,Category_012,Product_0569,84298421
918,Category_012,Product_0570,146919335
919,Category_012,Product_0571,68004337
920,Category_012,Product_0572,60551626
921,Category_012,Product_0573,27637517
922,Category_012,Product_0574,16953292
923,Category_012,Product_0575,12983761
924,Category_012,Product_0576,2546880
925,Category_012,Product_0577,5760313
926,Category_012,Product_0578,30613683
927,Category_012,Product_0579,10304845
928,Category_012,Product_0580,18457994
929,Category_013,Product_0436,12036150
930,Category_013,Product_0467,17971833
931,Category_013,Product_0484,7119143
932,Category_013,Product_0485,112136861
933,Category_013,Product_0486,329389309
934,Category_013,Product_0487,174787302
935,Category_013,Product_0488,53298040
936,Category_013,Product_0489,172391319
937,Category_013,Product_0490,51954787
938,Category_013,Product_0545,115505385
939,Category_013,Product_0546,374847924
940,Category_013,Product_0547,317868914
941,Category_013,Product_0548,279268690
942,Category_014,Product_0480,18968638
943,Category_015,Product_0102,127555918
944,Category_015,Product_0103,189087306
945,Category_015,Product_0150,693459491
946,Category_015,Product_0151,97821831
947,Category_015,Product_0294,288978067
948,Category_015,Product_0295,50642159
949,Category_015,Product_0296,48397671
950,Category_015,Product_0297,236583470
951,Category_015,Product_0298,64531062
952,Category_015,Product_0299,81267963
953,Category_015,Product_0300,100646007
954,Category_015,Product_0301,497095983
955,Category_015,Product_0302,128010819
956,Category_015,Product_0303,78337396
957,Category_015,Product_0304,394936663
958,Category_015,Product_0313,137896155
959,Category_015,Product_0442,13571037
960,Category_015,Product_0443,256428365
961,Category_015,Product_0444,59432192
962,Category_015,Product_0445,272133555
963,Category_015,Product_0446,57207413
964,Category_015,Product_0447,55024337
965,Category_015,Product_0448,62698397
966,Category_015,Product_0449,53328803
967,Category_015,Product_0450,56158840
968,Category_015,Product_0451,139708343
969,Category_015,Product_0452,25164575
970,Category_015,Product_0453,863450768
971,Category_015,Product_0454,222364400
972,Category_015,Product_0455,84754186
973,Category_015,Product_0456,52378719
974,Category_015,Product_0457,69627520
975,Category_015,Product_0458,707023531
976,Category_015,Product_0459,178724159
977,Category_015,Product_0460,178462692
978,Category_015,Product_0461,67138927
979,Category_015,Product_0462,35570852
980,Category_015,Product_0463,1243851979
981,Category_015,Product_0471,418229614
982,Category_015,Product_0472,72907458
983,Category_015,Product_0473,46975450
984,Category_015,Product_0474,98409393
985,Category_015,Product_0482,88281335
986,Category_015,Product_0491,186215786
987,Category_015,Product_0492,144634985
988,Category_015,Product_0493,138885068
989,Category_015,Product_0494,35327368
990,Category_015,Product_0495,1116441070
991,Category_015,Product_0496,116488901
992,Category_015,Product_0497,180834961
993,Category_015,Product_0498,46756773
994,Category_015,Product_0499,57293312
995,Category_015,Product_0500,43780320
996,Category_015,Product_0501,123176696
997,Category_015,Product_0502,215671774
998,Category_015,Product_0503,374043670
999,Category_015,Product_0504,71268682
1000,Category_015,Product_0505,373751516
1001,Category_015,Product_0506,2718577
1002,Category_015,Product_0508,90642139
1003,Category_015,Product_0509,11383081
1004,Category_015,Product_0544,218462030
1005,Category_015,Product_0564,189654045
1006,Category_015,Product_0565,43812111
1007,Category_016,Product_1083,17169398
1008,Category_016,Product_1084,2718143
1009,Category_016,Product_1085,9795685
1010,Category_016,Product_1086,3545369
1011,Category_017,Product_0319,11740780
1012,Category_017,Product_0597,42027324
1013,Category_017,Product_0598,38413938
1014,Category_017,Product_0599,91469227
1015,Category_017,Product_0824,16210677
1016,Category_017,Product_1181,94665585
1017,Category_017,Product_1800,36701220
1018,Category_017,Product_1801,51348239
1019,Category_018,Product_0432,127754896
1020,Category_018,Product_0944,59660568
1021,Category_018,Product_0945,72652646
1022,Category_018,Product_0946,194267062
1023,Category_018,Product_0947,108204951
1024,Category_018,Product_0951,250227965
1025,Category_018,Product_1781,89139456
1026,Category_018,Product_1783,78029855
1027,Category_018,Product_1786,593012662
1028,Category_018,Product_1814,44782856
1029,Category_018,Product_1822,960447627
1030,Category_018,Product_1828,50944471
1031,Category_018,Product_1834,156409246
1032,Category_018,Product_1844,122801330
1033,Category_018,Product_1918,59127092
1034,Category_018,Product_2060,10865065
1035,Category_019,Product_0053,119417858
1036,Category_019,Product_0054,73547746
1037,Category_019,Product_0055,39751034
1038,Category_019,Product_0056,61650475
1039,Category_019,Product_0057,249066158
1040,Category_019,Product_0058,483970146
1041,Category_019,Product_0059,131583709
1042,Category_019,Product_0060,164451070
1043,Category_019,Product_0061,92982116
1044,Category_019,Product_0062,262098661
1045,Category_019,Product_0063,330682685
1046,Category_019,Product_0064,554457933
1047,Category_019,Product_0065,321122361
1048,Category_019,Product_0066,106011919
1049,Category_019,Product_0067,32401352
1050,Category_019,Product_0068,156104510
1051,Category_019,Product_0069,182420813
1052,Category_019,Product_0070,305490332
1053,Category_019,Product_0071,394881602
1054,Category_019,Product_0072,30217536
1055,Category_019,Product_0073,74149373
1056,Category_019,Product_0074,108194093
1057,Category_019,Product_0076,36765061
1058,Category_019,Product_0077,44053716
1059,Category_019,Product_0078,100475159
1060,Category_019,Product_0079,91747655
1061,Category_019,Product_0080,221592911
1062,Category_019,Product_0081,258549597
1063,Category_019,Product_0082,246685003
1064,Category_019,Product_0083,928034777
1065,Category_019,Product_0084,54326803
1066,Category_019,Product_0085,251970608
1067,Category_019,Product_0086,202927458
1068,Category_019,Product_0087,209084881
1069,Category_019,Product_0088,121189987
1070,Category_019,Product_0089,241404799
1071,Category_019,Product_0090,45180745
1072,Category_019,Product_0091,44730044
1073,Category_019,Product_0092,34944722
1074,Category_019,Product_0093,178063579
1075,Category_019,Product_0094,213694026
1076,Category_019,Product_0095,151277819
1077,Category_019,Product_0096,137857869
1078,Category_019,Product_0097,101121752
1079,Category_019,Product_0098,77275936
1080,Category_019,Product_0099,110988633
1081,Category_019,Product_0100,48486851
1082,Category_019,Product_0101,80973177
1083,Category_019,Product_0126,92052362
1084,Category_019,Product_0127,74347430
1085,Category_019,Product_0128,41035185
1086,Category_019,Product_0129,43529698
1087,Category_019,Product_0367,209181477
1088,Category_019,Product_0406,125215734
1089,Category_019,Product_0407,1685083278
1090,Category_019,Product_0408,1932543867
1091,Category_019,Product_0409,1614315147
1092,Category_019,Product_0410,1551469233
1093,Category_019,Product_0413,128686508
1094,Category_019,Product_0414,72212692
1095,Category_019,Product_0415,138369396
1096,Category_019,Product_0416,87857230
1097,Category_019,Product_0417,178813445
1098,Category_019,Product_0418,208063535
1099,Category_019,Product_0419,113868937
1100,Category_019,Product_0420,102726637
1101,Category_019,Product_0421,112159358
1102,Category_019,Product_0422,325236488
1103,Category_019,Product_0423,43408989
1104,Category_019,Product_0424,142968663
1105,Category_019,Product_0425,363208255
1106,Category_019,Product_0426,64765272
1107,Category_019,Product_0427,263561817
1108,Category_019,Product_0428,27659367
1109,Category_019,Product_0639,789330090
1110,Category_019,Product_0640,94868620
1111,Category_019,Product_0641,124288300
1112,Category_019,Product_0642,536833239
1113,Category_019,Product_0644,23493894
1114,Category_019,Product_0645,216567763
1115,Category_019,Product_0830,112952952
1116,Category_019,Product_0831,117421654
1117,Category_019,Product_0832,127712485
1118,Category_019,Product_0833,107813511
1119,Category_019,Product_0834,37482607
1120,Category_019,Product_0835,57120184
1121,Category_019,Product_0836,45838351
1122,Category_019,Product_0837,100913696
1123,Category_019,Product_0838,75793011
1124,Category_019,Product_0860,54702197
1125,Category_019,Product_0861,71883600
1126,Category_019,Product_0862,73597423
1127,Category_019,Product_0864,28662405
1128,Category_019,Product_0865,27459620
1129,Category_019,Product_1186,142402580
1130,Category_019,Product_1187,83018526
1131,Category_019,Product_1188,39685171
1132,Category_019,Product_1189,71970295
1133,Category_019,Product_1190,52115561
1134,Category_019,Product_1191,213573394
1135,Category_019,Product_1192,28093153
1136,Category_019,Product_1193,281618281
1137,Category_019,Product_1194,224909679
1138,Category_019,Product_1195,519294191
1139,Category_019,Product_1196,338906011
1140,Category_019,Product_1197,67770012
1141,Category_019,Product_1198,374910555
1142,Category_019,Product_1199,83377439
1143,Category_019,Product_1200,188254105
1144,Category_019,Product_1201,141992924
1145,Category_019,Product_1202,195923770
1146,Category_019,Product_1203,121859159
1147,Category_019,Product_1204,40722596
1148,Category_019,Product_1205,49013976
1149,Category_019,Product_1206,69378076
1150,Category_019,Product_1207,90910368
1151,Category_019,Product_1209,492127619
1152,Category_019,Product_1210,68248677
1153,Category_019,Product_1211,35100792
1154,Category_019,Product_1212,115478144
1155,Category_019,Product_1213,1570751234
1156,Category_019,Product_1214,76879314
1157,Category_019,Product_1215,117947775
1158,Category_019,Product_1216,933542148
1159,Category_019,Product_1217,65805365
1160,Category_019,Product_1218,56696308
1161,Category_019,Product_1219,207805035
1162,Category_019,Product_1222,1823964728
1163,Category_019,Product_1223,101986034
1164,Category_019,Product_1224,865356141
1165,Category_019,Product_1225,73155533
1166,Category_019,Product_1226,296150793
1167,Category_019,Product_1227,146854369
1168,Category_019,Product_1228,71104175
1169,Category_019,Product_1229,120893211
1170,Category_019,Product_1230,79460366
1171,Category_019,Product_1231,69524407
1172,Category_019,Product_1232,102810540
1173,Category_019,Product_1233,213587355
1174,Category_019,Product_1234,367117682
1175,Category_019,Product_1235,57459910
1176,Category_019,Product_1236,243228720
1177,Category_019,Product_1237,113523041
1178,Category_019,Product_1238,33908013
1179,Category_019,Product_1239,984204801
1180,Category_019,Product_1240,341603662
1181,Category_019,Product_1241,2624603992
1182,Category_019,Product_1242,596081215
1183,Category_019,Product_1243,314438201
1184,Category_019,Product_1244,377404082
1185,Category_019,Product_1245,220453340
1186,Category_019,Product_1246,704550060
1187,Category_019,Product_1247,217277273
1188,Category_019,Product_1248,2944063999
1189,Category_019,Product_1249,209645948
1190,Category_019,Product_1250,2323037713
1191,Category_019,Product_1251,62195226
1192,Category_019,Product_1252,80270493
1193,Category_019,Product_1253,255866985
1194,Category_019,Product_1254,213714227
1195,Category_019,Product_1255,91453145
1196,Category_019,Product_1256,327169963
1197,Category_019,Product_1257,270589555
1198,Category_019,Product_1258,163122768
1199,Category_019,Product_1259,257836736
1200,Category_019,Product_1260,78704658
1201,Category_019,Product_1261,62479275
1202,Category_019,Product_1262,2101618600
1203,Category_019,Product_1263,613099905
1204,Category_019,Product_1264,2065012612
1205,Category_019,Product_1265,148829677
1206,Category_019,Product_1266,284271863
1207,Category_019,Product_1267,452353263
1208,Category_019,Product_1268,130926112
1209,Category_019,Product_1269,254371733
1210,Category_019,Product_1270,581025500
1211,Category_019,Product_1271,126720154
1212,Category_019,Product_1272,107103910
1213,Category_019,Product_1273,234644919
1214,Category_019,Product_1274,3265007459
1215,Category_019,Product_1275,622074765
1216,Category_019,Product_1276,730695251
1217,Category_019,Product_1277,62765086
1218,Category_019,Product_1278,1173489525
1219,Category_019,Product_1279,388628464
1220,Category_019,Product_1280,152574601
1221,Category_019,Product_1281,427043349
1222,Category_019,Product_1283,96691146
1223,Category_019,Product_1284,658602892
1224,Category_019,Product_1285,123820893
1225,Category_019,Product_1286,4130739666
1226,Category_019,Product_1287,3695539986
1227,Category_019,Product_1288,146374197
1228,Category_019,Product_1289,502485200
1229,Category_019,Product_1290,399160062
1230,Category_019,Product_1291,264207407
1231,Category_019,Product_1292,69938084
1232,Category_019,Product_1293,263847837
1233,Category_019,Product_1294,3895840094
1234,Category_019,Product_1295,5042765345
1235,Category_019,Product_1296,74577872
1236,Category_019,Product_1297,451211071
1237,Category_019,Product_1298,272057107
1238,Category_019,Product_1299,904583569
1239,Category_019,Product_1300,302505403
1240,Category_019,Product_1301,221196637
1241,Category_019,Product_1302,117967851
1242,Category_019,Product_1303,245990230
1243,Category_019,Product_1304,620247951
1244,Category_019,Product_1305,228866715
1245,Category_019,Product_1306,344059113
1246,Category_019,Product_1307,434073764
1247,Category_019,Product_1308,509143847
1248,Category_019,Product_1309,545798984
1249,Category_019,Product_1310,147705175
1250,Category_019,Product_1311,60695337
1251,Category_019,Product_1312,1795541427
1252,Category_019,Product_1313,133356785
1253,Category_019,Product_1314,1600345464
1254,Category_019,Product_1315,1370088658
1255,Category_019,Product_1316,1501342895
1256,Category_019,Product_1317,11156827
1257,Category_019,Product_1318,18677086
1258,Category_019,Product_1319,12347417
1259,Category_019,Product_1320,17852474
1260,Category_019,Product_1321,13117238
1261,Category_019,Product_1322,19972728
1262,Category_019,Product_1323,22563836
1263,Category_019,Product_1324,13541303
1264,Category_019,Product_1325,31742852
1265,Category_019,Product_1326,15914859
1266,Category_019,Product_1327,13797116
1267,Category_019,Product_1328,18551408
1268,Category_019,Product_1329,28007316
1269,Category_019,Product_1330,20698219
1270,Category_019,Product_1331,13113534
1271,Category_019,Product_1332,13042079
1272,Category_019,Product_1333,39712712
1273,Category_019,Product_1334,18942177
1274,Category_019,Product_1335,26197984
1275,Category_019,Product_1336,11268179
1276,Category_019,Product_1337,13446663
1277,Category_019,Product_1338,18255473
1278,Category_019,Product_1339,20010298
1279,Category_019,Product_1340,16712121
1280,Category_019,Product_1341,1204395606
1281,Category_019,Product_1342,749442827
1282,Category_019,Product_1343,71842803
1283,Category_019,Product_1344,721500076
1284,Category_019,Product_1345,262428330
1285,Category_019,Product_1346,334916663
1286,Category_019,Product_1347,92958160
1287,Category_019,Product_1348,290828269
1288,Category_019,Product_1349,459632838
1289,Category_019,Product_1350,1971434401
1290,Category_019,Product_1351,146145010
1291,Category_019,Product_1352,150654714
1292,Category_019,Product_1353,76603696
1293,Category_019,Product_1354,177084085
1294,Category_019,Product_1355,905670586
1295,Category_019,Product_1356,1330174481
1296,Category_019,Product_1357,232236201
1297,Category_019,Product_1358,66511482
1298,Category_019,Product_1359,7505420575
1299,Category_019,Product_1360,2167892628
1300,Category_019,Product_1364,54197981
1301,Category_019,Product_1365,288988334
1302,Category_019,Product_1366,25744214
1303,Category_019,Product_1367,689964926
1304,Category_019,Product_1368,813093063
1305,Category_019,Product_1369,181596115
1306,Category_019,Product_1370,76650182
1307,Category_019,Product_1371,511397838
1308,Category_019,Product_1372,676207505
1309,Category_019,Product_1373,230210939
1310,Category_019,Product_1374,324155250
1311,Category_019,Product_1375,407928327
1312,Category_019,Product_1376,195843698
1313,Category_019,Product_1377,3747975375
1314,Category_019,Product_1378,4819034211
1315,Category_019,Product_1379,58580360
1316,Category_019,Product_1380,749778382
1317,Category_019,Product_1381,2185749977
1318,Category_019,Product_1382,4266584029
1319,Category_019,Product_1383,512970777
1320,Category_019,Product_1384,250940899
1321,Category_019,Product_1385,510710717
1322,Category_019,Product_1386,69652530
1323,Category_019,Product_1387,1549632558
1324,Category_019,Product_1388,1388460965
1325,Category_019,Product_1389,225704933
1326,Category_019,Product_1390,189385217
1327,Category_019,Product_1391,818142974
1328,Category_019,Product_1392,1687823435
1329,Category_019,Product_1393,1249084464
1330,Category_019,Product_1394,693883461
1331,Category_019,Product_1395,33205304
1332,Category_019,Product_1396,164298743
1333,Category_019,Product_1397,225192605
1334,Category_019,Product_1398,182428309
1335,Category_019,Product_1399,236250664
1336,Category_019,Product_1400,124456537
1337,Category_019,Product_1401,1434819093
1338,Category_019,Product_1402,942608382
1339,Category_019,Product_1403,1555743812
1340,Category_019,Product_1404,315633076
1341,Category_019,Product_1405,20577335
1342,Category_019,Product_1406,16343664
1343,Category_019,Product_1407,169353672
1344,Category_019,Product_1408,188843634
1345,Category_019,Product_1409,398133698
1346,Category_019,Product_1410,2477533756
1347,Category_019,Product_1411,90636718
1348,Category_019,Product_1412,48541077
1349,Category_019,Product_1413,134415031
1350,Category_019,Product_1414,222891971
1351,Category_019,Product_1415,165722610
1352,Category_019,Product_1416,1263828873
1353,Category_019,Product_1417,233660449
1354,Category_019,Product_1418,842922568
1355,Category_019,Product_1419,1228080743
1356,Category_019,Product_1420,1089481730
1357,Category_019,Product_1421,635827351
1358,Category_019,Product_1422,664151250
1359,Category_019,Product_1423,902817038
1360,Category_019,Product_1424,1281364885
1361,Category_019,Product_1425,163311076
1362,Category_019,Product_1426,104933589
1363,Category_019,Product_1427,1131008047
1364,Category_019,Product_1428,68780059
1365,Category_019,Product_1429,1344779431
1366,Category_019,Product_1430,1847885186
1367,Category_019,Product_1431,723100219
1368,Category_019,Product_1432,1380170217
1369,Category_019,Product_1433,51313336
1370,Category_019,Product_1434,72620834
1371,Category_019,Product_1435,396686428
1372,Category_019,Product_1436,254027158
1373,Category_019,Product_1437,261248666
1374,Category_019,Product_1438,200292867
1375,Category_019,Product_1439,1019085671
1376,Category_019,Product_1440,192306952
1377,Category_019,Product_1441,75936078
1378,Category_019,Product_1442,137388827
1379,Category_019,Product_1443,169385178
1380,Category_019,Product_1444,52903116
1381,Category_019,Product_1445,111086108
1382,Category_019,Product_1446,109206527
1383,Category_019,Product_1447,154821271
1384,Category_019,Product_1448,89794709
1385,Category_019,Product_1449,41269461
1386,Category_019,Product_1450,635931108
1387,Category_019,Product_1451,2138117673
1388,Category_019,Product_1452,2109629640
1389,Category_019,Product_1453,4215937543
1390,Category_019,Product_1454,602439314
1391,Category_019,Product_1455,1118462454
1392,Category_019,Product_1456,2737876033
1393,Category_019,Product_1457,270173383
1394,Category_019,Product_1458,1243088761
1395,Category_019,Product_1459,916492688
1396,Category_019,Product_1460,244993746
1397,Category_019,Product_1461,1071641448
1398,Category_019,Product_1462,32116833
1399,Category_019,Product_1463,2259949397
1400,Category_019,Product_1464,1276657709
1401,Category_019,Product_1465,674189827
1402,Category_019,Product_1466,304502701
1403,Category_019,Product_1467,159574918
1404,Category_019,Product_1468,156321880
1405,Category_019,Product_1469,1380429278
1406,Category_019,Product_1470,2683649491
1407,Category_019,Product_1471,123308933
1408,Category_019,Product_1472,286235730
1409,Category_019,Product_1473,168892677
1410,Category_019,Product_1474,79490349
1411,Category_019,Product_1475,201559431
1412,Category_019,Product_1476,48682674
1413,Category_019,Product_1477,336455996
1414,Category_019,Product_1478,1476978975
1415,Category_019,Product_1479,734533364
1416,Category_019,Product_1480,864498781
1417,Category_019,Product_1481,183367092
1418,Category_019,Product_1482,189169536
1419,Category_019,Product_1483,224778440
1420,Category_019,Product_1484,41561977
1421,Category_019,Product_1485,122936997
1422,Category_019,Product_1486,55981220
1423,Category_019,Product_1487,36730644
1424,Category_019,Product_1488,34259589
1425,Category_019,Product_1489,52782697
1426,Category_019,Product_1490,359265486
1427,Category_019,Product_1491,136646401
1428,Category_019,Product_1492,484050232
1429,Category_019,Product_1493,1294208247
1430,Category_019,Product_1494,151860542
1431,Category_019,Product_1495,505096626
1432,Category_019,Product_1496,1933820073
1433,Category_019,Product_1497,52666724
1434,Category_019,Product_1498,51622632
1435,Category_019,Product_1499,222394137
1436,Category_019,Product_1500,140634036
1437,Category_019,Product_1501,281115650
1438,Category_019,Product_1502,735164293
1439,Category_019,Product_1503,140847198
1440,Category_019,Product_1504,127512808
1441,Category_019,Product_1505,133402923
1442,Category_019,Product_1506,43743065
1443,Category_019,Product_1507,119766220
1444,Category_019,Product_1508,700822313
1445,Category_019,Product_1509,512608427
1446,Category_019,Product_1510,70348851
1447,Category_019,Product_1511,57840054
1448,Category_019,Product_1512,2194178701
1449,Category_019,Product_1513,1741842605
1450,Category_019,Product_1514,173297372
1451,Category_019,Product_1515,187500324
1452,Category_019,Product_1516,184407128
1453,Category_019,Product_1517,36432808
1454,Category_019,Product_1518,425347538
1455,Category_019,Product_1519,547241716
1456,Category_019,Product_1520,799668667
1457,Category_019,Product_1521,780016553
1458,Category_019,Product_1522,69737278
1459,Category_019,Product_1523,254947678
1460,Category_019,Product_1524,30238832
1461,Category_019,Product_1525,5902221
1462,Category_019,Product_1526,551598089
1463,Category_019,Product_1527,96211049
1464,Category_019,Product_1528,41660800
1465,Category_019,Product_1529,73689393
1466,Category_019,Product_1530,272423154
1467,Category_019,Product_1531,130637719
1468,Category_019,Product_1532,439978384
1469,Category_019,Product_1533,52463041
1470,Category_019,Product_1534,59773928
1471,Category_019,Product_1535,258422146
1472,Category_019,Product_1536,92462282
1473,Category_019,Product_1537,53286383
1474,Category_019,Product_1538,119180020
1475,Category_019,Product_1539,1109977112
1476,Category_019,Product_1540,623739446
1477,Category_019,Product_1541,683825043
1478,Category_019,Product_1542,78734911
1479,Category_019,Product_1543,76056789
1480,Category_019,Product_1544,95284198
1481,Category_019,Product_1545,38743268
1482,Category_019,Product_1546,100775846
1483,Category_019,Product_1547,63127073
1484,Category_019,Product_1548,829529950
1485,Category_019,Product_1549,27477639
1486,Category_019,Product_1550,273036455
1487,Category_019,Product_1551,42164146
1488,Category_019,Product_1552,28345078
1489,Category_019,Product_1553,472706958
1490,Category_019,Product_1554,1744006035
1491,Category_019,Product_1555,1292687067
1492,Category_019,Product_1556,298211099
1493,Category_019,Product_1557,55261578
1494,Category_019,Product_1558,11709790
1495,Category_019,Product_1559,45194861
1496,Category_019,Product_1560,457389305
1497,Category_019,Product_1561,57172739
1498,Category_019,Product_1562,87640586
1499,Category_019,Product_1563,214303688
1500,Category_019,Product_1564,89118915
1501,Category_019,Product_1565,105776971
1502,Category_019,Product_1566,118365527
1503,Category_019,Product_1567,215309468
1504,Category_019,Product_1568,62085672
1505,Category_019,Product_1569,110696329
1506,Category_019,Product_1570,770021492
1507,Category_019,Product_1571,106505188
1508,Category_019,Product_1572,47316138
1509,Category_019,Product_1573,92758931
1510,Category_019,Product_1574,250460949
1511,Category_019,Product_1575,49342835
1512,Category_019,Product_1576,20749680
1513,Category_019,Product_1577,41848938
1514,Category_019,Product_1578,55046596
1515,Category_019,Product_1579,32318394
1516,Category_019,Product_1615,67177042
1517,Category_019,Product_1621,188692361
1518,Category_019,Product_1622,320577466
1519,Category_019,Product_1623,156875324
1520,Category_019,Product_1624,63231358
1521,Category_019,Product_1625,26889742
1522,Category_019,Product_1626,291616006
1523,Category_019,Product_1627,50061604
1524,Category_019,Product_1628,106385498
1525,Category_019,Product_1629,407431545
1526,Category_019,Product_1630,226415018
1527,Category_019,Product_1631,67087148
1528,Category_019,Product_1632,76057353
1529,Category_019,Product_1633,102991015
1530,Category_019,Product_1634,71407042
1531,Category_019,Product_1635,388505620
1532,Category_019,Product_1636,383798970
1533,Category_019,Product_1637,170170952
1534,Category_019,Product_1638,263879826
1535,Category_019,Product_1639,325324398
1536,Category_019,Product_1640,105330212
1537,Category_019,Product_1641,72691739
1538,Category_019,Product_1642,68793114
1539,Category_019,Product_1643,230168135
1540,Category_019,Product_1648,237606496
1541,Category_019,Product_1649,58621248
1542,Category_019,Product_1650,84204496
1543,Category_019,Product_1651,79391267
1544,Category_019,Product_1652,72725782
1545,Category_019,Product_1653,394797115
1546,Category_019,Product_1899,96562735
1547,Category_019,Product_1900,72055944
1548,Category_019,Product_1901,97333785
1549,Category_019,Product_1902,35228729
1550,Category_019,Product_1903,97435650
1551,Category_019,Product_1904,405043866
1552,Category_019,Product_1905,183989076
1553,Category_019,Product_1906,168687036
1554,Category_019,Product_1907,24110937
1555,Category_019,Product_1909,333071150
1556,Category_019,Product_1994,150229025
1557,Category_019,Product_1995,154513664
1558,Category_019,Product_1996,71758427
1559,Category_019,Product_2003,100333366
1560,Category_019,Product_2014,465712237
1561,Category_019,Product_2042,50097596
1562,Category_019,Product_2043,49676812
1563,Category_019,Product_2044,53970408
1564,Category_019,Product_2045,47562934
1565,Category_019,Product_2046,58409904
1566,Category_019,Product_2047,52930677
1567,Category_019,Product_2048,40082905
1568,Category_019,Product_2151,19438867
1569,Category_020,Product_1064,44753739
1570,Category_020,Product_1065,62428304
1571,Category_020,Product_1066,64166204
1572,Category_020,Product_1067,101871130
1573,Category_020,Product_1068,68422851
1574,Category_020,Product_1069,182283239
1575,Category_020,Product_1070,39028702
1576,Category_020,Product_1071,50143333
1577,Category_020,Product_1072,61192072
1578,Category_020,Product_1073,131417124
1579,Category_020,Product_1074,34251841
1580,Category_020,Product_1075,42969869
1581,Category_020,Product_1076,52771024
1582,Category_020,Product_1077,58518337
1583,Category_020,Product_1078,125795349
1584,Category_020,Product_1079,46959025
1585,Category_020,Product_1080,29724817
1586,Category_020,Product_1081,25083417
1587,Category_020,Product_1082,44738533
1588,Category_020,Product_1087,79122136
1589,Category_020,Product_1088,35558304
1590,Category_020,Product_1089,90735951
1591,Category_020,Product_1090,29804174
1592,Category_021,Product_0120,219798611
1593,Category_021,Product_0121,81769571
1594,Category_021,Product_0122,431009579
1595,Category_021,Product_0123,869028908
1596,Category_021,Product_0124,127429557
1597,Category_021,Product_0130,480903235
1598,Category_021,Product_0131,266921722
1599,Category_021,Product_0132,70530036
1600,Category_021,Product_0133,76506104
1601,Category_021,Product_0134,48411638
1602,Category_021,Product_0135,53432378
1603,Category_021,Product_0136,97702113
1604,Category_021,Product_0137,39747382
1605,Category_021,Product_0152,54133493
1606,Category_021,Product_0153,73117981
1607,Category_021,Product_0154,76838976
1608,Category_021,Product_0155,132892211
1609,Category_021,Product_0156,40176918
1610,Category_021,Product_0157,153133639
1611,Category_021,Product_0158,284220403
1612,Category_021,Product_0159,198663063
1613,Category_021,Product_0160,66479979
1614,Category_021,Product_0161,60988059
1615,Category_021,Product_0162,55547857
1616,Category_021,Product_0163,28972686
1617,Category_021,Product_0164,39686244
1618,Category_021,Product_0165,58410695
1619,Category_021,Product_0166,37736896
1620,Category_021,Product_0167,67021273
1621,Category_021,Product_0168,232626834
1622,Category_021,Product_0169,83651073
1623,Category_021,Product_0170,48595398
1624,Category_021,Product_0171,57152232
1625,Category_021,Product_0173,96988767
1626,Category_021,Product_0174,249871281
1627,Category_021,Product_0175,85475538
1628,Category_021,Product_0176,79082535
1629,Category_021,Product_0177,63295130
1630,Category_021,Product_0272,39859894
1631,Category_021,Product_0273,335965758
1632,Category_021,Product_0274,46469576
1633,Category_021,Product_0275,297573598
1634,Category_021,Product_0276,222338067
1635,Category_021,Product_0277,168754335
1636,Category_021,Product_0278,123007802
1637,Category_021,Product_0279,39300216
1638,Category_021,Product_0280,188027791
1639,Category_021,Product_0281,151468957
1640,Category_021,Product_0282,136685778
1641,Category_021,Product_0283,145542525
1642,Category_021,Product_0284,345998236
1643,Category_021,Product_0285,93799269
1644,Category_021,Product_0286,248717943
1645,Category_021,Product_0287,664466559
1646,Category_021,Product_0288,715809216
1647,Category_021,Product_0293,153562456
1648,Category_021,Product_0305,46514184
1649,Category_021,Product_0325,625856971
1650,Category_021,Product_0326,60290605
1651,Category_021,Product_0327,75317010
1652,Category_021,Product_0328,36017550
1653,Category_021,Product_0329,112563184
1654,Category_021,Product_0330,33067325
1655,Category_021,Product_0331,55718325
1656,Category_021,Product_0332,264992122
1657,Category_021,Product_0333,669728761
1658,Category_021,Product_0334,75722626
1659,Category_021,Product_0335,407281273
1660,Category_021,Product_0336,161795941
1661,Category_021,Product_0337,594227142
1662,Category_021,Product_0338,227599523
1663,Category_021,Product_0339,95070698
1664,Category_021,Product_0340,72930819
1665,Category_021,Product_0341,133228479
1666,Category_021,Product_0342,220618104
1667,Category_021,Product_0343,46445357
1668,Category_021,Product_0344,284677016
1669,Category_021,Product_0345,141786796
1670,Category_021,Product_0346,128470685
1671,Category_021,Product_0347,120872570
1672,Category_021,Product_0348,346191950
1673,Category_021,Product_0349,2116263898
1674,Category_021,Product_0350,79115948
1675,Category_021,Product_0351,88556583
1676,Category_021,Product_0352,125975101
1677,Category_021,Product_0353,852593647
1678,Category_021,Product_0354,215753805
1679,Category_021,Product_0364,452930292
1680,Category_021,Product_0839,317531607
1681,Category_021,Product_0840,177242449
1682,Category_021,Product_0841,398961372
1683,Category_021,Product_0842,190440515
1684,Category_021,Product_0843,203741493
1685,Category_021,Product_0844,163442161
1686,Category_021,Product_0845,437101066
1687,Category_021,Product_0846,142396406
1688,Category_021,Product_0847,150189469
1689,Category_021,Product_0848,92361178
1690,Category_021,Product_0853,1008508
1691,Category_021,Product_1675,818476726
1692,Category_021,Product_1676,353720137
1693,Category_021,Product_1677,252009317
1694,Category_021,Product_1678,520746099
1695,Category_021,Product_1679,139644404
1696,Category_021,Product_1680,714851907
1697,Category_021,Product_1681,56992504
1698,Category_021,Product_1682,201163140
1699,Category_021,Product_1683,155148434
1700,Category_021,Product_1684,122189005
1701,Category_021,Product_1685,67656271
1702,Category_021,Product_1686,173413785
1703,Category_021,Product_1687,123113128
1704,Category_021,Product_1688,388907358
1705,Category_021,Product_1689,182066146
1706,Category_021,Product_1690,43920017
1707,Category_021,Product_1691,60180346
1708,Category_021,Product_1692,239410567
1709,Category_021,Product_1693,41076066
1710,Category_021,Product_1694,79906043
1711,Category_021,Product_1695,24388350
1712,Category_021,Product_1696,59059779
1713,Category_021,Product_1697,24742856
1714,Category_021,Product_1698,1110805
1715,Category_021,Product_1703,765098
1716,Category_021,Product_1708,33758410
1717,Category_021,Product_1709,45286563
1718,Category_021,Product_1891,565533617
1719,Category_021,Product_1892,171650058
1720,Category_021,Product_1893,59891831
1721,Category_021,Product_1894,58275819
1722,Category_021,Product_1895,56515697
1723,Category_021,Product_1896,243771417
1724,Category_021,Product_1897,58889296
1725,Category_021,Product_2051,25680094
1726,Category_021,Product_2052,69814816
1727,Category_021,Product_2053,306807101
1728,Category_021,Product_2054,170177715
1729,Category_021,Product_2055,365341577
1730,Category_021,Product_2056,213748504
1731,Category_021,Product_2057,118487795
1732,Category_021,Product_2058,8706628
1733,Category_021,Product_2059,22666812
1734,Category_021,Product_2152,88864453
1735,Category_022,Product_0464,127678440
1736,Category_022,Product_0481,45189140
1737,Category_022,Product_0511,46289619
1738,Category_022,Product_0512,283570711
1739,Category_022,Product_0513,64228308
1740,Category_022,Product_0514,258531640
1741,Category_022,Product_0515,57022286
1742,Category_022,Product_0516,460225499
1743,Category_022,Product_0517,258706056
1744,Category_022,Product_0518,22542933
1745,Category_022,Product_0519,67384939
1746,Category_022,Product_0520,131459258
1747,Category_022,Product_0521,43681233
1748,Category_022,Product_0522,63570313
1749,Category_022,Product_0523,45340950
1750,Category_022,Product_0524,165975335
1751,Category_022,Product_0525,37986572
1752,Category_022,Product_0526,43282152
1753,Category_022,Product_0527,33788482
1754,Category_022,Product_0528,83432127
1755,Category_022,Product_0529,157831622
1756,Category_022,Product_0530,54092789
1757,Category_022,Product_0531,42944515
1758,Category_022,Product_0532,23977215
1759,Category_022,Product_0533,238897854
1760,Category_022,Product_0534,238433795
1761,Category_022,Product_0535,62870279
1762,Category_022,Product_0536,37423458
1763,Category_022,Product_0537,114247433
1764,Category_022,Product_0538,197919775
1765,Category_022,Product_0539,51809005
1766,Category_022,Product_0540,22761322
1767,Category_022,Product_0541,56951641
1768,Category_022,Product_0542,29271729
1769,Category_022,Product_0646,81840438
1770,Category_022,Product_0650,99040023
1771,Category_022,Product_2153,107258605
1772,Category_022,Product_2154,111597000
1773,Category_022,Product_2155,87441913
1774,Category_022,Product_2156,76742109
1775,Category_022,Product_2157,150173222
1776,Category_022,Product_2158,138682742
1777,Category_022,Product_2159,51727188
1778,Category_022,Product_2160,90499740
1779,Category_022,Product_2161,10703072
1780,Category_022,Product_2162,36560500
1781,Category_023,Product_0148,38600659
1782,Category_023,Product_0360,6846132
1783,Category_023,Product_0363,73601497
1784,Category_023,Product_0868,33917992
1785,Category_023,Product_0870,32108938
1786,Category_023,Product_0871,37671403
1787,Category_023,Product_0872,40598236
1788,Category_023,Product_0873,3439917
1789,Category_023,Product_0874,18795630
1790,Category_023,Product_0875,29391570
1791,Category_023,Product_0876,33044943
1792,Category_023,Product_0877,52950726
1793,Category_023,Product_0878,22108709
1794,Category_023,Product_0879,59325504
1795,Category_023,Product_0880,22487190
1796,Category_023,Product_0881,25944669
1797,Category_023,Product_0882,18795131
1798,Category_023,Product_0883,40797912
1799,Category_023,Product_0884,24396597
1800,Category_023,Product_0885,36305867
1801,Category_023,Product_0886,36097056
1802,Category_023,Product_0887,20902053
1803,Category_023,Product_0888,37673584
1804,Category_023,Product_0889,36880234
1805,Category_023,Product_0890,39241872
1806,Category_023,Product_0891,58185853
1807,Category_023,Product_0892,36071887
1808,Category_023,Product_0893,42097998
1809,Category_023,Product_0894,125677163
1810,Category_023,Product_0895,30224572
1811,Category_023,Product_0896,35158398
1812,Category_023,Product_0897,38960740
1813,Category_023,Product_0898,20661980
1814,Category_023,Product_0899,34100988
1815,Category_023,Product_0900,36533577
1816,Category_023,Product_0901,668106957
1817,Category_023,Product_0902,11895368
1818,Category_023,Product_0903,58955551
1819,Category_023,Product_0904,299468041
1820,Category_023,Product_0905,657404240
1821,Category_023,Product_0906,13435049
1822,Category_023,Product_0907,205351375
1823,Category_023,Product_0908,169361876
1824,Category_023,Product_0909,58309284
1825,Category_023,Product_0910,40130746
1826,Category_023,Product_0911,65097021
1827,Category_023,Product_0912,24962769
1828,Category_023,Product_0913,53099345
1829,Category_023,Product_0914,71369634
1830,Category_023,Product_0915,58665809
1831,Category_023,Product_0916,51918773
1832,Category_023,Product_0917,47883222
1833,Category_023,Product_0918,21632816
1834,Category_023,Product_0919,43413045
1835,Category_023,Product_0920,60732867
1836,Category_023,Product_0921,49543660
1837,Category_023,Product_0922,78524780
1838,Category_023,Product_0923,58733210
1839,Category_023,Product_0924,84387538
1840,Category_023,Product_0925,38063724
1841,Category_023,Product_0926,44454994
1842,Category_023,Product_0927,51282906
1843,Category_024,Product_0289,275234692
1844,Category_024,Product_0290,167237122
1845,Category_024,Product_0291,96246614
1846,Category_024,Product_0292,159855570
1847,Category_024,Product_0306,131320898
1848,Category_024,Product_0307,139339603
1849,Category_024,Product_0308,1066099031
1850,Category_024,Product_0309,117326642
1851,Category_024,Product_0310,99501368
1852,Category_024,Product_0311,382629995
1853,Category_024,Product_0312,127458814
1854,Category_024,Product_0320,21605641
1855,Category_024,Product_0321,29285908
1856,Category_024,Product_0402,71785466
1857,Category_024,Product_0825,30888263
1858,Category_024,Product_1053,234307284
1859,Category_024,Product_1054,103510489
1860,Category_024,Product_1091,35264376
1861,Category_024,Product_1092,35564523
1862,Category_024,Product_1093,351743090
1863,Category_024,Product_1094,335451320
1864,Category_024,Product_1095,109700344
1865,Category_024,Product_1170,28971182
1866,Category_024,Product_1171,43455862
1867,Category_024,Product_1172,32256561
1868,Category_024,Product_1178,55685529
1869,Category_024,Product_1179,41314532
1870,Category_024,Product_1616,169565700
1871,Category_024,Product_1617,80360442
1872,Category_024,Product_1618,253749605
1873,Category_024,Product_1619,7916885
1874,Category_024,Product_1644,172223056
1875,Category_024,Product_1645,221118433
1876,Category_024,Product_1646,256903767
1877,Category_024,Product_1647,9968793
1878,Category_024,Product_1772,114349255
1879,Category_024,Product_1773,15667095
1880,Category_024,Product_1774,146715539
1881,Category_024,Product_1792,347031076
1882,Category_024,Product_1793,7497114
1883,Category_024,Product_1794,269403199
1884,Category_024,Product_1799,11388029
1885,Category_024,Product_1807,183089561
1886,Category_024,Product_1847,323938799
1887,Category_024,Product_1898,72384640
1888,Category_024,Product_2163,81353755
1889,Category_024,Product_2164,75381357
1890,Category_024,Product_2165,186228532
1891,Category_024,Product_2166,617356772
1892,Category_024,Product_2167,1901652798
1893,Category_024,Product_2168,472530334
1894,Category_024,Product_2169,389168770
1895,Category_024,Product_2170,101433662
1896,Category_025,Product_0372,12448148
1897,Category_025,Product_0388,3180436
1898,Category_026,Product_1174,26609941
1899,Category_026,Product_1175,153352864
1900,Category_026,Product_1176,120994720
1901,Category_026,Product_1177,128122874
1902,Category_026,Product_1208,144414593
1903,Category_026,Product_1656,270049051
1904,Category_026,Product_1657,65383132
1905,Category_026,Product_1658,102303594
1906,Category_026,Product_1659,514625275
1907,Category_026,Product_1660,77154575
1908,Category_026,Product_1661,532929854
1909,Category_026,Product_1662,46457013
1910,Category_026,Product_1663,72943979
1911,Category_026,Product_1664,45093286
1912,Category_026,Product_1665,50294070
1913,Category_026,Product_1666,107538502
1914,Category_026,Product_1667,454589812
1915,Category_026,Product_1668,127626591
1916,Category_026,Product_1669,962255730
1917,Category_026,Product_1670,285708730
1918,Category_026,Product_1671,398561966
1919,Category_026,Product_1672,1091606551
1920,Category_026,Product_1673,164145009
1921,Category_026,Product_1674,291050849
1922,Category_026,Product_1699,201807246
1923,Category_026,Product_1700,50835618
1924,Category_026,Product_1701,82209218
1925,Category_026,Product_1702,55746142
1926,Category_026,Product_1704,133014300
1927,Category_026,Product_1705,318907854
1928,Category_026,Product_1706,62167743
1929,Category_026,Product_1707,22554742
1930,Category_026,Product_1710,188723679
1931,Category_026,Product_1711,54768764
1932,Category_026,Product_1712,109878988
1933,Category_026,Product_1713,121783562
1934,Category_026,Product_1714,68296816
1935,Category_026,Product_1715,120888108
1936,Category_026,Product_1716,151954609
1937,Category_026,Product_1717,57942556
1938,Category_026,Product_1748,111569769
1939,Category_027,Product_0647,9287238
1940,Category_027,Product_2147,12562562
1941,Category_028,Product_0075,32453812
1942,Category_028,Product_0643,792448242
1943,Category_028,Product_0823,236487405
1944,Category_028,Product_0954,65144806
1945,Category_028,Product_0955,87456453
1946,Category_028,Product_0956,281962449
1947,Category_028,Product_0959,103310365
1948,Category_028,Product_0960,217470898
1949,Category_028,Product_0968,70512332
1950,Category_028,Product_0969,71569711
1951,Category_028,Product_0970,40194645
1952,Category_028,Product_0971,96840714
1953,Category_028,Product_0972,27390371
1954,Category_028,Product_0973,900449153
1955,Category_028,Product_0974,131113539
1956,Category_028,Product_0975,456148129
1957,Category_028,Product_0976,368798471
1958,Category_028,Product_0977,311006018
1959,Category_028,Product_0978,75631230
1960,Category_028,Product_0979,1878860092
1961,Category_028,Product_0980,525506672
1962,Category_028,Product_0981,1083276939
1963,Category_028,Product_0982,627554275
1964,Category_028,Product_0983,72450868
1965,Category_028,Product_0984,1450422641
1966,Category_028,Product_0985,317528504
1967,Category_028,Product_0986,333433840
1968,Category_028,Product_0987,214672161
1969,Category_028,Product_0988,29720027
1970,Category_028,Product_0989,400347849
1971,Category_028,Product_0990,34573975
1972,Category_028,Product_0991,146382952
1973,Category_028,Product_0992,50282697
1974,Category_028,Product_0993,198232360
1975,Category_028,Product_0994,119968791
1976,Category_028,Product_0995,296885225
1977,Category_028,Product_0996,71466198
1978,Category_028,Product_0997,79411586
1979,Category_028,Product_0998,583305513
1980,Category_028,Product_0999,29525548
1981,Category_028,Product_1000,380018653
1982,Category_028,Product_1001,364289185
1983,Category_028,Product_1002,49237338
1984,Category_028,Product_1026,60791036
1985,Category_028,Product_1027,13273630
1986,Category_028,Product_1028,35216972
1987,Category_028,Product_1029,59927847
1988,Category_028,Product_1030,391588965
1989,Category_028,Product_1031,296429264
1990,Category_028,Product_1032,164157792
1991,Category_028,Product_1033,105481807
1992,Category_028,Product_1034,428142113
1993,Category_028,Product_1035,74130381
1994,Category_028,Product_1145,51703529
1995,Category_028,Product_1146,117612960
1996,Category_028,Product_1808,37397599
1997,Category_028,Product_1908,615471471
1998,Category_029,Product_1957,107134492
1999,Category_029,Product_1958,84757954
2000,Category_029,Product_1959,60091474
2001,Category_029,Product_1960,85367381
2002,Category_030,Product_0362,29898541
2003,Category_030,Product_0366,37165595
2004,Category_030,Product_0368,165728493
2005,Category_030,Product_0369,14032138
2006,Category_030,Product_0370,45979464
2007,Category_030,Product_0371,47723958
2008,Category_030,Product_0373,137883583
2009,Category_030,Product_0374,350223128
2010,Category_030,Product_0375,38376655
2011,Category_030,Product_0376,69536375
2012,Category_030,Product_0377,45080895
2013,Category_030,Product_0378,105255362
2014,Category_030,Product_0379,206568003
2015,Category_030,Product_0380,77398047
2016,Category_030,Product_0381,67908140
2017,Category_030,Product_0382,45606191
2018,Category_030,Product_0383,206673305
2019,Category_030,Product_0384,84667129
2020,Category_030,Product_0385,124441546
2021,Category_030,Product_0386,51307123
2022,Category_030,Product_0387,352139345
2023,Category_030,Product_0389,86523381
2024,Category_030,Product_0390,66789851
2025,Category_030,Product_0391,46436713
2026,Category_030,Product_0392,79903611
2027,Category_030,Product_0397,135320325
2028,Category_030,Product_0398,51867038
2029,Category_030,Product_0399,185090187
2030,Category_030,Product_0400,91401926
2031,Category_030,Product_0401,55902735
2032,Category_030,Product_0411,27052143
2033,Category_030,Product_0549,27923307
2034,Category_030,Product_0550,40165323
2035,Category_030,Product_0551,77871427
2036,Category_030,Product_0552,109671096
2037,Category_030,Product_0553,106178584
2038,Category_030,Product_0554,44241706
2039,Category_030,Product_0555,22001947
2040,Category_030,Product_0556,171496532
2041,Category_030,Product_0557,96576135
2042,Category_030,Product_0558,125062549
2043,Category_030,Product_0559,23560535
2044,Category_030,Product_0560,45985701
2045,Category_030,Product_0561,120102462
2046,Category_030,Product_0562,81048437
2047,Category_030,Product_0563,36892027
2048,Category_030,Product_1108,11752034
2049,Category_030,Product_1109,22808746
2050,Category_030,Product_1127,27561117
2051,Category_030,Product_1128,33391279
2052,Category_030,Product_1129,29989325
2053,Category_030,Product_1130,16931201
2054,Category_030,Product_1131,15649101
2055,Category_030,Product_1132,53445466
2056,Category_030,Product_1133,82208561
2057,Category_030,Product_1182,32252782
2058,Category_030,Product_1183,41548226
2059,Category_030,Product_1184,22429770
2060,Category_030,Product_1185,33628874
2061,Category_030,Product_1586,35640667
2062,Category_030,Product_1587,168024188
2063,Category_030,Product_1588,46959099
2064,Category_030,Product_1589,52388820
2065,Category_030,Product_1590,33268492
2066,Category_030,Product_1591,41208744
2067,Category_030,Product_1592,39507643
2068,Category_030,Product_1593,154979584
2069,Category_030,Product_1594,19724648
2070,Category_030,Product_1595,9252719
2071,Category_030,Product_1596,41745406
2072,Category_030,Product_1597,38102335
2073,Category_030,Product_1598,31177902
2074,Category_030,Product_1599,84294293
2075,Category_030,Product_1600,122042407
2076,Category_030,Product_1601,159651513
2077,Category_030,Product_1602,32727760
2078,Category_030,Product_1603,76943519
2079,Category_030,Product_1604,35770840
2080,Category_030,Product_1605,27305632
2081,Category_030,Product_1606,20352642
2082,Category_030,Product_1607,36908024
2083,Category_030,Product_1608,43010142
2084,Category_030,Product_1609,33874617
2085,Category_030,Product_1610,72186040
2086,Category_030,Product_1733,145563210
2087,Category_030,Product_1734,75132542
2088,Category_030,Product_1735,56667732
2089,Category_030,Product_1736,65554814
2090,Category_030,Product_1737,45595740
2091,Category_030,Product_1738,77207248
2092,Category_030,Product_1739,95973789
2093,Category_030,Product_1740,177892819
2094,Category_030,Product_1741,75687062
2095,Category_030,Product_1742,45513156
2096,Category_030,Product_1743,50290593
2097,Category_030,Product_1744,71984483
2098,Category_030,Product_1745,30254085
2099,Category_030,Product_1746,40378288
2100,Category_030,Product_1747,29436114
2101,Category_031,Product_1584,62151410
2102,Category_031,Product_1585,35297637
2103,Category_031,Product_1815,488028204
2104,Category_031,Product_1816,314471903
2105,Category_031,Product_1836,187797107
2106,Category_031,Product_1837,97595433
2107,Category_032,Product_0104,113713079
2108,Category_032,Product_0105,100326661
2109,Category_032,Product_0106,16288490
2110,Category_032,Product_0110,378073690
2111,Category_032,Product_0111,404693976
2112,Category_032,Product_0112,34926873
2113,Category_032,Product_0115,386165599
2114,Category_032,Product_0116,79957539
2115,Category_032,Product_0117,344696696
2116,Category_032,Product_0118,211271101
2117,Category_032,Product_0403,29491811
2118,Category_032,Product_0434,31753900
2119,Category_032,Product_0435,35158293
2120,Category_032,Product_0543,59747879
2121,Category_032,Product_0581,31214543
2122,Category_032,Product_0582,105705399
2123,Category_032,Product_0583,198918330
2124,Category_032,Product_0584,65752547
2125,Category_032,Product_0585,40465308
2126,Category_032,Product_0586,136456745
2127,Category_032,Product_0587,49588880
2128,Category_032,Product_0588,147503849
2129,Category_032,Product_0589,87796639
2130,Category_032,Product_0590,73664908
2131,Category_032,Product_0591,42292932
2132,Category_032,Product_0592,35668502
2133,Category_032,Product_0593,107690986
2134,Category_032,Product_0594,73138284
2135,Category_032,Product_0595,29421611
2136,Category_032,Product_0596,92036462
2137,Category_032,Product_1049,61531966
2138,Category_032,Product_1050,139703766
2139,Category_032,Product_1051,126374128
2140,Category_032,Product_1052,180295402
2141,Category_032,Product_1055,62748684
2142,Category_032,Product_1056,95433703
2143,Category_032,Product_1057,76161558
2144,Category_032,Product_1058,37830268
2145,Category_032,Product_1059,84156570
2146,Category_032,Product_1060,68541625
2147,Category_032,Product_1061,44433372
2148,Category_032,Product_1062,86119469
2149,Category_032,Product_1063,38354781
2150,Category_032,Product_1096,70313051
2151,Category_032,Product_1097,60871121
2152,Category_032,Product_1098,39950754
2153,Category_032,Product_1099,42631534
2154,Category_032,Product_1100,29983299
2155,Category_032,Product_1101,132172266
2156,Category_033,Product_1282,204641826
2157,Category_033,Product_1361,431735509
2158,Category_033,Product_1362,51384224
2159,Category_033,Product_1363,137803394
