Product,WarehouseID,Quantity
Product_0003,W2,1772
Product_0004,W2,2305
Product_0005,W2,0
Product_0006,W2,2
Product_0007,W2,6815
Product_0008,W2,6344
Product_0009,W2,7785
Product_0010,W2,1604
Product_0011,W2,27966
Product_0012,W2,84027
Product_0013,W2,3307
Product_0014,W2,29929
Product_0015,W2,189801
Product_0016,W2,54010
Product_0017,W2,11562
Product_0018,W2,37339
Product_0019,W2,9152
Product_0020,W2,18102
Product_0021,W2,31291
Product_0022,W2,7618
Product_0023,W2,10700
Product_0024,W2,1509
Product_0025,W2,16047
Product_0026,W2,4473
Product_0027,W2,424
Product_0028,W2,1180
Product_0029,W2,545
Product_0030,W2,128
Product_0031,W2,99684
Product_0032,W2,13659
Product_0033,W2,293888
Product_0034,W2,13024
Product_0035,W2,10373
Product_0036,W2,44105
Product_0037,W2,4012
Product_0039,W2,46048
Product_0040,W2,52
Product_0041,W2,4968
Product_0042,W2,1875
Product_0043,W2,317
Product_0045,W2,513
Product_0046,W2,0
Product_0047,W2,1568
Product_0048,W2,219
Product_0049,W2,3409
Product_0050,W2,79
Product_0051,W2,2708
Product_0052,W2,3120
Product_0053,W2,8679
Product_0054,W2,8509
Product_0055,W2,1790
Product_0056,W2,8
Product_0057,W2,5
Product_0058,W2,9
Product_0059,W2,3
Product_0060,W2,4
Product_0061,W2,1877
Product_0062,W2,21328
Product_0063,W2,207818
Product_0064,W2,96679
Product_0065,W2,38678
Product_0066,W2,160735
Product_0067,W2,25681
Product_0068,W2,10113
Product_0069,W2,12106
Product_0070,W2,61133
Product_0071,W2,73112
Product_0072,W2,0
Product_0073,W2,546912
Product_0074,W2,6091
Product_0076,W2,44
Product_0078,W2,97610
Product_0079,W2,7699
Product_0080,W2,5148
Product_0081,W2,15962
Product_0082,W2,242787
Product_0083,W2,161868
Product_0085,W2,45528
Product_0086,W2,5522
Product_0087,W2,4079
Product_0088,W2,15268
Product_0089,W2,59041
Product_0090,W2,2908
Product_0092,W2,3748
Product_0093,W2,57759
Product_0095,W2,6737
Product_0096,W2,131587
Product_0097,W2,2
Product_0098,W2,258411
Product_0099,W2,9769
Product_0101,W2,3676
Product_0102,W2,3
Product_0103,W2,62
Product_0104,W2,65
Product_0105,W2,742
Product_0107,W2,0
Product_0108,W2,5
Product_0109,W2,62877
Product_0110,W2,1527
Product_0111,W2,1082
Product_0113,W2,0
Product_0114,W2,10
Product_0115,W2,1562
Product_0116,W2,3
Product_0117,W2,110
Product_0118,W2,114
Product_0119,W2,0
Product_0124,W2,18
Product_0125,W2,1
Product_0126,W2,11874
Product_0127,W2,14124
Product_0128,W2,23297
Product_0129,W2,2014
Product_0130,W2,0
Product_0138,W2,885
Product_0139,W2,290
Product_0140,W2,534
Product_0141,W2,1323
Product_0142,W2,192
Product_0150,W2,3
Product_0152,W2,5
Product_0156,W2,67
Product_0157,W2,4
Product_0158,W2,208
Product_0159,W2,139
Product_0160,W2,15
Product_0161,W2,37
Product_0163,W2,280
Product_0164,W2,3
Product_0165,W2,0
Product_0167,W2,40
Product_0168,W2,11
Product_0170,W2,121
Product_0172,W2,74
Product_0173,W2,19
Product_0174,W2,1010
Product_0175,W2,1143
Product_0176,W2,4
Product_0177,W2,1463
Product_0178,W2,1909
Product_0179,W2,644
Product_0180,W2,637
Product_0181,W2,903
Product_0182,W2,9
Product_0183,W2,9973
Product_0184,W2,996
Product_0185,W2,951
Product_0186,W2,477
Product_0187,W2,86
Product_0188,W2,2371
Product_0196,W2,1870
Product_0197,W2,462
Product_0198,W2,4
Product_0199,W2,458
Product_0200,W2,4850
Product_0206,W2,14
Product_0214,W2,586
Product_0215,W2,497
Product_0216,W2,6
Product_0217,W2,531
Product_0218,W2,6
Product_0219,W2,9161
Product_0220,W2,0
Product_0221,W2,1908
Product_0222,W2,217
Product_0223,W2,488
Product_0224,W2,213
Product_0225,W2,224
Product_0226,W2,582
Product_0227,W2,210
Product_0228,W2,708
Product_0229,W2,44
Product_0230,W2,297
Product_0231,W2,4
Product_0232,W2,72
Product_0233,W2,1
Product_0234,W2,3
Product_0235,W2,72
Product_0236,W2,125
Product_0237,W2,35
Product_0238,W2,14
Product_0239,W2,19
Product_0240,W2,7
Product_0241,W2,82
Product_0242,W2,8
Product_0243,W2,30
Product_0244,W2,4
Product_0248,W2,412
Product_0249,W2,353
Product_0250,W2,1784
Product_0251,W2,51
Product_0252,W2,3
Product_0253,W2,6
Product_0254,W2,0
Product_0255,W2,499
Product_0256,W2,226
Product_0257,W2,1
Product_0258,W2,5
Product_0259,W2,6
Product_0260,W2,41
Product_0261,W2,1
Product_0262,W2,19
Product_0263,W2,6
Product_0264,W2,1
Product_0265,W2,11
Product_0266,W2,3
Product_0267,W2,19
Product_0268,W2,1
Product_0269,W2,18
Product_0270,W2,2
Product_0271,W2,10
Product_0273,W2,4033
Product_0275,W2,5739
Product_0276,W2,953
Product_0277,W2,244
Product_0278,W2,312
Product_0279,W2,95
Product_0280,W2,537
Product_0281,W2,436
Product_0282,W2,47
Product_0283,W2,5
Product_0284,W2,154
Product_0285,W2,83
Product_0286,W2,309
Product_0287,W2,3265
Product_0288,W2,636
Product_0289,W2,275
Product_0290,W2,0
Product_0291,W2,7
Product_0292,W2,39
Product_0294,W2,373
Product_0295,W2,46
Product_0296,W2,126
Product_0297,W2,1555
Product_0298,W2,219
Product_0299,W2,11
Product_0300,W2,11
Product_0301,W2,818
Product_0302,W2,3
Product_0303,W2,7
Product_0304,W2,1779
Product_0305,W2,2
Product_0306,W2,15
Product_0307,W2,376
Product_0308,W2,958
Product_0309,W2,22
Product_0310,W2,541
Product_0311,W2,260
Product_0313,W2,554
Product_0314,W2,11
Product_0315,W2,56
Product_0316,W2,41
Product_0317,W2,45
Product_0318,W2,360
Product_0322,W2,7
Product_0323,W2,102
Product_0324,W2,47
Product_0325,W2,31
Product_0327,W2,2
Product_0328,W2,5
Product_0329,W2,4
Product_0331,W2,11
Product_0332,W2,85
Product_0333,W2,305
Product_0334,W2,1
Product_0335,W2,83
Product_0336,W2,67
Product_0337,W2,11
Product_0338,W2,41
Product_0339,W2,1
Product_0340,W2,0
Product_0341,W2,47
Product_0344,W2,1262
Product_0345,W2,11
Product_0346,W2,62
Product_0348,W2,587
Product_0349,W2,6
Product_0350,W2,14
Product_0351,W2,197
Product_0353,W2,91
Product_0354,W2,1
Product_0355,W2,10706
Product_0356,W2,6218
Product_0357,W2,17594
Product_0358,W2,161995
Product_0359,W2,286
Product_0361,W2,231
Product_0362,W2,8
Product_0363,W2,2
Product_0364,W2,130
Product_0365,W2,2
Product_0367,W2,6933
Product_0369,W2,324
Product_0370,W2,2240
Product_0373,W2,2252
Product_0375,W2,78
Product_0377,W2,336
Product_0378,W2,1859
Product_0380,W2,3119
Product_0382,W2,0
Product_0383,W2,1436
Product_0386,W2,951
Product_0389,W2,612
Product_0393,W2,1
Product_0394,W2,1
Product_0395,W2,5
Product_0396,W2,14
Product_0397,W2,682
Product_0399,W2,299
Product_0400,W2,322
Product_0402,W2,3
Product_0406,W2,1962
Product_0407,W2,35065
Product_0408,W2,29611
Product_0409,W2,1150
Product_0410,W2,614
Product_0412,W2,62
Product_0429,W2,29
Product_0430,W2,20
Product_0431,W2,308
Product_0432,W2,4
Product_0433,W2,9172
Product_0443,W2,207
Product_0444,W2,4
Product_0445,W2,6
Product_0446,W2,14
Product_0447,W2,35
Product_0448,W2,28
Product_0449,W2,1
Product_0450,W2,5
Product_0451,W2,25
Product_0452,W2,7
Product_0453,W2,103
Product_0454,W2,8015
Product_0455,W2,4
Product_0457,W2,0
Product_0458,W2,108
Product_0459,W2,83
Product_0460,W2,91
Product_0461,W2,22
Product_0462,W2,14
Product_0463,W2,669
Product_0464,W2,12
Product_0468,W2,217
Product_0469,W2,0
Product_0471,W2,10
Product_0472,W2,25
Product_0473,W2,81
Product_0474,W2,1
Product_0475,W2,491
Product_0476,W2,12711
Product_0478,W2,3661
Product_0479,W2,1408
Product_0481,W2,6
Product_0482,W2,5
Product_0483,W2,256
Product_0485,W2,24
Product_0486,W2,70
Product_0487,W2,40
Product_0488,W2,148
Product_0489,W2,395
Product_0490,W2,50
Product_0492,W2,7
Product_0493,W2,31
Product_0494,W2,2
Product_0497,W2,10
Product_0498,W2,2
Product_0499,W2,1
Product_0500,W2,4
Product_0501,W2,18
Product_0502,W2,61
Product_0503,W2,221
Product_0504,W2,81
Product_0505,W2,2
Product_0508,W2,0
Product_0509,W2,3
Product_0510,W2,1
Product_0512,W2,4946
Product_0513,W2,92
Product_0514,W2,170
Product_0516,W2,129
Product_0517,W2,58
Product_0520,W2,3
Product_0524,W2,1
Product_0525,W2,2
Product_0526,W2,5
Product_0529,W2,4
Product_0533,W2,1
Product_0534,W2,1
Product_0537,W2,39
Product_0538,W2,13
Product_0539,W2,23
Product_0540,W2,5
Product_0544,W2,44
Product_0545,W2,21
Product_0546,W2,230
Product_0547,W2,43
Product_0548,W2,189
Product_0553,W2,1
Product_0564,W2,79
Product_0568,W2,2
Product_0569,W2,143
Product_0570,W2,110
Product_0571,W2,5
Product_0572,W2,70
Product_0578,W2,0
Product_0581,W2,233
Product_0582,W2,606
Product_0583,W2,1190
Product_0584,W2,477
Product_0585,W2,161
Product_0586,W2,42
Product_0588,W2,40
Product_0590,W2,1139
Product_0593,W2,85
Product_0594,W2,1
Product_0596,W2,47
Product_0597,W2,1
Product_0598,W2,7
Product_0600,W2,397
Product_0601,W2,3
Product_0602,W2,87
Product_0603,W2,1361
Product_0604,W2,54
Product_0605,W2,586
Product_0606,W2,6868
Product_0607,W2,1091
Product_0608,W2,261
Product_0609,W2,61
Product_0612,W2,1
Product_0613,W2,833
Product_0614,W2,87
Product_0615,W2,11
Product_0616,W2,35
Product_0617,W2,9
Product_0618,W2,7241
Product_0619,W2,1301
Product_0620,W2,674
Product_0621,W2,70
Product_0623,W2,2
Product_0624,W2,2
Product_0625,W2,7
Product_0626,W2,3
Product_0627,W2,886
Product_0628,W2,190
Product_0629,W2,2
Product_0630,W2,5
Product_0631,W2,156
Product_0632,W2,150
Product_0633,W2,1
Product_0639,W2,28
Product_0640,W2,5
Product_0641,W2,2
Product_0642,W2,5
Product_0643,W2,12
Product_0644,W2,10
Product_0645,W2,220
Product_0648,W2,1036
Product_0649,W2,8565
Product_0651,W2,4
Product_0652,W2,929
Product_0653,W2,133
Product_0654,W2,1180
Product_0655,W2,20
Product_0656,W2,10
Product_0657,W2,28
Product_0658,W2,77
Product_0659,W2,6
Product_0660,W2,244
Product_0661,W2,2
Product_0662,W2,167
Product_0663,W2,363
Product_0664,W2,2004
Product_0665,W2,30
Product_0666,W2,31
Product_0667,W2,17
Product_0668,W2,48
Product_0669,W2,3
Product_0670,W2,153
Product_0671,W2,41
Product_0672,W2,133
Product_0673,W2,3
Product_0674,W2,4
Product_0675,W2,2
Product_0676,W2,677
Product_0677,W2,48465
Product_0678,W2,6861
Product_0679,W2,75
Product_0680,W2,1758
Product_0681,W2,1242
Product_0682,W2,492
Product_0683,W2,1128
Product_0684,W2,784
Product_0685,W2,138
Product_0686,W2,3240
Product_0687,W2,5461
Product_0688,W2,341
Product_0689,W2,965
Product_0690,W2,685772
Product_0691,W2,0
Product_0692,W2,76
Product_0693,W2,1
Product_0694,W2,154
Product_0695,W2,116
Product_0696,W2,47
Product_0697,W2,18
Product_0698,W2,5
Product_0699,W2,6
Product_0700,W2,99
Product_0701,W2,10
Product_0702,W2,100
Product_0703,W2,58
Product_0704,W2,24
Product_0705,W2,244
Product_0706,W2,132
Product_0707,W2,105
Product_0708,W2,56
Product_0709,W2,290
Product_0710,W2,187
Product_0711,W2,67
Product_0712,W2,22
Product_0713,W2,307
Product_0714,W2,357
Product_0715,W2,156
Product_0716,W2,76
Product_0717,W2,4
Product_0718,W2,7
Product_0719,W2,161
Product_0720,W2,167
Product_0721,W2,111
Product_0722,W2,30
Product_0723,W2,649
Product_0724,W2,1591
Product_0725,W2,178
Product_0726,W2,276
Product_0727,W2,282
Product_0728,W2,166
Product_0729,W2,388
Product_0730,W2,132
Product_0731,W2,29
Product_0732,W2,44
Product_0733,W2,530
Product_0734,W2,94
Product_0735,W2,63
Product_0736,W2,30
Product_0737,W2,23
Product_0738,W2,179
Product_0739,W2,709
Product_0740,W2,448
Product_0741,W2,459
Product_0742,W2,182
Product_0743,W2,169
Product_0744,W2,81
Product_0745,W2,401
Product_0746,W2,214
Product_0747,W2,90
Product_0748,W2,198
Product_0749,W2,288
Product_0750,W2,4
Product_0751,W2,7
Product_0752,W2,21
Product_0753,W2,82
Product_0754,W2,102
Product_0755,W2,1537
Product_0756,W2,1338
Product_0757,W2,2021
Product_0758,W2,57
Product_0759,W2,76
Product_0760,W2,220
Product_0761,W2,917
Product_0762,W2,59
Product_0763,W2,82
Product_0764,W2,164
Product_0765,W2,4
Product_0766,W2,24
Product_0767,W2,3027
Product_0768,W2,1130
Product_0769,W2,166
Product_0770,W2,91
Product_0771,W2,0
Product_0772,W2,103
Product_0773,W2,925
Product_0774,W2,407
Product_0775,W2,113
Product_0776,W2,5
Product_0777,W2,1
Product_0778,W2,19
Product_0779,W2,240
Product_0780,W2,487
Product_0781,W2,147
Product_0782,W2,42
Product_0783,W2,1
Product_0784,W2,231
Product_0785,W2,82
Product_0786,W2,154
Product_0787,W2,199
Product_0788,W2,59
Product_0789,W2,15
Product_0790,W2,871
Product_0791,W2,584
Product_0792,W2,842
Product_0793,W2,22
Product_0794,W2,70
Product_0795,W2,906
Product_0796,W2,118
Product_0797,W2,70
Product_0798,W2,38
Product_0799,W2,16
Product_0800,W2,4
Product_0801,W2,12
Product_0802,W2,36
Product_0803,W2,42
Product_0804,W2,215
Product_0805,W2,9
Product_0806,W2,30
Product_0807,W2,12
Product_0808,W2,141
Product_0810,W2,47
Product_0811,W2,19
Product_0812,W2,4
Product_0813,W2,2
Product_0814,W2,5
Product_0815,W2,21
Product_0816,W2,61
Product_0817,W2,110
Product_0818,W2,53
Product_0819,W2,43
Product_0820,W2,26
Product_0821,W2,117
Product_0822,W2,103
Product_0823,W2,22
Product_0826,W2,10
Product_0827,W2,21
Product_0828,W2,4
Product_0829,W2,2
Product_0830,W2,34
Product_0831,W2,14826
Product_0832,W2,15718
Product_0833,W2,1515
Product_0834,W2,7986
Product_0835,W2,1198
Product_0836,W2,0
Product_0837,W2,123028
Product_0838,W2,4288
Product_0839,W2,55
Product_0840,W2,12
Product_0841,W2,129
Product_0842,W2,61
Product_0843,W2,344
Product_0844,W2,13
Product_0845,W2,6686
Product_0846,W2,159
Product_0847,W2,247
Product_0848,W2,5
Product_0853,W2,1
Product_0860,W2,6
Product_0861,W2,66
Product_0862,W2,3
Product_0864,W2,3
Product_0865,W2,2
Product_0866,W2,8
Product_0867,W2,6
Product_0868,W2,1
Product_0900,W2,494
Product_0901,W2,1105
Product_0903,W2,8
Product_0904,W2,5883
Product_0905,W2,1059
Product_0907,W2,384
Product_0908,W2,346
Product_0928,W2,10421
Product_0929,W2,28113
Product_0930,W2,30706
Product_0931,W2,138059
Product_0932,W2,31086
Product_0933,W2,165901
Product_0934,W2,26436
Product_0935,W2,11757
Product_0936,W2,86791
Product_0937,W2,5047
Product_0939,W2,1366
Product_0940,W2,6008
Product_0941,W2,61043
Product_0942,W2,18685
Product_0943,W2,77347
Product_0947,W2,2
Product_0950,W2,1114
Product_0952,W2,5057
Product_0953,W2,7
Product_0954,W2,0
Product_0955,W2,23
Product_0956,W2,33
Product_0957,W2,1948
Product_0959,W2,1
Product_0960,W2,15
Product_0961,W2,1085
Product_0962,W2,121827
Product_0963,W2,25169
Product_0964,W2,1655
Product_0968,W2,0
Product_0969,W2,154
Product_0970,W2,942
Product_0971,W2,1222
Product_0972,W2,4
Product_0973,W2,6269
Product_0974,W2,1299
Product_0975,W2,14261
Product_0976,W2,2824
Product_0978,W2,688
Product_0979,W2,72906
Product_0980,W2,6261
Product_0981,W2,10524
Product_0982,W2,86835
Product_0983,W2,95
Product_0984,W2,35049
Product_0986,W2,8267
Product_0987,W2,27
Product_0988,W2,1163
Product_0989,W2,2784
Product_0991,W2,2729
Product_0992,W2,0
Product_0993,W2,233
Product_0994,W2,9185
Product_0995,W2,440
Product_0998,W2,5601
Product_1000,W2,453
Product_1001,W2,3501
Product_1009,W2,7094
Product_1011,W2,808
Product_1012,W2,6
Product_1013,W2,56928
Product_1014,W2,2406
Product_1015,W2,7770
Product_1016,W2,1261494
Product_1017,W2,9456
Product_1018,W2,5425
Product_1019,W2,11
Product_1020,W2,42
Product_1021,W2,4909
Product_1022,W2,17014
Product_1023,W2,96826
Product_1024,W2,1
Product_1025,W2,379
Product_1026,W2,843
Product_1028,W2,0
Product_1029,W2,1
Product_1030,W2,9282
Product_1031,W2,7850
Product_1032,W2,1798
Product_1033,W2,412
Product_1034,W2,5742
Product_1035,W2,413
Product_1036,W2,4085
Product_1037,W2,79
Product_1038,W2,503
Product_1039,W2,632
Product_1040,W2,5247
Product_1041,W2,652
Product_1042,W2,304
Product_1043,W2,1481
Product_1044,W2,572
Product_1045,W2,1838
Product_1046,W2,476
Product_1047,W2,95721
Product_1048,W2,139665
Product_1049,W2,48
Product_1050,W2,223
Product_1051,W2,50
Product_1052,W2,135
Product_1055,W2,42
Product_1056,W2,50
Product_1057,W2,72
Product_1058,W2,37
Product_1059,W2,21
Product_1060,W2,17
Product_1061,W2,1
Product_1062,W2,220
Product_1063,W2,6
Product_1091,W2,3
Product_1093,W2,116
Product_1094,W2,167
Product_1096,W2,25
Product_1097,W2,49
Product_1098,W2,1
Product_1099,W2,18
Product_1100,W2,1
Product_1104,W2,11970
Product_1105,W2,3770
Product_1106,W2,9097
Product_1107,W2,4550
Product_1110,W2,9
Product_1111,W2,7
Product_1112,W2,1
Product_1113,W2,2
Product_1114,W2,501
Product_1115,W2,35
Product_1116,W2,0
Product_1117,W2,2
Product_1118,W2,2
Product_1119,W2,8
Product_1120,W2,53
Product_1121,W2,0
Product_1122,W2,27
Product_1123,W2,2
Product_1124,W2,101
Product_1125,W2,6
Product_1126,W2,8
Product_1134,W2,173010
Product_1135,W2,137691
Product_1136,W2,10
Product_1137,W2,1631
Product_1138,W2,367
Product_1139,W2,679
Product_1140,W2,1832
Product_1141,W2,10
Product_1142,W2,1564
Product_1143,W2,40
Product_1144,W2,1
Product_1145,W2,4
Product_1146,W2,6
Product_1147,W2,110805
Product_1148,W2,94432
Product_1149,W2,204415
Product_1150,W2,27862
Product_1151,W2,101235
Product_1152,W2,828646
Product_1153,W2,82870
Product_1154,W2,31439
Product_1155,W2,1007
Product_1156,W2,361468
Product_1157,W2,1151688
Product_1158,W2,353151
Product_1159,W2,115986
Product_1160,W2,4168
Product_1161,W2,116
Product_1162,W2,124823
Product_1163,W2,6104
Product_1164,W2,68758
Product_1165,W2,113109
Product_1167,W2,3
Product_1168,W2,3
Product_1169,W2,1
Product_1173,W2,2141
Product_1174,W2,7
Product_1175,W2,123
Product_1176,W2,370
Product_1177,W2,371
Product_1181,W2,4
Product_1186,W2,275
Product_1187,W2,2690
Product_1188,W2,5828
Product_1189,W2,1676
Product_1191,W2,6530
Product_1192,W2,2745
Product_1193,W2,6353
Product_1194,W2,4858
Product_1195,W2,34153
Product_1196,W2,2321
Product_1197,W2,6816
Product_1198,W2,22681
Product_1199,W2,56672
Product_1200,W2,5121
Product_1201,W2,605
Product_1202,W2,605
Product_1203,W2,701
Product_1204,W2,269
Product_1205,W2,0
Product_1206,W2,14
Product_1207,W2,1116
Product_1208,W2,12
Product_1209,W2,9833
Product_1210,W2,24765
Product_1211,W2,262252
Product_1212,W2,4313
Product_1213,W2,47855
Product_1214,W2,7
Product_1215,W2,65716
Product_1216,W2,148060
Product_1217,W2,17595833
Product_1218,W2,13172
Product_1219,W2,7497
Product_1220,W2,49026
Product_1221,W2,149900
Product_1222,W2,79283
Product_1223,W2,795
Product_1224,W2,54622
Product_1225,W2,17099
Product_1226,W2,9291
Product_1227,W2,7681
Product_1228,W2,5435
Product_1229,W2,9571
Product_1230,W2,234
Product_1231,W2,3631
Product_1232,W2,14387
Product_1233,W2,5177
Product_1234,W2,9165
Product_1236,W2,14328
Product_1239,W2,20909
Product_1240,W2,70268
Product_1241,W2,611329
Product_1242,W2,2703123
Product_1243,W2,21780
Product_1244,W2,8550
Product_1246,W2,152936
Product_1247,W2,57624
Product_1248,W2,7271810
Product_1250,W2,198224
Product_1251,W2,422
Product_1252,W2,1
Product_1253,W2,27763
Product_1254,W2,1659
Product_1255,W2,2583
Product_1256,W2,15159
Product_1257,W2,3110
Product_1258,W2,1607
Product_1259,W2,3095
Product_1260,W2,1310
Product_1261,W2,71
Product_1262,W2,98551
Product_1264,W2,971253
Product_1265,W2,1
Product_1266,W2,9613
Product_1267,W2,361358
Product_1268,W2,10166
Product_1269,W2,87696
Product_1270,W2,142270
Product_1271,W2,61664
Product_1272,W2,16304
Product_1273,W2,31090
Product_1274,W2,1296546
Product_1275,W2,21503
Product_1276,W2,6076
Product_1277,W2,905
Product_1278,W2,76115
Product_1279,W2,40787
Product_1280,W2,19810
Product_1281,W2,87550
Product_1282,W2,84383
Product_1283,W2,27
Product_1284,W2,2651
Product_1285,W2,4516
Product_1286,W2,2249441
Product_1287,W2,2537022
Product_1288,W2,56652
Product_1289,W2,39661
Product_1290,W2,166707
Product_1292,W2,2246
Product_1294,W2,1806282
Product_1295,W2,2695993
Product_1296,W2,801
Product_1297,W2,20143
Product_1300,W2,475
Product_1301,W2,822
Product_1302,W2,397
Product_1303,W2,3740
Product_1304,W2,106526
Product_1305,W2,1933
Product_1306,W2,10784
Product_1307,W2,4043
Product_1308,W2,6400
Product_1309,W2,138744
Product_1310,W2,224
Product_1311,W2,2107
Product_1312,W2,273610
Product_1313,W2,77
Product_1314,W2,41675
Product_1315,W2,125663
Product_1316,W2,218693
Product_1317,W2,0
Product_1318,W2,64
Product_1319,W2,1
Product_1320,W2,6
Product_1321,W2,0
Product_1322,W2,251
Product_1323,W2,620
Product_1324,W2,1
Product_1325,W2,1
Product_1326,W2,2
Product_1327,W2,1
Product_1328,W2,74
Product_1329,W2,15
Product_1330,W2,0
Product_1331,W2,0
Product_1332,W2,0
Product_1333,W2,1207
Product_1334,W2,5
Product_1335,W2,263
Product_1336,W2,0
Product_1337,W2,0
Product_1338,W2,276
Product_1339,W2,116
Product_1340,W2,1
Product_1344,W2,19683
Product_1345,W2,7090
Product_1346,W2,7864
Product_1347,W2,63212
Product_1348,W2,5387
Product_1349,W2,109099
Product_1350,W2,600037
Product_1351,W2,10174
Product_1352,W2,79699
Product_1354,W2,808
Product_1355,W2,73793
Product_1356,W2,210941
Product_1357,W2,27994
Product_1359,W2,5677746
Product_1360,W2,1031656
Product_1361,W2,501881
Product_1362,W2,16589
Product_1363,W2,441560
Product_1364,W2,1920
Product_1365,W2,2
Product_1367,W2,19153
Product_1368,W2,11329
Product_1369,W2,56881
Product_1370,W2,20078
Product_1371,W2,3592
Product_1372,W2,51005
Product_1373,W2,210309
Product_1374,W2,58785
Product_1375,W2,100134
Product_1376,W2,64953
Product_1377,W2,1167684
Product_1378,W2,2105057
Product_1379,W2,24594
Product_1380,W2,78807
Product_1381,W2,388337
Product_1382,W2,1733861
Product_1383,W2,14310
Product_1385,W2,13171
Product_1386,W2,2431
Product_1387,W2,70797
Product_1388,W2,15315
Product_1389,W2,6358
Product_1390,W2,4185
Product_1391,W2,26513
Product_1392,W2,20715
Product_1393,W2,211997
Product_1394,W2,34794
Product_1396,W2,311786
Product_1397,W2,88442
Product_1398,W2,52500
Product_1399,W2,21961
Product_1400,W2,4463
Product_1401,W2,31222
Product_1402,W2,13454
Product_1403,W2,321029
Product_1404,W2,8075
Product_1406,W2,1887
Product_1407,W2,602999
Product_1408,W2,31557
Product_1410,W2,350664
Product_1411,W2,2138
Product_1412,W2,213
Product_1413,W2,7787
Product_1414,W2,12516
Product_1415,W2,3169
Product_1416,W2,32529
Product_1417,W2,1015
Product_1418,W2,29565
Product_1419,W2,6246
Product_1420,W2,1035
Product_1423,W2,336
Product_1424,W2,1891
Product_1425,W2,889
Product_1426,W2,1709
Product_1427,W2,104841
Product_1428,W2,704
Product_1429,W2,38761
Product_1430,W2,115154
Product_1432,W2,941613
Product_1435,W2,20921
Product_1436,W2,27156
Product_1437,W2,49832
Product_1438,W2,24162
Product_1439,W2,174456
Product_1440,W2,8928
Product_1446,W2,8723
Product_1447,W2,12177
Product_1449,W2,4644
Product_1450,W2,85705
Product_1451,W2,1288394
Product_1452,W2,448012
Product_1453,W2,1406971
Product_1454,W2,28252
Product_1455,W2,58403
Product_1456,W2,430761
Product_1457,W2,6160
Product_1458,W2,109206
Product_1459,W2,69436
Product_1460,W2,34849
Product_1461,W2,4452
Product_1462,W2,840
Product_1463,W2,261126
Product_1464,W2,15114
Product_1465,W2,172435
Product_1466,W2,3972
Product_1467,W2,58713
Product_1468,W2,10591
Product_1469,W2,83549
Product_1470,W2,33662
Product_1471,W2,52350
Product_1472,W2,32304
Product_1473,W2,2241
Product_1474,W2,8750
Product_1475,W2,4890
Product_1477,W2,1462
Product_1478,W2,32472
Product_1479,W2,74631
Product_1480,W2,67057
Product_1481,W2,29230
Product_1482,W2,6741
Product_1483,W2,108307
Product_1484,W2,2
Product_1486,W2,55093
Product_1487,W2,3179496
Product_1489,W2,4
Product_1490,W2,5177
Product_1491,W2,265
Product_1492,W2,10453
Product_1493,W2,138166
Product_1494,W2,2566
Product_1495,W2,14531
Product_1496,W2,39395
Product_1497,W2,3168
Product_1498,W2,215
Product_1499,W2,1284
Product_1500,W2,10083
Product_1501,W2,4507
Product_1502,W2,252502
Product_1504,W2,355
Product_1505,W2,5639
Product_1506,W2,2863
Product_1507,W2,0
Product_1508,W2,177432
Product_1509,W2,4199
Product_1511,W2,4118
Product_1512,W2,192345
Product_1513,W2,87652
Product_1514,W2,1463
Product_1515,W2,34137
Product_1516,W2,11879
Product_1517,W2,464
Product_1518,W2,2958
Product_1519,W2,5342
Product_1520,W2,137471
Product_1521,W2,97119
Product_1522,W2,995
Product_1523,W2,17064
Product_1524,W2,57096
Product_1526,W2,636151
Product_1527,W2,3741
Product_1529,W2,723
Product_1530,W2,1949
Product_1531,W2,2368
Product_1532,W2,2022
Product_1533,W2,216679
Product_1534,W2,181
Product_1535,W2,1247
Product_1536,W2,583
Product_1537,W2,4141
Product_1538,W2,431
Product_1539,W2,1985
Product_1540,W2,22912
Product_1541,W2,3499
Product_1542,W2,7645
Product_1543,W2,6530
Product_1544,W2,4
Product_1546,W2,3600
Product_1547,W2,157
Product_1550,W2,5023
Product_1551,W2,640
Product_1552,W2,2425484
Product_1554,W2,288103
Product_1555,W2,293405
Product_1556,W2,100651
Product_1557,W2,8654
Product_1559,W2,0
Product_1561,W2,8529
Product_1562,W2,6654
Product_1564,W2,420
Product_1565,W2,542
Product_1566,W2,5
Product_1569,W2,1691
Product_1570,W2,704462
Product_1572,W2,70145
Product_1575,W2,1
Product_1576,W2,2361
Product_1578,W2,7
Product_1579,W2,4378
Product_1580,W2,27304
Product_1581,W2,188143
Product_1582,W2,44991
Product_1583,W2,2326
Product_1611,W2,216
Product_1612,W2,282
Product_1613,W2,1307
Product_1614,W2,0
Product_1615,W2,12
Product_1620,W2,15
Product_1621,W2,7159
Product_1622,W2,5759
Product_1623,W2,19904
Product_1624,W2,134149
Product_1625,W2,5940
Product_1626,W2,2061
Product_1627,W2,8
Product_1628,W2,830
Product_1629,W2,2404
Product_1630,W2,1
Product_1632,W2,5747
Product_1633,W2,3502
Product_1634,W2,398643
Product_1635,W2,7155
Product_1636,W2,3670
Product_1637,W2,114689
Product_1638,W2,4049
Product_1639,W2,7314
Product_1640,W2,1994
Product_1641,W2,1
Product_1642,W2,1050
Product_1643,W2,2261
Product_1648,W2,10079
Product_1649,W2,4
Product_1650,W2,303
Product_1651,W2,3088
Product_1652,W2,10791
Product_1653,W2,12335
Product_1656,W2,4
Product_1657,W2,8
Product_1658,W2,41
Product_1659,W2,130
Product_1660,W2,127
Product_1661,W2,320
Product_1662,W2,72
Product_1663,W2,50
Product_1664,W2,7
Product_1665,W2,19
Product_1666,W2,43
Product_1667,W2,135
Product_1668,W2,25
Product_1669,W2,22
Product_1670,W2,193
Product_1671,W2,37
Product_1672,W2,342
Product_1673,W2,44
Product_1674,W2,173
Product_1675,W2,537
Product_1676,W2,173
Product_1677,W2,6
Product_1678,W2,190
Product_1679,W2,25
Product_1680,W2,132
Product_1681,W2,49
Product_1682,W2,1
Product_1683,W2,33
Product_1684,W2,32
Product_1685,W2,2
Product_1686,W2,10
Product_1687,W2,4
Product_1688,W2,58
Product_1689,W2,8
Product_1690,W2,0
Product_1691,W2,13
Product_1692,W2,9
Product_1693,W2,2
Product_1694,W2,15
Product_1695,W2,2
Product_1696,W2,10
Product_1697,W2,1
Product_1699,W2,58
Product_1700,W2,71
Product_1701,W2,12
Product_1702,W2,28
Product_1704,W2,65
Product_1705,W2,104
Product_1708,W2,106
Product_1709,W2,5
Product_1710,W2,23
Product_1711,W2,1
Product_1712,W2,19
Product_1713,W2,16
Product_1714,W2,4
Product_1715,W2,54
Product_1716,W2,36
Product_1717,W2,37
Product_1718,W2,550
Product_1719,W2,4
Product_1720,W2,2
Product_1721,W2,48
Product_1722,W2,0
Product_1723,W2,0
Product_1729,W2,15909
Product_1730,W2,251
Product_1731,W2,4219
Product_1732,W2,2110
Product_1749,W2,5
Product_1750,W2,5
Product_1752,W2,114
Product_1753,W2,1
Product_1754,W2,22
Product_1755,W2,53
Product_1756,W2,46
Product_1757,W2,22
Product_1758,W2,27
Product_1759,W2,13
Product_1760,W2,16
Product_1761,W2,13
Product_1762,W2,10
Product_1763,W2,33
Product_1764,W2,168
Product_1765,W2,29499
Product_1766,W2,200179
Product_1767,W2,2
Product_1768,W2,3
Product_1769,W2,1
Product_1770,W2,23
Product_1771,W2,2
Product_1774,W2,1
Product_1776,W2,4
Product_1777,W2,12
Product_1779,W2,4
Product_1780,W2,49
Product_1781,W2,1
Product_1782,W2,0
Product_1783,W2,1
Product_1784,W2,22785
Product_1785,W2,9096
Product_1786,W2,38
Product_1787,W2,96020
Product_1788,W2,107844
Product_1789,W2,14195
Product_1790,W2,10549
Product_1791,W2,6
Product_1792,W2,3
Product_1795,W2,1668
Product_1796,W2,156
Product_1797,W2,10
Product_1798,W2,3
Product_1801,W2,25
Product_1802,W2,9
Product_1803,W2,10
Product_1804,W2,1
Product_1805,W2,15
Product_1806,W2,4
Product_1807,W2,0
Product_1809,W2,721
Product_1810,W2,24887
Product_1812,W2,44907
Product_1813,W2,47988
Product_1815,W2,69
Product_1816,W2,5
Product_1817,W2,80337
Product_1818,W2,20399
Product_1819,W2,146964
Product_1820,W2,1748
Product_1821,W2,19713
Product_1822,W2,64
Product_1823,W2,20199
Product_1824,W2,5088
Product_1825,W2,272284
Product_1826,W2,59996
Product_1827,W2,2
Product_1829,W2,85
Product_1830,W2,381
Product_1831,W2,24159
Product_1832,W2,24287
Product_1833,W2,30036
Product_1834,W2,0
Product_1836,W2,6
Product_1838,W2,15861
Product_1839,W2,978714
Product_1840,W2,6482
Product_1841,W2,72027
Product_1842,W2,765977
Product_1843,W2,455265
Product_1846,W2,27273
Product_1847,W2,253
Product_1848,W2,13877
Product_1850,W2,333
Product_1851,W2,17
Product_1852,W2,5
Product_1853,W2,19
Product_1854,W2,4
Product_1855,W2,0
Product_1856,W2,3
Product_1857,W2,2
Product_1858,W2,10
Product_1859,W2,11
Product_1860,W2,8
Product_1861,W2,1
Product_1862,W2,3
Product_1863,W2,1
Product_1864,W2,1
Product_1865,W2,2
Product_1866,W2,4
Product_1867,W2,11
Product_1868,W2,17
Product_1869,W2,26
Product_1870,W2,37
Product_1871,W2,163
Product_1872,W2,40
Product_1873,W2,2
Product_1874,W2,11
Product_1875,W2,29
Product_1876,W2,2
Product_1877,W2,5
Product_1878,W2,12524
Product_1879,W2,9033
Product_1880,W2,7323
Product_1881,W2,43
Product_1882,W2,1
Product_1883,W2,8
Product_1884,W2,2793
Product_1885,W2,93
Product_1886,W2,453949
Product_1887,W2,2436
Product_1888,W2,822
Product_1889,W2,4609
Product_1890,W2,2345
Product_1891,W2,793
Product_1892,W2,198
Product_1893,W2,1
Product_1894,W2,0
Product_1895,W2,4
Product_1896,W2,362
Product_1897,W2,1229
Product_1898,W2,6
Product_1899,W2,26312
Product_1900,W2,13055
Product_1901,W2,7177
Product_1903,W2,1175
Product_1904,W2,3218
Product_1905,W2,15583
Product_1906,W2,15540
Product_1907,W2,3
Product_1908,W2,11
Product_1909,W2,5
Product_1910,W2,52
Product_1916,W2,19
Product_1917,W2,2
Product_1919,W2,5
Product_1920,W2,52
Product_1921,W2,15
Product_1922,W2,8
Product_1923,W2,6
Product_1924,W2,11
Product_1926,W2,63
Product_1927,W2,9
Product_1928,W2,12
Product_1929,W2,3
Product_1930,W2,12
Product_1931,W2,1
Product_1932,W2,1
Product_1933,W2,1
Product_1934,W2,1
Product_1936,W2,5
Product_1937,W2,18
Product_1938,W2,149
Product_1939,W2,42
Product_1940,W2,7
Product_1941,W2,2
Product_1942,W2,3
Product_1943,W2,5
Product_1944,W2,1
Product_1945,W2,2
Product_1946,W2,9
Product_1947,W2,4
Product_1948,W2,4
Product_1949,W2,1
Product_1950,W2,2
Product_1951,W2,11
Product_1952,W2,3
Product_1953,W2,7
Product_1954,W2,155
Product_1955,W2,1
Product_1956,W2,40
Product_1961,W2,2
Product_1962,W2,18
Product_1963,W2,4
Product_1964,W2,4
Product_1965,W2,4
Product_1966,W2,5886
Product_1967,W2,26232
Product_1968,W2,0
Product_1969,W2,76297
Product_1970,W2,170046
Product_1971,W2,11133
Product_1972,W2,20759
Product_1973,W2,9521
Product_1974,W2,6
Product_1975,W2,1
Product_1977,W2,13345
Product_1978,W2,80
Product_1979,W2,1808
Product_1981,W2,14180
Product_1982,W2,1101
Product_1984,W2,944
Product_1985,W2,303
Product_1986,W2,13642
Product_1987,W2,7286
Product_1988,W2,4568
Product_1990,W2,1399
Product_1991,W2,52534
Product_1992,W2,8996
Product_1993,W2,8080
Product_1994,W2,336
Product_1995,W2,810
Product_1996,W2,2144
Product_1997,W2,45274
Product_1998,W2,9803
Product_1999,W2,6820
Product_2000,W2,2324
Product_2001,W2,17993
Product_2002,W2,3116
Product_2003,W2,203
Product_2004,W2,22649
Product_2005,W2,4844
Product_2006,W2,15677
Product_2007,W2,2102
Product_2008,W2,18852
Product_2010,W2,45945
Product_2011,W2,2159
Product_2012,W2,2421
Product_2013,W2,1313
Product_2014,W2,8157
Product_2015,W2,31440
Product_2016,W2,3304
Product_2017,W2,5706
Product_2018,W2,0
Product_2019,W2,12412
Product_2020,W2,40
Product_2021,W2,674
Product_2023,W2,84
Product_2024,W2,831
Product_2025,W2,26845
Product_2026,W2,841
Product_2027,W2,12524
Product_2028,W2,2508
Product_2029,W2,8875
Product_2030,W2,26
Product_2031,W2,3868
Product_2032,W2,5463
Product_2033,W2,2
Product_2034,W2,50420
Product_2035,W2,111447
Product_2036,W2,46588
Product_2037,W2,98
Product_2038,W2,98
Product_2039,W2,114
Product_2041,W2,1792
Product_2042,W2,62504
Product_2043,W2,105762
Product_2044,W2,58849
Product_2045,W2,18507
Product_2046,W2,18813
Product_2047,W2,17644
Product_2048,W2,7749
Product_2049,W2,73
Product_2050,W2,2741
Product_2061,W2,3
Product_2062,W2,192
Product_2063,W2,1311
Product_2064,W2,330
Product_2065,W2,45
Product_2066,W2,97
Product_2067,W2,57
Product_2068,W2,164
Product_2069,W2,38
Product_2075,W2,5
Product_2076,W2,6
Product_2081,W2,4
Product_2082,W2,160
Product_2088,W2,5
Product_2089,W2,18
Product_2091,W2,1
Product_2093,W2,0
Product_2094,W2,5
Product_2095,W2,3
Product_2096,W2,5
Product_2098,W2,1
Product_2100,W2,173
Product_2101,W2,26
Product_2102,W2,0
Product_2103,W2,1
Product_2104,W2,128
Product_2105,W2,16
Product_2106,W2,12
Product_2109,W2,1
Product_2110,W2,1
Product_2111,W2,0
Product_2113,W2,0
Product_2114,W2,0
Product_2115,W2,0
Product_2116,W2,2
Product_2128,W2,27
Product_2131,W2,7
Product_2132,W2,2
Product_2134,W2,19
Product_2136,W2,1
Product_2138,W2,16
Product_2140,W2,51
Product_2142,W2,2
Product_2143,W2,12
Product_2144,W2,93
Product_2148,W2,316
Product_2149,W2,1
Product_2150,W2,4501
Product_2151,W2,14
Product_2152,W2,4
Product_2153,W2,10
Product_2154,W2,0
Product_2155,W2,2
Product_2157,W2,3
Product_2158,W2,3
Product_2159,W2,3
Product_2160,W2,2
Product_2163,W2,39
Product_2166,W2,286
Product_2167,W2,4142
Product_2168,W2,3
Product_2169,W2,46
Product_2171,W2,46
Product_2172,W2,4214
Product_0002,W4,440059
Product_0003,W4,0
Product_0012,W4,0
Product_0021,W4,18128
Product_0031,W4,677
Product_0033,W4,754657
Product_0034,W4,4
Product_0036,W4,81
Product_0050,W4,1
Product_0063,W4,13094
Product_0064,W4,21619
Product_0070,W4,254773
Product_0071,W4,214394
Product_0077,W4,19
Product_0082,W4,3210528
Product_0083,W4,1724676
Product_0084,W4,1505323
Product_0094,W4,63
Product_0106,W4,1
Product_0110,W4,1
Product_0111,W4,1
Product_0112,W4,1
Product_0115,W4,2
Product_0117,W4,209
Product_0118,W4,1
Product_0125,W4,0
Product_0130,W4,2
Product_0131,W4,5
Product_0140,W4,0
Product_0143,W4,75
Product_0145,W4,0
Product_0146,W4,20635
Product_0150,W4,8
Product_0151,W4,1
Product_0153,W4,9
Product_0154,W4,756
Product_0155,W4,0
Product_0158,W4,1
Product_0159,W4,0
Product_0162,W4,604
Product_0166,W4,7
Product_0171,W4,1
Product_0172,W4,1
Product_0178,W4,1
Product_0179,W4,1
Product_0200,W4,2054
Product_0202,W4,5
Product_0204,W4,194
Product_0206,W4,1
Product_0208,W4,1
Product_0209,W4,0
Product_0211,W4,1
Product_0213,W4,4
Product_0214,W4,1
Product_0215,W4,138
Product_0217,W4,1
Product_0219,W4,3
Product_0221,W4,1
Product_0224,W4,1
Product_0225,W4,1
Product_0226,W4,16836
Product_0227,W4,0
Product_0228,W4,1
Product_0229,W4,1
Product_0231,W4,2
Product_0250,W4,6
Product_0261,W4,56
Product_0287,W4,31
Product_0288,W4,9
Product_0301,W4,1
Product_0304,W4,1
Product_0308,W4,1
Product_0321,W4,70
Product_0325,W4,1
Product_0333,W4,0
Product_0337,W4,116
Product_0342,W4,4
Product_0343,W4,4
Product_0349,W4,239
Product_0352,W4,7
Product_0353,W4,3
Product_0354,W4,6
Product_0360,W4,1
Product_0366,W4,1105982
Product_0368,W4,11496
Product_0371,W4,0
Product_0372,W4,1
Product_0374,W4,25861
Product_0376,W4,35049
Product_0379,W4,280445
Product_0381,W4,79879
Product_0383,W4,1
Product_0384,W4,15900
Product_0385,W4,295
Product_0387,W4,8810
Product_0388,W4,1
Product_0390,W4,95632
Product_0391,W4,89
Product_0392,W4,3430
Product_0398,W4,19413
Product_0401,W4,934
Product_0403,W4,1
Product_0404,W4,35
Product_0405,W4,20
Product_0411,W4,45200
Product_0412,W4,0
Product_0432,W4,1
Product_0434,W4,1
Product_0435,W4,1
Product_0437,W4,8
Product_0438,W4,1
Product_0439,W4,0
Product_0440,W4,3
Product_0441,W4,1
Product_0443,W4,1
Product_0444,W4,1
Product_0445,W4,2
Product_0453,W4,1
Product_0454,W4,1
Product_0455,W4,1
Product_0458,W4,167
Product_0460,W4,3
Product_0463,W4,11
Product_0464,W4,6
Product_0470,W4,8
Product_0471,W4,1
Product_0476,W4,3
Product_0480,W4,1
Product_0486,W4,1
Product_0487,W4,1
Product_0491,W4,1
Product_0495,W4,13
Product_0496,W4,1
Product_0503,W4,1
Product_0505,W4,1
Product_0508,W4,1
Product_0511,W4,1
Product_0512,W4,496
Product_0514,W4,2272
Product_0515,W4,1
Product_0516,W4,235
Product_0517,W4,282
Product_0518,W4,1
Product_0519,W4,1
Product_0520,W4,2
Product_0521,W4,4
Product_0522,W4,55
Product_0523,W4,127
Product_0524,W4,253
Product_0525,W4,10
Product_0526,W4,9
Product_0527,W4,1
Product_0528,W4,7
Product_0529,W4,9
Product_0530,W4,0
Product_0531,W4,23
Product_0532,W4,91
Product_0533,W4,56
Product_0534,W4,638
Product_0535,W4,13
Product_0536,W4,1
Product_0537,W4,12
Product_0538,W4,4
Product_0539,W4,1
Product_0541,W4,9
Product_0542,W4,1
Product_0543,W4,0
Product_0544,W4,1
Product_0549,W4,2
Product_0551,W4,20328
Product_0552,W4,55
Product_0553,W4,1
Product_0554,W4,0
Product_0556,W4,58
Product_0557,W4,0
Product_0558,W4,3
Product_0560,W4,0
Product_0561,W4,2
Product_0562,W4,1
Product_0563,W4,16
Product_0566,W4,101
Product_0569,W4,25
Product_0570,W4,365
Product_0571,W4,1
Product_0572,W4,1
Product_0573,W4,16
Product_0574,W4,1
Product_0575,W4,1
Product_0576,W4,1
Product_0577,W4,1
Product_0578,W4,1
Product_0579,W4,1
Product_0580,W4,1
Product_0583,W4,0
Product_0586,W4,1
Product_0587,W4,5
Product_0588,W4,1
Product_0589,W4,0
Product_0591,W4,1
Product_0592,W4,1
Product_0593,W4,10
Product_0595,W4,1
Product_0608,W4,9
Product_0609,W4,1
Product_0613,W4,2
Product_0614,W4,26
Product_0620,W4,133
Product_0621,W4,20
Product_0627,W4,1
Product_0639,W4,2
Product_0642,W4,7
Product_0643,W4,5
Product_0645,W4,12
Product_0664,W4,32
Product_0672,W4,6
Product_0677,W4,1
Product_0685,W4,64
Product_0809,W4,76
Product_0824,W4,42
Product_0869,W4,1
Product_0897,W4,613
Product_0898,W4,172
Product_0904,W4,1
Product_0905,W4,326
Product_0906,W4,1
Product_0909,W4,78
Product_0910,W4,2
Product_0911,W4,0
Product_0912,W4,52
Product_0913,W4,11
Product_0914,W4,38
Product_0915,W4,329
Product_0916,W4,14
Product_0917,W4,255
Product_0918,W4,173
Product_0919,W4,11
Product_0920,W4,81
Product_0921,W4,34
Product_0922,W4,0
Product_0923,W4,83
Product_0924,W4,1
Product_0925,W4,8
Product_0926,W4,9
Product_0927,W4,4
Product_0935,W4,1
Product_0936,W4,53
Product_0938,W4,1
Product_0945,W4,1
Product_0948,W4,1
Product_0958,W4,7
Product_0965,W4,1
Product_0966,W4,1
Product_0973,W4,1
Product_0975,W4,1
Product_0979,W4,1013
Product_0980,W4,3
Product_0984,W4,1
Product_0996,W4,0
Product_0998,W4,40577
Product_1000,W4,68
Product_1001,W4,0
Product_1004,W4,0
Product_1005,W4,4542
Product_1007,W4,1
Product_1008,W4,14565
Product_1016,W4,319
Product_1025,W4,1
Product_1027,W4,1
Product_1052,W4,1
Product_1064,W4,1
Product_1065,W4,1
Product_1066,W4,1
Product_1067,W4,1
Product_1068,W4,1
Product_1069,W4,4
Product_1070,W4,2
Product_1071,W4,1
Product_1072,W4,3
Product_1073,W4,1
Product_1074,W4,1
Product_1075,W4,1
Product_1076,W4,0
Product_1077,W4,3
Product_1078,W4,3
Product_1079,W4,2
Product_1080,W4,1
Product_1081,W4,1
Product_1082,W4,1
Product_1084,W4,0
Product_1085,W4,1
Product_1086,W4,1
Product_1087,W4,1
Product_1088,W4,1
Product_1089,W4,10
Product_1090,W4,435
Product_1092,W4,1
Product_1093,W4,1
Product_1094,W4,1
Product_1095,W4,1
Product_1101,W4,53690
Product_1102,W4,1
Product_1103,W4,1
Product_1108,W4,156216
Product_1109,W4,1688
Product_1118,W4,2
Product_1127,W4,1
Product_1128,W4,6932
Product_1129,W4,672
Product_1130,W4,292
Product_1133,W4,67524
Product_1135,W4,3
Product_1144,W4,1
Product_1170,W4,1
Product_1172,W4,6
Product_1179,W4,1
Product_1182,W4,7
Product_1183,W4,1605
Product_1184,W4,1
Product_1185,W4,23526
Product_1195,W4,37
Product_1208,W4,1
Product_1213,W4,0
Product_1216,W4,174
Product_1222,W4,1
Product_1224,W4,138173
Product_1234,W4,279585
Product_1237,W4,415037
Product_1241,W4,74
Product_1242,W4,0
Product_1245,W4,26
Product_1246,W4,0
Product_1249,W4,2
Product_1263,W4,278543
Product_1264,W4,702
Product_1266,W4,4
Product_1269,W4,6227
Product_1273,W4,138727
Product_1278,W4,161739
Product_1279,W4,6
Product_1280,W4,2098975
Product_1281,W4,33288
Product_1285,W4,77
Product_1298,W4,47
Product_1312,W4,15
Product_1314,W4,0
Product_1341,W4,956270
Product_1342,W4,61916
Product_1343,W4,0
Product_1344,W4,121
Product_1346,W4,108
Product_1348,W4,9477
Product_1350,W4,60030
Product_1351,W4,0
Product_1355,W4,51476
Product_1356,W4,172392
Product_1358,W4,1
Product_1374,W4,29464
Product_1375,W4,1
Product_1387,W4,39660
Product_1391,W4,865
Product_1392,W4,2
Product_1393,W4,42085
Product_1394,W4,63363
Product_1395,W4,1
Product_1398,W4,36
Product_1399,W4,101352
Product_1403,W4,75349
Product_1404,W4,53
Product_1405,W4,1
Product_1429,W4,490
Product_1431,W4,236664
Product_1432,W4,34191
Product_1433,W4,1
Product_1435,W4,208
Product_1439,W4,270
Product_1440,W4,0
Product_1450,W4,86956
Product_1465,W4,158431
Product_1466,W4,0
Product_1476,W4,1
Product_1478,W4,235
Product_1479,W4,99822
Product_1480,W4,3092
Product_1488,W4,1058
Product_1502,W4,164033
Product_1510,W4,82835
Product_1521,W4,529894
Product_1525,W4,1
Product_1549,W4,2
Product_1567,W4,159246
Product_1570,W4,25989
Product_1571,W4,57708
Product_1573,W4,69151
Product_1574,W4,142795
Product_1577,W4,3
Product_1581,W4,2153
Product_1587,W4,74142
Product_1588,W4,16
Product_1589,W4,4723
Product_1590,W4,6545
Product_1591,W4,15736
Product_1593,W4,60
Product_1596,W4,6350
Product_1598,W4,5611
Product_1599,W4,1
Product_1600,W4,8545
Product_1601,W4,12863
Product_1603,W4,36823
Product_1604,W4,1762
Product_1605,W4,4
Product_1606,W4,7662
Product_1607,W4,1507
Product_1608,W4,582188
Product_1609,W4,2875
Product_1610,W4,1056
Product_1612,W4,4
Product_1616,W4,4
Product_1617,W4,3
Product_1618,W4,3
Product_1619,W4,1
Product_1628,W4,1
Product_1631,W4,4
Product_1643,W4,1
Product_1644,W4,5
Product_1645,W4,1
Product_1646,W4,4
Product_1654,W4,1
Product_1655,W4,1
Product_1671,W4,0
Product_1672,W4,1117
Product_1675,W4,48
Product_1680,W4,1
Product_1688,W4,1
Product_1705,W4,27
Product_1719,W4,6
Product_1721,W4,1
Product_1722,W4,14
Product_1723,W4,1
Product_1728,W4,1
Product_1733,W4,1100
Product_1734,W4,302
Product_1735,W4,2236
Product_1736,W4,6492
Product_1737,W4,215
Product_1738,W4,71
Product_1739,W4,7755
Product_1740,W4,5995
Product_1741,W4,1
Product_1742,W4,2758
Product_1743,W4,3652
Product_1744,W4,40
Product_1745,W4,0
Product_1746,W4,3880
Product_1747,W4,0
Product_1766,W4,1
Product_1774,W4,3
Product_1786,W4,16
Product_1787,W4,125
Product_1792,W4,1
Product_1794,W4,1
Product_1799,W4,3
Product_1802,W4,1
Product_1811,W4,0
Product_1812,W4,0
Product_1817,W4,283
Product_1822,W4,0
Product_1824,W4,77958
Product_1825,W4,119
Product_1833,W4,129
Product_1839,W4,13055
Product_1843,W4,1
Product_1845,W4,1
Product_1846,W4,1841
Product_1847,W4,1
Product_1859,W4,1
Product_1884,W4,1
Product_1886,W4,15
Product_1887,W4,1
Product_1891,W4,1
Product_1892,W4,1
Product_1902,W4,319679
Product_1903,W4,5
Product_1904,W4,2797
Product_1935,W4,3
Product_1966,W4,1
Product_1969,W4,1
Product_1970,W4,0
Product_1983,W4,0
Product_1986,W4,1582
Product_1989,W4,1889
Product_1994,W4,1
Product_1997,W4,920
Product_2001,W4,1289
Product_2002,W4,1
Product_2004,W4,7889
Product_2009,W4,3683
Product_2019,W4,0
Product_2021,W4,0
Product_2022,W4,5706
Product_2072,W4,1
Product_2080,W4,1
Product_2081,W4,0
Product_2082,W4,118
Product_2083,W4,110
Product_2085,W4,1
Product_2087,W4,2
Product_2088,W4,0
Product_2089,W4,201
Product_2090,W4,3
Product_2093,W4,0
Product_2095,W4,99
Product_2097,W4,1
Product_2099,W4,1
Product_2100,W4,1
Product_2101,W4,1
Product_2111,W4,1
Product_2114,W4,1
Product_2118,W4,0
Product_2124,W4,25
Product_2125,W4,1
Product_2126,W4,615
Product_2127,W4,4
Product_2128,W4,1903
Product_2129,W4,18
Product_2131,W4,0
Product_2132,W4,238902
Product_2133,W4,0
Product_2135,W4,1
Product_2136,W4,0
Product_2137,W4,213
Product_2138,W4,7605
Product_2139,W4,1
Product_2141,W4,4
Product_2142,W4,0
Product_2143,W4,104
Product_2144,W4,1
Product_2145,W4,1
Product_2146,W4,3
Product_2153,W4,492
Product_2154,W4,451
Product_2155,W4,60
Product_2156,W4,400
Product_2157,W4,177
Product_2158,W4,1147
Product_2159,W4,2982
Product_2160,W4,226
Product_2161,W4,1
Product_2162,W4,44
Product_2165,W4,0
Product_2166,W4,2
Product_2167,W4,1
Product_2168,W4,1
Product_2169,W4,1
Product_0002,W3,1575
Product_0008,W3,822
Product_0012,W3,0
Product_0021,W3,12592
Product_0033,W3,7223
Product_0036,W3,45642
Product_0038,W3,7246
Product_0044,W3,86818
Product_0063,W3,543
Product_0071,W3,164857
Product_0083,W3,103898
Product_0093,W3,102985
Product_0094,W3,286148
Product_0100,W3,172
Product_0116,W3,564
Product_0119,W3,7
Product_0125,W3,3
Product_0144,W3,0
Product_0147,W3,1864
Product_0191,W3,11193
Product_0192,W3,2208
Product_0193,W3,24927
Product_0194,W3,5321
Product_0195,W3,9595
Product_0200,W3,72
Product_0202,W3,43936
Product_0204,W3,16389
Product_0206,W3,4713
Product_0208,W3,174553
Product_0209,W3,12611
Product_0213,W3,13154
Product_0215,W3,0
Product_0226,W3,642
Product_0229,W3,313
Product_0249,W3,0
Product_0250,W3,21291
Product_0288,W3,12
Product_0304,W3,0
Product_0312,W3,1
Product_0342,W3,8
Product_0349,W3,3140
Product_0368,W3,2050
Product_0374,W3,10624
Product_0387,W3,10991
Product_0412,W3,5
Product_0439,W3,190
Product_0443,W3,12
Product_0445,W3,3
Product_0453,W3,746
Product_0458,W3,173
Product_0463,W3,146
Product_0469,W3,304
Product_0471,W3,2
Product_0477,W3,812
Product_0491,W3,2
Product_0495,W3,583
Product_0550,W3,1773
Product_0551,W3,49
Product_0552,W3,6212
Product_0553,W3,4796
Product_0555,W3,92116
Product_0556,W3,80177
Product_0557,W3,160
Product_0558,W3,669
Product_0559,W3,49
Product_0561,W3,1878
Product_0562,W3,1007
Product_0608,W3,520
Product_0610,W3,10
Product_0611,W3,3
Product_0613,W3,12
Product_0614,W3,11
Product_0615,W3,8
Product_0617,W3,13
Product_0620,W3,82
Product_0622,W3,20
Product_0623,W3,9
Product_0631,W3,5
Product_0639,W3,11
Product_0642,W3,11
Product_0645,W3,10
Product_0658,W3,2617
Product_0664,W3,76
Product_0666,W3,1
Product_0670,W3,1
Product_0863,W3,6
Product_0870,W3,28532
Product_0871,W3,29911
Product_0872,W3,217
Product_0873,W3,2
Product_0874,W3,312
Product_0875,W3,1643
Product_0876,W3,145
Product_0877,W3,456
Product_0878,W3,310
Product_0879,W3,16385
Product_0880,W3,17667
Product_0881,W3,281
Product_0882,W3,5709
Product_0883,W3,557
Product_0884,W3,134
Product_0885,W3,27721
Product_0886,W3,4568
Product_0887,W3,2694
Product_0888,W3,1543
Product_0889,W3,755
Product_0890,W3,0
Product_0891,W3,0
Product_0892,W3,0
Product_0893,W3,0
Product_0894,W3,278
Product_0895,W3,73
Product_0896,W3,113
Product_0902,W3,961
Product_0905,W3,24
Product_0940,W3,33
Product_0949,W3,15373
Product_0958,W3,335
Product_0961,W3,1219
Product_1010,W3,3601
Product_1016,W3,416876
Product_1023,W3,10470
Product_1047,W3,450880
Product_1078,W3,6812
Product_1101,W3,3643632
Product_1131,W3,280
Product_1132,W3,3218
Product_1135,W3,57472
Product_1157,W3,334507
Product_1166,W3,1715639
Product_1190,W3,84180
Product_1195,W3,84894
Product_1198,W3,89455
Product_1216,W3,25491
Product_1227,W3,4078
Product_1235,W3,8635
Product_1238,W3,1178
Product_1241,W3,213632
Product_1243,W3,38471
Product_1245,W3,2305400
Product_1247,W3,13865
Product_1263,W3,1023801
Product_1264,W3,117603
Product_1270,W3,3600
Product_1278,W3,344357
Product_1279,W3,39036
Product_1281,W3,315015
Product_1298,W3,11238
Product_1299,W3,85893
Product_1341,W3,383976
Product_1342,W3,411746
Product_1344,W3,2
Product_1348,W3,80135
Product_1350,W3,322624
Product_1352,W3,35877
Product_1353,W3,29527
Product_1354,W3,56273
Product_1355,W3,180288
Product_1356,W3,28107
Product_1366,W3,4945
Product_1387,W3,75
Product_1393,W3,229743
Product_1394,W3,552667
Product_1401,W3,37087
Product_1402,W3,243667
Product_1403,W3,19574
Product_1404,W3,421
Product_1407,W3,193937
Product_1431,W3,17237
Product_1432,W3,608499
Product_1439,W3,80494
Product_1450,W3,24201
Product_1465,W3,58
Product_1466,W3,1761357
Product_1468,W3,14881
Product_1470,W3,50707
Product_1479,W3,273163
Product_1480,W3,675091
Product_1485,W3,35270
Product_1494,W3,1
Product_1502,W3,249658
Product_1507,W3,43482
Product_1512,W3,255174
Product_1513,W3,0
Product_1520,W3,3449
Product_1521,W3,28961
Product_1528,W3,4305
Product_1542,W3,0
Product_1545,W3,8774
Product_1548,W3,86430
Product_1558,W3,78
Product_1564,W3,85079
Product_1568,W3,998
Product_1570,W3,90030
Product_1581,W3,19205
Product_1586,W3,918
Product_1587,W3,4578
Product_1592,W3,4
Product_1593,W3,7631
Product_1594,W3,601
Product_1595,W3,1
Product_1597,W3,232
Product_1599,W3,24997
Product_1600,W3,6798
Product_1601,W3,9360
Product_1602,W3,197466
Product_1610,W3,0
Product_1643,W3,107020
Product_1733,W3,34
Product_1738,W3,9722
Product_1740,W3,4087
Product_1766,W3,7114
Product_1792,W3,2
Product_1794,W3,1
Product_1823,W3,67947
Product_1825,W3,91450
Product_1835,W3,38018
Product_1847,W3,289
Product_1859,W3,1
Product_1886,W3,11159
Product_1904,W3,8033
Product_1925,W3,0
Product_1933,W3,1
Product_1942,W3,4
Product_1967,W3,8
Product_1969,W3,0
Product_1970,W3,34221
Product_1980,W3,109
Product_1986,W3,2512
Product_1991,W3,806
Product_1997,W3,2187
Product_2001,W3,54
Product_2003,W3,1496
Product_2004,W3,22733
Product_2008,W3,4560
Product_2015,W3,0
Product_2019,W3,6438
Product_2021,W3,1219
Product_2138,W3,6492
Product_2165,W3,1
Product_2166,W3,41
Product_2167,W3,1155
Product_2169,W3,162
Product_2170,W3,3
Product_0001,W1,223
Product_0020,W1,930
Product_0031,W1,6419
Product_0075,W1,3
Product_0078,W1,2
Product_0081,W1,1198
Product_0091,W1,913
Product_0097,W1,163
Product_0119,W1,1
Product_0120,W1,2249
Product_0121,W1,967
Product_0122,W1,5647
Product_0123,W1,8197
Product_0125,W1,10
Product_0130,W1,328
Product_0131,W1,143
Product_0132,W1,97
Product_0133,W1,69
Product_0134,W1,3
Product_0135,W1,11
Product_0136,W1,11
Product_0137,W1,26
Product_0140,W1,970
Product_0148,W1,2
Product_0149,W1,4
Product_0150,W1,37
Product_0151,W1,1
Product_0168,W1,130
Product_0169,W1,324
Product_0172,W1,27
Product_0189,W1,764
Product_0190,W1,605
Product_0191,W1,1
Product_0193,W1,42
Product_0200,W1,6311
Product_0201,W1,1859
Product_0202,W1,1881
Product_0203,W1,178
Product_0204,W1,254
Product_0205,W1,165
Product_0206,W1,1188
Product_0207,W1,15763
Product_0208,W1,273
Product_0209,W1,1118
Product_0210,W1,89
Product_0211,W1,2475
Product_0212,W1,369
Product_0213,W1,304
Product_0225,W1,9499
Product_0226,W1,400
Product_0228,W1,5246
Product_0230,W1,2795
Product_0231,W1,17
Product_0232,W1,19
Product_0243,W1,1131
Product_0245,W1,4260
Product_0246,W1,726
Product_0247,W1,21
Product_0249,W1,22
Product_0250,W1,19313
Product_0272,W1,5278
Product_0273,W1,6
Product_0274,W1,84
Product_0287,W1,325
Product_0288,W1,1909
Product_0293,W1,3
Product_0294,W1,17
Product_0295,W1,1
Product_0300,W1,25
Product_0301,W1,16
Product_0302,W1,163
Product_0304,W1,245
Product_0308,W1,119
Product_0311,W1,28
Product_0318,W1,15
Product_0319,W1,4
Product_0320,W1,2
Product_0321,W1,0
Product_0325,W1,94
Product_0326,W1,17
Product_0329,W1,143
Product_0330,W1,0
Product_0333,W1,112
Product_0337,W1,136
Product_0342,W1,76
Product_0347,W1,4
Product_0349,W1,590
Product_0352,W1,3
Product_0353,W1,109
Product_0364,W1,3
Product_0365,W1,13
Product_0394,W1,21
Product_0395,W1,12
Product_0412,W1,271
Product_0413,W1,16798
Product_0414,W1,1012
Product_0415,W1,12087
Product_0416,W1,13
Product_0417,W1,755
Product_0418,W1,30683
Product_0419,W1,3628
Product_0420,W1,58
Product_0421,W1,3332
Product_0422,W1,9539
Product_0423,W1,9
Product_0424,W1,72432
Product_0425,W1,10645
Product_0426,W1,0
Product_0427,W1,101005
Product_0428,W1,1
Product_0432,W1,10
Product_0436,W1,2
Product_0437,W1,469
Product_0442,W1,1
Product_0453,W1,111
Product_0454,W1,2
Product_0456,W1,9
Product_0458,W1,29
Product_0460,W1,2
Product_0463,W1,91
Product_0465,W1,1
Product_0466,W1,1
Product_0467,W1,1
Product_0471,W1,37
Product_0474,W1,1
Product_0484,W1,67
Product_0486,W1,284
Product_0487,W1,282
Product_0495,W1,30
Product_0496,W1,1
Product_0505,W1,6
Product_0506,W1,0
Product_0507,W1,192
Product_0512,W1,102
Product_0516,W1,2
Product_0533,W1,2
Product_0544,W1,2
Product_0547,W1,193
Product_0548,W1,2220
Product_0565,W1,13
Product_0567,W1,288
Product_0599,W1,99
Product_0634,W1,1
Product_0635,W1,263
Product_0636,W1,1
Product_0637,W1,2
Product_0638,W1,1
Product_0639,W1,4
Product_0642,W1,2
Product_0643,W1,13
Product_0646,W1,724
Product_0647,W1,1
Product_0650,W1,180
Product_0825,W1,1
Product_0899,W1,3
Product_0905,W1,27
Product_0935,W1,8720
Product_0936,W1,76140
Product_0937,W1,30724
Product_0944,W1,1
Product_0945,W1,2
Product_0946,W1,11
Product_0951,W1,261
Product_0965,W1,1
Product_0966,W1,21
Product_0967,W1,14
Product_0973,W1,2006
Product_0976,W1,34
Product_0977,W1,903
Product_0979,W1,5011
Product_0980,W1,27009
Product_0981,W1,8173
Product_0982,W1,16362
Product_0984,W1,4072
Product_0985,W1,49197
Product_0986,W1,6
Product_0987,W1,14875
Product_0989,W1,4873
Product_0990,W1,2345
Product_0995,W1,2065
Product_0997,W1,5902
Product_0998,W1,27066
Product_0999,W1,25
Product_1000,W1,122273
Product_1001,W1,3981
Product_1002,W1,0
Product_1003,W1,148
Product_1004,W1,0
Product_1006,W1,750
Product_1007,W1,340
Product_1017,W1,492
Product_1022,W1,0
Product_1053,W1,259
Product_1054,W1,13
Product_1083,W1,167
Product_1093,W1,12
Product_1094,W1,33
Product_1095,W1,3
Product_1104,W1,3593
Product_1107,W1,1589
Product_1138,W1,23
Product_1139,W1,1
Product_1140,W1,1
Product_1143,W1,2
Product_1154,W1,3717
Product_1168,W1,1
Product_1171,W1,11
Product_1178,W1,28
Product_1180,W1,443
Product_1249,W1,10781
Product_1250,W1,77584
Product_1264,W1,16589
Product_1276,W1,4067
Product_1284,W1,1590
Product_1291,W1,1663
Product_1293,W1,2389
Product_1298,W1,9768
Product_1299,W1,70828
Product_1314,W1,6608
Product_1365,W1,4698
Product_1368,W1,16084
Product_1384,W1,8577
Product_1385,W1,1006
Product_1387,W1,6420
Product_1388,W1,85974
Product_1392,W1,9545
Product_1402,W1,22284
Product_1409,W1,14885
Product_1410,W1,61407
Product_1416,W1,136361
Product_1417,W1,1
Product_1419,W1,143141
Product_1420,W1,22023
Product_1421,W1,15814
Product_1422,W1,14182
Product_1423,W1,12001
Product_1424,W1,62666
Product_1425,W1,400
Product_1427,W1,2215
Product_1429,W1,52220
Product_1431,W1,98811
Product_1432,W1,88776
Product_1434,W1,2499
Product_1435,W1,50337
Product_1438,W1,5105
Product_1441,W1,437
Product_1442,W1,688
Product_1443,W1,3523
Product_1444,W1,15796
Product_1445,W1,1
Product_1448,W1,4764
Product_1461,W1,20618
Product_1464,W1,27788
Product_1469,W1,10250
Product_1470,W1,157939
Product_1477,W1,6
Product_1478,W1,21926
Product_1481,W1,4
Product_1495,W1,8685
Product_1496,W1,150712
Product_1499,W1,1383
Product_1500,W1,1209
Product_1503,W1,4356
Product_1505,W1,4712
Product_1509,W1,1835
Product_1512,W1,0
Product_1513,W1,24539
Product_1518,W1,3834
Product_1519,W1,12166
Product_1521,W1,6204
Product_1535,W1,1337
Product_1539,W1,5741
Product_1541,W1,3865
Product_1544,W1,2232
Product_1548,W1,7854
Product_1553,W1,17751
Product_1560,W1,3384
Product_1563,W1,9080
Product_1584,W1,2
Product_1585,W1,5
Product_1616,W1,3
Product_1618,W1,45
Product_1622,W1,2
Product_1629,W1,8002
Product_1630,W1,2
Product_1636,W1,5
Product_1644,W1,3
Product_1645,W1,2
Product_1646,W1,49
Product_1647,W1,1
Product_1656,W1,5
Product_1661,W1,3
Product_1669,W1,551
Product_1670,W1,46
Product_1671,W1,7
Product_1672,W1,29
Product_1675,W1,4
Product_1676,W1,1
Product_1688,W1,0
Product_1689,W1,1
Product_1698,W1,1
Product_1703,W1,1
Product_1705,W1,6057
Product_1706,W1,103
Product_1707,W1,2
Product_1716,W1,6
Product_1719,W1,161
Product_1724,W1,361
Product_1725,W1,10738
Product_1726,W1,605
Product_1727,W1,110
Product_1748,W1,7
Product_1751,W1,2
Product_1772,W1,16
Product_1773,W1,2
Product_1774,W1,1
Product_1775,W1,374
Product_1776,W1,84
Product_1777,W1,158
Product_1778,W1,22
Product_1786,W1,1
Product_1792,W1,14
Product_1793,W1,4
Product_1794,W1,9
Product_1800,W1,3
Product_1807,W1,6
Product_1808,W1,1
Product_1814,W1,2
Product_1815,W1,16
Product_1816,W1,19
Product_1822,W1,342
Product_1825,W1,55278
Product_1828,W1,2
Product_1834,W1,107
Product_1836,W1,14
Product_1837,W1,2
Product_1839,W1,0
Product_1844,W1,30
Product_1846,W1,204
Product_1847,W1,7846
Product_1848,W1,2
Product_1886,W1,987
Product_1891,W1,70
Product_1892,W1,16
Product_1898,W1,1
Product_1908,W1,16
Product_1911,W1,264
Product_1912,W1,168
Product_1913,W1,84
Product_1914,W1,2
Product_1915,W1,547
Product_1918,W1,13
Product_1957,W1,106
Product_1958,W1,228
Product_1959,W1,116
Product_1960,W1,44
Product_1976,W1,8
Product_1978,W1,4
Product_2039,W1,1
Product_2051,W1,169
Product_2052,W1,509
Product_2053,W1,3
Product_2054,W1,120
Product_2055,W1,472
Product_2056,W1,106
Product_2057,W1,1
Product_2058,W1,1
Product_2059,W1,2
Product_2060,W1,1
Product_2070,W1,502
Product_2071,W1,2
Product_2072,W1,1060
Product_2073,W1,64
Product_2074,W1,18
Product_2075,W1,43
Product_2076,W1,1253
Product_2077,W1,4
Product_2078,W1,8
Product_2079,W1,185
Product_2080,W1,312
Product_2081,W1,116
Product_2082,W1,5081
Product_2083,W1,1756
Product_2084,W1,320
Product_2085,W1,4
Product_2086,W1,229
Product_2087,W1,1392
Product_2088,W1,5
Product_2089,W1,143
Product_2090,W1,544
Product_2091,W1,18
Product_2092,W1,43
Product_2093,W1,52
Product_2095,W1,1349
Product_2100,W1,7
Product_2107,W1,689
Product_2108,W1,4
Product_2109,W1,94
Product_2110,W1,178
Product_2111,W1,207
Product_2112,W1,44
Product_2113,W1,1
Product_2114,W1,78
Product_2115,W1,6
Product_2116,W1,1
Product_2117,W1,1
Product_2118,W1,2
Product_2119,W1,5
Product_2120,W1,0
Product_2121,W1,1254
Product_2122,W1,35
Product_2123,W1,26
Product_2124,W1,111
Product_2128,W1,1120
Product_2130,W1,1
Product_2132,W1,838
Product_2136,W1,4
Product_2138,W1,48
Product_2142,W1,0
Product_2144,W1,71
Product_2147,W1,3
Product_2164,W1,1
Product_2165,W1,5
Product_2166,W1,22
Product_2167,W1,135
Product_2168,W1,0
Product_2169,W1,13
