{"metadata":{"asset_id":"45615062-03d5-4db3-aeaa-4bfcf3df7fa7","asset_attributes":["data_asset"],"name":"SupplyChain-sample-application.zip","asset_type":"data_asset","created_at":"2021-08-09T17:37:46Z","description":"","origin_country":"us","owner_id":"1000331006","project_id":"f8aadb52-4b1e-489c-9f31-26c96c5175b9","size":1879784,"tags":[],"usage":{"last_update_time":1628530666919,"last_updated_at":"2021-08-09T17:37:46Z"}},"entity":{"data_asset":{"mime_type":"application/zip","dataset":false}},"attachments":[{"id":"32f7b588-5814-4d5e-835a-71ec9d4ece03","version":2,"asset_type":"data_asset","name":"SupplyChain-sample-application.zip","mime":"application/zip","datasource_type":"81bafdbd-b7c6-45c5-a4fd-6ec135f66f4e","object_key":"data_asset/SupplyChain-sample-application.zip","creator_id":"icp4d-dev","create_time":1628530666753,"size":1879784,"is_remote":false,"is_managed":false,"is_referenced":true,"is_object_key_read_only":false,"is_user_provided_path_key":true,"transfer_complete":true,"is_partitioned":false,"complete_time_ticks":1628530666753,"user_data":{},"test_doc":0,"handle":{"key":"data_asset/SupplyChain-sample-application.zip","upload_id":"done","max_part_num":1},"usage":{"access_count":0,"last_accessor_id":"icp4d-dev","last_access_time":1628530666753}}]}