{"metadata":{"asset_id":"e84b7175-39e3-4a1c-9648-4822f6e71c1d","asset_attributes":["data_asset"],"name":"Next_Three_Month_Forecasts.csv","asset_type":"data_asset","created_at":"2021-08-09T17:37:46Z","description":"","origin_country":"us","owner_id":"1000331006","project_id":"f8aadb52-4b1e-489c-9f31-26c96c5175b9","size":79419,"tags":[],"usage":{"last_update_time":1628530666836,"last_updated_at":"2021-08-09T17:37:46Z"}},"entity":{"data_asset":{"mime_type":"text/csv","dataset":false}},"attachments":[{"id":"4e1ef7db-8b9e-4d85-817c-711f73882967","version":2,"asset_type":"data_asset","name":"Next_Three_Month_Forecasts.csv","mime":"text/csv","datasource_type":"81bafdbd-b7c6-45c5-a4fd-6ec135f66f4e","object_key":"data_asset/Next_Three_Month_Forecasts.csv","creator_id":"icp4d-dev","create_time":1628530666628,"size":79419,"is_remote":false,"is_managed":false,"is_referenced":true,"is_object_key_read_only":false,"is_user_provided_path_key":true,"transfer_complete":true,"is_partitioned":false,"complete_time_ticks":1628530666628,"user_data":{},"test_doc":0,"handle":{"key":"data_asset/Next_Three_Month_Forecasts.csv","upload_id":"done","max_part_num":1},"usage":{"access_count":0,"last_accessor_id":"icp4d-dev","last_access_time":1628530666628}}]}