{"metadata":{"asset_id":"a7caf309-dbfe-41de-b617-bb2f8a2ea85c","asset_attributes":["data_asset"],"name":"Historical_Product_Demand.csv","asset_type":"data_asset","created_at":"2021-08-09T17:37:46Z","description":"","origin_country":"us","owner_id":"1000331006","project_id":"f8aadb52-4b1e-489c-9f31-26c96c5175b9","size":51253380,"tags":[],"usage":{"last_update_time":1628530667086,"last_updated_at":"2021-08-09T17:37:47Z"}},"entity":{"data_asset":{"mime_type":"text/csv","dataset":false}},"attachments":[{"id":"da874ab0-bf03-4cb9-a520-2102decb1dd8","version":2,"asset_type":"data_asset","name":"Historical_Product_Demand.csv","mime":"text/csv","datasource_type":"81bafdbd-b7c6-45c5-a4fd-6ec135f66f4e","object_key":"data_asset/Historical_Product_Demand.csv","creator_id":"icp4d-dev","create_time":1628530666888,"size":51253380,"is_remote":false,"is_managed":false,"is_referenced":true,"is_object_key_read_only":false,"is_user_provided_path_key":true,"transfer_complete":true,"is_partitioned":false,"complete_time_ticks":1628530666888,"user_data":{},"test_doc":0,"handle":{"key":"data_asset/Historical_Product_Demand.csv","upload_id":"done","max_part_num":1},"usage":{"access_count":0,"last_accessor_id":"icp4d-dev","last_access_time":1628530666888}}]}