{"metadata":{"asset_id":"46f169b5-b5a4-4f50-b8f8-63e5a9c0f5d8","asset_attributes":["data_asset"],"name":"All_Routes_Table.csv","asset_type":"data_asset","created_at":"2021-08-09T17:37:46Z","description":"","origin_country":"us","owner_id":"1000331006","project_id":"f8aadb52-4b1e-489c-9f31-26c96c5175b9","size":87566176,"tags":[],"usage":{"last_update_time":1628530666941,"last_updated_at":"2021-08-09T17:37:46Z"}},"entity":{"data_asset":{"mime_type":"text/csv","dataset":false}},"attachments":[{"id":"795a0211-cce2-4571-87f8-ea0355f46dd9","version":2,"asset_type":"data_asset","name":"All_Routes_Table.csv","mime":"text/csv","datasource_type":"81bafdbd-b7c6-45c5-a4fd-6ec135f66f4e","object_key":"data_asset/All_Routes_Table.csv","creator_id":"icp4d-dev","create_time":1628530666752,"size":87566176,"is_remote":false,"is_managed":false,"is_referenced":true,"is_object_key_read_only":false,"is_user_provided_path_key":true,"transfer_complete":true,"is_partitioned":false,"complete_time_ticks":1628530666752,"user_data":{},"test_doc":0,"handle":{"key":"data_asset/All_Routes_Table.csv","upload_id":"done","max_part_num":1},"usage":{"access_count":0,"last_accessor_id":"icp4d-dev","last_access_time":1628530666752}}]}