{"metadata":{"asset_id":"5fcb98aa-3a15-48cd-a023-6f8cf7d50a24","asset_attributes":["data_asset"],"name":"Monthly_Demand_Inventory.csv","asset_type":"data_asset","created_at":"2021-08-09T17:37:46Z","description":"","origin_country":"us","owner_id":"1000331006","project_id":"f8aadb52-4b1e-489c-9f31-26c96c5175b9","size":12629383,"tags":[],"usage":{"last_update_time":1628530666964,"last_updated_at":"2021-08-09T17:37:46Z"}},"entity":{"data_asset":{"mime_type":"text/csv","dataset":false}},"attachments":[{"id":"d1c550fb-e582-4bab-bb49-b01fed18b0ba","version":2,"asset_type":"data_asset","name":"Monthly_Demand_Inventory.csv","mime":"text/csv","datasource_type":"81bafdbd-b7c6-45c5-a4fd-6ec135f66f4e","object_key":"data_asset/Monthly_Demand_Inventory.csv","creator_id":"icp4d-dev","create_time":1628530666797,"size":12629383,"is_remote":false,"is_managed":false,"is_referenced":true,"is_object_key_read_only":false,"is_user_provided_path_key":true,"transfer_complete":true,"is_partitioned":false,"complete_time_ticks":1628530666797,"user_data":{},"test_doc":0,"handle":{"key":"data_asset/Monthly_Demand_Inventory.csv","upload_id":"done","max_part_num":1},"usage":{"access_count":0,"last_accessor_id":"icp4d-dev","last_access_time":1628530666797}}]}