{"metadata":{"asset_id":"2f214706-d209-477d-b684-8aabc14c8829","asset_attributes":["data_asset"],"name":"ProductionPlanning.lp","asset_type":"data_asset","created_at":"2021-08-09T17:37:47Z","description":"","origin_country":"us","owner_id":"1000331006","project_id":"f8aadb52-4b1e-489c-9f31-26c96c5175b9","size":93025477,"tags":[],"usage":{"last_update_time":1628530668279,"last_updated_at":"2021-08-09T17:37:48Z"}},"entity":{"data_asset":{"mime_type":"application/octet-stream","dataset":false}},"attachments":[{"id":"82297c36-74d1-4447-8289-72dedbd7c2a1","version":2,"asset_type":"data_asset","name":"ProductionPlanning.lp","mime":"application/octet-stream","datasource_type":"81bafdbd-b7c6-45c5-a4fd-6ec135f66f4e","object_key":"data_asset/ProductionPlanning.lp","creator_id":"icp4d-dev","create_time":1628530668115,"size":93025477,"is_remote":false,"is_managed":false,"is_referenced":true,"is_object_key_read_only":false,"is_user_provided_path_key":true,"transfer_complete":true,"is_partitioned":false,"complete_time_ticks":1628530668115,"user_data":{},"test_doc":0,"handle":{"key":"data_asset/ProductionPlanning.lp","upload_id":"done","max_part_num":1},"usage":{"access_count":0,"last_accessor_id":"icp4d-dev","last_access_time":1628530668115}}]}