{"metadata":{"asset_id":"102ed6a7-697b-44a6-9540-7a153a2f9825","asset_attributes":["data_asset"],"name":"Model_LSTM_CPU_Weights_1.hdf5","asset_type":"data_asset","created_at":"2021-08-09T17:37:47Z","description":"","origin_country":"us","owner_id":"1000331006","project_id":"f8aadb52-4b1e-489c-9f31-26c96c5175b9","size":12679544,"tags":[],"usage":{"last_update_time":1628530668081,"last_updated_at":"2021-08-09T17:37:48Z"}},"entity":{"data_asset":{"mime_type":"application/octet-stream","dataset":false}},"attachments":[{"id":"fcf84ea9-f091-4496-a0ba-00210c3a73f4","version":2,"asset_type":"data_asset","name":"Model_LSTM_CPU_Weights_1.hdf5","mime":"application/octet-stream","datasource_type":"81bafdbd-b7c6-45c5-a4fd-6ec135f66f4e","object_key":"data_asset/Model_LSTM_CPU_Weights_1.hdf5","creator_id":"icp4d-dev","create_time":1628530667735,"size":12679544,"is_remote":false,"is_managed":false,"is_referenced":true,"is_object_key_read_only":false,"is_user_provided_path_key":true,"transfer_complete":true,"is_partitioned":false,"complete_time_ticks":1628530667735,"user_data":{},"test_doc":0,"handle":{"key":"data_asset/Model_LSTM_CPU_Weights_1.hdf5","upload_id":"done","max_part_num":1},"usage":{"access_count":0,"last_accessor_id":"icp4d-dev","last_access_time":1628530667735}}]}