{"metadata":{"asset_id":"68ebdc47-e65d-4595-a82d-5f86d9319694","asset_attributes":["data_asset"],"name":"Historical_Product_Demand_per_Product.csv","asset_type":"data_asset","created_at":"2021-08-09T17:37:47Z","description":"","origin_country":"us","owner_id":"1000331006","project_id":"f8aadb52-4b1e-489c-9f31-26c96c5175b9","size":22240550,"tags":[],"usage":{"last_update_time":1628530668140,"last_updated_at":"2021-08-09T17:37:48Z"}},"entity":{"data_asset":{"mime_type":"text/csv","dataset":false}},"attachments":[{"id":"10034441-d6d9-4aa0-bf49-38a1eb38d8ad","version":2,"asset_type":"data_asset","name":"Historical_Product_Demand_per_Product.csv","mime":"text/csv","datasource_type":"81bafdbd-b7c6-45c5-a4fd-6ec135f66f4e","object_key":"data_asset/Historical_Product_Demand_per_Product.csv","creator_id":"icp4d-dev","create_time":1628530667785,"size":22240550,"is_remote":false,"is_managed":false,"is_referenced":true,"is_object_key_read_only":false,"is_user_provided_path_key":true,"transfer_complete":true,"is_partitioned":false,"complete_time_ticks":1628530667785,"user_data":{},"test_doc":0,"handle":{"key":"data_asset/Historical_Product_Demand_per_Product.csv","upload_id":"done","max_part_num":1},"usage":{"access_count":0,"last_accessor_id":"icp4d-dev","last_access_time":1628530667785}}]}