{"metadata":{"asset_id":"c12a8809-e73f-48f7-be00-9d719f5c35c8","asset_attributes":["data_asset"],"name":"Historical_Product_Demand_Modeler_Training.csv","asset_type":"data_asset","created_at":"2021-08-09T17:37:47Z","description":"","origin_country":"us","owner_id":"1000331006","project_id":"f8aadb52-4b1e-489c-9f31-26c96c5175b9","size":22243399,"tags":[],"usage":{"last_update_time":1628530667744,"last_updated_at":"2021-08-09T17:37:47Z"}},"entity":{"data_asset":{"mime_type":"text/csv","dataset":false}},"attachments":[{"id":"edcf20b6-390e-4e2a-bece-0eff7cec4043","version":2,"asset_type":"data_asset","name":"Historical_Product_Demand_Modeler_Training.csv","mime":"text/csv","datasource_type":"81bafdbd-b7c6-45c5-a4fd-6ec135f66f4e","object_key":"data_asset/Historical_Product_Demand_Modeler_Training.csv","creator_id":"icp4d-dev","create_time":1628530667610,"size":22243399,"is_remote":false,"is_managed":false,"is_referenced":true,"is_object_key_read_only":false,"is_user_provided_path_key":true,"transfer_complete":true,"is_partitioned":false,"complete_time_ticks":1628530667610,"user_data":{},"test_doc":0,"handle":{"key":"data_asset/Historical_Product_Demand_Modeler_Training.csv","upload_id":"done","max_part_num":1},"usage":{"access_count":0,"last_accessor_id":"icp4d-dev","last_access_time":1628530667610}}]}