{"metadata":{"asset_id":"30cc2c9d-9d42-4d73-aff8-c11153084ba2","asset_attributes":["data_asset"],"name":"Historical_Product_Demand_Modeler_Forecast.csv","asset_type":"data_asset","created_at":"2021-08-09T17:37:47Z","description":"","origin_country":"us","owner_id":"1000331006","project_id":"f8aadb52-4b1e-489c-9f31-26c96c5175b9","size":9188033,"tags":[],"usage":{"last_update_time":1628530668312,"last_updated_at":"2021-08-09T17:37:48Z"}},"entity":{"data_asset":{"mime_type":"text/csv","dataset":false}},"attachments":[{"id":"8c58da5b-6d80-4fa7-b752-a7c6613a4a15","version":2,"asset_type":"data_asset","name":"Historical_Product_Demand_Modeler_Forecast.csv","mime":"text/csv","datasource_type":"81bafdbd-b7c6-45c5-a4fd-6ec135f66f4e","object_key":"data_asset/Historical_Product_Demand_Modeler_Forecast.csv","creator_id":"icp4d-dev","create_time":1628530668115,"size":9188033,"is_remote":false,"is_managed":false,"is_referenced":true,"is_object_key_read_only":false,"is_user_provided_path_key":true,"transfer_complete":true,"is_partitioned":false,"complete_time_ticks":1628530668115,"user_data":{},"test_doc":0,"handle":{"key":"data_asset/Historical_Product_Demand_Modeler_Forecast.csv","upload_id":"done","max_part_num":1},"usage":{"access_count":0,"last_accessor_id":"icp4d-dev","last_access_time":1628530668115}}]}