{"metadata":{"asset_id":"b2cbb390-d1bc-4e7f-b4e8-71cf457a3edd","asset_attributes":["data_asset"],"name":"Transposed_Forecast_Table.csv","asset_type":"data_asset","created_at":"2021-08-09T17:37:46Z","description":"","origin_country":"us","owner_id":"1000331006","project_id":"f8aadb52-4b1e-489c-9f31-26c96c5175b9","size":56589,"tags":[],"usage":{"last_update_time":1628530667020,"last_updated_at":"2021-08-09T17:37:47Z"}},"entity":{"data_asset":{"mime_type":"text/csv","dataset":false}},"attachments":[{"id":"9e1273eb-b1db-4ad6-8daf-7d20369e366d","version":2,"asset_type":"data_asset","name":"Transposed_Forecast_Table.csv","mime":"text/csv","datasource_type":"81bafdbd-b7c6-45c5-a4fd-6ec135f66f4e","object_key":"data_asset/Transposed_Forecast_Table.csv","creator_id":"icp4d-dev","create_time":1628530666829,"size":56589,"is_remote":false,"is_managed":false,"is_referenced":true,"is_object_key_read_only":false,"is_user_provided_path_key":true,"transfer_complete":true,"is_partitioned":false,"complete_time_ticks":1628530666829,"user_data":{},"test_doc":0,"handle":{"key":"data_asset/Transposed_Forecast_Table.csv","upload_id":"done","max_part_num":1},"usage":{"access_count":0,"last_accessor_id":"icp4d-dev","last_access_time":1628530666829}}]}