{"metadata":{"asset_id":"d258623c-8da6-4fe4-9c14-c525f1250e99","asset_attributes":["data_asset"],"name":"Product_Category_Legend.csv","asset_type":"data_asset","created_at":"2021-08-09T17:37:46Z","description":"","origin_country":"us","owner_id":"1000331006","project_id":"f8aadb52-4b1e-489c-9f31-26c96c5175b9","size":86509,"tags":[],"usage":{"last_update_time":1628530667176,"last_updated_at":"2021-08-09T17:37:47Z"}},"entity":{"data_asset":{"mime_type":"text/csv","dataset":false}},"attachments":[{"id":"2607005f-5709-42d3-8b5b-c627c4c531d5","version":2,"asset_type":"data_asset","name":"Product_Category_Legend.csv","mime":"text/csv","datasource_type":"81bafdbd-b7c6-45c5-a4fd-6ec135f66f4e","object_key":"data_asset/Product_Category_Legend.csv","creator_id":"icp4d-dev","create_time":1628530666936,"size":86509,"is_remote":false,"is_managed":false,"is_referenced":true,"is_object_key_read_only":false,"is_user_provided_path_key":true,"transfer_complete":true,"is_partitioned":false,"complete_time_ticks":1628530666936,"user_data":{},"test_doc":0,"handle":{"key":"data_asset/Product_Category_Legend.csv","upload_id":"done","max_part_num":1},"usage":{"access_count":0,"last_accessor_id":"icp4d-dev","last_access_time":1628530666936}}]}