{"metadata":{"asset_id":"1e839cb9-da3d-4429-9cc5-387d0f73bc0d","asset_attributes":["environment"],"name":"Python 3.7 Big Env","asset_type":"environment","created_at":"2021-08-09T17:37:48Z","description":"","origin_country":"us","owner_id":"1000331006","project_id":"f8aadb52-4b1e-489c-9f31-26c96c5175b9","sandbox_id":"f8aadb52-4b1e-489c-9f31-26c96c5175b9","size":0,"tags":[],"usage":{"last_update_time":1628530668858,"last_updated_at":"2021-08-09T17:37:48Z"}},"entity":{"environment":{"sub_type":"notebook","display_name":"Python 3.7 Big Env","hardware_specification":{"type":"referenced","guid":"fc9b93a6-f0f0-43bd-a572-6b7ebd604a1b"},"software_specification":{"type":"referenced","guid":"e4429883-c883-42b6-87a8-f419d64088cd"},"tools_specification":{"supported_kernels":[{"name":"python37","language":"python","version":"3.7","display_name":"Python 3.7"}]},"runtime_definition":"jupyter-py37"}}}