{"metadata":{"asset_id":"fc9b93a6-f0f0-43bd-a572-6b7ebd604a1b","asset_attributes":["hardware_specification"],"name":"Python 3.7 Big Env","asset_type":"hardware_specification","created_at":"2021-08-09T17:37:47Z","description":"","origin_country":"us","owner_id":"1000331006","project_id":"f8aadb52-4b1e-489c-9f31-26c96c5175b9","sandbox_id":"f8aadb52-4b1e-489c-9f31-26c96c5175b9","size":0,"tags":[],"usage":{"last_update_time":1628530667711,"last_updated_at":"2021-08-09T17:37:47Z"}},"entity":{"hardware_specification":{"nodes":{"cpu":{"units":"4","model":""},"mem":{"size":"8Gi"}}}}}