{"metadata":{"asset_id":"127c4036-581f-47c0-925d-35a112262d71","asset_attributes":["notebook"],"name":"1-Modeling","asset_type":"notebook","created_at":"2021-08-09T17:37:49Z","description":"","origin_country":"us","owner_id":"icp4d-dev","project_id":"f8aadb52-4b1e-489c-9f31-26c96c5175b9","size":77285,"tags":["notebook"],"usage":{"last_update_time":1628531127795,"last_updated_at":"2021-08-09T17:45:27Z"}},"entity":{"notebook":{"kernel":{"name":"python3","display_name":"Python 3.7","language":"python"},"originates_from":{"type":"file"},"runtime":{"environment":"1e839cb9-da3d-4429-9cc5-387d0f73bc0d"}}},"attachments":[{"id":"eccc9229-fee5-49d6-bd38-5dc1d1c58b75","version":2,"asset_type":"notebook","name":"attachment for notebook 127c4036-581f-47c0-925d-35a112262d71","description":"attachment for notebook 127c4036-581f-47c0-925d-35a112262d71","mime":"application/json","datasource_type":"81bafdbd-b7c6-45c5-a4fd-6ec135f66f4e","object_key":"notebook/Modeling_oXkMHQuqT.ipynb","creator_id":"1000331006","create_time":1628530670840,"size":77285,"is_remote":false,"is_managed":false,"is_referenced":true,"is_object_key_read_only":false,"is_user_provided_path_key":true,"transfer_complete":true,"is_partitioned":false,"complete_time_ticks":1628530670840,"user_data":{},"test_doc":0,"handle":{"key":"notebook/Modeling_oXkMHQuqT.ipynb","upload_id":"done","max_part_num":1},"usage":{"access_count":0,"last_accessor_id":"1000331006","last_access_time":1628530670840}}]}