{"metadata":{"asset_id":"745ea7e2-c445-4999-be5a-e37bd5041412","asset_attributes":["notebook"],"name":"6-RShiny_Deployment","asset_type":"notebook","created_at":"2021-08-09T17:37:49Z","description":"","origin_country":"us","owner_id":"icp4d-dev","project_id":"f8aadb52-4b1e-489c-9f31-26c96c5175b9","size":7630,"tags":["notebook"],"usage":{"last_update_time":1628530670842,"last_updated_at":"2021-08-09T17:37:50Z"}},"entity":{"notebook":{"kernel":{"name":"python3","display_name":"Python 3.7","language":"python"},"originates_from":{"type":"file"},"runtime":{"environment":"jupconda37-f8aadb52-4b1e-489c-9f31-26c96c5175b9"}}},"attachments":[{"id":"b0811576-cb8c-48c0-8441-5427a795e3c8","version":2,"asset_type":"notebook","name":"attachment for notebook 745ea7e2-c445-4999-be5a-e37bd5041412","description":"attachment for notebook 745ea7e2-c445-4999-be5a-e37bd5041412","mime":"application/json","datasource_type":"81bafdbd-b7c6-45c5-a4fd-6ec135f66f4e","object_key":"notebook/4-RShiny_deployment_ftgvhq8FQ.ipynb","creator_id":"1000331006","create_time":1628530670841,"size":7630,"is_remote":false,"is_managed":false,"is_referenced":true,"is_object_key_read_only":false,"is_user_provided_path_key":true,"transfer_complete":true,"is_partitioned":false,"complete_time_ticks":1628530670841,"user_data":{},"test_doc":0,"handle":{"key":"notebook/4-RShiny_deployment_ftgvhq8FQ.ipynb","upload_id":"done","max_part_num":1},"usage":{"access_count":0,"last_accessor_id":"1000331006","last_access_time":1628530670841}}]}