{"metadata":{"asset_id":"970aace6-2135-410a-b2a2-1b33c55c8b3d","asset_attributes":["notebook"],"name":"2-Shiny_Data_Preparation","asset_type":"notebook","created_at":"2021-08-09T17:37:49Z","description":"","origin_country":"us","owner_id":"icp4d-dev","project_id":"f8aadb52-4b1e-489c-9f31-26c96c5175b9","size":13006,"tags":["notebook"],"usage":{"last_update_time":1628530670191,"last_updated_at":"2021-08-09T17:37:50Z"}},"entity":{"notebook":{"kernel":{"name":"python3","display_name":"Python 3.7","language":"python"},"originates_from":{"type":"file"},"runtime":{"environment":"jupconda37-f8aadb52-4b1e-489c-9f31-26c96c5175b9"}}},"attachments":[{"id":"a66c0d2a-2870-43df-b0d2-e2d104af92f0","version":2,"asset_type":"notebook","name":"attachment for notebook 970aace6-2135-410a-b2a2-1b33c55c8b3d","description":"attachment for notebook 970aace6-2135-410a-b2a2-1b33c55c8b3d","mime":"application/json","datasource_type":"81bafdbd-b7c6-45c5-a4fd-6ec135f66f4e","object_key":"notebook/shiny_data_prep_QRWdP7IwN.ipynb","creator_id":"1000331006","create_time":1628530670190,"size":13006,"is_remote":false,"is_managed":false,"is_referenced":true,"is_object_key_read_only":false,"is_user_provided_path_key":true,"transfer_complete":true,"is_partitioned":false,"complete_time_ticks":1628530670190,"user_data":{},"test_doc":0,"handle":{"key":"notebook/shiny_data_prep_QRWdP7IwN.ipynb","upload_id":"done","max_part_num":1},"usage":{"access_count":0,"last_accessor_id":"1000331006","last_access_time":1628530670190}}]}