{"metadata":{"asset_id":"7c9c7225-f031-4c81-8d77-9d694db4a0d2","asset_attributes":["notebook"],"name":"3-Decision_Optimization","asset_type":"notebook","created_at":"2021-08-09T17:37:49Z","description":"","origin_country":"us","owner_id":"icp4d-dev","project_id":"f8aadb52-4b1e-489c-9f31-26c96c5175b9","size":48518,"tags":["notebook"],"usage":{"last_update_time":1628530670843,"last_updated_at":"2021-08-09T17:37:50Z"}},"entity":{"notebook":{"kernel":{"name":"python3","display_name":"Python 3.6","language":"python"},"originates_from":{"type":"file"},"runtime":{"environment":"jupconda37oce-f8aadb52-4b1e-489c-9f31-26c96c5175b9"}}},"attachments":[{"id":"6a2a54ce-f7af-46af-bb5e-2779dba65bf4","version":2,"asset_type":"notebook","name":"attachment for notebook 7c9c7225-f031-4c81-8d77-9d694db4a0d2","description":"attachment for notebook 7c9c7225-f031-4c81-8d77-9d694db4a0d2","mime":"application/json","datasource_type":"81bafdbd-b7c6-45c5-a4fd-6ec135f66f4e","object_key":"notebook/3-Decision_Optimization_JH-4kBnU4.ipynb","creator_id":"1000331006","create_time":1628530670842,"size":48518,"is_remote":false,"is_managed":false,"is_referenced":true,"is_object_key_read_only":false,"is_user_provided_path_key":true,"transfer_complete":true,"is_partitioned":false,"complete_time_ticks":1628530670842,"user_data":{},"test_doc":0,"handle":{"key":"notebook/3-Decision_Optimization_JH-4kBnU4.ipynb","upload_id":"done","max_part_num":1},"usage":{"access_count":0,"last_accessor_id":"1000331006","last_access_time":1628530670842}}]}