{"metadata":{"asset_id":"ef013a72-9f8f-4917-ad25-f72a2c5ded1d","asset_attributes":["data_asset"],"name":"MORTGAGE_CUSTOMER","asset_type":"data_asset","created_at":"2020-07-09T15:35:54Z","description":"Governed and trusted data to perform mortgage default analysis.","origin_country":"us","owner_id":"1000330999","project_id":"12652355-3478-4f02-b785-c257be8d90d5","sandbox_id":"12652355-3478-4f02-b785-c257be8d90d5","size":21980,"tags":["Discovered","Mortgage"],"usage":{"last_update_time":1594308954413,"last_updated_at":"2020-07-09T15:35:54Z"}},"entity":{"data_asset":{"mime_type":"text/csv","dataset":false}},"attachments":[{"id":"0c99f43b-1f87-440c-b3ee-698433f5e036","version":2,"asset_type":"data_asset","name":"Mortgage Customer.csv","mime":"text/csv","object_key":"data_asset/Mortgage Customer.csv","create_time":1594308954351,"size":21980,"is_remote":false,"is_managed":false,"is_referenced":true,"is_object_key_read_only":false,"is_user_provided_path_key":true,"transfer_complete":true,"is_partitioned":false,"complete_time_ticks":1594308954351,"user_data":{},"test_doc":0,"handle":{"key":"data_asset/Mortgage Customer.csv","upload_id":"done","max_part_num":1},"usage":{"access_count":0,"last_accessor_id":"icp4d-dev","last_access_time":1594308954351}}]}