{"metadata":{"asset_id":"9d485125-c914-4c7a-9119-b94666fe59dc","asset_attributes":["data_asset"],"name":"MORTGAGE_APPLICANT_shaped.csv","asset_type":"data_asset","created_at":"2020-07-09T15:39:53Z","description":"","origin_country":"us","owner_id":"1000330999","project_id":"12652355-3478-4f02-b785-c257be8d90d5","sandbox_id":"12652355-3478-4f02-b785-c257be8d90d5","size":83936,"tags":[],"usage":{"last_update_time":1594309193930,"last_updated_at":"2020-07-09T15:39:53Z"}},"entity":{"data_asset":{"mime_type":"text/csv","dataset":false}},"attachments":[{"id":"868e5f4c-32e0-4640-a196-26b44e1ee671","version":2,"asset_type":"data_asset","name":"MORTGAGE_APPLICANT_shaped.csv","mime":"text/csv","object_key":"data_asset/MORTGAGE_APPLICANT_shaped.csv","create_time":1594309193929,"size":83936,"is_remote":false,"is_managed":false,"is_referenced":true,"is_object_key_read_only":true,"is_user_provided_path_key":true,"transfer_complete":true,"is_partitioned":false,"complete_time_ticks":1594309193929,"user_data":{},"test_doc":0,"handle":{"key":"data_asset/MORTGAGE_APPLICANT_shaped.csv","upload_id":"done","max_part_num":1},"usage":{"access_count":0,"last_accessor_id":"1000330999","last_access_time":1594309193929}}]}