{"metadata":{"asset_id":"a16e18d4-8ec2-4033-b081-568c944bc9d9","asset_attributes":["data_asset"],"name":"MORTGAGE_DEFAULT","asset_type":"data_asset","created_at":"2020-07-09T15:35:54Z","description":"Governed and trusted data to perform mortgage default analysis.","origin_country":"us","owner_id":"1000330999","project_id":"12652355-3478-4f02-b785-c257be8d90d5","sandbox_id":"12652355-3478-4f02-b785-c257be8d90d5","size":4415,"tags":["Discovered","Mortgage"],"usage":{"last_update_time":1594308954404,"last_updated_at":"2020-07-09T15:35:54Z"}},"entity":{"data_asset":{"mime_type":"text/csv","dataset":false}},"attachments":[{"id":"ba79c300-67e8-4137-979e-68e3bb2ac7a7","version":2,"asset_type":"data_asset","name":"Mortgage Default.csv","mime":"text/csv","object_key":"data_asset/Mortgage Default.csv","create_time":1594308954330,"size":4415,"is_remote":false,"is_managed":false,"is_referenced":true,"is_object_key_read_only":false,"is_user_provided_path_key":true,"transfer_complete":true,"is_partitioned":false,"complete_time_ticks":1594308954330,"user_data":{},"test_doc":0,"handle":{"key":"data_asset/Mortgage Default.csv","upload_id":"done","max_part_num":1},"usage":{"access_count":0,"last_accessor_id":"icp4d-dev","last_access_time":1594308954330}}]}