{"metadata":{"asset_id":"21a1c93e-62bd-444c-b5a0-8733ed9555a5","asset_attributes":["data_asset"],"name":"Mortgage_Full_Records.csv","asset_type":"data_asset","created_at":"2020-07-09T15:35:54Z","description":"","origin_country":"us","owner_id":"1000330999","project_id":"12652355-3478-4f02-b785-c257be8d90d5","sandbox_id":"12652355-3478-4f02-b785-c257be8d90d5","size":28088,"tags":[],"usage":{"last_update_time":1594308954400,"last_updated_at":"2020-07-09T15:35:54Z"}},"entity":{"data_asset":{"mime_type":"text/csv","dataset":false}},"attachments":[{"id":"3c293ede-0c06-4e32-9e2a-0042f58703ee","version":2,"asset_type":"data_asset","name":"Mortgage_Full_Records.csv","mime":"text/csv","object_key":"data_asset/Mortgage_Full_Records.csv","create_time":1594308954319,"size":28088,"is_remote":false,"is_managed":false,"is_referenced":true,"is_object_key_read_only":false,"is_user_provided_path_key":true,"transfer_complete":true,"is_partitioned":false,"complete_time_ticks":1594308954319,"user_data":{},"test_doc":0,"handle":{"key":"data_asset/Mortgage_Full_Records.csv","upload_id":"done","max_part_num":1},"usage":{"access_count":0,"last_accessor_id":"icp4d-dev","last_access_time":1594308954319}}]}