{"metadata":{"asset_id":"38104043-47d7-40e5-9e71-af610f64e0c9","asset_attributes":["data_asset"],"name":"MORTGAGE_PROPERTY","asset_type":"data_asset","created_at":"2020-07-09T15:35:54Z","description":"Governed and trusted data to perform mortgage default analysis.","origin_country":"us","owner_id":"1000330999","project_id":"12652355-3478-4f02-b785-c257be8d90d5","sandbox_id":"12652355-3478-4f02-b785-c257be8d90d5","size":7984,"tags":["Discovered","Mortgage"],"usage":{"last_update_time":1594308954367,"last_updated_at":"2020-07-09T15:35:54Z"}},"entity":{"data_asset":{"mime_type":"text/csv","dataset":false}},"attachments":[{"id":"90053323-b9a7-4560-b0aa-11b15111188c","version":2,"asset_type":"data_asset","name":"Mortgage Property.csv","mime":"text/csv","object_key":"data_asset/Mortgage Property.csv","create_time":1594308954261,"size":7984,"is_remote":false,"is_managed":false,"is_referenced":true,"is_object_key_read_only":false,"is_user_provided_path_key":true,"transfer_complete":true,"is_partitioned":false,"complete_time_ticks":1594308954261,"user_data":{},"test_doc":0,"handle":{"key":"data_asset/Mortgage Property.csv","upload_id":"done","max_part_num":1},"usage":{"access_count":0,"last_accessor_id":"icp4d-dev","last_access_time":1594308954261}}]}