{"metadata":{"asset_id":"ef3e6d9b-e85e-4179-b1f4-fdd8f339c40e","asset_attributes":["notebook"],"name":"Using AutoAI Model","asset_type":"notebook","created_at":"2020-07-09T15:35:54Z","description":"","origin_country":"us","owner_id":"1000330999","project_id":"12652355-3478-4f02-b785-c257be8d90d5","sandbox_id":"12652355-3478-4f02-b785-c257be8d90d5","size":11589,"tags":["notebook"],"usage":{"last_update_time":1594308954948,"last_updated_at":"2020-07-09T15:35:54Z"}},"entity":{"notebook":{"kernel":{"name":"python3","display_name":"Python 3.6","language":"python"},"originates_from":{"type":"file"},"runtime":{"environment":"jupconda36-12652355-3478-4f02-b785-c257be8d90d5"}}},"attachments":[{"id":"ca178957-a945-4411-9aa7-665711aade0f","version":2,"asset_type":"notebook","name":"attachment for notebook ef3e6d9b-e85e-4179-b1f4-fdd8f339c40e","description":"attachment for notebook ef3e6d9b-e85e-4179-b1f4-fdd8f339c40e","mime":"application/json","object_key":"notebook/Using_AutoAI_Model_ihwshGo1E.ipynb","create_time":1594308954718,"size":11589,"is_remote":false,"is_managed":false,"is_referenced":true,"is_object_key_read_only":false,"is_user_provided_path_key":true,"transfer_complete":true,"is_partitioned":false,"complete_time_ticks":1594308954718,"user_data":{},"test_doc":0,"handle":{"key":"notebook/Using_AutoAI_Model_ihwshGo1E.ipynb","upload_id":"done","max_part_num":1},"usage":{"access_count":0,"last_accessor_id":"icp4d-dev","last_access_time":1594308954718}}]}