Name,Artifact Type,Category,Artifact ID,Description,Tags,Classifications,Stewards,Steward Groups,Related Terms,Business Start,Business End,Part Of Terms,Type Of Terms,Abbreviations,Data Classes,Synonyms,Secondary Categories
Person Name,glossary_term,cce03974-03a8-424b-91f8-b627d945f3df,0aebc733-fe1a-487e-a7c3-e5ae4a44fab9,"Full name of an individual including the combination of First, Middle and Last names.",Employee,,,,,2024-07-02 21:40:06,,,,,e4d0a6b6-ef34-4ec4-989d-271f04f59f5d,,848dfb37-98be-4720-820f-bb196307d325
"",,,,,Person,,,,,,,,,,,,
Credit Card Network,glossary_term,cce03974-03a8-424b-91f8-b627d945f3df,1170e71b-4583-44b2-a9fa-8652529ab4ff,"A string representing the network a credit card belongs to; Master Card, Visa, American Express, Discover etc.",PCI,,,,,2024-07-02 21:40:06,,,,,,,848dfb37-98be-4720-820f-bb196307d325
Religion,glossary_term,cce03974-03a8-424b-91f8-b627d945f3df,118399c0-04a8-4598-b75e-1181b04822cf,String representing a religion.,Person,,,,,2024-07-02 21:40:06,,,,,18787698-05dd-499b-a192-b06cbb746430,,848dfb37-98be-4720-820f-bb196307d325
Relationship,glossary_term,cce03974-03a8-424b-91f8-b627d945f3df,1631bd03-aae3-49c2-b3d1-47c6db535663,A String representing a relationship between two or more people.,Person,,,,,2024-07-02 21:40:06,,,,,3491ece9-1cb5-49ac-973b-2900342dffc6,,848dfb37-98be-4720-820f-bb196307d325
Credit Card Validation Number,glossary_term,cce03974-03a8-424b-91f8-b627d945f3df,20fb66d6-47e1-4b52-9ec3-0054e1ff65f9,"A 3 or 4 digits number representing a credit card validation number. The validation number for Visa, Master Card and Discover is a 3-digit number printed on the back of the card. It appears after and to the right of the card number. The American Express validation number is a 4-digit number printed on the front of the card. It appears after and to the right of the card number.",PCI,,,,,2024-07-02 21:40:06,,,,,adc198b6-5b10-4c5a-b3a9-18e2263144ec,,848dfb37-98be-4720-820f-bb196307d325
Driver's License,glossary_term,cce03974-03a8-424b-91f8-b627d945f3df,23ed476d-fba2-4dad-ab0c-1cde01a48243,A string representing a driver’s license.,Person,,,,,2024-07-02 21:40:06,,,,,13d6a672-cf9e-4fb9-80c5-284c2bb41d82,,848dfb37-98be-4720-820f-bb196307d325
Last Name,glossary_term,cce03974-03a8-424b-91f8-b627d945f3df,29975ac2-1040-4298-825c-2213ef42cbd2,Last Name of an individual.,Employee,,,,,2024-07-02 21:40:06,,,,,c1003bb6-9824-4627-a32c-ea7bdd1ef81d,,848dfb37-98be-4720-820f-bb196307d325
"",,,,,Person,,,,,,,,,,,,
Birth Date,glossary_term,cce03974-03a8-424b-91f8-b627d945f3df,2ea70a85-e35b-4606-b9ee-8d4e2c1dabc5,"Data values which are dates, and likely to represent a date of birth.",Employee,,,,,2024-07-02 21:40:06,,,,,184de725-cb30-4e82-8578-9743c138b93c,,848dfb37-98be-4720-820f-bb196307d325
"",,,,,Person,,,,,,,,,,,,
Employment Status,glossary_term,cce03974-03a8-424b-91f8-b627d945f3df,301fe538-df92-450f-8bf2-9ca0e70c56e1,A string representing the current status of employment for a past or present employee.,Person,,,,,2024-07-02 21:40:06,,,,,b9eb4637-dc51-40c8-bd65-a1ec0d729a5c,,
Gender Code,glossary_term,cce03974-03a8-424b-91f8-b627d945f3df,31b8a940-1844-410e-8246-6c783e41264b,"An alpha code setting for gender. Either M or F, or Male or Female.",Person,,,,,2024-07-02 21:40:06,,,,,6bb66d46-7409-4c8c-bcda-1f7d1ac43971,,848dfb37-98be-4720-820f-bb196307d325
Middle Name,glossary_term,cce03974-03a8-424b-91f8-b627d945f3df,3fc179cc-76e9-4bcb-aef9-7daf094481a8,Middle Name of an individual.,Person,,,,,2024-07-02 21:40:06,,,,,425ae09a-13c3-4181-b0d9-503694c28e41,,848dfb37-98be-4720-820f-bb196307d325
Residence,glossary_term,cce03974-03a8-424b-91f8-b627d945f3df,52ccc9fa-4c5b-4275-877e-54910c66ef6d,"The residential living status of a person. For example, valid values would be; Owner Occupied, Public Housing, Private Housing, Renting, Sheltered, Living with parents/guardian etc.",Employee,,,,,2024-07-02 21:40:06,,,,,,,
"",,,,,Person,,,,,,,,,,,,
Email,glossary_term,cce03974-03a8-424b-91f8-b627d945f3df,5af6cadb-b97b-4c0c-a1e9-abff99b6f981,An email address identifies an email box to which email messages are delivered.,Employee,,,,,2024-07-02 21:40:06,,,,,97a4544c-16c1-4475-ac14-ac5831846d79,,848dfb37-98be-4720-820f-bb196307d325
"",,,,,Person,,,,,,,,,,,,
Income,glossary_term,cce03974-03a8-424b-91f8-b627d945f3df,6ab9d27b-60c1-44ae-a577-3854e771acd8,"The total amount of money that a person receives, on a regular basis for work or through investments.",Person,,,,,2024-07-02 21:40:06,,,,,,,848dfb37-98be-4720-820f-bb196307d325
UK National Insurance Number,glossary_term,cce03974-03a8-424b-91f8-b627d945f3df,6e46d08f-d0a1-41be-9d97-21c67d2e6169,It is a number used in the United Kingdom (UK) in the administration of the National Insurance or Social Security System.,Person,,,,,2024-07-02 21:40:06,,,,,0f2e6409-db80-4ec9-9d81-899e4c733c90,,848dfb37-98be-4720-820f-bb196307d325
First Name MB,glossary_term,cce03974-03a8-424b-91f8-b627d945f3df,70a162bf-e582-45eb-bcff-9d9da4be7ba8,The multi byte encoded value of an individual's first name.,Employee,,,,,2024-07-02 21:40:06,,,,,d67c7549-ccf5-4d2f-9a06-633e841bdab2,,848dfb37-98be-4720-820f-bb196307d325
"",,,,,Person,,,,,,,,,,,,
Passport Number,glossary_term,cce03974-03a8-424b-91f8-b627d945f3df,74cd00d3-29d5-488b-aecd-2d8e1255bb49,"Passport number is the unique ID assigned to a travel document, usually issued by the government of a nation, that certifies the identity and nationality of its holder for the purpose of international travel.",Person,,,,,2024-07-02 21:40:06,,,,,4b152a20-b819-434d-95a0-e110b2fdbe0e,,848dfb37-98be-4720-820f-bb196307d325
First Name,glossary_term,cce03974-03a8-424b-91f8-b627d945f3df,7c84d2f6-0f55-470b-9d15-f4caa7184889,First Name of an individual.,Employee,,,,,2024-07-02 21:40:06,,,,,d67c7549-ccf5-4d2f-9a06-633e841bdab2,,848dfb37-98be-4720-820f-bb196307d325
"",,,,,Person,,,,,,,,,,,,
US Social Security Number Last 4,glossary_term,cce03974-03a8-424b-91f8-b627d945f3df,7edc04f9-da51-44c0-8ac3-62f22cf2c9ea,The last four digits of a United States Social Security Number (SSN).,Person,,,,,2024-07-02 21:40:06,,,,,7f5c43b6-3dd1-4f9e-9d75-a460dd89a286,,848dfb37-98be-4720-820f-bb196307d325
Phone Number,glossary_term,cce03974-03a8-424b-91f8-b627d945f3df,80059c1d-6ece-4349-8378-6af59464f6ec,Phone Number is a string of specific numbers that a telephone or cell phone user can dial to reach another telephone or mobile phone independent of country.,Person,,,,,2024-07-02 21:40:06,,,,,,,848dfb37-98be-4720-820f-bb196307d325
Canadian Social Insurance Number (SIN),glossary_term,cce03974-03a8-424b-91f8-b627d945f3df,96b936b0-fef7-4922-9fcb-f7ec8945585f,A social insurance number (SIN) is a number issued in Canada to administer various government programs.,Person,,,,,2024-07-02 21:40:06,,,,,7e7d2d53-3182-469d-a191-e0c2c209e687,,848dfb37-98be-4720-820f-bb196307d325
Italian Fiscal Code,glossary_term,cce03974-03a8-424b-91f8-b627d945f3df,9ac08f0b-fac4-4ed7-b63a-876cdadc6502,"The Italian fiscal code card, officially known as Italy's Codice Fiscale, is the tax code card in Italy,",Person,,,,,2024-07-02 21:40:06,,,,,826c3320-f47f-4502-9f69-523f85936b34,,848dfb37-98be-4720-820f-bb196307d325
US Social Security Number,glossary_term,cce03974-03a8-424b-91f8-b627d945f3df,9bdb3210-8bbb-4c5d-96e4-85487a3507a6,"In the United States, a Social Security number (SSN) is a unique nine-digit number issued to U.S. citizens, permanent residents, and temporary (working) residents.",Employee,,,,,2024-07-02 21:40:06,,,,SSN,d956f58f-5fa1-4138-b2cd-c74144584d96,,848dfb37-98be-4720-820f-bb196307d325
"",,,,,Person,,,,,,,,,,,,
SSN,glossary_term,cce03974-03a8-424b-91f8-b627d945f3df,9ce12a93-3cf9-473b-85ec-d3117cb7f445,"In the United States, a Social Security number (SSN) is a unique nine-digit number issued to U.S. citizens, permanent residents, and temporary (working) residents. SSN is a synonym for US Social Security Number",Employee,,,,,2024-07-02 21:40:06,,,,SSN,d956f58f-5fa1-4138-b2cd-c74144584d96,,848dfb37-98be-4720-820f-bb196307d325
"",,,,,Person,,,,,,,,,,,,
Ethnicity,glossary_term,cce03974-03a8-424b-91f8-b627d945f3df,a07c1edc-29d7-422a-9b4d-96dd0bf635af,A string representing ethnicity/ethnic group.,Person,,,,,2024-07-02 21:40:06,,,,,d7535f8d-4be4-418b-8ae9-f1eec42aa4c5,,848dfb37-98be-4720-820f-bb196307d325
Education Status,glossary_term,cce03974-03a8-424b-91f8-b627d945f3df,a5fc4bba-20bf-4690-9274-2e842c1d9d2f,A string representing the level of education an individual has achieved.,Person,,,,,2024-07-02 21:40:06,,,,,,,848dfb37-98be-4720-820f-bb196307d325
Political Party,glossary_term,cce03974-03a8-424b-91f8-b627d945f3df,ad31180f-9e14-4d40-8b50-660cde1a84c5,A string representing a Political Party.,Person,,,,,2024-07-02 21:40:06,,,,,a94f7df7-b01b-44ed-9b08-82de37ebe8b8,,848dfb37-98be-4720-820f-bb196307d325
Credit Card Expiration Date,glossary_term,cce03974-03a8-424b-91f8-b627d945f3df,ae7566ad-a74b-4cf3-8675-220feba3b505,"A date value in format month/year representing a credit card expiration date. Expiration dates usually consist of a month and year only. In such cases, the cards remain valid until the last calendar day of that month. If, for example, an expiration date reads 06/19, this means it can be used until midnight on June 30, 2019.",PCI,,,,,2024-07-02 21:40:06,,,,,7231e1c5-44f2-4253-98eb-05cadc583a1b,,848dfb37-98be-4720-820f-bb196307d325
French INSEE Number,glossary_term,cce03974-03a8-424b-91f8-b627d945f3df,bfb19a21-d1fc-44f2-8017-5f1f3b3a8ed0,"The INSEE code is a numerical indexing code used by the French National Institute for Statistics and Economic Studies (INSEE) to identify various entities, including communes, dÃ©partements.",Person,,,,,2024-07-02 21:40:06,,,,,6970b7be-6557-43b3-907a-a63c319f8cbb,,848dfb37-98be-4720-820f-bb196307d325
Phone Extension,glossary_term,cce03974-03a8-424b-91f8-b627d945f3df,d43508f9-2db0-40be-a50e-064b66e821a6,"A number representing an extension that needs to be dialed in addition to the phone number to reach the intended party. A phone extension s a short internal number assigned to an employee, a project team, or a department of your main business number.",Employee,,,,,2024-07-02 21:40:06,,,,,7e35b259-e10d-4f5b-a7c9-a3dc29d93784,,
National Identifer,glossary_term,cce03974-03a8-424b-91f8-b627d945f3df,d4d8232e-588a-428d-a64b-5ae09dc6d3bd,"A national identification number, national identity number, or national insurance number is used by the governments of many countries as a means of tracking their citizens, permanent residents, and temporary residents for the purposes of work, taxation, government benefits, health care, and other governmentally-related functions. For example; US Social Security Number, Canadian Social Insurance Number (SIN), French INSEE Number, UK National Insurance Number, Spanish Fiscal Identification Number etc.",Employee,,,,,2024-07-02 21:40:06,,,,,,,848dfb37-98be-4720-820f-bb196307d325
"",,,,,Person,,,,,,,,,,,,
Credit Card Number,glossary_term,cce03974-03a8-424b-91f8-b627d945f3df,d95e34a6-3383-45bd-8bd2-5c7899323b72,"The number assigned to a credit card, which is used to uniquely identify the individual card holder and the card issuer. A credit card is a payment card issued to cardholders by a card issuer to enable the cardholder to pay for goods and services.",PCI,,,,,2024-07-02 21:40:06,,,,CCN,e05f9ae4-e7c8-4f3a-8fe7-3f16038aaa08,,848dfb37-98be-4720-820f-bb196307d325
Citizenship,glossary_term,cce03974-03a8-424b-91f8-b627d945f3df,d9ad9cbf-a5ad-4b11-84de-c35720dd6d8b,"Citizenship is a relationship between an individual and a state to which the individual owes allegiance and in turn is entitled to its protection. Recognition by a state as a citizen generally carries with it recognition of civil, political, and social rights which are not afforded to non-citizens.",Person,,,,,2024-07-02 21:40:06,,,,,,,
Spanish Fiscal Identification Number,glossary_term,cce03974-03a8-424b-91f8-b627d945f3df,dda1db44-c506-4cf9-832a-912a8cbac793,The NIF is the Spanish tax identification number.,Person,,,,,2024-07-02 21:40:06,,,,,5774077b-52b9-4031-8a98-9bcc4d8ede7b,,848dfb37-98be-4720-820f-bb196307d325
Last Name MB,glossary_term,cce03974-03a8-424b-91f8-b627d945f3df,dfef263a-458b-479f-8c65-9414969a63b0,The multi byte encoded value of an individual's last name.,Employee,,,,,2024-07-02 21:40:06,,,,,c1003bb6-9824-4627-a32c-ea7bdd1ef81d,,848dfb37-98be-4720-820f-bb196307d325
"",,,,,Person,,,,,,,,,,,,
Name Suffix,glossary_term,cce03974-03a8-424b-91f8-b627d945f3df,e12a5500-0b88-4b58-8d43-66fda503608a,A string representing a Name Suffix,Person,,,,,2024-07-02 21:40:06,,,,,7c5496d0-6692-4def-b16a-7c10028fc452,,
Legal Marital / Civil Status,glossary_term,cce03974-03a8-424b-91f8-b627d945f3df,e78b329a-0611-4893-b438-d35df58e3607,A string representing marital/civil status.,Person,,,,,2024-07-02 21:40:06,,,,,a5fb4160-4186-4c41-acd4-99414a320f28,,848dfb37-98be-4720-820f-bb196307d325
Individual Taxpayer Identification Number (ITIN),glossary_term,cce03974-03a8-424b-91f8-b627d945f3df,f3d271c6-6751-4911-b2b7-ff4792550fb6,"Nine digit tax processing number issued by the Internal Revenue Service (IRS) to individuals who are required to have a U.S. taxpayer identification number but who do not have, and are not eligible to obtain a SSN.",Person,,,,,2024-07-02 21:40:06,,,,,dc5b3923-a540-4b84-81c2-9c5ef3c19bf2,,848dfb37-98be-4720-820f-bb196307d325
Expense Type Code,glossary_term,890379d6-2540-4b9f-9847-96f84f409b4e,02287ce7-330b-4258-8e46-352f0b4b5475,A unique code that identifies an expense type.,Employee,,,,,2024-07-02 21:40:06,,,,,7081e1a3-cb61-460e-964b-149b1e9ec21b,,
Double Overtime,glossary_term,890379d6-2540-4b9f-9847-96f84f409b4e,02429fcf-cbe3-4464-9731-1d80a310de36,The amount of double overtime pay an employee has received.,Employee,,,,,2024-07-02 21:40:06,,,,,d327e54c-01d3-4e6c-be5e-8434f22acd12,,
Skill Rating,glossary_term,890379d6-2540-4b9f-9847-96f84f409b4e,15649f44-78b4-4cc8-845c-ab3c9abab0be,A ranking from 1-5 that signifies the qualification level of the skill that an employee has obtained for a skill that is required to perform a job function for a work shift in a department of the company.,Warehouse,,,,,2024-07-02 21:40:06,,,,,d327e54c-01d3-4e6c-be5e-8434f22acd12,,
"",,,,,Employee,,,,,,,,,,,,
Shift Max Hours,glossary_term,890379d6-2540-4b9f-9847-96f84f409b4e,1aa31f0d-4e49-4fe6-b935-20f3bb4197c6,The maximum number of hours that encompasses a work shift.,Warehouse,,,,,2024-07-02 21:40:06,,,,,d327e54c-01d3-4e6c-be5e-8434f22acd12,,
"",,,,,Employee,,,,,,,,,,,,
Work Phone,glossary_term,890379d6-2540-4b9f-9847-96f84f409b4e,1c3f82ef-ba3d-4483-8fc4-44b7a4b44d57,The business phone number an employee can be reached at work.,Employee,,,,,2024-07-02 21:40:06,,,,,,,
Salary,glossary_term,890379d6-2540-4b9f-9847-96f84f409b4e,1ebe3d28-2926-4b7b-aaf5-81f8cec37bed,The salary of an employee.,Employee,,,,,2024-07-02 21:40:06,,,,,28826933-aaea-4453-83c5-a94cf499bbe7,,
Shift End Hour,glossary_term,890379d6-2540-4b9f-9847-96f84f409b4e,2524dbbd-c5b9-489c-91b2-2e464de2bb92,The hour of the day a work shift ends using a 24 hour format with a value = 1-24.,Warehouse,,,,,2024-07-02 21:40:06,,,,,d327e54c-01d3-4e6c-be5e-8434f22acd12,,
"",,,,,Employee,,,,,,,,,,,,
Record Start Date,glossary_term,890379d6-2540-4b9f-9847-96f84f409b4e,2c80a82f-a906-43da-b1b9-714cd8b22c7a,The start date of an employee history record.,Employee,,,,,2024-07-02 21:40:06,,,,,ba8d97d6-d8be-4e3c-8ab7-deb70a49d300,,
Ranking Date,glossary_term,890379d6-2540-4b9f-9847-96f84f409b4e,2ff14bcf-06bf-412a-aaea-5b19c6126795,The date an employee ranking occurred.,Employee,,,,,2024-07-02 21:40:06,,,,,ba8d97d6-d8be-4e3c-8ab7-deb70a49d300,,
Shift Start Hour,glossary_term,890379d6-2540-4b9f-9847-96f84f409b4e,30fb36d5-88c7-47b2-a40a-c8035929a5a1,The hour of the day a work shift begins using a 24 hour format with a value = 1-24.,Warehouse,,,,,2024-07-02 21:40:06,,,,,d327e54c-01d3-4e6c-be5e-8434f22acd12,,
"",,,,,Employee,,,,,,,,,,,,
Skill Required,glossary_term,890379d6-2540-4b9f-9847-96f84f409b4e,34d03071-1c03-44dc-9284-d3d150a6ae8a,"The skill that is required to perform a job function for a work shift in a department of the company. For example, every warehouse job function for a work shift requires a specific skillset, such as Forklift, Order Fulfillment or Customer Service skills.",Warehouse,,,,,2024-07-02 21:40:06,,,,,7e35b259-e10d-4f5b-a7c9-a3dc29d93784,,
"",,,,,Employee,,,,,,,,,,,,
Skill Set,glossary_term,890379d6-2540-4b9f-9847-96f84f409b4e,37183a62-30a0-4e74-b2c1-1a3761e26c34,"The skills that an employee possesses to perform job functions for a work shift in a department of the company. An employee may have more than one skill. For example, a warehouse staff member may have the skills to perform multiple job functions such as operating a Forklift and the training to do Customer Service.",Warehouse,,,,,2024-07-02 21:40:06,,,,,7e35b259-e10d-4f5b-a7c9-a3dc29d93784,,
"",,,,,Employee,,,,,,,,,,,,
Sick Days Taken,glossary_term,890379d6-2540-4b9f-9847-96f84f409b4e,3aa11c49-135a-4be3-b12c-cddc88851bb5,The number of sick days taken by an employee.,Employee,,,,,2024-07-02 21:40:06,,,,,d327e54c-01d3-4e6c-be5e-8434f22acd12,,
Manager Multibyte,glossary_term,890379d6-2540-4b9f-9847-96f84f409b4e,3cf720da-6625-4dbb-a303-1eff20b8d547,The multibyte representation of a manager’s name.,Employee,,,,,2024-07-02 21:40:06,,,,,7081e1a3-cb61-460e-964b-149b1e9ec21b,,
Course Code,glossary_term,890379d6-2540-4b9f-9847-96f84f409b4e,445084c0-3227-4ada-a40a-49818481b2f7,Code designating a training course.,Employee,,,,,2024-07-02 21:40:06,,,,,7081e1a3-cb61-460e-964b-149b1e9ec21b,,
Number of Increases,glossary_term,890379d6-2540-4b9f-9847-96f84f409b4e,44cb7c2e-429f-44e2-aca7-d6875b8d16ef,The number of increases (raises) an employee has received.,Employee,,,,,2024-07-02 21:40:06,,,,,d327e54c-01d3-4e6c-be5e-8434f22acd12,,
Fax,glossary_term,890379d6-2540-4b9f-9847-96f84f409b4e,45ae14df-7ba2-4de8-9aea-874a7204cf99,The fax telephone number associated with a printer or other output device used for the transmission of scanned-in printed material.,Employee,,,,,2024-07-02 21:40:06,,,,,,,
Record End Date,glossary_term,890379d6-2540-4b9f-9847-96f84f409b4e,462286aa-c2e6-4b37-a4e1-e4a47b42b711,End end date of an employee history record.,Employee,,,,,2024-07-02 21:40:06,,,,,ba8d97d6-d8be-4e3c-8ab7-deb70a49d300,,
Vacation Days Taken,glossary_term,890379d6-2540-4b9f-9847-96f84f409b4e,47c55a3b-e74f-4d39-abf6-51df6f0fa18b,The number of vacation days an employee has taken for the year.,Employee,,,,,2024-07-02 21:40:06,,,,,d327e54c-01d3-4e6c-be5e-8434f22acd12,,
Paid Hourly,glossary_term,890379d6-2540-4b9f-9847-96f84f409b4e,497a15ad-a1a1-4070-96b1-b5ad81e0f855,A code designating whether an employee is paid hourly.,Employee,,,,,2024-07-02 21:40:06,,,,,7081e1a3-cb61-460e-964b-149b1e9ec21b,,
Days With Company,glossary_term,890379d6-2540-4b9f-9847-96f84f409b4e,4ffe640e-2d72-44ec-b515-310bfcb4e62c,The number of days an employee has been with the company.,Employee,,,,,2024-07-02 21:40:06,,,,,d327e54c-01d3-4e6c-be5e-8434f22acd12,,
Shift Min Hours,glossary_term,890379d6-2540-4b9f-9847-96f84f409b4e,51b2ed09-2df3-40d7-9abf-52ec98bdfcfd,The minimum number of hours that encompasses a work shift.,Warehouse,,,,,2024-07-02 21:40:06,,,,,d327e54c-01d3-4e6c-be5e-8434f22acd12,,
"",,,,,Employee,,,,,,,,,,,,
Pay Increase,glossary_term,890379d6-2540-4b9f-9847-96f84f409b4e,5245e13a-7455-4a7e-9a2e-d0af08479186,The amount of an employee pay increase.,Employee,,,,,2024-07-02 21:40:06,,,,,d327e54c-01d3-4e6c-be5e-8434f22acd12,,
Ranking Code,glossary_term,890379d6-2540-4b9f-9847-96f84f409b4e,52a0ba6a-bf16-4dc8-8ca2-02e1fa410126,A unique code identifying an employee ranking; 1-5 etc.,Employee,,,,,2024-07-02 21:40:06,,,,,7081e1a3-cb61-460e-964b-149b1e9ec21b,,
Ranking Year,glossary_term,890379d6-2540-4b9f-9847-96f84f409b4e,531a3594-89ad-4b90-be58-af246ab18515,The year that the ranking of an employee occurred.,Employee,,,,,2024-07-02 21:40:06,,,,,7e35b259-e10d-4f5b-a7c9-a3dc29d93784,,
Training Date,glossary_term,890379d6-2540-4b9f-9847-96f84f409b4e,546e0dc1-0015-4d5c-b1e3-c8b110d54513,The date an employee completed a training exercise or course.,Employee,,,,,2024-07-02 21:40:06,,,,,ba8d97d6-d8be-4e3c-8ab7-deb70a49d300,,
Pay Rate,glossary_term,890379d6-2540-4b9f-9847-96f84f409b4e,54f00095-4685-4c7e-9f97-ddbed5cbc8ec,A numeric value representing the pay rate of an employee paid hourly like a warehouse staff member.,Warehouse,,,,,2024-07-02 21:40:06,,,,,d327e54c-01d3-4e6c-be5e-8434f22acd12,,
"",,,,,Employee,,,,,,,,,,,,
Number of Classes,glossary_term,890379d6-2540-4b9f-9847-96f84f409b4e,5548834f-f2a8-468c-8197-8464b52f4ab8,The number of training classes an employee has taken.,Employee,,,,,2024-07-02 21:40:06,,,,,d327e54c-01d3-4e6c-be5e-8434f22acd12,,
Day Code,glossary_term,890379d6-2540-4b9f-9847-96f84f409b4e,564e6e69-9b5a-458b-a050-f4d432c19fb8,"A code ranging from 1-7 that represents a day that occurs within a week; 1- Monday, 2 - Tuesday, 3- Wednesday, 4- Thursday, 5 - Friday, 6 - Saturday and 7 - Sunday.",Warehouse,,,,,2024-07-02 21:40:06,,,,,7081e1a3-cb61-460e-964b-149b1e9ec21b,,
"",,,,,Employee,,,,,,,,,,,,
Commute Time,glossary_term,890379d6-2540-4b9f-9847-96f84f409b4e,5be61e3b-37be-4c68-a6ca-be7f525ed067,The amount of time it takes an employee to commute to work.,Employee,,,,,2024-07-02 21:40:06,,,,,d327e54c-01d3-4e6c-be5e-8434f22acd12,,
Employee Code,glossary_term,890379d6-2540-4b9f-9847-96f84f409b4e,5cdab760-49de-439e-a321-f2447fccd3c2,A unique code that identifies an employee of the company.,Warehouse,,,,,2024-07-02 21:40:06,,,,,7081e1a3-cb61-460e-964b-149b1e9ec21b,,
"",,,,,Employee,,,,,,,,,,,,
Termination Date,glossary_term,890379d6-2540-4b9f-9847-96f84f409b4e,620a0281-0f7e-49e4-9c21-e87da944a9af,The date an employee was terminated from the company.,Employee,,,,,2024-07-02 21:40:06,,,,,ba8d97d6-d8be-4e3c-8ab7-deb70a49d300,,
Attrition Candidate,glossary_term,890379d6-2540-4b9f-9847-96f84f409b4e,6e8084e5-9f35-4d45-b7c7-d0a5a3997c13,A boolean indicator designating whether an employee is at risk of leaving.,Employee,,,,,2024-07-02 21:40:06,,,,,7081e1a3-cb61-460e-964b-149b1e9ec21b,,
Expense Start Date,glossary_term,890379d6-2540-4b9f-9847-96f84f409b4e,71d18732-d6b8-4e94-b074-c4f16c04bea4,The starting date of an expense.,Employee,,,,,2024-07-02 21:40:06,,,,,ba8d97d6-d8be-4e3c-8ab7-deb70a49d300,,
Position Start Date,glossary_term,890379d6-2540-4b9f-9847-96f84f409b4e,730e1f6c-3d41-4767-a4ac-eb31075df726,The start date of a position.,Employee,,,,,2024-07-02 21:40:06,,,,,ba8d97d6-d8be-4e3c-8ab7-deb70a49d300,,
Department,glossary_term,890379d6-2540-4b9f-9847-96f84f409b4e,7421c2b7-41aa-4bc4-8c19-48281b3a9bd4,The name of a department within the company.,Employee,,,,,2024-07-02 21:40:06,,,,,,,
Employee History Parent,glossary_term,890379d6-2540-4b9f-9847-96f84f409b4e,752d1fa5-6c3c-4939-b867-e9524727b1a5,A unique code that identifies the parent of a history record transaction.,Employee,,,,,2024-07-02 21:40:06,,,,,7081e1a3-cb61-460e-964b-149b1e9ec21b,,
Shift End Date,glossary_term,890379d6-2540-4b9f-9847-96f84f409b4e,764dbbe8-c0b0-4f46-8f89-5940dadd5f0d,"The month, day, year and hour that a work shift ends.",Warehouse,,,,,2024-07-02 21:40:06,,,,,ba8d97d6-d8be-4e3c-8ab7-deb70a49d300,,
"",,,,,Employee,,,,,,,,,,,,
Day,glossary_term,890379d6-2540-4b9f-9847-96f84f409b4e,796d6e57-59b8-4efa-8a58-5dbfb242b50d,"A string representing the day of the week. For instance, the day of the week a work shift occurs. For example, Monday, Tuesday etc.",Warehouse,,,,,2024-07-02 21:40:06,,,,,7e35b259-e10d-4f5b-a7c9-a3dc29d93784,,
"",,,,,Employee,,,,,,,,,,,,
Termination Code,glossary_term,890379d6-2540-4b9f-9847-96f84f409b4e,79e8ee5d-9443-4456-b9ea-023065eb0120,A unique code that designates the employment status of an employee whether they are active or have been terminated.,Employee,,,,,2024-07-02 21:40:06,,,,,7081e1a3-cb61-460e-964b-149b1e9ec21b,,
Travel,glossary_term,890379d6-2540-4b9f-9847-96f84f409b4e,81bb56f7-774b-4da4-94a4-2c82464dfd5a,The amount of travel that an employee has taken.,Employee,,,,,2024-07-02 21:40:06,,,,,7081e1a3-cb61-460e-964b-149b1e9ec21b,,
Max Salary,glossary_term,890379d6-2540-4b9f-9847-96f84f409b4e,8537c02e-fc27-44df-800a-414172b22d3e,The maximum salary an employee has received.,Employee,,,,,2024-07-02 21:40:06,,,,,28826933-aaea-4453-83c5-a94cf499bbe7,,
Expense Date,glossary_term,890379d6-2540-4b9f-9847-96f84f409b4e,85d59a86-586f-4dda-8179-d1c0cedf867b,The date the expense occurred.,Employee,,,,,2024-07-02 21:40:06,,,,,ba8d97d6-d8be-4e3c-8ab7-deb70a49d300,,
Expense Unit Quantity,glossary_term,890379d6-2540-4b9f-9847-96f84f409b4e,893652ed-84dd-48f0-8f18-09cf2aaaded5,The quantity of the expense unit reported.,Employee,,,,,2024-07-02 21:40:06,,,,,d327e54c-01d3-4e6c-be5e-8434f22acd12,,
Bonus,glossary_term,890379d6-2540-4b9f-9847-96f84f409b4e,8ec7daab-02ca-4abb-a37e-56152980192d,The amount of bonus money an employee has received.,Employee,,,,,2024-07-02 21:40:06,,,,,d327e54c-01d3-4e6c-be5e-8434f22acd12,,
Days In Position,glossary_term,890379d6-2540-4b9f-9847-96f84f409b4e,977b0609-3a40-4551-8a4e-1a614269d1a6,The number of days an employee has been in a position in the company.,Employee,,,,,2024-07-02 21:40:06,,,,,d327e54c-01d3-4e6c-be5e-8434f22acd12,,
Department Parent,glossary_term,890379d6-2540-4b9f-9847-96f84f409b4e,9c7a493f-178a-4ba7-955f-8f2720646cc1,A code designating the parent position code of a department.,Employee,,,,,2024-07-02 21:40:06,,,,,7081e1a3-cb61-460e-964b-149b1e9ec21b,,
Position,glossary_term,890379d6-2540-4b9f-9847-96f84f409b4e,9d2b849c-811a-4fbe-940d-1f06b6f381ef,The name of a position within the company.,Employee,,,,,2024-07-02 21:40:06,,,,,7e35b259-e10d-4f5b-a7c9-a3dc29d93784,,
Promotions,glossary_term,890379d6-2540-4b9f-9847-96f84f409b4e,a9ce9685-6376-403c-881d-350463108146,The number of promotions an employee has received.,Employee,,,,,2024-07-02 21:40:06,,,,,d327e54c-01d3-4e6c-be5e-8434f22acd12,,
Manager Code,glossary_term,890379d6-2540-4b9f-9847-96f84f409b4e,ae5ad986-f734-465a-9096-3c5ddeb68d90,A unique code that identifies a manager.,Employee,,,,,2024-07-02 21:40:06,,,,,7081e1a3-cb61-460e-964b-149b1e9ec21b,,
Manager,glossary_term,890379d6-2540-4b9f-9847-96f84f409b4e,ae72eca5-ca0e-4b7b-b98d-48dfc5acbf6f,The name of the employees manager.,Employee,,,,,2024-07-02 21:40:06,,,,,7e35b259-e10d-4f5b-a7c9-a3dc29d93784,,
Ending Salary,glossary_term,890379d6-2540-4b9f-9847-96f84f409b4e,aeacf21c-2f71-4a02-9b53-6141aabe680f,The ending salary of an employee upon termination or leaving the company.,Employee,,,,,2024-07-02 21:40:06,,,,,28826933-aaea-4453-83c5-a94cf499bbe7,,
Position Code,glossary_term,890379d6-2540-4b9f-9847-96f84f409b4e,b3cb25d6-a9f6-4b20-b6e6-d173fd8d274e,A unique code that identifies a type of position.,Employee,,,,,2024-07-02 21:40:06,,,,,7081e1a3-cb61-460e-964b-149b1e9ec21b,,
Shift Duration,glossary_term,890379d6-2540-4b9f-9847-96f84f409b4e,b750624e-2b81-44b8-87e5-efb79c6a6d67,The number of hours that encompass a work shift.,Warehouse,,,,,2024-07-02 21:40:06,,,,,d327e54c-01d3-4e6c-be5e-8434f22acd12,,
"",,,,,Employee,,,,,,,,,,,,
Number of Bonuses,glossary_term,890379d6-2540-4b9f-9847-96f84f409b4e,be9bb39c-2b6d-4739-9733-207abe9f0e66,The number of bonuses an employee has received.,Employee,,,,,2024-07-02 21:40:06,,,,,d327e54c-01d3-4e6c-be5e-8434f22acd12,,
Department Code,glossary_term,890379d6-2540-4b9f-9847-96f84f409b4e,c262d2f9-60e4-422e-8cd1-bbbd1ab0eef6,A code designating a department within the company.,Employee,,,,,2024-07-02 21:40:06,,,,,7081e1a3-cb61-460e-964b-149b1e9ec21b,,
Expense Type,glossary_term,890379d6-2540-4b9f-9847-96f84f409b4e,c3206301-ae56-4f57-9eaf-b2687aaa12dc,The name of the expense type.,Employee,,,,,2024-07-02 21:40:06,,,,,7e35b259-e10d-4f5b-a7c9-a3dc29d93784,,
Days Since Last Raise,glossary_term,890379d6-2540-4b9f-9847-96f84f409b4e,c38fca38-b862-46b3-8d12-572def873f79,The number of days since an employee’s last raise.,Employee,,,,,2024-07-02 21:40:06,,,,,d327e54c-01d3-4e6c-be5e-8434f22acd12,,
Expense End Date,glossary_term,890379d6-2540-4b9f-9847-96f84f409b4e,c3e4e0d9-4ecb-424d-b2e9-fb4317ab320a,The end date of an expense.,Employee,,,,,2024-07-02 21:40:06,,,,,ba8d97d6-d8be-4e3c-8ab7-deb70a49d300,,
Shift Id,glossary_term,890379d6-2540-4b9f-9847-96f84f409b4e,c5735c76-abc7-423c-8e07-a6dd954be20f,"A number that uniquely identifies a work shift in a department of the company. A shift is defined with a start and end date, minimum and maximum number of hours, day of the week it occurs and the skills required by a employee, like a warehouse worker, that are needed to fulfill the shift requirements.",Warehouse,,,,,2024-07-02 21:40:06,,,,,d327e54c-01d3-4e6c-be5e-8434f22acd12,,
"",,,,,Employee,,,,,,,,,,,,
Organization Parent Code,glossary_term,890379d6-2540-4b9f-9847-96f84f409b4e,c573d61c-90ec-45de-8456-163f171e9b70,A code that uniquely identifies the parent organization or an organization.,Employee,,,,,2024-07-02 21:40:06,,,,,7081e1a3-cb61-460e-964b-149b1e9ec21b,,
Employee History Code,glossary_term,890379d6-2540-4b9f-9847-96f84f409b4e,c6af8974-b887-4bf0-ae6b-d5897bf4145a,A unique code that identifies and an employee history record transaction.,Employee,,,,,2024-07-02 21:40:06,,,,,7081e1a3-cb61-460e-964b-149b1e9ec21b,,
Overtime,glossary_term,890379d6-2540-4b9f-9847-96f84f409b4e,c8a22940-28e5-4639-8e18-b57618c0672f,The amount of overtime an employee has received.,Employee,,,,,2024-07-02 21:40:06,,,,,d327e54c-01d3-4e6c-be5e-8434f22acd12,,
Shift Start Date,glossary_term,890379d6-2540-4b9f-9847-96f84f409b4e,cbbabd90-8f02-4aab-aa49-97a1476d6085,"The month, day, year and hour that a work shift begins.",Warehouse,,,,,2024-07-02 21:40:06,,,,,ba8d97d6-d8be-4e3c-8ab7-deb70a49d300,,
"",,,,,Employee,,,,,,,,,,,,
Expense Total,glossary_term,890379d6-2540-4b9f-9847-96f84f409b4e,cd5f5ca9-fcc8-4959-9fbd-20b0e3c09834,The total amount of the expenses reported.,Employee,,,,,2024-07-02 21:40:06,,,,,d327e54c-01d3-4e6c-be5e-8434f22acd12,,
Extension,glossary_term,890379d6-2540-4b9f-9847-96f84f409b4e,cef048f0-9760-43aa-99e8-bd31dac17c21,"A short internal number assigned to an employee, a project team, or a department that is an extension of the main business phone number.",Employee,,,,,2024-07-02 21:40:06,,,,,7e35b259-e10d-4f5b-a7c9-a3dc29d93784,,
Summary Date,glossary_term,890379d6-2540-4b9f-9847-96f84f409b4e,d463af37-9c14-4e27-b263-d36d3f24ea08,A timestamp identifying when an employee summary record occurred.,Employee,,,,,2024-07-02 21:40:06,,,,,ba8d97d6-d8be-4e3c-8ab7-deb70a49d300,,
Days Off,glossary_term,890379d6-2540-4b9f-9847-96f84f409b4e,dc1c23cf-94c8-4d3f-a7c6-b91ea706173e,"A string representing the days of the week that a shift worker has been granted time off. Each day is separated by a comma. For example, Monday, Tuesday.",Employee,,,,,2024-07-02 21:40:06,,,,,,,
Minimum Salary,glossary_term,890379d6-2540-4b9f-9847-96f84f409b4e,dc73e19b-5389-4fac-a969-a98da1ace9ec,The minimum salary an employee has received.,Employee,,,,,2024-07-02 21:40:06,,,,,28826933-aaea-4453-83c5-a94cf499bbe7,,
Branch Code,glossary_term,890379d6-2540-4b9f-9847-96f84f409b4e,df018f98-9286-46ed-8b91-9b0157cb528b,Code designating which branches of the company an employee has worked for.,Employee,,,,,2024-07-02 21:40:06,,,,,7081e1a3-cb61-460e-964b-149b1e9ec21b,,
Max Shifts,glossary_term,890379d6-2540-4b9f-9847-96f84f409b4e,df5597e6-7cb9-4cfe-8ecc-cb3417187e29,The maximum number of work shifts an employee can work for a given day. This is typically related to warehouse departments and staff.,Warehouse,,,,,2024-07-02 21:40:06,,,,,d327e54c-01d3-4e6c-be5e-8434f22acd12,,
"",,,,,Employee,,,,,,,,,,,,
Period Total Days,glossary_term,890379d6-2540-4b9f-9847-96f84f409b4e,e6aa2d4e-072a-45e9-ae7f-b289f1951393,The total number of days in the period.,Employee,,,,,2024-07-02 21:40:06,,,,,d327e54c-01d3-4e6c-be5e-8434f22acd12,,
Shift Day,glossary_term,890379d6-2540-4b9f-9847-96f84f409b4e,eb2f04e1-36f3-4e68-afd5-123380d18517,"A string representing the day of the week that a work shift occurs. For example, Monday, Tuesday etc.",Warehouse,,,,,2024-07-02 21:40:06,,,,,,,
"",,,,,Employee,,,,,,,,,,,,
Date Hired,glossary_term,890379d6-2540-4b9f-9847-96f84f409b4e,edc0ccdb-2dd2-47f5-9428-c90e62d474b4,The data an employee was hired.,Employee,,,,,2024-07-02 21:40:06,,,,,ba8d97d6-d8be-4e3c-8ab7-deb70a49d300,,
Number of Managers,glossary_term,890379d6-2540-4b9f-9847-96f84f409b4e,efd6b2d7-079e-4923-a1f7-7cbd4c4f6ed6,The number of managers an employee has had during their tenure.,Employee,,,,,2024-07-02 21:40:06,,,,,d327e54c-01d3-4e6c-be5e-8434f22acd12,,
Shift Start Week,glossary_term,890379d6-2540-4b9f-9847-96f84f409b4e,f75d3e06-e54b-4dfc-ad4e-cc52d86f62e1,"The month, day and year of a week that a starts the beginning of a work shift.",Warehouse,,,,,2024-07-02 21:40:06,,,,,ba8d97d6-d8be-4e3c-8ab7-deb70a49d300,,
"",,,,,Employee,,,,,,,,,,,,
Organization Code,glossary_term,890379d6-2540-4b9f-9847-96f84f409b4e,f7fc8095-b4da-4e5d-bcd4-24c7483b04ae,A code that uniquely identifies an organization within the company.,Employee,,,,,2024-07-02 21:40:06,,,,,7081e1a3-cb61-460e-964b-149b1e9ec21b,,
Skill Experience,glossary_term,890379d6-2540-4b9f-9847-96f84f409b4e,f9e82be4-ee4f-468c-9c36-1a3f796ca49f,The number of years of experience that an employee has obtained for a skill that is required to perform a job function for a work shift in a department of the company.,Warehouse,,,,,2024-07-02 21:40:06,,,,,d327e54c-01d3-4e6c-be5e-8434f22acd12,,
"",,,,,Employee,,,,,,,,,,,,
Age Begin Period,glossary_term,890379d6-2540-4b9f-9847-96f84f409b4e,fb3309f5-aeb3-4755-94da-0ee3de8c0baf,The age of an employee when they started their position in a department.,Employee,,,,,2024-07-02 21:40:06,,,,,d327e54c-01d3-4e6c-be5e-8434f22acd12,,
Master Card,glossary_term,848dfb37-98be-4720-820f-bb196307d325,0d4fdd66-1279-446f-b3ba-f2325099dd5a,A 17-18 character number that identifies a Master Card credit card account.,PCI,,,,,2024-07-02 21:40:06,,,d95e34a6-3383-45bd-8bd2-5c7899323b72,,5e84f1fa-c20d-42da-af3f-591cb2c3ac19,,
Discover Card,glossary_term,848dfb37-98be-4720-820f-bb196307d325,35bd0d71-33f0-4380-81ec-1315dc2006ec,A 17-18 character number that identifies a Discover Card credit card account.,PCI,,,,,2024-07-02 21:40:06,,,d95e34a6-3383-45bd-8bd2-5c7899323b72,,6b132644-fd63-4e58-b708-3c40e1c93c60,,
Routing Transit Number,glossary_term,848dfb37-98be-4720-820f-bb196307d325,39dcb995-7861-4ab1-beeb-4f8e041f55c0,"A nine digit code, used in the United States, identifying financial institutions.",Privacy,,,,,2024-07-02 21:40:06,,,,,19d8b497-79e7-4f45-af7a-0e5e81253cf3,,
American Express Card,glossary_term,848dfb37-98be-4720-820f-bb196307d325,6ff372b6-0ae6-4995-b6cb-47dffa39079f,A 16-18 character number that identifies an American Express credit card account.,PCI,,,,,2024-07-02 21:40:06,,,d95e34a6-3383-45bd-8bd2-5c7899323b72,,4618e261-f8bd-4212-891c-469710c3c1ad,,
Japan Credit Bureau (JCB),glossary_term,848dfb37-98be-4720-820f-bb196307d325,b2c6e0d1-0556-41a6-b8c7-0b589149a7a4,A 17-18 character number that identifies a Japanese Credit Bureau (JCB) credit card account.,PCI,,,,,2024-07-02 21:40:06,,,d95e34a6-3383-45bd-8bd2-5c7899323b72,,d4db53ca-199d-43d7-9b91-595480787c11,,
Diners Club Card,glossary_term,848dfb37-98be-4720-820f-bb196307d325,b60463f9-ab5d-4911-b73f-e28afca974bb,A 15-18 character number that identifies a Diners Club credit card account.,PCI,,,,,2024-07-02 21:40:06,,,d95e34a6-3383-45bd-8bd2-5c7899323b72,,f68faba8-7f12-477e-b128-21ff4eda662c,,
VISA Card,glossary_term,848dfb37-98be-4720-820f-bb196307d325,d3184f9f-0fb5-4b18-86f4-83a46abee547,A 17-18 character number that identifies a VISA credit card account.,PCI,,,,,2024-07-02 21:40:06,,,d95e34a6-3383-45bd-8bd2-5c7899323b72,,2517b7d6-975d-4e5a-a91e-d6bb6bd25788,,
US Street Name,glossary_term,eebd338d-dbd5-37e4-9e4a-1296de82963a,058a8276-3f39-42ec-a9a1-91f4ff55717c,A string representing a street name in the US.,Locations,,,,,2024-07-02 21:40:06,,,,,f4dd65e7-d999-4955-8290-10d2b4765969,,848dfb37-98be-4720-820f-bb196307d325
Longitude,glossary_term,eebd338d-dbd5-37e4-9e4a-1296de82963a,05b2c925-b144-4b7c-9bdd-e3c88078b4d3,A decimal number or a string representing the longitude in degrees.,Locations,,,,,2024-07-02 21:40:06,,,,,6c9a3eaf-b4ce-4fea-80ff-bceccdfabc96,,
US State Code,glossary_term,eebd338d-dbd5-37e4-9e4a-1296de82963a,08ae56aa-9d49-4858-b116-8a67fb9b1980,Two-letter alphabetic codes used to identify U.S. states and certain other associated areas.,Locations,,,,,2024-07-02 21:40:06,,,,,4324aa03-fa7a-4b22-8c46-8a983a69fc61,,
US Zip Code,glossary_term,eebd338d-dbd5-37e4-9e4a-1296de82963a,0d44999b-ba80-45c3-bf6b-30d6b90f81b1,US ZIP codes are a system of postal codes used by the United States Postal Service (USPS) since 1963.,Locations,,,,,2024-07-02 21:40:06,,,,,3199a217-c4c1-4e72-9357-7c0fc845cec8,,848dfb37-98be-4720-820f-bb196307d325
US Employer Identification Number,glossary_term,eebd338d-dbd5-37e4-9e4a-1296de82963a,12a29766-d06b-449f-8eb4-f541d9233702,"Nine digit number to identify US employer, typically in nn-nnnnnnn format with dash (-) being optional. IRS lists valid two digit prefixes at their site.",Locations,,,,,2024-07-02 21:40:06,,,,,eb4a869d-b9b3-4738-97b6-692981acf0cc,,848dfb37-98be-4720-820f-bb196307d325
Postal Code,glossary_term,eebd338d-dbd5-37e4-9e4a-1296de82963a,14e4cdff-5dec-482a-8477-f35a68b18ed1,"A postal code (also known locally in various English-speaking countries throughout the world as a postcode, post code, PIN or ZIP Code) is a series of letters or digits or both, sometimes including spaces or punctuation, included in a postal address for the purpose of sorting mail.",Locations,,,,,2024-07-02 21:40:06,,,,,,,
Canada Province Name,glossary_term,eebd338d-dbd5-37e4-9e4a-1296de82963a,19444a5b-5c21-4ff7-8f7f-f9572631dcd1,Specifies the name of Canada Provinces and territories.,Locations,,,,,2024-07-02 21:40:06,,,,,e040c772-4068-4eb6-aea3-2e7440aa6842,,
Location Code,glossary_term,eebd338d-dbd5-37e4-9e4a-1296de82963a,242c31ef-7e33-4af0-9809-270f16c847fd,"A code representing the geographic Locations of a customer residence such as; Rural, Suburban or Urban.",Locations,,,,,2024-07-02 21:40:06,,,,,7081e1a3-cb61-460e-964b-149b1e9ec21b,,848dfb37-98be-4720-820f-bb196307d325
Uniform Resource Locator,glossary_term,eebd338d-dbd5-37e4-9e4a-1296de82963a,26f35042-0026-4cc4-9fe8-317878d29e3e,A URL is one type of Uniform Resource Identifier (URI); the generic term for all types of names and addresses that refer to objects on the World Wide Web.,Locations,,,,,2024-07-02 21:40:06,,,,,2a12ddf4-5bf8-431e-8fb5-907b8cae80dc,,
Latitude,glossary_term,eebd338d-dbd5-37e4-9e4a-1296de82963a,334bcee3-9ced-4d8d-b6f6-e09097690f24,A decimal number or a string representing the latitude in degrees.,Locations,,,,,2024-07-02 21:40:06,,,,,31ef6a69-1dbb-4eec-b240-82839daa3bd9,,
Mac Address,glossary_term,eebd338d-dbd5-37e4-9e4a-1296de82963a,401f5f9b-da28-46eb-91c0-cc38f57e26e7,A media access control address (MAC address) of a computer is a unique identifier assigned to network interfaces for communications.,Locations,,,,,2024-07-02 21:40:06,,,,,4ffb1d2e-ae13-432e-b68d-8f2dd449776d,,848dfb37-98be-4720-820f-bb196307d325
US Phone Number,glossary_term,eebd338d-dbd5-37e4-9e4a-1296de82963a,40ee43b1-8ce7-4fbf-aaa3-aaf6f1f81304,US Phone Number is a string of specific numbers that a telephone or cell phone user can dial to reach another telephone or mobile phone in the United States (US).,Locations,,,,,2024-07-02 21:40:06,,,,,ac3a2612-6949-40cd-8de7-f1f76a13baa2,,848dfb37-98be-4720-820f-bb196307d325
City,glossary_term,eebd338d-dbd5-37e4-9e4a-1296de82963a,49e434d9-6253-4ce9-b1b3-93f688a74033,The name of a place such as a city or town.,Person,,,,,2024-07-02 21:40:06,,,,,abd660f1-89ff-4d6b-9b60-4a4c07998931,,
US County,glossary_term,eebd338d-dbd5-37e4-9e4a-1296de82963a,53a0fa3c-a1ba-4e12-bc6b-e11d24d2237a,A string representing a United States county name.,Locations,,,,,2024-07-02 21:40:06,,,,,694883f5-ae07-4784-8867-276f1ada96ae,,
Temperature,glossary_term,eebd338d-dbd5-37e4-9e4a-1296de82963a,5510bc56-8672-407b-af83-5c4e29f15dc7,A number representing a temperature.,Locations,,,,,2024-07-02 21:40:06,,,,,6c62cbed-39e7-48de-bc8b-fb16d86aac3b,,
Address,glossary_term,eebd338d-dbd5-37e4-9e4a-1296de82963a,71d68b02-0cbe-4c11-a4bd-e2e41033c415,Street address of a single or multi-line address.,Locations,,,,,2024-07-02 21:40:06,,,,,,,848dfb37-98be-4720-820f-bb196307d325
State / Province Name,glossary_term,eebd338d-dbd5-37e4-9e4a-1296de82963a,95d19dfc-9152-40d6-b73d-cf39670cd610,A string representing the name of a state or province name within a country.,Locations,,,,,2024-07-02 21:40:06,,,,,05a51a6d-4d4e-4574-aa4c-c3c7df6b6477,,
UK Post Code,glossary_term,eebd338d-dbd5-37e4-9e4a-1296de82963a,a789db27-e1e2-4fc3-aee9-306af3e2442c,A system of postal codes that are used by UK's Royal Mail.,Locations,,,,,2024-07-02 21:40:06,,,,,4dc012ed-9a1a-483b-aa0e-71878a8c706b,,
US State Name,glossary_term,eebd338d-dbd5-37e4-9e4a-1296de82963a,ab7b267c-07c2-4fa0-9e6d-ef31875d0203,Specifies the name of U.S. states and territories.,Locations,,,,,2024-07-02 21:40:06,,,,,b8162b9e-7c23-4c62-bdc4-2aeff9983476,,
Country Code,glossary_term,eebd338d-dbd5-37e4-9e4a-1296de82963a,c65e07ca-c3a6-4173-94f1-2a8693c086d7,A standard code defined for most of the countries and dependent areas in the world.,Locations,,,,,2024-07-02 21:40:06,,,,,a99cebbb-a7ca-467f-a407-3052e627a40e,,
UK Province Code,glossary_term,eebd338d-dbd5-37e4-9e4a-1296de82963a,d213ba9d-2b91-481d-adeb-13a4eb143c0b,Two-letter alphabetic codes that are used to identify UK provinces.,Locations,,,,,2024-07-02 21:40:06,,,,,384623be-c999-4c92-b17f-cca9430279d2,,
Canada Province Code,glossary_term,eebd338d-dbd5-37e4-9e4a-1296de82963a,d632c99d-a78b-47c2-ad03-ad490f8b30ca,Two-letter alphabetic codes that are used to identify Canada provinces.,Locations,,,,,2024-07-02 21:40:06,,,,,621a0a36-08a7-424f-82b9-073ec5c39466,,
US State Capital Name,glossary_term,eebd338d-dbd5-37e4-9e4a-1296de82963a,d97bec60-60f6-4b20-a1a5-b9b43248407d,Specifies the name of U.S. states and territories Capitals.,Locations,,,,,2024-07-02 21:40:06,,,49e434d9-6253-4ce9-b1b3-93f688a74033,,3fc254a8-7334-4904-b42a-80905bf8d692,,
Country Name,glossary_term,eebd338d-dbd5-37e4-9e4a-1296de82963a,e0569c08-36bf-41b2-919e-2bc79f1216a6,Specifies the name of any country.,Locations,,,,,2024-07-02 21:40:06,,,,,f5a3c14e-b1a5-4649-b852-300cb91ddb7c,,
Canada Post Code,glossary_term,eebd338d-dbd5-37e4-9e4a-1296de82963a,f407a48c-57d8-4877-9c17-920415f868f2,A system of postal codes that are used by Canada Post.,Locations,,,,,2024-07-02 21:40:06,,,,,839070f3-cf23-42f3-aa3b-6bff70dfecb2,,848dfb37-98be-4720-820f-bb196307d325
State / Province Code,glossary_term,eebd338d-dbd5-37e4-9e4a-1296de82963a,f70529a5-e64b-4328-9f35-2a717e99e42a,A string representing a code that represents a state or province name within a country.,Locations,,,,,2024-07-02 21:40:06,,,,,,,
