{"metadata":{"asset_id":"478e8763-c93d-406e-9986-a0ed0fbd74c1","asset_attributes":["data_asset"],"name":"prep_census_data.py","asset_type":"data_asset","created_at":"2020-11-17T10:35:23Z","description":"","origin_country":"us","owner_id":"1000331002","project_id":"af987475-9ad6-4abe-b657-cbf4105cef32","size":8594,"tags":[],"usage":{"last_update_time":1605609324685,"last_updated_at":"2020-11-17T10:35:24Z"}},"entity":{"data_asset":{"mime_type":"text/x-script.python","dataset":false}},"attachments":[{"id":"e922c6b4-359d-4ee8-8f2f-97fa119522ce","version":2,"asset_type":"data_asset","name":"prep_census_data.py","mime":"text/x-script.python","datasource_type":"81bafdbd-b7c6-45c5-a4fd-6ec135f66f4e","object_key":"data_asset/prep_census_data.py","creator_id":"1000331002","create_time":1605609324685,"size":8594,"is_remote":false,"is_managed":false,"is_referenced":true,"is_object_key_read_only":true,"is_user_provided_path_key":true,"transfer_complete":true,"is_partitioned":false,"complete_time_ticks":1605609324685,"user_data":{},"test_doc":0,"handle":{"key":"data_asset/prep_census_data.py","upload_id":"done","max_part_num":1},"usage":{"access_count":0,"last_accessor_id":"1000331002","last_access_time":1605609324685}}]}