{"metadata":{"asset_id":"cf7891b8-ecf0-4ec6-825f-6367a887382d","asset_attributes":["data_asset"],"name":"census_probabilities.csv","asset_type":"data_asset","created_at":"2020-11-16T19:10:27Z","description":"","origin_country":"us","owner_id":"1000331002","project_id":"af987475-9ad6-4abe-b657-cbf4105cef32","size":127672342,"tags":[],"usage":{"last_update_time":1605553828839,"last_updated_at":"2020-11-16T19:10:28Z"}},"entity":{"data_asset":{"mime_type":"text/csv","dataset":false}},"attachments":[{"id":"1136bcdc-7d0c-4c68-aeae-e19879ed9014","version":2,"asset_type":"data_asset","name":"census_probabilities.csv","mime":"text/csv","datasource_type":"81bafdbd-b7c6-45c5-a4fd-6ec135f66f4e","object_key":"data_asset/census_probabilities.csv","creator_id":"1000331002","create_time":1605553828838,"size":127672342,"is_remote":false,"is_managed":false,"is_referenced":true,"is_object_key_read_only":true,"is_user_provided_path_key":true,"transfer_complete":true,"is_partitioned":false,"complete_time_ticks":1605553828838,"user_data":{},"test_doc":0,"handle":{"key":"data_asset/census_probabilities.csv","upload_id":"done","max_part_num":1},"usage":{"access_count":0,"last_accessor_id":"1000331002","last_access_time":1605553828838}}]}