{"metadata":{"asset_id":"c1e0eaf0-3bc1-4f6b-9cbe-7a9b257fd646","asset_attributes":["data_asset"],"name":"customer.csv","asset_type":"data_asset","created_at":"2020-11-16T13:40:43Z","description":"","origin_country":"us","owner_id":"1000331002","project_id":"af987475-9ad6-4abe-b657-cbf4105cef32","size":1273147,"tags":[],"usage":{"last_update_time":1605534044232,"last_updated_at":"2020-11-16T13:40:44Z"}},"entity":{"data_asset":{"mime_type":"text/csv","dataset":false}},"attachments":[{"id":"8667129e-98c4-47c4-a802-ef8ac3ff8bc9","version":2,"asset_type":"data_asset","name":"customer.csv","mime":"text/csv","datasource_type":"81bafdbd-b7c6-45c5-a4fd-6ec135f66f4e","object_key":"data_asset/customer.csv","creator_id":"icp4d-dev","create_time":1605534044073,"size":1273147,"is_remote":false,"is_managed":false,"is_referenced":true,"is_object_key_read_only":false,"is_user_provided_path_key":true,"transfer_complete":true,"is_partitioned":false,"complete_time_ticks":1605534044073,"user_data":{},"test_doc":0,"handle":{"key":"data_asset/customer.csv","upload_id":"done","max_part_num":1},"usage":{"access_count":0,"last_accessor_id":"icp4d-dev","last_access_time":1605534044073}}]}