{"metadata":{"asset_id":"bd156d15-8da4-456b-9b50-c14a04cefb08","asset_attributes":["data_asset"],"name":"life_event_prep.py","asset_type":"data_asset","created_at":"2020-11-16T13:40:44Z","description":"","origin_country":"us","owner_id":"1000331002","project_id":"af987475-9ad6-4abe-b657-cbf4105cef32","size":38104,"tags":[],"usage":{"last_update_time":1605534044686,"last_updated_at":"2020-11-16T13:40:44Z"}},"entity":{"data_asset":{"mime_type":"text/x-script.phyton","dataset":false}},"attachments":[{"id":"0e859b74-70a9-4785-9801-1a35f2259a9d","version":2,"asset_type":"data_asset","name":"life_event_prep.py","mime":"text/x-script.phyton","datasource_type":"81bafdbd-b7c6-45c5-a4fd-6ec135f66f4e","object_key":"data_asset/life_event_prep.py","creator_id":"icp4d-dev","create_time":1605534044314,"size":38104,"is_remote":false,"is_managed":false,"is_referenced":true,"is_object_key_read_only":false,"is_user_provided_path_key":true,"transfer_complete":true,"is_partitioned":false,"complete_time_ticks":1605534044314,"user_data":{},"test_doc":0,"handle":{"key":"data_asset/life_event_prep.py","upload_id":"done","max_part_num":1},"usage":{"access_count":0,"last_accessor_id":"icp4d-dev","last_access_time":1605534044314}}]}