{"metadata":{"asset_id":"2d47c4c3-2283-4e78-b626-ba5686490309","asset_attributes":["data_asset"],"name":"training_user_inputs_and_prepped_column_names.json","asset_type":"data_asset","created_at":"2020-11-16T13:40:45Z","description":"","origin_country":"us","owner_id":"1000331002","project_id":"af987475-9ad6-4abe-b657-cbf4105cef32","size":2747,"tags":[],"usage":{"last_update_time":1605534045356,"last_updated_at":"2020-11-16T13:40:45Z"}},"entity":{"data_asset":{"mime_type":"application/json","dataset":false}},"attachments":[{"id":"e7eb4147-1041-478c-8246-807577ad16ca","version":2,"asset_type":"data_asset","name":"training_user_inputs_and_prepped_column_names.json","mime":"application/json","datasource_type":"81bafdbd-b7c6-45c5-a4fd-6ec135f66f4e","object_key":"data_asset/training_user_inputs_and_prepped_column_names.json","creator_id":"icp4d-dev","create_time":1605534045202,"size":2747,"is_remote":false,"is_managed":false,"is_referenced":true,"is_object_key_read_only":false,"is_user_provided_path_key":true,"transfer_complete":true,"is_partitioned":false,"complete_time_ticks":1605534045202,"user_data":{},"test_doc":0,"handle":{"key":"data_asset/training_user_inputs_and_prepped_column_names.json","upload_id":"done","max_part_num":1},"usage":{"access_count":0,"last_accessor_id":"icp4d-dev","last_access_time":1605534045202}}]}