{"metadata":{"asset_id":"8ae2c562-0461-44c0-960b-70429f4bc960","asset_attributes":["data_asset"],"name":"news.csv","asset_type":"data_asset","created_at":"2020-11-16T13:40:43Z","description":"","origin_country":"us","owner_id":"1000331002","project_id":"af987475-9ad6-4abe-b657-cbf4105cef32","size":42088,"tags":[],"usage":{"last_update_time":1605534044471,"last_updated_at":"2020-11-16T13:40:44Z"}},"entity":{"data_asset":{"mime_type":"text/csv","dataset":false}},"attachments":[{"id":"b2898c3b-13dc-4741-9889-445692494923","version":2,"asset_type":"data_asset","name":"news.csv","mime":"text/csv","datasource_type":"81bafdbd-b7c6-45c5-a4fd-6ec135f66f4e","object_key":"data_asset/news.csv","creator_id":"icp4d-dev","create_time":1605534044317,"size":42088,"is_remote":false,"is_managed":false,"is_referenced":true,"is_object_key_read_only":false,"is_user_provided_path_key":true,"transfer_complete":true,"is_partitioned":false,"complete_time_ticks":1605534044317,"user_data":{},"test_doc":0,"handle":{"key":"data_asset/news.csv","upload_id":"done","max_part_num":1},"usage":{"access_count":0,"last_accessor_id":"icp4d-dev","last_access_time":1605534044317}}]}