{"metadata":{"asset_id":"1098a2fc-ee36-40a5-a829-cfb7457ff894","asset_attributes":["data_asset"],"name":"prep_census_data.py","asset_type":"data_asset","created_at":"2020-11-16T17:24:33Z","description":"","origin_country":"us","owner_id":"1000331002","project_id":"af987475-9ad6-4abe-b657-cbf4105cef32","size":8594,"tags":[],"usage":{"last_update_time":1605547474608,"last_updated_at":"2020-11-16T17:24:34Z"}},"entity":{"data_asset":{"mime_type":"text/x-script.python","dataset":false}},"attachments":[{"id":"3af304c0-dff4-485b-ab91-b15fc1d34d7f","version":2,"asset_type":"data_asset","name":"prep_census_data.py","mime":"text/x-script.python","datasource_type":"81bafdbd-b7c6-45c5-a4fd-6ec135f66f4e","object_key":"data_asset/prep_census_data.py","creator_id":"1000331002","create_time":1605547474607,"size":8594,"is_remote":false,"is_managed":false,"is_referenced":true,"is_object_key_read_only":true,"is_user_provided_path_key":true,"transfer_complete":true,"is_partitioned":false,"complete_time_ticks":1605547474607,"user_data":{},"test_doc":0,"handle":{"key":"data_asset/prep_census_data.py","upload_id":"done","max_part_num":1},"usage":{"access_count":0,"last_accessor_id":"1000331002","last_access_time":1605547474607}}]}