{"metadata":{"asset_id":"7af70bfb-96df-441a-b47b-6a1bc304da73","asset_attributes":["data_asset"],"name":"customer-life-event-prediction-dashboard.zip","asset_type":"data_asset","created_at":"2020-11-16T18:57:27Z","description":"","origin_country":"us","owner_id":"1000331002","project_id":"af987475-9ad6-4abe-b657-cbf4105cef32","size":576340,"tags":[],"usage":{"last_update_time":1605553048069,"last_updated_at":"2020-11-16T18:57:28Z"}},"entity":{"data_asset":{"mime_type":"application/zip","dataset":false}},"attachments":[{"id":"f3d83026-2125-4892-bb67-891fb0b74091","version":2,"asset_type":"data_asset","name":"customer-life-event-prediction-dashboard.zip","mime":"application/zip","datasource_type":"81bafdbd-b7c6-45c5-a4fd-6ec135f66f4e","object_key":"data_asset/customer-life-event-prediction-dashboard.zip","creator_id":"1000331002","create_time":1605553048068,"size":576340,"is_remote":false,"is_managed":false,"is_referenced":true,"is_object_key_read_only":true,"is_user_provided_path_key":true,"transfer_complete":true,"is_partitioned":false,"complete_time_ticks":1605553048068,"user_data":{},"test_doc":0,"handle":{"key":"data_asset/customer-life-event-prediction-dashboard.zip","upload_id":"done","max_part_num":1},"usage":{"access_count":0,"last_accessor_id":"1000331002","last_access_time":1605553048068}}]}