{"metadata":{"asset_id":"c190a2de-2f3e-4d61-a778-0c8f43672749","asset_attributes":["job"],"name":"2-Model_Scoring_Notebook_Job","asset_type":"job","created_at":"2020-11-17T11:09:54Z","description":"","origin_country":"us","owner_id":"1000331002","project_id":"af987475-9ad6-4abe-b657-cbf4105cef32","size":0,"tags":[],"usage":{"last_update_time":1605611394204,"last_updated_at":"2020-11-17T11:09:54Z"}},"entity":{"job":{"asset_ref_type":"notebook","configuration":{"env_id":"jupconda37-af987475-9ad6-4abe-b657-cbf4105cef32","env_type":"notebook","env_variables":[]},"last_run_initiator":"None","last_run_time":"","last_run_status":"None","last_run_status_timestamp":0,"project_name":"life event 3.5","asset_ref":"084a14c1-9e56-4b77-a254-4ba345feca9b"}}}