{"metadata":{"asset_id":"843f2832-08a5-452c-bb23-72195d762a4b","asset_attributes":["job"],"name":"1-Model_Training_Notebook_Job","asset_type":"job","created_at":"2020-11-17T11:08:55Z","description":"","origin_country":"us","owner_id":"1000331002","project_id":"af987475-9ad6-4abe-b657-cbf4105cef32","size":0,"tags":[],"usage":{"last_update_time":1605611335437,"last_updated_at":"2020-11-17T11:08:55Z"}},"entity":{"job":{"asset_ref_type":"notebook","configuration":{"env_id":"jupconda37-af987475-9ad6-4abe-b657-cbf4105cef32","env_type":"notebook","env_variables":[]},"last_run_initiator":"None","last_run_time":"","last_run_status":"None","last_run_status_timestamp":0,"project_name":"life event 3.5","asset_ref":"34b0bd4a-2d05-45cc-8107-57c5b0a02f00"}}}