{"metadata":{"asset_id":"4d89239f-bc90-4e19-9edc-94a65e554e4e","asset_attributes":["notebook"],"name":"README","asset_type":"notebook","created_at":"2020-11-16T13:40:45Z","description":"","origin_country":"us","owner_id":"icp4d-dev","project_id":"af987475-9ad6-4abe-b657-cbf4105cef32","size":94810,"tags":["notebook"],"usage":{"last_update_time":1605542841033,"last_updated_at":"2020-11-16T16:07:21Z"}},"entity":{"notebook":{"kernel":{"name":"python3","display_name":"Python 3.7","language":"python"},"originates_from":{"type":"file"},"runtime":{"environment":"jupconda37-af987475-9ad6-4abe-b657-cbf4105cef32"}}},"attachments":[{"id":"dcb657be-6b83-4922-b8eb-afbe52710c10","version":2,"asset_type":"notebook","name":"attachment for notebook 4d89239f-bc90-4e19-9edc-94a65e554e4e","description":"attachment for notebook 4d89239f-bc90-4e19-9edc-94a65e554e4e","mime":"application/json","datasource_type":"81bafdbd-b7c6-45c5-a4fd-6ec135f66f4e","object_key":"notebook/README_g7oFAyHjr.ipynb","creator_id":"1000331002","create_time":1605534045974,"size":94810,"is_remote":false,"is_managed":false,"is_referenced":true,"is_object_key_read_only":false,"is_user_provided_path_key":true,"transfer_complete":true,"is_partitioned":false,"complete_time_ticks":1605534045974,"user_data":{},"test_doc":0,"handle":{"key":"notebook/README_g7oFAyHjr.ipynb","upload_id":"done","max_part_num":1},"usage":{"access_count":0,"last_accessor_id":"1000331002","last_access_time":1605534045974}}]}