{"metadata":{"asset_id":"23a217ad-b1be-42aa-a1f5-a5d67741d256","asset_attributes":["notebook"],"name":"0-Map_Business_Terms_to_data_headers","asset_type":"notebook","created_at":"2020-11-16T13:40:45Z","description":"","origin_country":"us","owner_id":"icp4d-dev","project_id":"af987475-9ad6-4abe-b657-cbf4105cef32","size":20132,"tags":["notebook"],"usage":{"last_update_time":1605613200619,"last_updated_at":"2020-11-17T11:40:00Z"}},"entity":{"notebook":{"kernel":{"name":"python3","display_name":"Python 3.7","language":"python"},"originates_from":{"type":"file"},"runtime":{"environment":"jupconda37-af987475-9ad6-4abe-b657-cbf4105cef32"}}},"attachments":[{"id":"12bc9d57-ac8d-49e9-92b1-2b0a9bc80d37","version":2,"asset_type":"notebook","name":"attachment for notebook 23a217ad-b1be-42aa-a1f5-a5d67741d256","description":"attachment for notebook 23a217ad-b1be-42aa-a1f5-a5d67741d256","mime":"application/json","datasource_type":"81bafdbd-b7c6-45c5-a4fd-6ec135f66f4e","object_key":"notebook/0-Map_Business_Terms_to_data_headers_OBH_58Wd9XEzJ.ipynb","creator_id":"1000331002","create_time":1605534045969,"size":20132,"is_remote":false,"is_managed":false,"is_referenced":true,"is_object_key_read_only":false,"is_user_provided_path_key":true,"transfer_complete":true,"is_partitioned":false,"complete_time_ticks":1605534045969,"user_data":{},"test_doc":0,"handle":{"key":"notebook/0-Map_Business_Terms_to_data_headers_OBH_58Wd9XEzJ.ipynb","upload_id":"done","max_part_num":1},"usage":{"access_count":0,"last_accessor_id":"1000331002","last_access_time":1605534045969}}]}