{"metadata":{"asset_id":"34b0bd4a-2d05-45cc-8107-57c5b0a02f00","asset_attributes":["notebook"],"name":"1-model-training","asset_type":"notebook","created_at":"2020-11-16T13:40:45Z","description":"","origin_country":"us","owner_id":"icp4d-dev","project_id":"af987475-9ad6-4abe-b657-cbf4105cef32","size":169839,"tags":["notebook"],"usage":{"last_update_time":1605613557264,"last_updated_at":"2020-11-17T11:45:57Z"}},"entity":{"notebook":{"kernel":{"name":"python3","display_name":"Python 3.7","language":"python"},"originates_from":{"type":"file"},"runtime":{"environment":"jupconda37-af987475-9ad6-4abe-b657-cbf4105cef32"}}},"attachments":[{"id":"3bd13851-dcf4-4a16-b9c6-1341094a4389","version":2,"asset_type":"notebook","name":"attachment for notebook 34b0bd4a-2d05-45cc-8107-57c5b0a02f00","description":"attachment for notebook 34b0bd4a-2d05-45cc-8107-57c5b0a02f00","mime":"application/json","datasource_type":"81bafdbd-b7c6-45c5-a4fd-6ec135f66f4e","object_key":"notebook/1-model-training_Y-p8jfX2n.ipynb","creator_id":"1000331002","create_time":1605534045980,"size":169839,"is_remote":false,"is_managed":false,"is_referenced":true,"is_object_key_read_only":false,"is_user_provided_path_key":true,"transfer_complete":true,"is_partitioned":false,"complete_time_ticks":1605534045980,"user_data":{},"test_doc":0,"handle":{"key":"notebook/1-model-training_Y-p8jfX2n.ipynb","upload_id":"done","max_part_num":1},"usage":{"access_count":0,"last_accessor_id":"1000331002","last_access_time":1605534045980}}]}