{"metadata":{"asset_id":"084a14c1-9e56-4b77-a254-4ba345feca9b","asset_attributes":["notebook"],"name":"2-model-scoring_and_App_Deployment","asset_type":"notebook","created_at":"2020-11-16T13:40:45Z","description":"","origin_country":"us","owner_id":"icp4d-dev","project_id":"af987475-9ad6-4abe-b657-cbf4105cef32","size":31873,"tags":["notebook"],"usage":{"last_update_time":1605613814543,"last_updated_at":"2020-11-17T11:50:14Z"}},"entity":{"notebook":{"kernel":{"name":"python3","display_name":"Python 3.7","language":"python"},"originates_from":{"type":"file"},"runtime":{"environment":"jupconda37-af987475-9ad6-4abe-b657-cbf4105cef32"}}},"attachments":[{"id":"3245498a-21c8-4ffe-9e5b-0ea731243240","version":2,"asset_type":"notebook","name":"attachment for notebook 084a14c1-9e56-4b77-a254-4ba345feca9b","description":"attachment for notebook 084a14c1-9e56-4b77-a254-4ba345feca9b","mime":"application/json","datasource_type":"81bafdbd-b7c6-45c5-a4fd-6ec135f66f4e","object_key":"notebook/2-model-scoring_b71laLirM.ipynb","creator_id":"1000331002","create_time":1605534045962,"size":31873,"is_remote":false,"is_managed":false,"is_referenced":true,"is_object_key_read_only":false,"is_user_provided_path_key":true,"transfer_complete":true,"is_partitioned":false,"complete_time_ticks":1605534045962,"user_data":{},"test_doc":0,"handle":{"key":"notebook/2-model-scoring_b71laLirM.ipynb","upload_id":"done","max_part_num":1},"usage":{"access_count":0,"last_accessor_id":"1000331002","last_access_time":1605534045962}}]}