{"metadata":{"asset_id":"062481d5-4374-498a-adc1-75a44d59dc76","asset_attributes":["data_asset"],"name":"AirPassengers.csv","asset_type":"data_asset","created_at":"2023-07-12T19:36:32Z","description":"AirPassengers.csv is an asset added from the community. The classic Box & Jenkins airline data. Monthly totals of international airline passengers, 1949 to 1960.\n\nFormat: a monthly time series, in thousands.","origin_country":"us","owner_id":"IBMid-270007TMAE","project_id":"c7bbdc10-f0f6-4fda-8fb8-2e81a615ac12","size":3317,"tags":["community-asset"],"usage":{"last_update_time":1689190594278,"last_updated_at":"2023-07-12T19:36:34Z"}},"entity":{"data_asset":{"mime_type":"text/csv","dataset":false},"location_definition":{"physical_location_code":"DAL","physical_location_code_assigned_by":"IBMid-270007TMAE","physical_location_code_rds_id":"c57cb90f-2126-3800-9c9f-9eab82021cdf","physical_location_code_rds_version":"00002023-0710-4194-8812-980110000000_4","physical_location_code_assignment_method":"INFERRED","physical_location_code_added_on":"1689018495123"}},"attachments":[{"id":"cc02c46e-d983-495d-b43a-a3cbfd19f754","version":2,"asset_type":"data_asset","name":"AirPassengers.csv","mime":"text/csv","datasource_type":"193a97c1-4475-4a19-b90c-295c4fdc6517","object_key":"AirPassengers.csv","creator_id":"IBMid-270007TMAE","create_time":1689190593983,"size":3317,"is_remote":false,"is_managed":false,"is_referenced":true,"is_object_key_read_only":true,"is_user_provided_path_key":true,"transfer_complete":true,"is_partitioned":false,"complete_time_ticks":1689190593983,"user_data":{},"test_doc":0,"handle":{"bucket":"techzonetest-donotdelete-pr-ibvabaacsg8eem","location":"us-south","type":"bluemix_cos","key":"AirPassengers.csv","upload_id":"done","max_part_num":1},"usage":{"access_count":0,"last_accessor_id":"IBMid-270007TMAE","last_access_time":1689190593983}}]}
