Name,Artifact Type,Category,Description,Tags,Classifications,Stewards,Steward Groups,Related Terms,Business Start,Business End,Secondary Categories,Parent Data Class,Enabled
Address,data_class, Global,Street address of a single or multi-line address.,Global,,,,,,, ,,TRUE
Boolean,data_class, ,"Numeric or alpha code for boolean values. Either 0 or 1, or True or False, Yes or No.",Global,,,,,,,Global,,TRUE
Citizenship,data_class, Global,"Citizenship is a relationship between an individual and a state to which the individual owes allegiance and in turn is entitled to its protection. Recognition by a state as a citizen generally carries with it recognition of civil, political, and social rights which are not afforded to non-citizens.",Global,,,,,,, ,,TRUE
City,data_class, ,A place name such as a city or town.,Global,,,,,,,Global,,TRUE
Code,data_class, ,"System-defined data values from a domain data value set, each of which has a specific meaning, for example, product status codes. ",Global,,,,,,,Global,,TRUE
Country Code,data_class, ,A standard code defined for most of the countries and dependent areas in the world.,Global,,,,,,,Global,,TRUE
Country Name,data_class, ,Specifies the name of any country.,Global,,,,,,,Global,,TRUE
Credit Card Expiration Date,data_class, ,A date value in format month/year representing a credit card expiration date.,Global,,,,,,,Global,,TRUE
Credit Card Number,data_class, ,Credit Card Number.,Global,,,,,,,Global,,TRUE
Credit Card Network,data_class, Global,"A string representing the network a credit card belongs to; Master Card, Visa, American Express, Discover etc.",Global,,,,,,, ,,TRUE
Credit Card Validation Number,data_class, ,A 3 or 4 digits number representing a credit card validation number.,Global,,,,,,,Global,,TRUE
Currency,data_class, ,A number followed or following a currency symbol.,Global,,,,,,,Global,,TRUE
Customer Number,data_class, ,A value representing a customer Number.,Global,,,,,,,Global,,TRUE
Date,data_class, ,"Data values which are specific date, time, or duration references, for example, a product order date.",Global,,,,,,,Global,,TRUE
Date of Birth,data_class, ,"Data values which are dates, and likely to represent a date of birth.",Global,,,,,,,Global, ,TRUE
Day,data_class,Global,"A string representing the days of the week that a shift worker has been granted time off. Each day is separated by a comma. For example, Monday, Tuesday.",Global,,,,,,, ,,TRUE
Department,data_class,Global,"A string representing the name of a department within an organization. For example; Human Resources, Finance, Accounting etc.",Global,,,,,,, ,,TRUE
Education Status,data_class,Global,A string representing the level of education an individual has achieved.,Global,,,,,,, ,,TRUE
Email Address,data_class, ,An email address identifies an email box to which email messages are delivered.,Global,,,,,,,Global,,TRUE
Employment Status,data_class, ,A string representing employment status.,Global,,,,,,,Global,,TRUE
Ethnicity,data_class, ,A string representing ethnicity/ethnic group.,Global,,,,,,,Global,,TRUE
First Name,data_class, ,First Name of an individual.,Global,,,,,,,Global,,TRUE
Gender,data_class, ,"An alpha code setting for gender. Either M or F, or Male or Female.",Global,,,,,,,Global,,TRUE
Hour,data_class,Global,A string representing a numeric value related to the hour of the day; 1-24.,Global,,,,,,, ,,TRUE
Identifier,data_class, ,"Non-intelligent data values that are typically unique, and are used to reference a specific entity, for example, a product number. ",Global,,,,,,,Global,,TRUE
Income,data_class,Global,"The total amount of money that a person receives, on a regular basis for work or through investments.",Global,,,,,,, ,,TRUE
Indicator,data_class, ,"Code values that have only two mutually-exclusive values in the domain set, for example, a product Make/Buy indicator, that are often called Flags.",Global,,,,,,,Global,,TRUE
Last Name,data_class, ,Last Name of an individual.,Global,,,,,,,Global,,TRUE
Latitude,data_class, ,A decimal number or a string representing the latitude in degrees.,Global,,,,,,,Global,,TRUE
Legal Marital/Civil Status.,data_class, ,A string representing marital/civil status.,Global,,,,,,,Global,,TRUE
Longitude,data_class, ,A decimal number or a string representing the longitude in degrees.,Global,,,,,,,Global,,TRUE
Month,data_class, ,A string or integer value representing a month in a date.,Global,,,,,,,Global,,TRUE
National Identifier,data_class, Global,"A national identification number, national identity number, or national insurance number is used by the governments of many countries as a means of tracking their citizens, permanent residents, and temporary residents for the purposes of work, taxation, government benefits, health care, and other governmentally-related functions. For example; US Social Security Number, Canadian Social Insurance Number (SIN), French INSEE Number, UK National Insurance Number, Spanish Fiscal Identification Number etc.",Global,,,,,,, ,,TRUE
NoClassDetected,data_class, ,No Data Class was detected for the value(s) during analysis of the given column.,Global,,,,,,,Global,,TRUE
Percentage,data_class, ,A number representing a percentage.,Global,,,,,,,Global,,TRUE
Person Name,data_class, ,Full name of an individual.,Global,,,,,,,Global,,TRUE
Phone Number,data_class, Global,Phone Number is a string of specific numbers that a telephone or cell phone user can dial to reach another telephone or mobile phone independent of country.,Global,,,,,,, ,,TRUE
Postal Code,data_class, Global,"A postal code (also known locally in various English-speaking countries throughout the world as a postcode, post code, PIN or ZIP Code) is a series of letters or digits or both, sometimes including spaces or punctuation, included in a postal address for the purpose of sorting mail.",Global,,,,,,, ,,TRUE
Quantity,data_class, ,"Numerical data values that could be used in a computation, for example, a product price.",Global,,,,,,,Global,,TRUE
Quarter,data_class, Global,"A string representing one quarter of a given year; Q1, Q2, Q3, Q4.",Global,,,,,,, ,,TRUE
Residence,data_class, Global,"The residential living status of a person. For example, valid values would be; Owner Occupied, Public Housing, Private Housing, Renting, Sheltered, Living with parents/guardian etc.",Global,,,,,,, ,,TRUE
State/Province Code,data_class, Global,Two-letter alphabetic codes that are used to identify a country states or providences.,Global,,,,,,, ,,TRUE
State/Province Name,data_class, ,A string representing a state/province name of a country.,Global,,,,,,,Global,,TRUE
Text,data_class, ,"Free-form alphanumeric data values from an unlimited domain set, for example, a product description.",Global,,,,,,,Global,,TRUE
US Social Security Number,data_class, ,"In the United States, a Social Security number (SSN) is a unique nine-digit number issued to U.S. citizens, permanent residents, and temporary (working) residents.",Global,,,,,,,Global,,TRUE
US Social Security Number Last 4,data_class, ,The last four digits of a United States Social Security Number (SSN).,Global,,,,,,,Global,,TRUE
Year,data_class, Global,"A string or integer value representing a year; 1956, 2021 etc.",Global,,,,,,, ,,TRUE