Name,Artifact Type,Category,Artifact ID,Description,Tags,Classifications,Stewards,Steward Groups,Related Terms,Business Start,Business End,Type,Secondary Categories,Rules,Reference Data Sets,Parent Policies
All Credit Card Information Must be Protected,rule,848dfb37-98be-4720-820f-bb196307d325,574305fc-a79b-4e76-8f22-03bfad7b605f,"All constructs of a credit card must be protected to ensure that those who should not be able to view the information are not allowed to. The information can be redacted since it typically is not used as a unique identifier. This includes the Credit Card Number, Expiration Date and Credit Validation Number, also known as the Credit Card Verification Number or Security Code of CVV.",PCI,cb271604-8d83-4677-a8b7-17ac1452c08c,,,ae7566ad-a74b-4cf3-8675-220feba3b505,2024-07-02 21:42:50,,Governance,cce03974-03a8-424b-91f8-b627d945f3df,,,faeffe8c-39a9-4d63-b278-96f0b6f8bf4d
"",,,,,Sensitive,,,,d95e34a6-3383-45bd-8bd2-5c7899323b72,,,,,,,
"",,,,,,,,,20fb66d6-47e1-4b52-9ec3-0054e1ff65f9,,,,,,,
All Email Addresses Must be Protected,rule,848dfb37-98be-4720-820f-bb196307d325,57bea019-22ea-4880-b9d6-951dbd5b0692,"All Email Addresses must be protected to ensure that those who should not be able to view the information are not allowed to. The information must be masked (obfuscated) where the original format and validity of the email address is preserved but the value is fictionalized. This is to ensure that application testing and data analysis, where this value is typically needed is not affected. This includes the entire email address and not just the domain.",PII,ace99592-b6ad-409a-b1df-debfac829aa1,,,5af6cadb-b97b-4c0c-a1e9-abff99b6f981,2024-07-02 21:42:50,,Governance,890379d6-2540-4b9f-9847-96f84f409b4e,,,faeffe8c-39a9-4d63-b278-96f0b6f8bf4d
"",,,,,Sensitve,,,,,,,,cce03974-03a8-424b-91f8-b627d945f3df,,,
All Phone Numbers Must be Protected,rule,848dfb37-98be-4720-820f-bb196307d325,60ea4a24-6ba9-4e52-ae46-05c7a6ab23b6,"All Phone Numbers (Home, Work, Cellular etc.) must be protected to ensure that those who should not be able to view the information are not allowed to. The information must be masked (obfuscated) where the original format and validity of the number is preserved but the value is fictionalized. This is to ensure that application testing and data analysis, where this value is typically needed is not affected. This includes the entire number and not just the area code. Although, if possible, the area code can be preserved to identify a more accurate location if needed.",PII,ace99592-b6ad-409a-b1df-debfac829aa1,,,80059c1d-6ece-4349-8378-6af59464f6ec,2024-07-02 21:42:50,,Governance,890379d6-2540-4b9f-9847-96f84f409b4e,,,faeffe8c-39a9-4d63-b278-96f0b6f8bf4d
"",,,,,Sensitve,,,,,,,,cce03974-03a8-424b-91f8-b627d945f3df,,,
All National Identifiers Must be Protected,rule,848dfb37-98be-4720-820f-bb196307d325,c42ab970-9136-483b-9b56-184c27e8c7bf,"All National Identifiers, for all countries, must be protected to ensure that those who should not be able to view the information are not allowed to. The information must be masked (obfuscated) where the original format and validity of the number is preserved but the value is fictionalized. This is to ensure that application testing and data analysis, where this value is typically used as a key or unique identifier of a person, is not affected. This includes the entire number and not just a portion of the identifier.",PII,ace99592-b6ad-409a-b1df-debfac829aa1,,,9bdb3210-8bbb-4c5d-96e4-85487a3507a6,2024-07-02 21:42:50,,Governance,890379d6-2540-4b9f-9847-96f84f409b4e,,,faeffe8c-39a9-4d63-b278-96f0b6f8bf4d
"",,,,,Sensitve,,,,,,,,cce03974-03a8-424b-91f8-b627d945f3df,,,
