{"metadata":{"asset_id":"94f279cc-385b-4d78-ab4f-29065a19c758","asset_attributes":["data_asset"],"name":"modeling_records_2022.csv","asset_type":"data_asset","created_at":"2023-04-05T17:29:27Z","origin_country":"us","owner_id":"1000330999","project_id":"d618d8af-bc48-4582-a228-7f4bcfc327e9","size":20334,"usage":{"last_update_time":1680715767776,"last_updated_at":"2023-04-05T17:29:27Z"}},"entity":{"data_asset":{"mime_type":"text/csv","dataset":false}},"attachments":[{"id":"e257173e-4b7c-455c-bf8e-0648f270642a","version":2,"asset_type":"data_asset","name":"modeling_records_2022.csv","mime":"text/csv","datasource_type":"81bafdbd-b7c6-45c5-a4fd-6ec135f66f4e","object_key":"data_asset/modeling_records_2022.csv","creator_id":"icp4d-dev","create_time":1680715767711,"size":20334,"is_remote":false,"is_managed":false,"is_referenced":true,"is_object_key_read_only":true,"is_user_provided_path_key":true,"transfer_complete":true,"is_partitioned":false,"complete_time_ticks":1680715767711,"user_data":{},"test_doc":0,"handle":{"type":"assetfiles","key":"data_asset/modeling_records_2022.csv","upload_id":"done","max_part_num":1},"usage":{"access_count":0,"last_accessor_id":"icp4d-dev","last_access_time":1680715767711}}]}