{"metadata":{"asset_id":"e8469c39-b11c-4141-9ccf-0abef28397e3","asset_attributes":["data_asset"],"name":"modeling_records_2022.csv","asset_type":"data_asset","created_at":"2023-04-28T20:30:17Z","origin_country":"us","owner_id":"1000330999","project_id":"d5e212b0-acdb-4d17-91e2-58e6faf176b5","size":20334,"usage":{"last_update_time":1682713817292,"last_updated_at":"2023-04-28T20:30:17Z"}},"entity":{"data_asset":{"mime_type":"text/csv","dataset":false}},"attachments":[{"id":"5bff59bb-8047-441c-a5a7-ccfc15c94f0a","version":2,"asset_type":"data_asset","name":"modeling_records_2022.csv","mime":"text/csv","datasource_type":"81bafdbd-b7c6-45c5-a4fd-6ec135f66f4e","object_key":"data_asset/modeling_records_2022.csv","creator_id":"icp4d-dev","create_time":1682713817203,"size":20334,"is_remote":false,"is_managed":false,"is_referenced":true,"is_object_key_read_only":true,"is_user_provided_path_key":true,"transfer_complete":true,"is_partitioned":false,"complete_time_ticks":1682713817203,"user_data":{},"test_doc":0,"handle":{"type":"assetfiles","key":"data_asset/modeling_records_2022.csv","upload_id":"done","max_part_num":1},"usage":{"access_count":0,"last_accessor_id":"icp4d-dev","last_access_time":1682713817203}}]}