{"metadata":{"asset_id":"1cdb15f0-3aee-4c0b-91da-ff161ba3310a","asset_attributes":["notebook"],"name":"employee attrition challenger","asset_type":"notebook","created_at":"2023-04-28T20:30:17Z","description":"","origin_country":"us","owner_id":"1000330999","project_id":"d5e212b0-acdb-4d17-91e2-58e6faf176b5","size":7751,"tags":["notebook"],"usage":{"last_update_time":1682714075520,"last_updated_at":"2023-04-28T20:34:35Z"}},"entity":{"notebook":{"kernel":{"name":"python3","display_name":"Python 3.10","language":"python"},"originates_from":{"type":"file"},"runtime":{"environment":"rt222py-d5e212b0-acdb-4d17-91e2-58e6faf176b5"}}},"attachments":[{"id":"097ebbce-583b-48b6-ad35-4845f00dbec9","version":2,"asset_type":"notebook","name":"attachment for notebook 1cdb15f0-3aee-4c0b-91da-ff161ba3310a","description":"attachment for notebook 1cdb15f0-3aee-4c0b-91da-ff161ba3310a","mime":"application/json","datasource_type":"81bafdbd-b7c6-45c5-a4fd-6ec135f66f4e","object_key":"notebook/employee_attrition_challenger_b_Sd17zyU.ipynb","creator_id":"1000330999","create_time":1682713817709,"size":7751,"is_remote":false,"is_managed":false,"is_referenced":true,"is_object_key_read_only":false,"is_user_provided_path_key":true,"transfer_complete":true,"is_partitioned":false,"complete_time_ticks":1682713817709,"user_data":{},"test_doc":0,"handle":{"type":"assetfiles","key":"notebook/employee_attrition_challenger_b_Sd17zyU.ipynb","upload_id":"done","max_part_num":1},"usage":{"access_count":1,"last_accessor_id":"1000330999","last_access_time":1682714075518,"last_updater_id":"1000330999","last_update_time":1682714075518}}]}