{"metadata":{"asset_id":"36512e82-6f4c-48b4-a2ee-a2ef07bc58c0","asset_attributes":["notebook"],"name":"attrition model feed","asset_type":"notebook","created_at":"2023-04-28T20:30:17Z","description":"","origin_country":"us","owner_id":"1000330999","project_id":"d5e212b0-acdb-4d17-91e2-58e6faf176b5","size":4188,"tags":["notebook"],"usage":{"last_update_time":1682713951371,"last_updated_at":"2023-04-28T20:32:31Z"}},"entity":{"notebook":{"kernel":{"name":"python3","display_name":"Python 3.10","language":"python"},"originates_from":{"type":"file"},"runtime":{"environment":"rt222py-d5e212b0-acdb-4d17-91e2-58e6faf176b5"}}},"attachments":[{"id":"a4f73f57-3633-450e-aba3-39403dffb8ae","version":2,"asset_type":"notebook","name":"attachment for notebook 36512e82-6f4c-48b4-a2ee-a2ef07bc58c0","description":"attachment for notebook 36512e82-6f4c-48b4-a2ee-a2ef07bc58c0","mime":"application/json","datasource_type":"81bafdbd-b7c6-45c5-a4fd-6ec135f66f4e","object_key":"notebook/attrition_model_feed_nmw4eG2GG.ipynb","creator_id":"1000330999","create_time":1682713817738,"size":4188,"is_remote":false,"is_managed":false,"is_referenced":true,"is_object_key_read_only":false,"is_user_provided_path_key":true,"transfer_complete":true,"is_partitioned":false,"complete_time_ticks":1682713817738,"user_data":{},"test_doc":0,"handle":{"type":"assetfiles","key":"notebook/attrition_model_feed_nmw4eG2GG.ipynb","upload_id":"done","max_part_num":1},"usage":{"access_count":1,"last_accessor_id":"1000330999","last_access_time":1682713951369,"last_updater_id":"1000330999","last_update_time":1682713951369}}]}