{"metadata":{"asset_id":"f42e2f42-11b0-43a0-a5fc-7223f9872f8b","asset_attributes":["notebook"],"name":"employee attrition challenger","asset_type":"notebook","created_at":"2023-04-05T17:29:27Z","description":"","origin_country":"us","owner_id":"1000330999","project_id":"d618d8af-bc48-4582-a228-7f4bcfc327e9","size":21170,"tags":["notebook"],"usage":{"last_update_time":1680723780158,"last_updated_at":"2023-04-05T19:43:00Z"}},"entity":{"notebook":{"kernel":{"name":"python3","display_name":"Python 3.10","language":"python"},"originates_from":{"type":"file"},"runtime":{"environment":"rt222py-d618d8af-bc48-4582-a228-7f4bcfc327e9"}}},"attachments":[{"id":"72ca7c96-cbf1-456d-94af-70fefb2d8f35","version":2,"asset_type":"notebook","name":"attachment for notebook f42e2f42-11b0-43a0-a5fc-7223f9872f8b","description":"attachment for notebook f42e2f42-11b0-43a0-a5fc-7223f9872f8b","mime":"application/json","datasource_type":"81bafdbd-b7c6-45c5-a4fd-6ec135f66f4e","object_key":"notebook/employee_attrition_challenger_b_Sd17zyU.ipynb","creator_id":"1000330999","create_time":1680715768104,"size":21170,"is_remote":false,"is_managed":false,"is_referenced":true,"is_object_key_read_only":false,"is_user_provided_path_key":true,"transfer_complete":true,"is_partitioned":false,"complete_time_ticks":1680715768104,"user_data":{},"test_doc":0,"handle":{"type":"assetfiles","key":"notebook/employee_attrition_challenger_b_Sd17zyU.ipynb","upload_id":"done","max_part_num":1},"usage":{"access_count":1,"last_accessor_id":"1000330999","last_access_time":1680723780157,"last_updater_id":"1000330999","last_update_time":1680723780157}}]}