{"metadata":{"asset_id":"ec0aadd2-da17-414d-8020-7c0e4f5b2326","asset_attributes":["notebook"],"name":"attrition model feed","asset_type":"notebook","created_at":"2023-04-05T19:58:13Z","description":"","origin_country":"us","owner_id":"1000330999","project_id":"d618d8af-bc48-4582-a228-7f4bcfc327e9","size":21086,"tags":["notebook"],"usage":{"last_update_time":1680724940889,"last_updated_at":"2023-04-05T20:02:20Z"}},"entity":{"notebook":{"kernel":{"name":"python3","display_name":"Python 3.10","language":"python"},"originates_from":{"type":"blank"},"runtime":{"environment":"rt222py-d618d8af-bc48-4582-a228-7f4bcfc327e9"}}},"attachments":[{"id":"08c4cf2e-c6ad-4333-9384-86e8d94ebd1a","version":2,"asset_type":"notebook","name":"attachment for notebook ec0aadd2-da17-414d-8020-7c0e4f5b2326","description":"attachment for notebook ec0aadd2-da17-414d-8020-7c0e4f5b2326","mime":"application/json","datasource_type":"81bafdbd-b7c6-45c5-a4fd-6ec135f66f4e","object_key":"notebook/attrition_model_feed_nmw4eG2GG.ipynb","creator_id":"1000330999","create_time":1680724693924,"size":21086,"is_remote":false,"is_managed":false,"is_referenced":true,"is_object_key_read_only":false,"is_user_provided_path_key":true,"transfer_complete":true,"is_partitioned":false,"complete_time_ticks":1680724693924,"user_data":{},"test_doc":0,"handle":{"type":"assetfiles","key":"notebook/attrition_model_feed_nmw4eG2GG.ipynb","upload_id":"done","max_part_num":1},"usage":{"access_count":2,"last_accessor_id":"1000330999","last_access_time":1680724940886,"last_updater_id":"1000330999","last_update_time":1680724940886}}]}