{"metadata":{"asset_id":"e0f23edc-71ff-41fc-a272-9c47091d3e3b","asset_attributes":["wml_model","notebook_experiment","modelfacts_system","modelfacts_user","modelfacts_user_op"],"name":"employee attrition challenger","asset_type":"wml_model","created_at":"2023-04-28T20:30:17Z","origin_country":"us","owner_id":"1000330999","project_id":"d5e212b0-acdb-4d17-91e2-58e6faf176b5","sandbox_id":"d5e212b0-acdb-4d17-91e2-58e6faf176b5","size":62618,"usage":{"last_update_time":1682713818388,"last_updated_at":"2023-04-28T20:30:18Z"}},"entity":{"wml_model":{"custom":{"experiment_id":"68a898a987a045afb7b851e39d95d7bc","experiment_name":"SciKitExperiment_fact"},"hybrid_pipeline_software_specs":[],"label_column":"l1","software_spec":{"base_id":"12b83a17-24d8-5082-900f-0ab31fbfd3cb","name":"runtime-22.1-py3.9"},"ml_version":"4.0.15","type":"scikit-learn_1.0","schemas":{"input":[{"fields":[{"name":"POSITION_CODE","type":"int64"},{"name":"DEPARTMENT_CODE","type":"int64"},{"name":"DAYS_WITH_COMPANY","type":"int64"},{"name":"COMMUTE_TIME","type":"int64"},{"name":"AGE_BEGIN_PERIOD","type":"int64"},{"name":"GENDER_CODE","type":"int64"},{"name":"PERIOD_TOTAL_DAYS","type":"int64"},{"name":"STARTING_SALARY","type":"float64"},{"name":"ENDING_SALARY","type":"float64"},{"name":"NB_INCREASES","type":"int64"},{"name":"BONUS","type":"float64"},{"name":"NB_BONUS","type":"int64"},{"name":"VACATION_DAYS_TAKEN","type":"int64"},{"name":"SICK_DAYS_TAKEN","type":"float64"},{"name":"PROMOTIONS","type":"int64"},{"name":"NB_MANAGERS","type":"int64"},{"name":"DAYS_IN_POSITION","type":"int64"},{"name":"DAYS_SINCE_LAST_RAISE","type":"int64"},{"name":"RANKING_CODE","type":"int64"},{"name":"OVERTIME","type":"float64"},{"name":"DBLOVERTIME","type":"float64"},{"name":"TRAVEL","type":"int64"}],"id":"1","type":"struct"}],"output":[]}},"notebook_experiment":{"experiment_id":"68a898a987a045afb7b851e39d95d7bc","name":"SciKitExperiment_fact","runs":[{"run_id":"64b023d758bc456fa3c5e19a66d09c8f","created_date":"05/04/2023 19:42:13","metrics":[{"key":"training_precision_score","value":"1.0"},{"key":"training_f1_score","value":"1.0"},{"key":"training_roc_auc_score","value":"1.0"},{"key":"training_recall_score","value":"1.0"},{"key":"training_score","value":"1.0"},{"key":"training_log_loss","value":"0.09648646291715869"},{"key":"training_accuracy_score","value":"1.0"}],"params":[{"key":"oob_score","value":"False"},{"key":"bootstrap","value":"True"},{"key":"min_samples_leaf","value":"1"},{"key":"min_samples_split","value":"2"},{"key":"criterion","value":"gini"},{"key":"min_weight_fraction_leaf","value":"0.0"},{"key":"n_jobs","value":"None"},{"key":"max_depth","value":"None"},{"key":"warm_start","value":"False"},{"key":"max_samples","value":"None"},{"key":"min_impurity_decrease","value":"0.0"},{"key":"verbose","value":"0"},{"key":"max_features","value":"sqrt"},{"key":"n_estimators","value":"100"},{"key":"ccp_alpha","value":"0.0"},{"key":"random_state","value":"None"},{"key":"max_leaf_nodes","value":"None"},{"key":"class_weight","value":"None"}],"tags":[{"key":"estimator_name","value":"RandomForestClassifier"},{"key":"facts.autologging","value":"sklearn"},{"key":"facts.source.type","value":"LOCAL"},{"key":"estimator_class","value":"sklearn.ensemble._forest.RandomForestClassifier"},{"key":"facts.source.name","value":"/opt/conda/envs/Python-3.10/lib/python3.10/site-packages/ipykernel/__main__.py"},{"key":"facts.user","value":"1000700000"}],"artifacts":[]},{"run_id":"64b023d758bc456fa3c5e19a66d09c8f","created_date":"05/04/2023 19:42:14","metrics":[{"key":"training_precision_score","value":"1.0"},{"key":"training_f1_score","value":"1.0"},{"key":"accuracy_score_X_test","value":"0.9166666666666666"},{"key":"training_roc_auc_score","value":"1.0"},{"key":"training_recall_score","value":"1.0"},{"key":"Custom accuracy score","value":"0.9166666666666666"},{"key":"training_score","value":"1.0"},{"key":"training_log_loss","value":"0.09648646291715869"},{"key":"training_accuracy_score","value":"1.0"}],"params":[{"key":"oob_score","value":"False"},{"key":"bootstrap","value":"True"},{"key":"min_samples_leaf","value":"1"},{"key":"min_samples_split","value":"2"},{"key":"criterion","value":"gini"},{"key":"min_weight_fraction_leaf","value":"0.0"},{"key":"n_jobs","value":"None"},{"key":"max_depth","value":"None"},{"key":"warm_start","value":"False"},{"key":"max_samples","value":"None"},{"key":"min_impurity_decrease","value":"0.0"},{"key":"verbose","value":"0"},{"key":"max_features","value":"sqrt"},{"key":"n_estimators","value":"100"},{"key":"ccp_alpha","value":"0.0"},{"key":"random_state","value":"None"},{"key":"max_leaf_nodes","value":"None"},{"key":"class_weight","value":"None"}],"tags":[{"key":"facts.autologging","value":"sklearn"},{"key":"facts.publish","value":"True"},{"key":"facts.user","value":"1000700000"},{"key":"facts.source.name","value":"/opt/conda/envs/Python-3.10/lib/python3.10/site-packages/ipykernel/__main__.py"},{"key":"GUID","value":"68a898a987a045afb7b851e39d95d7bc"},{"key":"estimator_name","value":"RandomForestClassifier"},{"key":"Notebook URL","value":"https://cpd-cpd.ai-governance-94074a334e51addd457c5646c0f9a073-0000.us-east.containers.appdomain.cloud/analytics/notebooks/v2/c6519599-74c5-4656-908e-b39ec4e46b0f?projectid=d618d8af-bc48-4582-a228-7f4bcfc327e9&context=icp4data"},{"key":"estimator_class","value":"sklearn.ensemble._forest.RandomForestClassifier"},{"key":"Notebook name","value":"employee attrition challenger"},{"key":"Notebook id","value":"c6519599-74c5-4656-908e-b39ec4e46b0f"},{"key":"facts.source.type","value":"LOCAL"}],"artifacts":[]}]},"modelfacts_system":{"model_information":{"model_type":"scikit-learn_1.0","model_description":"","input_type":"","algorithm":"","prediction_type":"","software_spec":"runtime-22.1-py3.9","software_spec_id":"12b83a17-24d8-5082-900f-0ab31fbfd3cb","asset_type":"wml_model"},"training_information":{"project_name":"L4 CPD Project for import","training_data_references":[],"hyper_parameters":"","hybrid_pipeline":[],"features":22}},"modelfacts_user":{},"modelfacts_user_op":{}},"attachments":[{"id":"a7e0817e-6663-47d7-a5ef-60fa9153559d","version":2,"asset_type":"wml_model","datasource_type":"81bafdbd-b7c6-45c5-a4fd-6ec135f66f4e","object_key":"wml_model/119bcd7d-d3f4-420a-b5d9-3ad4ad1463b9/b97cc2b1-c848-4b14-8085-dae0fe7410e7","creator_id":"icp4d-dev","create_time":1682713817660,"size":62618,"is_remote":false,"is_managed":false,"is_referenced":true,"is_object_key_read_only":false,"is_user_provided_path_key":true,"transfer_complete":true,"is_partitioned":false,"complete_time_ticks":1682713817660,"user_data":{"content_format":"native"},"test_doc":0,"handle":{"type":"assetfiles","key":"wml_model/119bcd7d-d3f4-420a-b5d9-3ad4ad1463b9/b97cc2b1-c848-4b14-8085-dae0fe7410e7","upload_id":"done","max_part_num":1},"usage":{"access_count":0,"last_accessor_id":"icp4d-dev","last_access_time":1682713817660}}]}