Name,Artifact Type,Category,Description,Tags,Classifications,Stewards,Related Terms,Business Start,Business End,Part of Terms,Type of Terms,Abbreviations,Data Classes,Synonyms,Secondary Categories
Birth Date,glossary_term,Employee,"Data values which are dates, and likely to represent a date of birth.",Employee,[uncategorized] >> Personally Identifiable Information,,,,,, ,,Date of Birth,,
Commute Time,glossary_term,Employee,The amount of time it takes an employee to commute to work.,Employee,,,,,,,,,Quantity,,
Date Hired,glossary_term,Employee,The data an employee was hired.,Employee,,,,,,,,,Date,,
Days Off,glossary_term,Employee,"A string representing the days of the week that a shift worker has been granted time off. Each day is separated by a comma. For example, Monday, Tuesday.",Employee,,,,,,,,,Text,,
Email,glossary_term,Employee,An email address identifies an email box to which email messages are delivered.,Employee,[uncategorized] >> Personally Identifiable Information,, ,,,,,,Email Address,,
Employee Code,glossary_term,Employee,A unique code that identifies an employee of the company.,Employee,,,,,,,,,Code,,
,,,,Warehouse,,,,,,,,,,,
Extension,glossary_term,Employee,"A short internal number assigned to an employee, a project team, or a department that is an extension of the main business phone number.",Employee,,,,,,,,,Text,,
Fax,glossary_term,Employee,The fax telephone number associated with a printer or other output device used for the transmission of scanned-in printed material.,Employee,,,,,,,,,Text,,
First Name,glossary_term,Employee,First Name of an individual.,Employee,[uncategorized] >> Personally Identifiable Information,,,,,,,,First Name,,
First Name MB,glossary_term,Employee,The multi byte encoded value of an individual's first name.,Employee,[uncategorized] >> Personally Identifiable Information,,,,,,,,First Name,,
Gender Code,glossary_term,Employee,"An alpha code setting for gender. Either M or F, or Male or Female.",Person,[uncategorized] >> Personally Identifiable Information,, ,,,,,,Gender,,
Last Name,glossary_term,Employee,Last Name of an individual.,Employee,[uncategorized] >> Personally Identifiable Information,,,,,,,,Last Name,,
Last Name MB,glossary_term,Employee,The multi byte encoded value of an individual's last name.,Employee,[uncategorized] >> Personally Identifiable Information,,,,,,,,Last Name,,
Pay Rate,glossary_term,Employee,A numeric value representing the pay rate of an employee paid hourly like a warehouse staff member.,Employee,,,,,,,,,Quantity,,
,,,,Warehouse,,,,,,,,,,,
Phone Number,glossary_term,Employee,Phone Number is a string of specific numbers that a telephone or cell phone user can dial to reach another telephone or mobile phone independent of country.,Employee,[uncategorized] >> Personally Identifiable Information,,, , ,,,,Text,,
Skill Experience,glossary_term,Employee,The number of years of experience that an employee has obtained for a skill that is required to perform a job function for a work shift in a department of the company.,Employee,,,,,,,,,Quantity,,
,,,,Warehouse,,,,,,,,,,,
Skill Set,glossary_term,Employee,"The skills that an employee possesses to perform job functions for a work shift in a department of the company. An employee may have more than one skill. For example, a warehouse staff member may have the skills to perform multiple job functions such as operating a Forklift and the training to do Customer Service.",Employee,,,,,,,,,Text,,
,,,,Warehouse,,,,,,,,,,,
Skill Rating,glossary_term,Employee,A ranking from 1-5 that signifies the qualification level of the skill that an employee has obtained for a skill that is required to perform a job function for a work shift in a department of the company.,Employee,,,,,,,,,Quantity,,
,,,,Warehouse,,,,,,,,,,,
SSN,glossary_term,Employee,"In the United States, a Social Security number (SSN) is a unique nine-digit number issued to U.S. citizens, permanent residents, and temporary (working) residents. SSN is a synonym for US Social Security Number",Employee,[uncategorized] >> Personally Identifiable Information,, ,,,,,SSN,US Social Security Number,,
Termination Code,glossary_term,Employee,A unique code that designates the employment status of an employee whether they are active or have been terminated.,Employee,,,,,,,,,Code,,
Termination Date,glossary_term,Employee,The date an employee was terminated from the company.,Employee,,,,,,,,,Date,,
Work Phone,glossary_term,Employee,The business phone number an employee can be reached at work.,Employee,,,,,,,,,Text,,