{"metadata":{"asset_id":"5bc6f2b0-15b5-4350-8f5b-2a14831f1749","asset_type":"connection","asset_category":"USER","create_time":"2023-08-16T18:13:10.000Z","creator_id":"IBMid-6650014XQR","project_id":"65f24cd6-dc8d-406f-87e9-c99f949579cd","resource_key":"ea660a45-a34d-4961-afb9-39875a62e7b4","usage":{"last_access_time":"2023-08-16T18:13:10.468Z","last_accessor_id":"iam-ServiceId-f49c5558-c247-4983-a04f-7d3c7a3d55da","access_count":0}},"entity":{"datasource_type":"49686982-255f-423a-a5de-d825bfc0abe3","description":"Connection to the Watson Query service that contains virtualized enterprise data needed by the business for analytics and AI.","name":"Data Virtualization","origin_country":"us","owner_id":"IBMid-6650014XQR","rov":{"mode":0},"properties":{"database":"bludb","auth_method":"apikey","instance_id":"ea660a45-a34d-4961-afb9-39875a62e7b4","port":"30321","api_key":"7iNDRRBkb2F9X41txPqlF1kX50OnTf1j1RjUtq6un_Yh","host":"ea660a45-a34d-4961-afb9-39875a62e7b4.c5otgped0ci5gst27kt0.databases.appdomain.cloud","ssl":"true"},"interaction_properties":{"source":[{"name":"_java._heap_size","type":"integer","label":"Heap size","description":"Specify the maximum Java Virtual Machine heap size in megabytes.","required":false,"masked":false,"hidden":false,"readonly":false,"uiOnly":false,"multiline":false,"multichoice":false,"default_value":"256","displayGroup":"other","displayOrdinal":2147483647,"supported_products":["datastage_scapi"],"user_defined":false},{"name":"byte_limit","type":"string","label":"Byte limit","description":"The maximum number of bytes to return. Use any of following suffixes to change the unit: KB, MB, GB, or TB. A value of 0 returns all data.","placeholder":"100MB","required":false,"masked":false,"hidden":false,"readonly":false,"uiOnly":false,"multiline":false,"multichoice":false,"displayGroup":"limitsSource","displayOrdinal":20,"user_defined":false},{"name":"decimal_rounding_mode","type":"enum","label":"Decimal Rounding Mode","description":"Different rounding modes for values in columns of decimal and numeric data types","required":false,"masked":false,"hidden":false,"readonly":false,"uiOnly":false,"multiline":false,"multichoice":false,"default_value":"floor","values":[{"value":"ceiling","label":"Ceiling"},{"value":"down","label":"Down"},{"value":"floor","label":"Floor"},{"value":"halfdown","label":"Half Down"},{"value":"halfeven","label":"Half Even"},{"value":"halfup","label":"Half up"},{"value":"up","label":"Up"}],"displayGroup":"generalSource","displayOrdinal":100,"user_defined":false},{"name":"default_max_string_binary_precision","type":"integer","label":"Default maximum length for columns","description":"Default maximum length for columns. This property can be set/is applicable only when runtime column propagation is used","required":false,"masked":false,"hidden":false,"readonly":false,"uiOnly":false,"multiline":false,"multichoice":false,"default_value":"20000","displayGroup":"generalSource","displayOrdinal":2000,"supported_products":["datastage_scapi"],"user_defined":false},{"name":"generate_unicode_columns","type":"boolean","label":"Generate unicode type columns","description":"Generate unicode type columns. This property can be set/is applicable only when runtime column propagation is used","required":false,"masked":false,"hidden":false,"readonly":false,"uiOnly":false,"multiline":false,"multichoice":false,"default_value":"false","displayGroup":"generalSource","displayOrdinal":0,"supported_products":["datastage_scapi"],"user_defined":false},{"name":"key_column_names","type":"string","label":"Key column names","description":"A comma separated list of column names to override the primary key used for partitioning","required":false,"masked":false,"hidden":true,"readonly":false,"uiOnly":false,"multiline":false,"multichoice":false,"displayGroup":"generalSource","displayOrdinal":70,"user_defined":false},{"name":"push_filters","type":"string","label":"Push filters","description":"Filters as Spark SQL to be pushed to the data source","required":false,"masked":false,"hidden":true,"readonly":false,"uiOnly":false,"multiline":false,"multichoice":false,"displayGroup":"other","displayOrdinal":2147483647,"user_defined":false},{"name":"pushed_filters","type":"string","label":"Pushed filters","description":"Inferred property that returns filters as Spark SQL that were pushed to the data source","required":false,"masked":false,"hidden":true,"readonly":false,"uiOnly":false,"multiline":false,"multichoice":false,"displayGroup":"other","displayOrdinal":2147483647,"user_defined":false},{"name":"rcp","type":"boolean","label":"Infer schema","description":"Obtain the schema from the data source","required":false,"masked":false,"hidden":true,"readonly":false,"uiOnly":false,"multiline":false,"multichoice":false,"default_value":"true","displayGroup":"other","displayOrdinal":2147483647,"user_defined":false},{"name":"read_mode","type":"enum","label":"Read method","description":"The method for reading records from the table","required":false,"masked":false,"hidden":false,"readonly":false,"uiOnly":false,"multiline":false,"multichoice":false,"default_value":"general","values":[{"value":"general","label":"General"},{"value":"select","label":"Select statement"}],"displayGroup":"generalSource","displayOrdinal":5,"user_defined":false},{"name":"rejected_filters","type":"string","label":"Rejected filters","description":"Inferred property that returns filters as Spark SQL that could not be pushed to the data source and still need to be evaluated","required":false,"masked":false,"hidden":true,"readonly":false,"uiOnly":false,"multiline":false,"multichoice":false,"displayGroup":"other","displayOrdinal":2147483647,"user_defined":false},{"name":"row_limit","type":"integer","label":"Row limit","description":"The maximum number of rows to return","placeholder":"1000","required":false,"masked":false,"hidden":false,"readonly":false,"uiOnly":false,"multiline":false,"multichoice":false,"displayGroup":"limitsSource","displayOrdinal":10,"user_defined":false},{"name":"schema_name","type":"string","label":"Schema name","description":"The name of the schema that contains the table to read from","required":false,"masked":false,"hidden":false,"readonly":false,"uiOnly":false,"multiline":false,"multichoice":false,"displayGroup":"generalSource","displayOrdinal":50,"user_defined":false},{"name":"select_statement","type":"string","label":"Select statement","description":"The SQL SELECT statement for retrieving data from the table","required":true,"masked":false,"hidden":false,"readonly":false,"uiOnly":false,"multiline":true,"multichoice":false,"displayGroup":"sqlSource","displayOrdinal":50,"user_defined":false},{"name":"table_name","type":"string","label":"Table name","description":"The name of the table to read from","required":true,"masked":false,"hidden":false,"readonly":false,"uiOnly":false,"multiline":false,"multichoice":false,"displayGroup":"generalSource","displayOrdinal":70,"user_defined":false}]},"location_definition":{"physical_location_code":"DAL","sovereign_location_code":"USA"}}}
