{"metadata":{"asset_id":"96fe2667-530a-44e6-928b-17b11e831464","asset_type":"connection","asset_category":"USER","create_time":"2022-10-21T19:08:54.000Z","creator_id":"IBMid-110000B3QC","project_id":"453f743c-b272-4445-96d6-cea56f26c5f6","resource_key":"ea660a45-a34d-4961-afb9-39875a62e7b4","usage":{"last_access_time":"2022-10-21T19:08:55.794Z","last_accessor_id":"iam-ServiceId-f49c5558-c247-4983-a04f-7d3c7a3d55da","access_count":0}},"entity":{"datasource_type":"49686982-255f-423a-a5de-d825bfc0abe3","description":"Connection to the Watson Query service that contains virtualized enterprise data needed by the business for analytics and AI.","name":"Data Virtualization","origin_country":"us","owner_id":"IBMid-110000B3QC","rov":{"mode":0},"properties":{"database":"bludb","auth_method":"apikey","instance_id":"ea660a45-a34d-4961-afb9-39875a62e7b4","port":"30321","api_key":"7iNDRRBkb2F9X41txPqlF1kX50OnTf1j1RjUtq6un_Yh","host":"ea660a45-a34d-4961-afb9-39875a62e7b4.c5otgped0ci5gst27kt0.databases.appdomain.cloud","ssl":"true"},"interaction_properties":{"source":[{"name":"_java._heap_size","type":"integer","label":"Heap size","description":"Specify the maximum Java Virtual Machine heap size in megabytes.","required":false,"masked":false,"hidden":false,"readonly":false,"uiOnly":false,"multiline":false,"multichoice":false,"default_value":"256","displayGroup":"other","displayOrdinal":2147483647,"supported_products":["datastage_scapi"],"user_defined":false},{"name":"byte_limit","type":"string","label":"Byte limit","description":"The maximum number of bytes to return. Use any of these suffixes; KB, MB, GB, or TB","placeholder":"100MB","required":false,"masked":false,"hidden":false,"readonly":false,"uiOnly":false,"multiline":false,"multichoice":false,"displayGroup":"limitsSource","displayOrdinal":20,"user_defined":false},{"name":"key_column_names","type":"string","label":"Key column names","description":"A comma separated list of column names to override the primary key used for partitioning","required":false,"masked":false,"hidden":true,"readonly":false,"uiOnly":false,"multiline":false,"multichoice":false,"displayGroup":"generalSource","displayOrdinal":70,"user_defined":false},{"name":"push_filters","type":"string","label":"Push filters","description":"Filters as Spark SQL to be pushed to the data source","required":false,"masked":false,"hidden":true,"readonly":false,"uiOnly":false,"multiline":false,"multichoice":false,"displayGroup":"other","displayOrdinal":2147483647,"user_defined":false},{"name":"pushed_filters","type":"string","label":"Pushed filters","description":"Inferred property that returns filters as Spark SQL that were pushed to the data source","required":false,"masked":false,"hidden":true,"readonly":false,"uiOnly":false,"multiline":false,"multichoice":false,"displayGroup":"other","displayOrdinal":2147483647,"user_defined":false},{"name":"rcp","type":"boolean","label":"Infer schema","description":"Obtain the schema from the data source","required":false,"masked":false,"hidden":true,"readonly":false,"uiOnly":false,"multiline":false,"multichoice":false,"default_value":"true","displayGroup":"other","displayOrdinal":2147483647,"user_defined":false},{"name":"read_mode","type":"enum","label":"Read method","description":"The method for reading records from the table","required":false,"masked":false,"hidden":false,"readonly":false,"uiOnly":false,"multiline":false,"multichoice":false,"default_value":"general","values":[{"value":"general","label":"General"},{"value":"select","label":"Select statement"}],"displayGroup":"generalSource","displayOrdinal":5,"user_defined":false},{"name":"rejected_filters","type":"string","label":"Rejected filters","description":"Inferred property that returns filters as Spark SQL that could not be pushed to the data source and still need to be evaluated","required":false,"masked":false,"hidden":true,"readonly":false,"uiOnly":false,"multiline":false,"multichoice":false,"displayGroup":"other","displayOrdinal":2147483647,"user_defined":false},{"name":"row_limit","type":"integer","label":"Row limit","description":"The maximum number of rows to return","placeholder":"1000","required":false,"masked":false,"hidden":false,"readonly":false,"uiOnly":false,"multiline":false,"multichoice":false,"displayGroup":"limitsSource","displayOrdinal":10,"user_defined":false},{"name":"schema_name","type":"string","label":"Schema name","description":"The name of the schema that contains the table to read from","required":false,"masked":false,"hidden":false,"readonly":false,"uiOnly":false,"multiline":false,"multichoice":false,"displayGroup":"generalSource","displayOrdinal":50,"user_defined":false},{"name":"select_statement","type":"string","label":"Select statement","description":"The SQL SELECT statement for retrieving data from the table","required":true,"masked":false,"hidden":false,"readonly":false,"uiOnly":false,"multiline":true,"multichoice":false,"displayGroup":"sqlSource","displayOrdinal":50,"user_defined":false},{"name":"table_name","type":"string","label":"Table name","description":"The name of the table to read from","required":true,"masked":false,"hidden":false,"readonly":false,"uiOnly":false,"multiline":false,"multichoice":false,"displayGroup":"generalSource","displayOrdinal":70,"user_defined":false}]},"location_definition":{"physical_location_code":"DAL","sovereign_location_code":"USA"}}}
