{"metadata":{"asset_id":"665a7cfb-585d-4209-83c0-0f060ae35ec1","asset_type":"connection","asset_category":"USER","create_time":"2023-06-26T20:19:34.000Z","creator_id":"IBMid-6650014XQR","project_id":"b57f8835-6a45-420c-9c8d-ae31a7b2ea95","resource_key":"0000:0000:0000:0000:0000:FFFF:A93B:E957|50001|BLUDB","usage":{"last_access_time":"2023-06-26T20:19:34.461Z","last_accessor_id":"iam-ServiceId-f49c5558-c247-4983-a04f-7d3c7a3d55da","access_count":0}},"entity":{"datasource_type":"cfdcb449-1204-44ba-baa6-9a8a878e6aa7","description":"Database that contains enterprise data needed by the business for analytics and AI.","name":"Data Warehouse","origin_country":"us","owner_id":"IBMid-6650014XQR","rov":{"mode":0},"properties":{"database":"BLUDB","auth_method":"username_password","password":"C!oudP@k4DataDem0s","port":"50001","host":"db2w-ovqfeqq.us-south.db2w.cloud.ibm.com","ssl":"true","username":"cpdemo"},"interaction_properties":{"source":[{"name":"_java._heap_size","type":"integer","label":"Heap size","description":"Specify the maximum Java Virtual Machine heap size in megabytes.","required":false,"masked":false,"hidden":false,"readonly":false,"uiOnly":false,"multiline":false,"multichoice":false,"default_value":"256","displayGroup":"other","displayOrdinal":2147483647,"supported_products":["datastage_scapi"],"user_defined":false},{"name":"before_after.after","type":"string","label":"After SQL","description":"Enter the SQL statement or the fully-qualified name of the file that contains the SQL statement to run once after all data is processed.","required":false,"masked":false,"hidden":false,"readonly":false,"uiOnly":false,"multiline":true,"multichoice":false,"default_value":"","displayGroup":"before_after","displayOrdinal":300,"supported_products":["datastage_scapi"],"user_defined":false},{"name":"before_after.after.fail_on_error","type":"boolean","label":"Fail on error After SQL","description":"Abort the job if there is an error executing a command","required":false,"masked":false,"hidden":false,"readonly":false,"uiOnly":false,"multiline":false,"multichoice":false,"default_value":"true","displayGroup":"before_after","displayOrdinal":400,"supported_products":["datastage_scapi"],"user_defined":false},{"name":"before_after.after_node","type":"string","label":"After SQL (node)","description":"Enter the SQL statement or the fully-qualified name of the file that contains the SQL statement to run once one each node after all data is processed on that node.","required":false,"masked":false,"hidden":false,"readonly":false,"uiOnly":false,"multiline":true,"multichoice":false,"default_value":"","displayGroup":"before_after","displayOrdinal":700,"supported_products":["datastage_scapi"],"user_defined":false},{"name":"before_after.after_node.fail_on_error","type":"boolean","label":"Fail on error After SQL (node)","description":"Abort the job if there is an error executing a command","required":false,"masked":false,"hidden":false,"readonly":false,"uiOnly":false,"multiline":false,"multichoice":false,"default_value":"true","displayGroup":"before_after","displayOrdinal":800,"supported_products":["datastage_scapi"],"user_defined":false},{"name":"before_after.before","type":"string","label":"Before SQL","description":"Enter the SQL statement or the fully-qualified name of the file that contains the SQL statement to run once before any data is processed.","required":false,"masked":false,"hidden":false,"readonly":false,"uiOnly":false,"multiline":true,"multichoice":false,"default_value":"","displayGroup":"before_after","displayOrdinal":100,"supported_products":["datastage_scapi"],"user_defined":false},{"name":"before_after.before.fail_on_error","type":"boolean","label":"Fail on error Before SQL","description":"Abort the job if there is an error executing a command","required":false,"masked":false,"hidden":false,"readonly":false,"uiOnly":false,"multiline":false,"multichoice":false,"default_value":"true","displayGroup":"before_after","displayOrdinal":200,"supported_products":["datastage_scapi"],"user_defined":false},{"name":"before_after.before_node","type":"string","label":"Before SQL (node)","description":"Enter the SQL statement or the fully-qualified name of the file that contains the SQL statement to run once on each node before any data is processed on that node.","required":false,"masked":false,"hidden":false,"readonly":false,"uiOnly":false,"multiline":true,"multichoice":false,"default_value":"","displayGroup":"before_after","displayOrdinal":500,"supported_products":["datastage_scapi"],"user_defined":false},{"name":"before_after.before_node.fail_on_error","type":"boolean","label":"Fail on error Before SQL (node)","description":"Abort the job if there is an error executing a command","required":false,"masked":false,"hidden":false,"readonly":false,"uiOnly":false,"multiline":false,"multichoice":false,"default_value":"true","displayGroup":"before_after","displayOrdinal":600,"supported_products":["datastage_scapi"],"user_defined":false},{"name":"byte_limit","type":"string","label":"Byte limit","description":"The maximum number of bytes to return. Use any of following suffixes to change the unit: KB, MB, GB, or TB. A value of 0 returns all data.","placeholder":"100MB","required":false,"masked":false,"hidden":false,"readonly":false,"uiOnly":false,"multiline":false,"multichoice":false,"displayGroup":"limitsSource","displayOrdinal":20,"user_defined":false},{"name":"call_statement","type":"string","label":"Call procedure statement","description":"The SQL statement to execute the stored procedure","required":false,"masked":false,"hidden":false,"readonly":false,"uiOnly":false,"multiline":true,"multichoice":false,"displayGroup":"sqlSource","displayOrdinal":50,"user_defined":false},{"name":"decimal_rounding_mode","type":"enum","label":"Decimal Rounding Mode","description":"Different rounding modes for values in columns of decimal and numeric data types","required":false,"masked":false,"hidden":false,"readonly":false,"uiOnly":false,"multiline":false,"multichoice":false,"default_value":"floor","values":[{"value":"ceiling","label":"Ceiling"},{"value":"down","label":"Down"},{"value":"floor","label":"Floor"},{"value":"halfdown","label":"Half Down"},{"value":"halfeven","label":"Half Even"},{"value":"halfup","label":"Half up"},{"value":"up","label":"Up"}],"displayGroup":"generalSource","displayOrdinal":100,"user_defined":false},{"name":"default_max_string_binary_precision","type":"integer","label":"Default maximum length for columns","description":"Default maximum length for columns. This property can be set/is applicable only when runtime column propagation is used","required":false,"masked":false,"hidden":false,"readonly":false,"uiOnly":false,"multiline":false,"multichoice":false,"default_value":"20000","displayGroup":"generalSource","displayOrdinal":2000,"supported_products":["datastage_scapi"],"user_defined":false},{"name":"generate_unicode_columns","type":"boolean","label":"Generate unicode type columns","description":"Generate unicode type columns. This property can be set/is applicable only when runtime column propagation is used","required":false,"masked":false,"hidden":false,"readonly":false,"uiOnly":false,"multiline":false,"multichoice":false,"default_value":"false","displayGroup":"generalSource","displayOrdinal":0,"supported_products":["datastage_scapi"],"user_defined":false},{"name":"key_column_names","type":"string","label":"Key column names","description":"A comma separated list of column names to override the primary key used for partitioning","required":false,"masked":false,"hidden":true,"readonly":false,"uiOnly":false,"multiline":false,"multichoice":false,"displayGroup":"generalSource","displayOrdinal":70,"user_defined":false},{"name":"procedure_name","type":"string","label":"Procedure name","description":"The name of the stored procedure to be executed","required":false,"masked":false,"hidden":false,"readonly":false,"uiOnly":false,"multiline":false,"multichoice":false,"displayGroup":"generalSource","displayOrdinal":50,"supported_products":["datastage_scapi"],"user_defined":false},{"name":"push_filters","type":"string","label":"Push filters","description":"Filters as Spark SQL to be pushed to the data source","required":false,"masked":false,"hidden":true,"readonly":false,"uiOnly":false,"multiline":false,"multichoice":false,"displayGroup":"other","displayOrdinal":2147483647,"user_defined":false},{"name":"pushed_filters","type":"string","label":"Pushed filters","description":"Inferred property that returns filters as Spark SQL that were pushed to the data source","required":false,"masked":false,"hidden":true,"readonly":false,"uiOnly":false,"multiline":false,"multichoice":false,"displayGroup":"other","displayOrdinal":2147483647,"user_defined":false},{"name":"query_timeout","type":"integer","label":"Query Timeout","description":"Specify the Query Timeout. If not specified the default value of 300 seconds or 5 minutes will be used.","required":false,"masked":false,"hidden":false,"readonly":false,"uiOnly":false,"multiline":false,"multichoice":false,"displayGroup":"generalSource","displayOrdinal":100,"user_defined":false},{"name":"rcp","type":"boolean","label":"Infer schema","description":"Obtain the schema from the data source","required":false,"masked":false,"hidden":true,"readonly":false,"uiOnly":false,"multiline":false,"multichoice":false,"default_value":"true","displayGroup":"other","displayOrdinal":2147483647,"user_defined":false},{"name":"read_mode","type":"enum","label":"Read method","description":"The method for reading records from the table","required":false,"masked":false,"hidden":false,"readonly":false,"uiOnly":false,"multiline":false,"multichoice":false,"default_value":"general","values":[{"value":"call","label":"Call procedure","supported_products":["datastage_scapi"]},{"value":"call_statement","label":"Call procedure statement","supported_products":["datastage_scapi"]},{"value":"general","label":"General"},{"value":"select","label":"Select statement"}],"displayGroup":"generalSource","displayOrdinal":5,"user_defined":false},{"name":"rejected_filters","type":"string","label":"Rejected filters","description":"Inferred property that returns filters as Spark SQL that could not be pushed to the data source and still need to be evaluated","required":false,"masked":false,"hidden":true,"readonly":false,"uiOnly":false,"multiline":false,"multichoice":false,"displayGroup":"other","displayOrdinal":2147483647,"user_defined":false},{"name":"row_limit","type":"integer","label":"Row limit","description":"The maximum number of rows to return","placeholder":"1000","required":false,"masked":false,"hidden":false,"readonly":false,"uiOnly":false,"multiline":false,"multichoice":false,"displayGroup":"limitsSource","displayOrdinal":10,"user_defined":false},{"name":"schema_name","type":"string","label":"Schema name","description":"The name of the schema that contains the table to read from","required":false,"masked":false,"hidden":false,"readonly":false,"uiOnly":false,"multiline":false,"multichoice":false,"displayGroup":"generalSource","displayOrdinal":50,"user_defined":false},{"name":"select_statement","type":"string","label":"Select statement","description":"The SQL SELECT statement for retrieving data from the table","required":true,"masked":false,"hidden":false,"readonly":false,"uiOnly":false,"multiline":true,"multichoice":false,"displayGroup":"sqlSource","displayOrdinal":50,"user_defined":false},{"name":"table_name","type":"string","label":"Table name","description":"The name of the table to read from","required":true,"masked":false,"hidden":false,"readonly":false,"uiOnly":false,"multiline":false,"multichoice":false,"displayGroup":"generalSource","displayOrdinal":70,"user_defined":false},{"name":"transform","type":"string","label":"Transform","description":"Specifies if the transform capability is used","required":false,"masked":false,"hidden":true,"readonly":false,"uiOnly":false,"multiline":false,"multichoice":false,"default_value":"false","displayGroup":"generalSource","displayOrdinal":2147483647,"user_defined":false}],"target":[{"name":"_java._heap_size","type":"integer","label":"Heap size","description":"Specify the maximum Java Virtual Machine heap size in megabytes.","required":false,"masked":false,"hidden":false,"readonly":false,"uiOnly":false,"multiline":false,"multichoice":false,"default_value":"256","displayGroup":"other","displayOrdinal":2147483647,"supported_products":["datastage_scapi"],"user_defined":false},{"name":"batch_size","type":"integer","label":"Batch size","description":"Number of records to be included in each batch","required":false,"masked":false,"hidden":false,"readonly":false,"uiOnly":false,"multiline":false,"multichoice":false,"default_value":"2000","displayGroup":"other","displayOrdinal":2147483647,"supported_products":["datastage_scapi"],"user_defined":false},{"name":"before_after.after","type":"string","label":"After SQL","description":"Enter the SQL statement or the fully-qualified name of the file that contains the SQL statement to run once after all data is processed.","required":false,"masked":false,"hidden":false,"readonly":false,"uiOnly":false,"multiline":true,"multichoice":false,"default_value":"","displayGroup":"before_after","displayOrdinal":300,"supported_products":["datastage_scapi"],"user_defined":false},{"name":"before_after.after.fail_on_error","type":"boolean","label":"Fail on error After SQL","description":"Abort the job if there is an error executing a command","required":false,"masked":false,"hidden":false,"readonly":false,"uiOnly":false,"multiline":false,"multichoice":false,"default_value":"true","displayGroup":"before_after","displayOrdinal":400,"supported_products":["datastage_scapi"],"user_defined":false},{"name":"before_after.after_node","type":"string","label":"After SQL (node)","description":"Enter the SQL statement or the fully-qualified name of the file that contains the SQL statement to run once one each node after all data is processed on that node.","required":false,"masked":false,"hidden":false,"readonly":false,"uiOnly":false,"multiline":true,"multichoice":false,"default_value":"","displayGroup":"before_after","displayOrdinal":700,"supported_products":["datastage_scapi"],"user_defined":false},{"name":"before_after.after_node.fail_on_error","type":"boolean","label":"Fail on error After SQL (node)","description":"Abort the job if there is an error executing a command","required":false,"masked":false,"hidden":false,"readonly":false,"uiOnly":false,"multiline":false,"multichoice":false,"default_value":"true","displayGroup":"before_after","displayOrdinal":800,"supported_products":["datastage_scapi"],"user_defined":false},{"name":"before_after.before","type":"string","label":"Before SQL","description":"Enter the SQL statement or the fully-qualified name of the file that contains the SQL statement to run once before any data is processed.","required":false,"masked":false,"hidden":false,"readonly":false,"uiOnly":false,"multiline":true,"multichoice":false,"default_value":"","displayGroup":"before_after","displayOrdinal":100,"supported_products":["datastage_scapi"],"user_defined":false},{"name":"before_after.before.fail_on_error","type":"boolean","label":"Fail on error Before SQL","description":"Abort the job if there is an error executing a command","required":false,"masked":false,"hidden":false,"readonly":false,"uiOnly":false,"multiline":false,"multichoice":false,"default_value":"true","displayGroup":"before_after","displayOrdinal":200,"supported_products":["datastage_scapi"],"user_defined":false},{"name":"before_after.before_node","type":"string","label":"Before SQL (node)","description":"Enter the SQL statement or the fully-qualified name of the file that contains the SQL statement to run once on each node before any data is processed on that node.","required":false,"masked":false,"hidden":false,"readonly":false,"uiOnly":false,"multiline":true,"multichoice":false,"default_value":"","displayGroup":"before_after","displayOrdinal":500,"supported_products":["datastage_scapi"],"user_defined":false},{"name":"before_after.before_node.fail_on_error","type":"boolean","label":"Fail on error Before SQL (node)","description":"Abort the job if there is an error executing a command","required":false,"masked":false,"hidden":false,"readonly":false,"uiOnly":false,"multiline":false,"multichoice":false,"default_value":"true","displayGroup":"before_after","displayOrdinal":600,"supported_products":["datastage_scapi"],"user_defined":false},{"name":"call_each_row","type":"boolean","label":"Execute procedure for each row","description":"Executes procedure for each row","required":false,"masked":false,"hidden":false,"readonly":false,"uiOnly":false,"multiline":false,"multichoice":false,"default_value":"true","displayGroup":"generalTarget","displayOrdinal":75,"supported_products":["datastage_scapi"],"user_defined":false},{"name":"call_statement","type":"string","label":"Call procedure statement","description":"The SQL statement to execute the stored procedure","required":false,"masked":false,"hidden":false,"readonly":false,"uiOnly":false,"multiline":true,"multichoice":false,"displayGroup":"sqlTarget","displayOrdinal":50,"supported_products":["datastage_scapi"],"user_defined":false},{"name":"create_statement","type":"string","label":"Create statement","description":"The Create DDL statement for recreating the target table","required":false,"masked":false,"hidden":false,"readonly":false,"uiOnly":false,"multiline":true,"multichoice":false,"displayGroup":"sqlTarget","displayOrdinal":5,"user_defined":false},{"name":"existing_table_action","type":"enum","label":"Table action","description":"The action to take on the target table, if it already exists, to handle the existing and new data sets","required":false,"masked":false,"hidden":true,"readonly":false,"uiOnly":false,"multiline":false,"multichoice":false,"default_value":"append","values":[{"value":"append","label":"Append"},{"value":"merge","label":"Merge"},{"value":"replace","label":"Replace"},{"value":"truncate","label":"Truncate"},{"value":"update","label":"Updated"}],"displayGroup":"other","displayOrdinal":2147483647,"user_defined":false},{"name":"key_column_names","type":"string","label":"Key column names","description":"A comma separated list of column names to override the primary key used during an update or merge","required":false,"masked":false,"hidden":false,"readonly":false,"uiOnly":false,"multiline":false,"multichoice":false,"displayGroup":"generalTarget","displayOrdinal":60,"user_defined":false},{"name":"procedure_name","type":"string","label":"Stored procedure name","description":"The name of the stored procedure to be executed","required":false,"masked":false,"hidden":false,"readonly":false,"uiOnly":false,"multiline":false,"multichoice":false,"displayGroup":"generalTarget","displayOrdinal":50,"supported_products":["datastage_scapi"],"user_defined":false},{"name":"query_timeout","type":"integer","label":"Query Timeout","description":"Specify the Query Timeout. If not specified the default value of 300 seconds or 5 minutes will be used.","required":false,"masked":false,"hidden":false,"readonly":false,"uiOnly":false,"multiline":false,"multichoice":false,"displayGroup":"generalTarget","displayOrdinal":100,"user_defined":false},{"name":"schema_name","type":"string","label":"Schema name","description":"The name of the schema that contains the table to write to","required":false,"masked":false,"hidden":false,"readonly":false,"uiOnly":false,"multiline":false,"multichoice":false,"displayGroup":"generalTarget","displayOrdinal":30,"user_defined":false},{"name":"static_statement","type":"string","label":"Static statement","description":"The SQL used for setup operations, for example a CREATE statement","required":true,"masked":false,"hidden":false,"readonly":false,"uiOnly":false,"multiline":true,"multichoice":false,"displayGroup":"sqlTarget","displayOrdinal":20,"user_defined":false},{"name":"table_action","type":"enum","label":"Table action","description":"The action to take on the target table to handle the new data set","required":false,"masked":false,"hidden":false,"readonly":false,"uiOnly":false,"multiline":false,"multichoice":false,"default_value":"append","values":[{"value":"append","label":"Append"},{"value":"replace","label":"Replace"},{"value":"truncate","label":"Truncate"}],"displayGroup":"generalTarget","displayOrdinal":50,"user_defined":false},{"name":"table_name","type":"string","label":"Table name","description":"The name of the table to write to","required":false,"masked":false,"hidden":false,"readonly":false,"uiOnly":false,"multiline":false,"multichoice":false,"displayGroup":"generalTarget","displayOrdinal":40,"user_defined":false},{"name":"update_statement","type":"string","label":"Update statement","description":"The SQL INSERT, UPDATE, MERGE, or DELETE statement for updating data in the table.","required":false,"masked":false,"hidden":false,"readonly":false,"uiOnly":false,"multiline":true,"multichoice":false,"displayGroup":"sqlTarget","displayOrdinal":10,"user_defined":false},{"name":"write_mode","type":"enum","label":"Write mode","description":"The mode for writing records to the target table","required":false,"masked":false,"hidden":false,"readonly":false,"uiOnly":false,"multiline":false,"multichoice":false,"default_value":"insert","values":[{"value":"call","label":"Call procedure","supported_products":["datastage_scapi"]},{"value":"call_statement","label":"Call procedure statement","supported_products":["datastage_scapi"]},{"value":"insert","label":"Insert"},{"value":"merge","label":"Merge"},{"value":"static_statement","label":"Static statement","supported_products":["catalog","cde","cdeonprem","cpd","dashboards","dashboardsonprem","dv","dvaas_ga","igc","mde","mdi","ml","replication","studio"]},{"value":"update","label":"Update"},{"value":"update_statement","label":"Update statement","supported_products":["catalog","cde","cdeonprem","cpd","dashboards","dashboardsonprem","datastage","datastage_scapi","dv","dvaas_ga","igc","mde","mdi","ml","replication","studio"]},{"value":"update_statement_table_action","label":"Update statement with table action","supported_products":["catalog","cde","cdeonprem","cpd","dashboards","dashboardsonprem","datastage","datastage_scapi","dv","dvaas_ga","igc","mde","mdi","ml","replication","studio"]}],"displayGroup":"generalTarget","displayOrdinal":10,"user_defined":false}]}}}
