[{"metadata":{"asset_id":"5e6ee8ab-7070-4026-99d7-7ea3164dafbc","asset_type":"data_intg_flow","catalog_id":"1eac8b21-251b-4f96-ab5a-7ee3a13457ab","create_time":"2022-07-21T19:50:05.000Z","creator_id":"IBMid-6650014XQR","name":"Employee Data","origin_country":"us","size":97647,"project_id":"4255f6c4-9518-4c4f-8fce-f9a7f23fc0a1","resource_key":"4255f6c4-9518-4c4f-8fce-f9a7f23fc0a1/data_intg_flow/Employee Data","usage":{"last_access_time":"2022-07-27T19:16:38.201Z","last_accessor_id":"IBMid-550002XUSA","access_count":0}},"entity":{"data_intg_flow":{"mime_type":"application/json","dataset":false}},"attachments":[{"test_doc":0,"object_key":"data_intg_flow/4255f6c4-9518-4c4f-8fce-f9a7f23fc0a15e6ee8ab-7070-4026-99d7-7ea3164dafbcpx_executables","create_time":1658865267480,"complete_time_ticks":1658865267480,"mime":"application/octet-stream","usage":{"access_count":0,"last_accessor_id":"IBMid-550002XUSA","last_access_time":1658865267480},"is_remote":false,"handle":{"bucket":"datafabricoutcomes-donotdelete-pr-kvmuq8rbmghno4","max_part_num":1,"upload_id":"done","location":"us-geo","key":"data_intg_flow/4255f6c4-9518-4c4f-8fce-f9a7f23fc0a15e6ee8ab-7070-4026-99d7-7ea3164dafbcpx_executables"},"is_user_provided_path_key":true,"user_data":{},"version":2,"size":6031,"is_partitioned":false,"datasource_type":"193a97c1-4475-4a19-b90c-295c4fdc6517","transfer_complete":true,"asset_type":"data_intg_flow","name":"px_executables","creator_id":"IBMid-550002XUSA","id":"6173fcbe-14cd-49b5-ba2e-be7571ffc66d","is_referenced":true,"is_managed":false,"is_object_key_read_only":false},{"test_doc":0,"object_key":"data_intg_flow/4255f6c4-9518-4c4f-8fce-f9a7f23fc0a15e6ee8ab-7070-4026-99d7-7ea3164dafbc","create_time":1658949398200,"complete_time_ticks":1658949398200,"mime":"application/json","usage":{"access_count":0,"last_accessor_id":"IBMid-550002XUSA","last_access_time":1658949398200},"is_remote":false,"handle":{"bucket":"datafabricoutcomes-donotdelete-pr-kvmuq8rbmghno4","max_part_num":1,"upload_id":"done","location":"us-geo","key":"data_intg_flow/4255f6c4-9518-4c4f-8fce-f9a7f23fc0a15e6ee8ab-7070-4026-99d7-7ea3164dafbc"},"is_user_provided_path_key":true,"user_data":{},"version":2,"size":91616,"is_partitioned":false,"datasource_type":"193a97c1-4475-4a19-b90c-295c4fdc6517","transfer_complete":true,"asset_type":"data_intg_flow","name":"data_intg_flows","creator_id":"IBMid-550002XUSA","id":"d0431142-0d6e-4adf-8456-139046f6b1ce","is_referenced":true,"is_managed":false,"is_object_key_read_only":false}]}]
