[{"metadata":{"asset_id":"0c601c49-a2d1-4ae1-9b02-e351e49f7a73","asset_type":"data_intg_flow","catalog_id":"78a68f10-c08a-4f14-892a-204deebef1db","create_time":"2023-08-16T18:13:12.000Z","creator_id":"IBMid-6650014XQR","name":"Employee Data","origin_country":"us","size":103714,"project_id":"65f24cd6-dc8d-406f-87e9-c99f949579cd","resource_key":"65f24cd6-dc8d-406f-87e9-c99f949579cd/data_intg_flow/Employee Data","usage":{"last_update_time":"2023-08-16T18:13:14.872Z","last_updated_at":"2023-08-16T18:13:14Z","last_updater_id":"iam-ServiceId-f49c5558-c247-4983-a04f-7d3c7a3d55da","access_count":0,"last_accessed_at":"2023-08-16T18:13:14Z","last_accessor_id":"iam-ServiceId-f49c5558-c247-4983-a04f-7d3c7a3d55da","last_access_time":"2023-08-16T18:13:14.872Z"}},"entity":{"data_intg_flow":{"mime_type":"application/json","dataset":false}},"attachments":[{"test_doc":0,"object_key":"data_intg_flow/b57f8835-6a45-420c-9c8d-ae31a7b2ea9542279e79-8c5f-4bad-90f1-ceb01db55246px_executables","create_time":1692209592333,"complete_time_ticks":1692209592333,"mime":"application/octet-stream","usage":{"access_count":0,"last_accessor_id":"iam-ServiceId-f49c5558-c247-4983-a04f-7d3c7a3d55da","last_access_time":1692209592333},"is_remote":false,"description":"","handle":{"bucket":"datafabricoutcomesmaster-donotdelete-pr-t1cznfpejagbzl","max_part_num":1,"upload_id":"done","location":"us-south","type":"bluemix_cos","key":"data_intg_flow/b57f8835-6a45-420c-9c8d-ae31a7b2ea9542279e79-8c5f-4bad-90f1-ceb01db55246px_executables"},"is_user_provided_path_key":true,"user_data":{},"version":2,"size":6480,"is_partitioned":false,"datasource_type":"193a97c1-4475-4a19-b90c-295c4fdc6517","transfer_complete":true,"asset_type":"data_intg_flow","name":"px_executables","creator_id":"iam-ServiceId-f49c5558-c247-4983-a04f-7d3c7a3d55da","id":"ed126fe8-17b4-4a5f-a231-ea3e9800b7b3","is_referenced":true,"is_managed":false,"is_object_key_read_only":false},{"test_doc":0,"object_key":"data_intg_flow/65f24cd6-dc8d-406f-87e9-c99f949579cd0c601c49-a2d1-4ae1-9b02-e351e49f7a73","create_time":1692209594871,"complete_time_ticks":1692209594871,"mime":"application/json","usage":{"access_count":0,"last_accessor_id":"iam-ServiceId-f49c5558-c247-4983-a04f-7d3c7a3d55da","last_access_time":1692209594871},"is_remote":false,"handle":{"bucket":"datafabricoutcomesmaster-donotdelete-pr-t1cznfpejagbzl","max_part_num":1,"upload_id":"done","location":"us-south","type":"bluemix_cos","key":"data_intg_flow/65f24cd6-dc8d-406f-87e9-c99f949579cd0c601c49-a2d1-4ae1-9b02-e351e49f7a73"},"is_user_provided_path_key":true,"user_data":{},"version":2,"size":97234,"is_partitioned":false,"datasource_type":"193a97c1-4475-4a19-b90c-295c4fdc6517","transfer_complete":true,"asset_type":"data_intg_flow","name":"data_intg_flows","creator_id":"iam-ServiceId-f49c5558-c247-4983-a04f-7d3c7a3d55da","id":"98cb7113-687e-4bb4-8e52-166885b93e61","is_referenced":true,"is_managed":false,"is_object_key_read_only":false}]}]
