{"metadata":{"asset_id":"9f9010d8-5a37-4336-b7aa-cf3f67601957","asset_attributes":["data_asset","location_definition"],"name":"autoai_setup.csv","asset_type":"data_asset","created_at":"2022-08-08T15:09:28Z","description":"","origin_country":"us","owner_id":"IBMid-6650014XQR","project_id":"8e46b24b-07f2-4b47-b978-5fe979324974","size":20334,"tags":[],"usage":{"last_update_time":1659971368871,"last_updated_at":"2022-08-08T15:09:28Z"}},"entity":{"data_asset":{"mime_type":"text/csv","dataset":false},"location_definition":{"physical_location_code":"DAL","physical_location_code_assigned_by":"IBMid-663002W4X7","physical_location_code_rds_id":"c57cb90f-2126-3800-9c9f-9eab82021cdf","physical_location_code_rds_version":"test_version_noop","physical_location_code_assignment_method":"INFERRED","physical_location_code_added_on":"1646668127892"}},"attachments":[{"id":"6543b748-b376-437b-8caa-50714975e411","version":2,"asset_type":"data_asset","name":"autoai_setup.csv","mime":"text/csv","datasource_type":"193a97c1-4475-4a19-b90c-295c4fdc6517","object_key":"autoai_setup.csv","creator_id":"iam-ServiceId-f49c5558-c247-4983-a04f-7d3c7a3d55da","create_time":1659971368764,"size":20334,"is_remote":false,"is_managed":false,"is_referenced":true,"is_object_key_read_only":false,"is_user_provided_path_key":true,"transfer_complete":true,"is_partitioned":false,"complete_time_ticks":1659971368764,"user_data":{},"test_doc":0,"handle":{"bucket":"datafabricoutcomesproduction-donotdelete-pr-zlxklyevmmt08q","location":"us-geo","key":"autoai_setup.csv","upload_id":"done","max_part_num":1},"usage":{"access_count":0,"last_accessor_id":"iam-ServiceId-f49c5558-c247-4983-a04f-7d3c7a3d55da","last_access_time":1659971368764}}]}
