{"metadata":{"asset_id":"e49b9767-5431-4158-8d36-9dc1282573b0","asset_attributes":["data_asset","location_definition"],"name":"autoai_setup.csv","asset_type":"data_asset","created_at":"2023-08-17T20:59:49Z","description":"","origin_country":"us","owner_id":"IBMid-6650014XQR","project_id":"821d3b05-55da-4014-888b-6eb0218b329e","size":20334,"tags":[],"usage":{"last_update_time":1692305989943,"last_updated_at":"2023-08-17T20:59:49Z"}},"entity":{"data_asset":{"mime_type":"text/csv","dataset":false},"location_definition":{"physical_location_code":"DAL","physical_location_code_assigned_by":"IBMid-663002W4X7","physical_location_code_rds_id":"c57cb90f-2126-3800-9c9f-9eab82021cdf","physical_location_code_rds_version":"test_version_noop","physical_location_code_assignment_method":"INFERRED","physical_location_code_added_on":"1646668127892"}},"attachments":[{"id":"3939ab84-7f14-44ac-9ad5-91c0e0f745bd","version":2,"asset_type":"data_asset","name":"autoai_setup.csv","mime":"text/csv","datasource_type":"193a97c1-4475-4a19-b90c-295c4fdc6517","object_key":"autoai_setup.csv","creator_id":"iam-ServiceId-f49c5558-c247-4983-a04f-7d3c7a3d55da","create_time":1692305989796,"size":20334,"is_remote":false,"is_managed":false,"is_referenced":true,"is_object_key_read_only":false,"is_user_provided_path_key":true,"transfer_complete":true,"is_partitioned":false,"complete_time_ticks":1692305989796,"user_data":{},"test_doc":0,"handle":{"bucket":"datafabricoutcomes-donotdelete-pr-0tfrcrtam4kuhw","location":"us-south","type":"bluemix_cos","key":"autoai_setup.csv","upload_id":"done","max_part_num":1},"usage":{"access_count":0,"last_accessor_id":"iam-ServiceId-f49c5558-c247-4983-a04f-7d3c7a3d55da","last_access_time":1692305989796}}]}
