{"metadata":{"asset_id":"64b103d1-47c8-426b-b491-eadf9a864c7b","asset_attributes":["data_asset","location_definition"],"name":"datastage-setup","asset_type":"data_asset","created_at":"2023-08-17T20:59:49Z","description":"","origin_country":"us","owner_id":"IBMid-6650014XQR","project_id":"821d3b05-55da-4014-888b-6eb0218b329e","size":494,"tags":[],"usage":{"last_update_time":1692305990483,"last_updated_at":"2023-08-17T20:59:50Z"}},"entity":{"data_asset":{"mime_type":"text/csv","dataset":false},"location_definition":{"physical_location_code":"DAL","physical_location_code_assigned_by":"IBMid-663002W4X7","physical_location_code_rds_id":"c57cb90f-2126-3800-9c9f-9eab82021cdf","physical_location_code_rds_version":"test_version_noop","physical_location_code_assignment_method":"INFERRED","physical_location_code_added_on":"1646668127892"}},"attachments":[{"id":"7f87525f-09f2-4db4-9e76-2d2ceef08aa0","version":2,"asset_type":"data_asset","name":"datastage-setup.csv","mime":"text/csv","datasource_type":"193a97c1-4475-4a19-b90c-295c4fdc6517","object_key":"datastage-setup.csv","creator_id":"iam-ServiceId-f49c5558-c247-4983-a04f-7d3c7a3d55da","create_time":1692305990397,"size":494,"is_remote":false,"is_managed":false,"is_referenced":true,"is_object_key_read_only":false,"is_user_provided_path_key":true,"transfer_complete":true,"is_partitioned":false,"complete_time_ticks":1692305990397,"user_data":{},"test_doc":0,"handle":{"bucket":"datafabricoutcomes-donotdelete-pr-0tfrcrtam4kuhw","location":"us-south","type":"bluemix_cos","key":"datastage-setup.csv","upload_id":"done","max_part_num":1},"usage":{"access_count":0,"last_accessor_id":"iam-ServiceId-f49c5558-c247-4983-a04f-7d3c7a3d55da","last_access_time":1692305990397}}]}
