{"metadata":{"asset_id":"d5bd146b-cdae-4607-9e0d-2bb060547cc3","asset_attributes":["data_asset","location_definition"],"name":"datastage-setup","asset_type":"data_asset","created_at":"2023-08-16T18:13:10Z","description":"","origin_country":"us","owner_id":"IBMid-6650014XQR","project_id":"65f24cd6-dc8d-406f-87e9-c99f949579cd","size":494,"tags":[],"usage":{"last_update_time":1692209591282,"last_updated_at":"2023-08-16T18:13:11Z"}},"entity":{"data_asset":{"mime_type":"text/csv","dataset":false},"location_definition":{"physical_location_code":"DAL","physical_location_code_assigned_by":"IBMid-663002W4X7","physical_location_code_rds_id":"c57cb90f-2126-3800-9c9f-9eab82021cdf","physical_location_code_rds_version":"test_version_noop","physical_location_code_assignment_method":"INFERRED","physical_location_code_added_on":"1646668127892"}},"attachments":[{"id":"4e0ed6dd-b5ef-442f-bc5f-bf83525b5283","version":2,"asset_type":"data_asset","name":"datastage-setup.csv","mime":"text/csv","datasource_type":"193a97c1-4475-4a19-b90c-295c4fdc6517","object_key":"datastage-setup.csv","creator_id":"iam-ServiceId-f49c5558-c247-4983-a04f-7d3c7a3d55da","create_time":1692209591217,"size":494,"is_remote":false,"is_managed":false,"is_referenced":true,"is_object_key_read_only":false,"is_user_provided_path_key":true,"transfer_complete":true,"is_partitioned":false,"complete_time_ticks":1692209591217,"user_data":{},"test_doc":0,"handle":{"bucket":"datafabricoutcomesmaster-donotdelete-pr-t1cznfpejagbzl","location":"us-south","type":"bluemix_cos","key":"datastage-setup.csv","upload_id":"done","max_part_num":1},"usage":{"access_count":0,"last_accessor_id":"iam-ServiceId-f49c5558-c247-4983-a04f-7d3c7a3d55da","last_access_time":1692209591217}}]}
