[{"metadata":{"asset_id":"b8d3632a-2d8b-40ae-9f36-a76a6dbb2757","asset_type":"data_intg_flow","catalog_id":"199a8320-ea57-44c8-8a6c-d11bb1e91193","create_time":"2022-10-21T19:08:59.000Z","creator_id":"IBMid-110000B3QC","name":"Employee Data","origin_country":"us","size":93195,"project_id":"453f743c-b272-4445-96d6-cea56f26c5f6","resource_key":"453f743c-b272-4445-96d6-cea56f26c5f6/data_intg_flow/Employee Data","usage":{"last_access_time":"2022-10-21T19:09:03.871Z","last_accessor_id":"iam-ServiceId-f49c5558-c247-4983-a04f-7d3c7a3d55da","access_count":0}},"entity":{"data_intg_flow":{"mime_type":"application/json","dataset":false}},"attachments":[{"test_doc":0,"object_key":"data_intg_flow/4255f6c4-9518-4c4f-8fce-f9a7f23fc0a15e6ee8ab-7070-4026-99d7-7ea3164dafbcpx_executables","create_time":1666379340530,"complete_time_ticks":1666379340530,"mime":"application/octet-stream","usage":{"access_count":0,"last_accessor_id":"iam-ServiceId-f49c5558-c247-4983-a04f-7d3c7a3d55da","last_access_time":1666379340530},"is_remote":false,"description":"","handle":{"bucket":"felix-donotdelete-pr-a03il9nv1b6qah","max_part_num":1,"upload_id":"done","location":"us-geo","type":"bluemix_cos","key":"data_intg_flow/4255f6c4-9518-4c4f-8fce-f9a7f23fc0a15e6ee8ab-7070-4026-99d7-7ea3164dafbcpx_executables"},"is_user_provided_path_key":true,"user_data":{},"version":2,"size":6031,"is_partitioned":false,"datasource_type":"193a97c1-4475-4a19-b90c-295c4fdc6517","transfer_complete":true,"asset_type":"data_intg_flow","name":"px_executables","creator_id":"iam-ServiceId-f49c5558-c247-4983-a04f-7d3c7a3d55da","id":"122b0944-a8b3-47af-8df2-f2cd7a7ac14e","is_referenced":true,"is_managed":false,"is_object_key_read_only":false},{"test_doc":0,"object_key":"data_intg_flow/453f743c-b272-4445-96d6-cea56f26c5f6b8d3632a-2d8b-40ae-9f36-a76a6dbb2757","create_time":1666379343871,"complete_time_ticks":1666379343871,"mime":"application/json","usage":{"access_count":0,"last_accessor_id":"iam-ServiceId-f49c5558-c247-4983-a04f-7d3c7a3d55da","last_access_time":1666379343871},"is_remote":false,"handle":{"bucket":"felix-donotdelete-pr-a03il9nv1b6qah","max_part_num":1,"upload_id":"done","location":"us-geo","type":"bluemix_cos","key":"data_intg_flow/453f743c-b272-4445-96d6-cea56f26c5f6b8d3632a-2d8b-40ae-9f36-a76a6dbb2757"},"is_user_provided_path_key":true,"user_data":{},"version":2,"size":87164,"is_partitioned":false,"datasource_type":"193a97c1-4475-4a19-b90c-295c4fdc6517","transfer_complete":true,"asset_type":"data_intg_flow","name":"data_intg_flows","creator_id":"iam-ServiceId-f49c5558-c247-4983-a04f-7d3c7a3d55da","id":"4db9dc90-19fc-4b77-9340-4f6afaae482c","is_referenced":true,"is_managed":false,"is_object_key_read_only":false}]}]
