[{"metadata":{"asset_id":"42279e79-8c5f-4bad-90f1-ceb01db55246","asset_type":"data_intg_flow","catalog_id":"44db2452-8837-412e-ac48-e1e44fd2c0c8","create_time":"2023-06-26T20:19:36.000Z","creator_id":"IBMid-6650014XQR","name":"Employee Data","origin_country":"us","size":103820,"project_id":"b57f8835-6a45-420c-9c8d-ae31a7b2ea95","resource_key":"b57f8835-6a45-420c-9c8d-ae31a7b2ea95/data_intg_flow/Employee Data","usage":{"last_update_time":"2023-06-26T20:48:47.737Z","last_updated_at":"2023-06-26T20:48:47Z","last_updater_id":"IBMid-6650014XQR","access_count":0,"last_accessed_at":"2023-06-26T20:48:47Z","last_accessor_id":"IBMid-6650014XQR","last_access_time":"2023-06-26T20:48:47.737Z"}},"entity":{"data_intg_flow":{"mime_type":"application/json","dataset":false}},"attachments":[{"test_doc":0,"object_key":"data_intg_flow/b57f8835-6a45-420c-9c8d-ae31a7b2ea9542279e79-8c5f-4bad-90f1-ceb01db55246","create_time":1687812474215,"complete_time_ticks":1687812474215,"mime":"application/json","usage":{"access_count":0,"last_accessor_id":"IBMid-6650014XQR","last_access_time":1687812474215},"is_remote":false,"handle":{"bucket":"datafabricoutcomesproductionnew-donotdelete-pr-rlbljaeqybqzps","max_part_num":1,"upload_id":"done","location":"us-south","type":"bluemix_cos","key":"data_intg_flow/b57f8835-6a45-420c-9c8d-ae31a7b2ea9542279e79-8c5f-4bad-90f1-ceb01db55246"},"is_user_provided_path_key":true,"user_data":{},"version":2,"size":97340,"is_partitioned":false,"datasource_type":"193a97c1-4475-4a19-b90c-295c4fdc6517","transfer_complete":true,"asset_type":"data_intg_flow","name":"data_intg_flows","creator_id":"IBMid-6650014XQR","id":"6bb81831-7370-46f9-aafe-d7dde45832ec","is_referenced":true,"is_managed":false,"is_object_key_read_only":false},{"test_doc":0,"object_key":"data_intg_flow/b57f8835-6a45-420c-9c8d-ae31a7b2ea9542279e79-8c5f-4bad-90f1-ceb01db55246px_executables","create_time":1687812527734,"complete_time_ticks":1687812527734,"mime":"application/octet-stream","usage":{"access_count":0,"last_accessor_id":"IBMid-6650014XQR","last_access_time":1687812527734},"is_remote":false,"handle":{"bucket":"datafabricoutcomesproductionnew-donotdelete-pr-rlbljaeqybqzps","max_part_num":1,"upload_id":"done","location":"us-south","type":"bluemix_cos","key":"data_intg_flow/b57f8835-6a45-420c-9c8d-ae31a7b2ea9542279e79-8c5f-4bad-90f1-ceb01db55246px_executables"},"is_user_provided_path_key":true,"user_data":{},"version":2,"size":6480,"is_partitioned":false,"datasource_type":"193a97c1-4475-4a19-b90c-295c4fdc6517","transfer_complete":true,"asset_type":"data_intg_flow","name":"px_executables","creator_id":"IBMid-6650014XQR","id":"9b19d335-ef00-4a08-bf0e-1ea4f5127f2a","is_referenced":true,"is_managed":false,"is_object_key_read_only":false}]}]
