[{"metadata":{"asset_id":"4bd7cdf9-c317-4021-b37c-e1772a6d2263","asset_type":"data_intg_flow","catalog_id":"25545e12-56b7-4951-bb6a-76280416ef2c","create_time":"2022-10-21T22:24:02.000Z","creator_id":"IBMid-110000B3QC","name":"Employee Data","origin_country":"us","size":93195,"project_id":"16577cd3-1439-4ea4-9706-f7b7461a4fe3","resource_key":"16577cd3-1439-4ea4-9706-f7b7461a4fe3/data_intg_flow/Employee Data","usage":{"last_access_time":"2022-10-21T22:24:06.872Z","last_accessor_id":"iam-ServiceId-f49c5558-c247-4983-a04f-7d3c7a3d55da","access_count":0}},"entity":{"data_intg_flow":{"mime_type":"application/json","dataset":false}},"attachments":[{"test_doc":0,"object_key":"data_intg_flow/4255f6c4-9518-4c4f-8fce-f9a7f23fc0a15e6ee8ab-7070-4026-99d7-7ea3164dafbcpx_executables","create_time":1666391043382,"complete_time_ticks":1666391043382,"mime":"application/octet-stream","usage":{"access_count":0,"last_accessor_id":"iam-ServiceId-f49c5558-c247-4983-a04f-7d3c7a3d55da","last_access_time":1666391043382},"is_remote":false,"description":"","handle":{"bucket":"datafabricoutcomes-donotdelete-pr-pqyw3uinhcf9tr","max_part_num":1,"upload_id":"done","location":"us-geo","type":"bluemix_cos","key":"data_intg_flow/4255f6c4-9518-4c4f-8fce-f9a7f23fc0a15e6ee8ab-7070-4026-99d7-7ea3164dafbcpx_executables"},"is_user_provided_path_key":true,"user_data":{},"version":2,"size":6031,"is_partitioned":false,"datasource_type":"193a97c1-4475-4a19-b90c-295c4fdc6517","transfer_complete":true,"asset_type":"data_intg_flow","name":"px_executables","creator_id":"iam-ServiceId-f49c5558-c247-4983-a04f-7d3c7a3d55da","id":"300348b8-76f6-4d38-a25b-9617f11243cc","is_referenced":true,"is_managed":false,"is_object_key_read_only":false},{"test_doc":0,"object_key":"data_intg_flow/16577cd3-1439-4ea4-9706-f7b7461a4fe34bd7cdf9-c317-4021-b37c-e1772a6d2263","create_time":1666391046871,"complete_time_ticks":1666391046871,"mime":"application/json","usage":{"access_count":0,"last_accessor_id":"iam-ServiceId-f49c5558-c247-4983-a04f-7d3c7a3d55da","last_access_time":1666391046871},"is_remote":false,"handle":{"bucket":"datafabricoutcomes-donotdelete-pr-pqyw3uinhcf9tr","max_part_num":1,"upload_id":"done","location":"us-geo","type":"bluemix_cos","key":"data_intg_flow/16577cd3-1439-4ea4-9706-f7b7461a4fe34bd7cdf9-c317-4021-b37c-e1772a6d2263"},"is_user_provided_path_key":true,"user_data":{},"version":2,"size":87164,"is_partitioned":false,"datasource_type":"193a97c1-4475-4a19-b90c-295c4fdc6517","transfer_complete":true,"asset_type":"data_intg_flow","name":"data_intg_flows","creator_id":"iam-ServiceId-f49c5558-c247-4983-a04f-7d3c7a3d55da","id":"ee89dcd2-db19-4d4f-9504-74bed27af530","is_referenced":true,"is_managed":false,"is_object_key_read_only":false}]}]
