{"metadata":{"asset_id":"618d8664-87ab-4dab-9500-38d413571ab6","asset_attributes":["data_asset"],"name":"autoai_setup.csv","asset_type":"data_asset","created_at":"2021-12-23T15:49:53Z","description":"","origin_country":"us","owner_id":"IBMid-50VBUJY373","project_id":"f7ccecdf-6ee6-4c31-9d08-493b039bf7eb","size":20334,"tags":[],"usage":{"last_update_time":1640274594265,"last_updated_at":"2021-12-23T15:49:54Z"}},"entity":{"data_asset":{"mime_type":"text/csv","dataset":false}},"attachments":[{"id":"c0afd9bf-e93a-4930-8fba-1eb92bd56ad6","version":2,"asset_type":"data_asset","name":"autoai_setup.csv","mime":"text/csv","datasource_type":"193a97c1-4475-4a19-b90c-295c4fdc6517","object_key":"autoai_setup.csv","creator_id":"iam-ServiceId-f49c5558-c247-4983-a04f-7d3c7a3d55da","create_time":1640274594125,"size":20334,"is_remote":false,"is_managed":false,"is_referenced":true,"is_object_key_read_only":false,"is_user_provided_path_key":true,"transfer_complete":true,"is_partitioned":false,"complete_time_ticks":1640274594125,"user_data":{},"test_doc":0,"handle":{"bucket":"outcomeslastchance-donotdelete-pr-usw20i5bjwvufw","location":"us-geo","key":"autoai_setup.csv","upload_id":"done","max_part_num":1},"usage":{"access_count":0,"last_accessor_id":"iam-ServiceId-f49c5558-c247-4983-a04f-7d3c7a3d55da","last_access_time":1640274594125}}]}
