[{"metadata":{"asset_id":"07d287a9-2c8c-42cd-94f5-c4dd6b50a520","asset_type":"data_intg_flow","catalog_id":"330f2f56-f7e1-4ec9-a672-8b59391ac6db","create_time":"2023-08-17T20:59:50.000Z","creator_id":"IBMid-6650014XQR","name":"Employee Data","origin_country":"us","size":103714,"project_id":"821d3b05-55da-4014-888b-6eb0218b329e","resource_key":"821d3b05-55da-4014-888b-6eb0218b329e/data_intg_flow/Employee Data","usage":{"last_update_time":"2023-08-17T20:59:53.745Z","last_updated_at":"2023-08-17T20:59:53Z","last_updater_id":"iam-ServiceId-f49c5558-c247-4983-a04f-7d3c7a3d55da","access_count":0,"last_accessed_at":"2023-08-17T20:59:53Z","last_accessor_id":"iam-ServiceId-f49c5558-c247-4983-a04f-7d3c7a3d55da","last_access_time":"2023-08-17T20:59:53.745Z"}},"entity":{"data_intg_flow":{"mime_type":"application/json","dataset":false}},"attachments":[{"test_doc":0,"object_key":"data_intg_flow/b57f8835-6a45-420c-9c8d-ae31a7b2ea9542279e79-8c5f-4bad-90f1-ceb01db55246px_executables","create_time":1692305991077,"complete_time_ticks":1692305991077,"mime":"application/octet-stream","usage":{"access_count":0,"last_accessor_id":"iam-ServiceId-f49c5558-c247-4983-a04f-7d3c7a3d55da","last_access_time":1692305991077},"is_remote":false,"description":"","handle":{"bucket":"datafabricoutcomes-donotdelete-pr-0tfrcrtam4kuhw","max_part_num":1,"upload_id":"done","location":"us-south","type":"bluemix_cos","key":"data_intg_flow/b57f8835-6a45-420c-9c8d-ae31a7b2ea9542279e79-8c5f-4bad-90f1-ceb01db55246px_executables"},"is_user_provided_path_key":true,"user_data":{},"version":2,"size":6480,"is_partitioned":false,"datasource_type":"193a97c1-4475-4a19-b90c-295c4fdc6517","transfer_complete":true,"asset_type":"data_intg_flow","name":"px_executables","creator_id":"iam-ServiceId-f49c5558-c247-4983-a04f-7d3c7a3d55da","id":"8fea2d8a-020a-497d-9a3c-9aa7c68182ec","is_referenced":true,"is_managed":false,"is_object_key_read_only":false},{"test_doc":0,"object_key":"data_intg_flow/821d3b05-55da-4014-888b-6eb0218b329e07d287a9-2c8c-42cd-94f5-c4dd6b50a520","create_time":1692305993743,"complete_time_ticks":1692305993743,"mime":"application/json","usage":{"access_count":0,"last_accessor_id":"iam-ServiceId-f49c5558-c247-4983-a04f-7d3c7a3d55da","last_access_time":1692305993743},"is_remote":false,"handle":{"bucket":"datafabricoutcomes-donotdelete-pr-0tfrcrtam4kuhw","max_part_num":1,"upload_id":"done","location":"us-south","type":"bluemix_cos","key":"data_intg_flow/821d3b05-55da-4014-888b-6eb0218b329e07d287a9-2c8c-42cd-94f5-c4dd6b50a520"},"is_user_provided_path_key":true,"user_data":{},"version":2,"size":97234,"is_partitioned":false,"datasource_type":"193a97c1-4475-4a19-b90c-295c4fdc6517","transfer_complete":true,"asset_type":"data_intg_flow","name":"data_intg_flows","creator_id":"iam-ServiceId-f49c5558-c247-4983-a04f-7d3c7a3d55da","id":"4edd39c7-aac4-4998-beb7-4e03ce15050d","is_referenced":true,"is_managed":false,"is_object_key_read_only":false}]}]
