{"metadata":{"asset_id":"5d8c50d0-923e-4e99-a1c7-b708d9da8885","asset_attributes":["data_asset","location_definition"],"name":"datastage-setup","asset_type":"data_asset","created_at":"2023-06-26T20:19:34Z","description":"","origin_country":"us","owner_id":"IBMid-6650014XQR","project_id":"b57f8835-6a45-420c-9c8d-ae31a7b2ea95","size":494,"tags":[],"usage":{"last_update_time":1687810775254,"last_updated_at":"2023-06-26T20:19:35Z"}},"entity":{"data_asset":{"mime_type":"text/csv","dataset":false},"location_definition":{"physical_location_code":"DAL","physical_location_code_assigned_by":"IBMid-663002W4X7","physical_location_code_rds_id":"c57cb90f-2126-3800-9c9f-9eab82021cdf","physical_location_code_rds_version":"test_version_noop","physical_location_code_assignment_method":"INFERRED","physical_location_code_added_on":"1646668127892"}},"attachments":[{"id":"4b96926b-7383-4a02-b93a-6695a8dff4ca","version":2,"asset_type":"data_asset","name":"datastage-setup.csv","mime":"text/csv","datasource_type":"193a97c1-4475-4a19-b90c-295c4fdc6517","object_key":"datastage-setup.csv","creator_id":"iam-ServiceId-f49c5558-c247-4983-a04f-7d3c7a3d55da","create_time":1687810775180,"size":494,"is_remote":false,"is_managed":false,"is_referenced":true,"is_object_key_read_only":false,"is_user_provided_path_key":true,"transfer_complete":true,"is_partitioned":false,"complete_time_ticks":1687810775180,"user_data":{},"test_doc":0,"handle":{"bucket":"datafabricoutcomesproductionnew-donotdelete-pr-rlbljaeqybqzps","location":"us-south","type":"bluemix_cos","key":"datastage-setup.csv","upload_id":"done","max_part_num":1},"usage":{"access_count":0,"last_accessor_id":"iam-ServiceId-f49c5558-c247-4983-a04f-7d3c7a3d55da","last_access_time":1687810775180}}]}
