{"metadata":{"asset_id":"e044d2c4-8104-4637-babb-9b4a118e7c9c","asset_attributes":["data_asset","location_definition"],"name":"autoai_setup.csv","asset_type":"data_asset","created_at":"2023-08-16T18:13:10Z","description":"","origin_country":"us","owner_id":"IBMid-6650014XQR","project_id":"65f24cd6-dc8d-406f-87e9-c99f949579cd","size":20334,"tags":[],"usage":{"last_update_time":1692209591778,"last_updated_at":"2023-08-16T18:13:11Z"}},"entity":{"data_asset":{"mime_type":"text/csv","dataset":false},"location_definition":{"physical_location_code":"DAL","physical_location_code_assigned_by":"IBMid-663002W4X7","physical_location_code_rds_id":"c57cb90f-2126-3800-9c9f-9eab82021cdf","physical_location_code_rds_version":"test_version_noop","physical_location_code_assignment_method":"INFERRED","physical_location_code_added_on":"1646668127892"}},"attachments":[{"id":"57de43a7-6113-4d5c-84a5-602bca35f634","version":2,"asset_type":"data_asset","name":"autoai_setup.csv","mime":"text/csv","datasource_type":"193a97c1-4475-4a19-b90c-295c4fdc6517","object_key":"autoai_setup.csv","creator_id":"iam-ServiceId-f49c5558-c247-4983-a04f-7d3c7a3d55da","create_time":1692209591701,"size":20334,"is_remote":false,"is_managed":false,"is_referenced":true,"is_object_key_read_only":false,"is_user_provided_path_key":true,"transfer_complete":true,"is_partitioned":false,"complete_time_ticks":1692209591701,"user_data":{},"test_doc":0,"handle":{"bucket":"datafabricoutcomesmaster-donotdelete-pr-t1cznfpejagbzl","location":"us-south","type":"bluemix_cos","key":"autoai_setup.csv","upload_id":"done","max_part_num":1},"usage":{"access_count":0,"last_accessor_id":"iam-ServiceId-f49c5558-c247-4983-a04f-7d3c7a3d55da","last_access_time":1692209591701}}]}
