[{"metadata":{"asset_id":"323acb77-ca16-4d1c-931a-aec4a520cb43","asset_type":"data_intg_flow","catalog_id":"10d99b38-82bc-408c-8222-92f3bc2c7601","create_time":"2022-08-08T15:09:30.000Z","creator_id":"IBMid-6650014XQR","name":"Employee Data","origin_country":"us","size":93195,"project_id":"8e46b24b-07f2-4b47-b978-5fe979324974","resource_key":"8e46b24b-07f2-4b47-b978-5fe979324974/data_intg_flow/Employee Data","usage":{"last_access_time":"2022-08-11T20:13:27.123Z","last_accessor_id":"IBMid-6650014XQR","access_count":0}},"entity":{"data_intg_flow":{"mime_type":"application/json","dataset":false}},"attachments":[{"test_doc":0,"object_key":"data_intg_flow/4255f6c4-9518-4c4f-8fce-f9a7f23fc0a15e6ee8ab-7070-4026-99d7-7ea3164dafbcpx_executables","create_time":1659971371737,"complete_time_ticks":1659971371737,"mime":"application/octet-stream","usage":{"access_count":0,"last_accessor_id":"iam-ServiceId-f49c5558-c247-4983-a04f-7d3c7a3d55da","last_access_time":1659971371737},"is_remote":false,"description":"","handle":{"bucket":"datafabricoutcomesproduction-donotdelete-pr-zlxklyevmmt08q","max_part_num":1,"upload_id":"done","location":"us-geo","key":"data_intg_flow/4255f6c4-9518-4c4f-8fce-f9a7f23fc0a15e6ee8ab-7070-4026-99d7-7ea3164dafbcpx_executables"},"is_user_provided_path_key":true,"user_data":{},"version":2,"size":6031,"is_partitioned":false,"datasource_type":"193a97c1-4475-4a19-b90c-295c4fdc6517","transfer_complete":true,"asset_type":"data_intg_flow","name":"px_executables","creator_id":"iam-ServiceId-f49c5558-c247-4983-a04f-7d3c7a3d55da","id":"66d0e85a-4e16-4cfb-8bcd-44aa74cc1b81","is_referenced":true,"is_managed":false,"is_object_key_read_only":false},{"test_doc":0,"object_key":"data_intg_flow/8e46b24b-07f2-4b47-b978-5fe979324974323acb77-ca16-4d1c-931a-aec4a520cb43","create_time":1660248807123,"complete_time_ticks":1660248807123,"mime":"application/json","usage":{"access_count":0,"last_accessor_id":"IBMid-6650014XQR","last_access_time":1660248807123},"is_remote":false,"handle":{"bucket":"datafabricoutcomesproduction-donotdelete-pr-zlxklyevmmt08q","max_part_num":1,"upload_id":"done","location":"us-geo","key":"data_intg_flow/8e46b24b-07f2-4b47-b978-5fe979324974323acb77-ca16-4d1c-931a-aec4a520cb43"},"is_user_provided_path_key":true,"user_data":{},"version":2,"size":87164,"is_partitioned":false,"datasource_type":"193a97c1-4475-4a19-b90c-295c4fdc6517","transfer_complete":true,"asset_type":"data_intg_flow","name":"data_intg_flows","creator_id":"IBMid-6650014XQR","id":"e1bd9178-1f3d-4b19-866a-c951adf5d248","is_referenced":true,"is_managed":false,"is_object_key_read_only":false}]}]
