[{"metadata":{"asset_id":"22b5f34b-2eff-4f96-8390-acef18165fbb","asset_type":"data_intg_flow","catalog_id":"e6d1680c-da58-45c8-8d37-4a3d44ba67bb","create_time":"2022-03-07T15:48:59.000Z","creator_id":"IBMid-6650014XQR","name":"Employee Data","origin_country":"us","size":93479,"project_id":"27ccb1eb-b012-44dc-a96b-0f9220a33e55","resource_key":"27ccb1eb-b012-44dc-a96b-0f9220a33e55/data_intg_flow/Employee Data","description":"","tags":[],"usage":{"last_access_time":"2022-03-07T15:50:49.062Z","last_accessor_id":"IBMid-663002W4X7","access_count":0}},"entity":{"data_intg_flow":{"mime_type":"application/json","dataset":false}},"attachments":[{"test_doc":0,"object_key":"data_intg_flow/d6555444-7754-4494-b74b-2550d961c7aacdb38f2e-40e6-47e7-b49c-a828ae343ae9px_executables","create_time":1646668140536,"complete_time_ticks":1646668140536,"mime":"application/octet-stream","usage":{"access_count":0,"last_accessor_id":"iam-ServiceId-f49c5558-c247-4983-a04f-7d3c7a3d55da","last_access_time":1646668140536},"is_remote":false,"description":"","handle":{"bucket":"datafabricoutcomes-donotdelete-pr-qkqazqzhu9vtfg","max_part_num":1,"upload_id":"done","location":"us-geo","key":"data_intg_flow/d6555444-7754-4494-b74b-2550d961c7aacdb38f2e-40e6-47e7-b49c-a828ae343ae9px_executables"},"is_user_provided_path_key":true,"user_data":{},"version":2,"size":5644,"is_partitioned":false,"datasource_type":"193a97c1-4475-4a19-b90c-295c4fdc6517","transfer_complete":true,"asset_type":"data_intg_flow","name":"px_executables","creator_id":"iam-ServiceId-f49c5558-c247-4983-a04f-7d3c7a3d55da","id":"f0bbce79-03f6-44a7-9d08-885636ab6a83","is_referenced":true,"is_managed":false,"is_object_key_read_only":false},{"test_doc":0,"object_key":"data_intg_flow/27ccb1eb-b012-44dc-a96b-0f9220a33e5522b5f34b-2eff-4f96-8390-acef18165fbb","create_time":1646668249062,"complete_time_ticks":1646668249062,"mime":"application/json","usage":{"access_count":0,"last_accessor_id":"IBMid-663002W4X7","last_access_time":1646668249062},"is_remote":false,"handle":{"bucket":"datafabricoutcomes-donotdelete-pr-qkqazqzhu9vtfg","max_part_num":1,"upload_id":"done","location":"us-geo","key":"data_intg_flow/27ccb1eb-b012-44dc-a96b-0f9220a33e5522b5f34b-2eff-4f96-8390-acef18165fbb"},"is_user_provided_path_key":true,"user_data":{},"version":2,"size":87835,"is_partitioned":false,"datasource_type":"193a97c1-4475-4a19-b90c-295c4fdc6517","transfer_complete":true,"asset_type":"data_intg_flow","name":"data_intg_flows","creator_id":"IBMid-663002W4X7","id":"4096a9f9-3fc8-4aca-9983-6e70b9611a68","is_referenced":true,"is_managed":false,"is_object_key_read_only":false}]}]
