[{"decision":{"name":"Warehouse scheduling","description":"","creator":"IBMid-50VBUJY373","createdAt":1640274600000,"usage":{"lastModificationTime":1640274600000,"lastModifier":"iam-ServiceId-c2eabb5c-a2d7-4580-a867-9bb90f33e208"},"_id":"bf005922-4239-457f-ad89-9de70193f48b"},"scenarios":[{"qualifiers":[{"name":"modelType","value":"cognitive"},{"name":"modelMetadata","value":"null"},{"name":"modelReady","value":"true"}],"name":"Shift assignment","description":"","category":"scenario","readOnly":false,"creator":"IBMid-50VBUJY373","createdAt":1640274602000,"usage":{"lastModificationTime":1640274602000,"lastModifier":"iam-ServiceId-c2eabb5c-a2d7-4580-a867-9bb90f33e208"},"dataUsagePerCategory":{"output":{"lastModificationTime":1640274602238,"lastModifier":"IBMid-50VBUJY373"},"input":{"lastModificationTime":1640274602238,"lastModifier":"IBMid-50VBUJY373"},"model":{"lastModificationTime":1640274602238,"lastModifier":"IBMid-50VBUJY373"},"CO_ASSET_SESSION":{"lastModificationTime":1640274602238,"lastModifier":"IBMid-50VBUJY373"},"CO_ASSET":{"lastModificationTime":1640274602238,"lastModifier":"IBMid-50VBUJY373"}},"tables":[{"name":"Shift","category":"input","lineage":"Copied from Shift.csv[0a6a9e8e-fa20-4741-b5b1-884fd8d88b58:csv-asset]","creator":"IBMid-50VBUJY373","createdAt":1640274602238,"lastUpdater":"IBMid-50VBUJY373","updatedAt":1640274602238,"attachmentKey":"a325ed77-436e-4d3a-bf3b-262656aba89f","tableType":{"columns":[{"key":"shiftId","dataType":"Number"},{"key":"department","dataType":"String"},{"key":"day","dataType":"String"},{"key":"start time","dataType":"Number"},{"key":"end time","dataType":"Number"},{"key":"min req","dataType":"Number"},{"key":"max req","dataType":"Number"},{"key":"requested skills","dataType":"String"},{"key":"duration","dataType":"Number"},{"key":"day index","dataType":"Number"}]},"numberOfRows":52},{"name":"EmployeeAvailability","category":"input","lineage":"Copied from EmployeeAvailability.csv[00642481-00ce-446a-a80f-9bf04dd16174:csv-asset]","creator":"IBMid-50VBUJY373","createdAt":1640274602238,"lastUpdater":"IBMid-50VBUJY373","updatedAt":1640274602238,"attachmentKey":"30e085c1-ebfa-4a32-adbd-c92b2ef528f5","tableType":{"columns":[{"key":"employee","dataType":"String"},{"key":"day","dataType":"String"},{"key":"max shift","dataType":"Number"}]},"numberOfRows":1505},{"name":"AssignedShifts","category":"output","creator":"IBMid-50VBUJY373","createdAt":1640274602238,"lastUpdater":"IBMid-50VBUJY373","updatedAt":1640274602238,"attachmentKey":"1b41a849-e892-4f5c-9e98-1fd81b1bde8b","tableType":{"columns":[{"key":"Employee","dataType":"String"},{"key":"Shift","dataType":"Number"},{"key":"Employee assignments","dataType":"Number"},{"key":"Shift assignments","dataType":"Number"},{"key":"Employee seniority","dataType":"Number"},{"key":"Employee qualification","dataType":"Number"},{"key":"Employee pay rate","dataType":"Number"},{"key":"Shift start time","dataType":"Number"},{"key":"Shift requested skills","dataType":"String"},{"key":"Shift min req","dataType":"Number"},{"key":"Shift max req","dataType":"Number"},{"key":"Shift end time","dataType":"Number"},{"key":"Shift duration","dataType":"Number"},{"key":"Shift department","dataType":"String"},{"key":"Shift day index","dataType":"Number"},{"key":"Shift day","dataType":"String"}]},"numberOfRows":162},{"name":"Employee","category":"input","lineage":"Copied from Employee.csv[04171fd7-286a-4d6c-9166-c435fb05b480:csv-asset]","creator":"IBMid-50VBUJY373","createdAt":1640274602238,"lastUpdater":"IBMid-50VBUJY373","updatedAt":1640274602238,"attachmentKey":"0c954cd9-9c28-4223-a68c-61a04a2775c9","tableType":{"columns":[{"key":"employeeId","dataType":"String"},{"key":"pay rate","dataType":"Number"},{"key":"skills","dataType":"String"},{"key":"days off","dataType":"String"},{"key":"seniority","dataType":"Number"},{"key":"qualification","dataType":"Number"}]},"numberOfRows":215},{"name":"stats","category":"output","creator":"IBMid-50VBUJY373","createdAt":1640274602238,"lastUpdater":"IBMid-50VBUJY373","updatedAt":1640274602238,"attachmentKey":"b12e9e7b-fd6e-45de-bea6-f5599833704b","tableType":{"columns":[{"key":"Name","dataType":"String"},{"key":"Value","dataType":"String"}]},"numberOfRows":16},{"name":"Day","category":"input","lineage":"Copied from Day.csv[d2c61411-61d5-4525-901f-e599c2353fa1:csv-asset]","creator":"IBMid-50VBUJY373","createdAt":1640274602238,"lastUpdater":"IBMid-50VBUJY373","updatedAt":1640274602238,"attachmentKey":"b9ec697e-a4dd-426a-a9c9-5ddf0259b702","tableType":{"columns":[{"key":"name","dataType":"String"},{"key":"index","dataType":"Number"}]},"numberOfRows":7},{"name":"kpis","category":"output","creator":"IBMid-50VBUJY373","createdAt":1640274602238,"lastUpdater":"IBMid-50VBUJY373","updatedAt":1640274602238,"attachmentKey":"1ecbc102-12b7-4861-ab6a-ea11996a0a44","tableType":{"columns":[{"key":"Name","dataType":"String"},{"key":"Value","dataType":"Number"},{"key":"Slider","dataType":"Number"},{"key":"Weight factor","dataType":"Number"},{"key":"Scale factor","dataType":"Number"},{"key":"Scaled weighted value","dataType":"Number"}]},"numberOfRows":3}],"assets":[{"name":"CO_SESSION.json","category":"CO_ASSET_SESSION","creator":"IBMid-50VBUJY373","createdAt":1640274602238,"lastUpdater":"IBMid-50VBUJY373","updatedAt":1640274602238,"attachmentKey":"5caf7091-6e31-4d32-912a-ff4d30ea6fb1","contentType":"application/json; charset=utf-8"},{"name":"CO_SOLUTION_TEXT.json","category":"CO_ASSET","creator":"IBMid-50VBUJY373","createdAt":1640274602238,"lastUpdater":"IBMid-50VBUJY373","updatedAt":1640274602238,"attachmentKey":"7c44d2c8-d71f-4e7d-bf59-99c5ac5ff3c0","contentType":"application/json; charset=utf-8"},{"name":"solveParameters.json","category":"CO_ASSET","creator":"IBMid-50VBUJY373","createdAt":1640274602238,"lastUpdater":"IBMid-50VBUJY373","updatedAt":1640274602238,"attachmentKey":"779494a7-fa44-4f07-9e98-254e881eb0f3","contentType":"application/json; charset=utf-8"},{"name":"model.py","category":"model","creator":"IBMid-50VBUJY373","createdAt":1640274602238,"lastUpdater":"IBMid-50VBUJY373","updatedAt":1640274602238,"attachmentKey":"9392b4a7-f8d3-4e22-b236-8c93fa472356","contentType":"application/json; charset=utf-8"},{"name":"CO_DATASET.json","category":"CO_ASSET","creator":"IBMid-50VBUJY373","createdAt":1640274602238,"lastUpdater":"IBMid-50VBUJY373","updatedAt":1640274602238,"attachmentKey":"17b065ff-2f78-4140-a7e1-2b6ee399ce0a","contentType":"application/json; charset=utf-8"},{"name":"CO_SOLUTION_JSON.json","category":"CO_ASSET","creator":"IBMid-50VBUJY373","createdAt":1640274602238,"lastUpdater":"IBMid-50VBUJY373","updatedAt":1640274602238,"attachmentKey":"4ad8563d-6f6a-411a-b8ca-0dc6bf1963bf","contentType":"application/json; charset=utf-8"},{"name":"log.txt","category":"output","creator":"IBMid-50VBUJY373","createdAt":1640274602238,"lastUpdater":"IBMid-50VBUJY373","updatedAt":1640274602238,"attachmentKey":"6196ba8e-e5b5-4698-9ea6-dab1fbb80e48"}],"solveStatus":{"creationTime":1640274602238,"lastModificationTime":1640274602238,"state":"TERMINATED","solveConfig":{"containerId":"Shift assignment","solveParameters":{},"setupWebHook":{"verb":"GET","url":"https://api.dataplatform.cloud.ibm.com/v1/cognitive/solve/preprocess/Shift%20assignment?projectId=771a3377-2a4a-4170-94fd-54083eb87c58&parentId=Warehouse+scheduling","expectedStatus":200,"headers":{}},"tearDownWebHook":{"verb":"GET","url":"https://api.dataplatform.cloud.ibm.com/v1/cognitive/solve/postprocess/Shift%20assignment?projectId=771a3377-2a4a-4170-94fd-54083eb87c58&parentId=Warehouse+scheduling","expectedStatus":200,"headers":{}}},"jobDetails":{"id":"d0adcc07-32db-4ab4-9c03-bf5944bd798d","createdAt":1631554279353,"startedAt":1631554301913,"endedAt":1631554429389,"submittedAt":1631554279353,"details":{"KPI._time":"13.017884969711304","KPI.the number of Employee-Shift assignments":"162.0","KPI.total duration of assigned Shifts over Employees":"4777.0","KPI.total pay rate of Employees over all assignments":"3324.0","MODEL_DETAIL_BOOLEAN_VARS":"11180","MODEL_DETAIL_CONSTRAINTS":"320","MODEL_DETAIL_CONTINUOUS_VARS":"0","MODEL_DETAIL_INTEGER_VARS":"0","MODEL_DETAIL_KPIS":"[\"the number of Employee-Shift assignments\", \"total pay rate of Employees over all assignments\", \"total duration of assigned Shifts over Employees\"]","MODEL_DETAIL_NONZEROS":"36885","MODEL_DETAIL_OBJECTIVE_SENSE":"minimize","MODEL_DETAIL_TYPE":"MIQP","PROGRESS_BEST_OBJECTIVE":"247004.0","PROGRESS_BEST_OBJECTIVE.history":"[[1631554318.66, 247004.0], [1631554320.02, 247004.0], [1631554427.04, 247004.0]]","PROGRESS_CURRENT_OBJECTIVE":"308656.0","PROGRESS_CURRENT_OBJECTIVE.history":"[[1631554318.66, 564060.0], [1631554320.02, 308656.0], [1631554427.04, 308656.0]]","PROGRESS_GAP":"0.19974340365973764","PROGRESS_GAP.history":"[[1631554318.66, 0.5620962308974221], [1631554320.02, 0.19974340365973764], [1631554427.04, 0.19974340365973764]]","STAT.cplex.modelType":"MIQP","STAT.cplex.size.booleanVariables":"11180","STAT.cplex.size.constraints":"320","STAT.cplex.size.continousVariables":"0","STAT.cplex.size.integerVariables":"0","STAT.cplex.size.linearConstraints":"320","STAT.cplex.size.quadraticConstraints":"0","STAT.cplex.size.variables":"11180","STAT.cplex.solve.elapsedTime":"13.017884969711304","STAT.cplex.solve.explored":"0","STAT.cplex.solve.iterationCount":"2316","STAT.cplex.solve.opened":"1","STAT.job.coresCount":"1","STAT.job.inputsReadMs":"1371","STAT.job.memoryPeakKB":"732728","STAT.job.modelProcessingMs":"124556","STAT.job.outputsWriteMs":"1078"},"executionStatus":"PROCESSED","solveStatus":"FEASIBLE_SOLUTION","logTail":["[2021-09-13T17:33:02Z, INFO]      24    26   247308.0000   294   308656.0000   247004.0000    42285   19.97%","[2021-09-13T17:33:04Z, INFO]      26    28   247372.0000   338   308656.0000   247004.0000    44999   19.97%","[2021-09-13T17:33:05Z, INFO]      27    29   247308.0000   333   308656.0000   247004.0000    46984   19.97%","[2021-09-13T17:33:08Z, INFO]      29    31   247340.0000   305   308656.0000   247004.0000    50222   19.97%","[2021-09-13T17:33:10Z, INFO]      31    33   247372.0000   314   308656.0000   247004.0000    52302   19.97%","[2021-09-13T17:33:12Z, INFO]      32    34   247404.0000   294   308656.0000   247004.0000    55766   19.97%","[2021-09-13T17:33:12Z, INFO] Elapsed time = 85.49 sec. (62970.09 ticks, tree = 6.23 MB, solutions = 3)","[2021-09-13T17:33:13Z, INFO]      35    37   247404.0000   290   308656.0000   247004.0000    58142   19.97%","[2021-09-13T17:33:15Z, INFO]      36    38   247404.0000   296   308656.0000   247004.0000    60146   19.97%","[2021-09-13T17:33:17Z, INFO]      38    40   247404.0000   300   308656.0000   247004.0000    62941   19.97%","[2021-09-13T17:33:18Z, INFO]      39    41   247468.0000   314   308656.0000   247004.0000    65378   19.97%","[2021-09-13T17:33:21Z, INFO]      41    43   247468.0000   336   308656.0000   247004.0000    68573   19.97%","[2021-09-13T17:33:22Z, INFO]      42    44   247484.0000   321   308656.0000   247004.0000    70307   19.97%","[2021-09-13T17:33:24Z, INFO]      46    48   247516.0000   332   308656.0000   247004.0000    72285   19.97%","[2021-09-13T17:33:26Z, INFO]      48    50   247516.0000   335   308656.0000   247004.0000    74871   19.97%","[2021-09-13T17:33:27Z, INFO]      50    52   247516.0000   324   308656.0000   247004.0000    76054   19.97%","[2021-09-13T17:33:29Z, INFO]      52    54   247532.0000   340   308656.0000   247004.0000    78242   19.97%","[2021-09-13T17:33:29Z, INFO] Elapsed time = 102.75 sec. (75814.10 ticks, tree = 20.69 MB, solutions = 3)","[2021-09-13T17:33:30Z, INFO]      56    58   247604.0000   326   308656.0000   247004.0000    80453   19.97%","[2021-09-13T17:33:40Z, INFO]      60    62   247570.0000   314   308656.0000   247004.0000    81371   19.97%","[2021-09-13T17:33:41Z, INFO]      70    72   247726.0000   280   308656.0000   247004.0000    83167   19.97%","[2021-09-13T17:33:42Z, INFO]      80    82   247838.0000   278   308656.0000   247004.0000    85318   19.97%","[2021-09-13T17:33:43Z, INFO]      86    88   247852.0000   276   308656.0000   247004.0000    87325   19.97%","[2021-09-13T17:33:44Z, INFO]      91    93   247900.0000   274   308656.0000   247004.0000    88940   19.97%","[2021-09-13T17:33:46Z, INFO] Starting limited solution polishing.","[2021-09-13T17:33:46Z, INFO] Advanced basis not built.","[2021-09-13T17:33:46Z, INFO] ","[2021-09-13T17:33:46Z, INFO] Zero-half cuts applied:  492","[2021-09-13T17:33:46Z, INFO] Lift and project cuts applied:  7","[2021-09-13T17:33:46Z, INFO] Gomory fractional cuts applied:  19","[2021-09-13T17:33:46Z, INFO] ","[2021-09-13T17:33:46Z, INFO] Root node processing (before b&c):","[2021-09-13T17:33:46Z, INFO]   Real time             =   49.33 sec. (33936.18 ticks)","[2021-09-13T17:33:46Z, INFO] Sequential b&c:","[2021-09-13T17:33:46Z, INFO]   Real time             =   70.75 sec. (55790.41 ticks)","[2021-09-13T17:33:46Z, INFO]                           ------------","[2021-09-13T17:33:46Z, INFO] Total (root+branch&cut) =  120.08 sec. (89726.59 ticks)","[2021-09-13T17:33:47Z, INFO] Solve status: JobSolveStatus.FEASIBLE_SOLUTION","[2021-09-13T17:33:47Z, INFO] * model docplex_model1 solved with objective = 308656.000","[2021-09-13T17:33:47Z, INFO] *  KPI: the number of Employee-Shift assignments         = 162.000","[2021-09-13T17:33:47Z, INFO] *  KPI: total pay rate of Employees over all assignments = 3324.000","[2021-09-13T17:33:47Z, INFO] *  KPI: total duration of assigned Shifts over Employees = 4777.000","[2021-09-13T17:33:47Z, INFO] model solve done in 121.46521711349487 secs","[2021-09-13T17:33:48Z, INFO] solution export done in 0.05189824104309082 secs","[2021-09-13T17:33:48Z, INFO] AssignedShifts.csv"]},"runtimeDetails":{"state":"STARTED"},"taskSetupMillis":9253,"taskSolveMillis":150348,"taskTearDownMillis":3963,"jobSpaceId":"9091064e-7bab-4e1e-b198-aa2b0df368ed","jobId":"d0adcc07-32db-4ab4-9c03-bf5944bd798d","ping":1631554420142},"_id":"dc2cb87f-5c4a-4ac0-9056-70de5a8f54d7"}]}]
