{"metadata":{"asset_id":"6e048a32-d36b-4234-b8ab-3ba42280b6c1","asset_attributes":["notebook"],"name":"OEM notebook - MongoDB","asset_type":"notebook","created_at":"2023-06-26T20:19:36Z","description":"","origin_country":"us","owner_id":"IBMid-6650014XQR","project_id":"b57f8835-6a45-420c-9c8d-ae31a7b2ea95","size":13465,"tags":["notebook"],"usage":{"last_update_time":1687898215595,"last_updated_at":"2023-06-27T20:36:55Z"}},"entity":{"notebook":{"kernel":{"name":"python3","display_name":"Python 3.10","language":"python","version":"3.10"},"originates_from":{"type":"file"},"runtime":{"environment":"rt222pys2-b57f8835-6a45-420c-9c8d-ae31a7b2ea95"}},"location_definition":{"physical_location_code":"DAL","physical_location_code_assigned_by":"IBMid-6650014XQR","physical_location_code_rds_id":"c57cb90f-2126-3800-9c9f-9eab82021cdf","physical_location_code_rds_version":"93703e8d-71ac-45fc-84bc-45b31b2133e4_0","physical_location_code_assignment_method":"INFERRED","physical_location_code_added_on":"1687810705085"}},"attachments":[{"id":"e407411c-5d52-4755-b15f-db1aeadfb6ae","version":2,"asset_type":"notebook","name":"attachment for notebook 6e048a32-d36b-4234-b8ab-3ba42280b6c1","description":"attachment for notebook 6e048a32-d36b-4234-b8ab-3ba42280b6c1","mime":"application/json","datasource_type":"193a97c1-4475-4a19-b90c-295c4fdc6517","object_key":"notebook/OEM_notebook_-_MongoDB_Wflq9l_ea.ipynb","creator_id":"IBMid-6650014XQR","create_time":1687810776707,"size":13465,"is_remote":false,"is_managed":false,"is_referenced":true,"is_object_key_read_only":false,"is_user_provided_path_key":true,"transfer_complete":true,"is_partitioned":false,"complete_time_ticks":1687810776707,"user_data":{},"test_doc":0,"handle":{"bucket":"datafabricoutcomesproductionnew-donotdelete-pr-rlbljaeqybqzps","location":"us-south","type":"bluemix_cos","key":"notebook/OEM_notebook_-_MongoDB_Wflq9l_ea.ipynb","upload_id":"done","max_part_num":1},"usage":{"access_count":0,"last_accessor_id":"IBMid-6650014XQR","last_access_time":1687810776707}}]}
