{"metadata":{"asset_id":"58d683f7-53de-4862-9033-1eebf96f32cf","asset_attributes":["notebook"],"name":"OEM notebook - MongoDB","asset_type":"notebook","created_at":"2022-10-21T19:20:01Z","description":"","origin_country":"us","owner_id":"IBMid-110000B3QC","project_id":"453f743c-b272-4445-96d6-cea56f26c5f6","size":13465,"tags":["notebook"],"usage":{"last_update_time":1666380002896,"last_updated_at":"2022-10-21T19:20:02Z"}},"entity":{"notebook":{"kernel":"","originates_from":{"type":"blank"},"runtime":{"environment":"conda2rt221-453f743c-b272-4445-96d6-cea56f26c5f6"}},"location_definition":{"physical_location_code":"DAL","physical_location_code_assigned_by":"IBMid-110000B3QC","physical_location_code_rds_id":"c57cb90f-2126-3800-9c9f-9eab82021cdf","physical_location_code_rds_version":"00002022-0706-4013-8454-473140000000_2","physical_location_code_assignment_method":"INFERRED","physical_location_code_added_on":"1666379321467"}},"attachments":[{"id":"5eff0297-c1d7-446e-a23a-8a1e736b3f46","version":2,"asset_type":"notebook","name":"attachment for notebook 58d683f7-53de-4862-9033-1eebf96f32cf","description":"attachment for notebook 58d683f7-53de-4862-9033-1eebf96f32cf","mime":"application/json","datasource_type":"193a97c1-4475-4a19-b90c-295c4fdc6517","object_key":"notebook/OEM_notebook_-_MongoDB_Wflq9l_ea.ipynb","creator_id":"IBMid-110000B3QC","create_time":1666380002895,"size":13465,"is_remote":false,"is_managed":false,"is_referenced":true,"is_object_key_read_only":false,"is_user_provided_path_key":true,"transfer_complete":true,"is_partitioned":false,"complete_time_ticks":1666380002895,"user_data":{},"test_doc":0,"handle":{"bucket":"felix-donotdelete-pr-a03il9nv1b6qah","location":"us-geo","type":"bluemix_cos","key":"notebook/OEM_notebook_-_MongoDB_Wflq9l_ea.ipynb","upload_id":"done","max_part_num":1},"usage":{"access_count":0,"last_accessor_id":"IBMid-110000B3QC","last_access_time":1666380002895}}]}
