{"metadata":{"asset_id":"8cb2d74a-7e14-4820-b43a-b3a733156adb","asset_attributes":["notebook"],"name":"Explore Attrition by department","asset_type":"notebook","created_at":"2022-08-08T15:09:29Z","description":"","origin_country":"us","owner_id":"IBMid-6650014XQR","project_id":"8e46b24b-07f2-4b47-b978-5fe979324974","size":115071,"tags":["notebook"],"usage":{"last_update_time":1659971372501,"last_updated_at":"2022-08-08T15:09:32Z"}},"entity":{"notebook":{"kernel":{"name":"python3","display_name":"Python 3.9","language":"python"},"originates_from":{"type":"file"},"runtime":{"environment":"conda2rt221-8e46b24b-07f2-4b47-b978-5fe979324974"}},"location_definition":{"physical_location_code":"DAL","physical_location_code_assigned_by":"IBMid-6650014XQR","physical_location_code_rds_id":"c57cb90f-2126-3800-9c9f-9eab82021cdf","physical_location_code_rds_version":"93703e8d-71ac-45fc-84bc-45b31b2133e4_0","physical_location_code_assignment_method":"INFERRED","physical_location_code_added_on":"1659971357888"}},"attachments":[{"id":"717af87f-7827-4417-aafe-6d313471f97a","version":2,"asset_type":"notebook","name":"attachment for notebook 8cb2d74a-7e14-4820-b43a-b3a733156adb","description":"attachment for notebook 8cb2d74a-7e14-4820-b43a-b3a733156adb","mime":"application/json","datasource_type":"193a97c1-4475-4a19-b90c-295c4fdc6517","object_key":"notebook/Explore_Attrition_by_department_flIeuuAkN.ipynb","creator_id":"IBMid-6650014XQR","create_time":1659971370167,"size":115071,"is_remote":false,"is_managed":false,"is_referenced":true,"is_object_key_read_only":false,"is_user_provided_path_key":true,"transfer_complete":true,"is_partitioned":false,"complete_time_ticks":1659971370167,"user_data":{},"test_doc":0,"handle":{"bucket":"datafabricoutcomesproduction-donotdelete-pr-zlxklyevmmt08q","location":"us-geo","key":"notebook/Explore_Attrition_by_department_flIeuuAkN.ipynb","upload_id":"done","max_part_num":1},"usage":{"access_count":0,"last_accessor_id":"IBMid-6650014XQR","last_access_time":1659971370167}}]}
