{"metadata":{"asset_id":"0074e462-b678-4156-8146-db15453a7098","asset_attributes":["notebook"],"name":"Simulate Data Creation","asset_type":"notebook","created_at":"2023-08-16T18:15:27Z","description":"Notebook used to support the data replication lab","origin_country":"us","owner_id":"IBMid-6650014XQR","project_id":"65f24cd6-dc8d-406f-87e9-c99f949579cd","size":4520,"tags":["notebook"],"usage":{"last_update_time":1692209998282,"last_updated_at":"2023-08-16T18:19:58Z"}},"entity":{"notebook":{"kernel":{"name":"python3","display_name":"Python 3.10","language":"python"},"originates_from":{"type":"file"},"runtime":{"environment":"rt222pys1-65f24cd6-dc8d-406f-87e9-c99f949579cd"}},"location_definition":{"physical_location_code":"DAL","physical_location_code_assigned_by":"IBMid-6650014XQR","physical_location_code_rds_id":"c57cb90f-2126-3800-9c9f-9eab82021cdf","physical_location_code_rds_version":"93703e8d-71ac-45fc-84bc-45b31b2133e4_0","physical_location_code_assignment_method":"INFERRED","physical_location_code_added_on":"1692209582820"}},"attachments":[{"id":"58ef16eb-3e1b-43de-8a51-1973e4f7b717","version":2,"asset_type":"notebook","name":"attachment for notebook 0074e462-b678-4156-8146-db15453a7098","description":"attachment for notebook 0074e462-b678-4156-8146-db15453a7098","mime":"application/json","datasource_type":"193a97c1-4475-4a19-b90c-295c4fdc6517","object_key":"notebook/Simulate_Data_Creation_WsjbkousH.ipynb","creator_id":"IBMid-6650014XQR","create_time":1692209728533,"size":4520,"is_remote":false,"is_managed":false,"is_referenced":true,"is_object_key_read_only":false,"is_user_provided_path_key":true,"transfer_complete":true,"is_partitioned":false,"complete_time_ticks":1692209728533,"user_data":{},"test_doc":0,"handle":{"bucket":"datafabricoutcomesmaster-donotdelete-pr-t1cznfpejagbzl","location":"us-south","type":"bluemix_cos","key":"notebook/Simulate_Data_Creation_WsjbkousH.ipynb","upload_id":"done","max_part_num":1},"usage":{"access_count":1,"last_accessor_id":"IBMid-6650014XQR","last_access_time":1692209998281,"last_updater_id":"IBMid-6650014XQR","last_update_time":1692209998281}}]}
