{"metadata":{"asset_id":"27b84316-0413-405a-a096-54719cc447a0","asset_attributes":["notebook"],"name":"Explore Attrition by department","asset_type":"notebook","created_at":"2021-12-18T00:13:33Z","description":"","origin_country":"us","owner_id":"IBMid-50VBUJY373","project_id":"9a142b86-5003-4483-aec7-0816a4a0a37a","size":115173,"tags":["notebook"],"usage":{"last_update_time":1640124859478,"last_updated_at":"2021-12-21T22:14:19Z"}},"entity":{"notebook":{"kernel":{"name":"python3","display_name":"Python 3.8","language":"python"},"originates_from":{"type":"file"},"runtime":{"environment":"conda2py38-9a142b86-5003-4483-aec7-0816a4a0a37a"}}},"attachments":[{"id":"cd3d7bbe-8076-448a-b4c9-08a2e6ea7358","version":2,"asset_type":"notebook","name":"attachment for notebook 27b84316-0413-405a-a096-54719cc447a0","description":"attachment for notebook 27b84316-0413-405a-a096-54719cc447a0","mime":"application/json","datasource_type":"193a97c1-4475-4a19-b90c-295c4fdc6517","object_key":"notebook/Explore_Attrition_by_department_cNXn2GEL_.ipynb","creator_id":"IBMid-50VBUJY373","create_time":1639786413443,"size":115173,"is_remote":false,"is_managed":false,"is_referenced":true,"is_object_key_read_only":false,"is_user_provided_path_key":true,"transfer_complete":true,"is_partitioned":false,"complete_time_ticks":1639786413443,"user_data":{},"test_doc":0,"handle":{"bucket":"trustworthyai-donotdelete-pr-9ehksanakgwfoa","location":"us-geo","key":"notebook/Explore_Attrition_by_department_cNXn2GEL_.ipynb","upload_id":"done","max_part_num":1},"usage":{"access_count":1,"last_accessor_id":"IBMid-50VBUJY373","last_access_time":1640124859478,"last_updater_id":"IBMid-50VBUJY373","last_update_time":1640124859478}}]}
