{"metadata":{"asset_id":"20c9ef66-ae36-4e11-9f54-f5b0b5197ca8","asset_attributes":["notebook"],"name":"OEM notebook - MongoDB","asset_type":"notebook","created_at":"2023-08-16T18:13:12Z","description":"","origin_country":"us","owner_id":"IBMid-6650014XQR","project_id":"65f24cd6-dc8d-406f-87e9-c99f949579cd","size":13465,"tags":["notebook"],"usage":{"last_update_time":1692209594732,"last_updated_at":"2023-08-16T18:13:14Z"}},"entity":{"notebook":{"kernel":{"name":"python3","display_name":"Python 3.10","language":"python","version":"3.10"},"originates_from":{"type":"file"},"runtime":{"environment":"rt222pys2-65f24cd6-dc8d-406f-87e9-c99f949579cd"}},"location_definition":{"physical_location_code":"DAL","physical_location_code_assigned_by":"IBMid-6650014XQR","physical_location_code_rds_id":"c57cb90f-2126-3800-9c9f-9eab82021cdf","physical_location_code_rds_version":"93703e8d-71ac-45fc-84bc-45b31b2133e4_0","physical_location_code_assignment_method":"INFERRED","physical_location_code_added_on":"1692209582820"}},"attachments":[{"id":"dab51b36-536f-4c99-93c0-e4475ffcc46a","version":2,"asset_type":"notebook","name":"attachment for notebook 20c9ef66-ae36-4e11-9f54-f5b0b5197ca8","description":"attachment for notebook 20c9ef66-ae36-4e11-9f54-f5b0b5197ca8","mime":"application/json","datasource_type":"193a97c1-4475-4a19-b90c-295c4fdc6517","object_key":"notebook/OEM_notebook_-_MongoDB_Wflq9l_ea.ipynb","creator_id":"IBMid-6650014XQR","create_time":1692209593054,"size":13465,"is_remote":false,"is_managed":false,"is_referenced":true,"is_object_key_read_only":false,"is_user_provided_path_key":true,"transfer_complete":true,"is_partitioned":false,"complete_time_ticks":1692209593054,"user_data":{},"test_doc":0,"handle":{"bucket":"datafabricoutcomesmaster-donotdelete-pr-t1cznfpejagbzl","location":"us-south","type":"bluemix_cos","key":"notebook/OEM_notebook_-_MongoDB_Wflq9l_ea.ipynb","upload_id":"done","max_part_num":1},"usage":{"access_count":0,"last_accessor_id":"IBMid-6650014XQR","last_access_time":1692209593054}}]}
