{"metadata":{"asset_id":"b415b68e-666e-46ab-80de-b1e9559bfe66","asset_attributes":["notebook"],"name":"Explore Attrition by department","asset_type":"notebook","created_at":"2021-12-23T15:49:54Z","description":"","origin_country":"us","owner_id":"IBMid-50VBUJY373","project_id":"f7ccecdf-6ee6-4c31-9d08-493b039bf7eb","size":115072,"tags":["notebook"],"usage":{"last_update_time":1640274816206,"last_updated_at":"2021-12-23T15:53:36Z"}},"entity":{"notebook":{"kernel":{"name":"python3","display_name":"Python 3.8","language":"python"},"originates_from":{"type":"file"},"runtime":{"environment":"conda2py38-f7ccecdf-6ee6-4c31-9d08-493b039bf7eb"}}},"attachments":[{"id":"c8773b6a-4d85-4947-b718-79bf5b78768b","version":2,"asset_type":"notebook","name":"attachment for notebook b415b68e-666e-46ab-80de-b1e9559bfe66","description":"attachment for notebook b415b68e-666e-46ab-80de-b1e9559bfe66","mime":"application/json","datasource_type":"193a97c1-4475-4a19-b90c-295c4fdc6517","object_key":"notebook/Explore_Attrition_by_department_cNXn2GEL_.ipynb","creator_id":"IBMid-50VBUJY373","create_time":1640274595214,"size":115072,"is_remote":false,"is_managed":false,"is_referenced":true,"is_object_key_read_only":false,"is_user_provided_path_key":true,"transfer_complete":true,"is_partitioned":false,"complete_time_ticks":1640274595214,"user_data":{},"test_doc":0,"handle":{"bucket":"outcomeslastchance-donotdelete-pr-usw20i5bjwvufw","location":"us-geo","key":"notebook/Explore_Attrition_by_department_cNXn2GEL_.ipynb","upload_id":"done","max_part_num":1},"usage":{"access_count":1,"last_accessor_id":"IBMid-50VBUJY373","last_access_time":1640274813720,"last_updater_id":"IBMid-50VBUJY373","last_update_time":1640274813720}}]}
