{"metadata":{"asset_id":"e7a12f97-f967-4b4d-a3af-ae006c9b98f1","asset_attributes":["notebook"],"name":"Explore Attrition by department","asset_type":"notebook","created_at":"2022-10-21T22:23:57Z","description":"","origin_country":"us","owner_id":"IBMid-110000B3QC","project_id":"16577cd3-1439-4ea4-9706-f7b7461a4fe3","size":115071,"tags":["notebook"],"usage":{"last_update_time":1666391039860,"last_updated_at":"2022-10-21T22:23:59Z"}},"entity":{"notebook":{"kernel":{"name":"python3","display_name":"Python 3.9","language":"python"},"originates_from":{"type":"file"},"runtime":{"environment":"conda2rt221-16577cd3-1439-4ea4-9706-f7b7461a4fe3"}},"location_definition":{"physical_location_code":"DAL","physical_location_code_assigned_by":"IBMid-110000B3QC","physical_location_code_rds_id":"c57cb90f-2126-3800-9c9f-9eab82021cdf","physical_location_code_rds_version":"00002022-0706-4013-8454-473140000000_2","physical_location_code_assignment_method":"INFERRED","physical_location_code_added_on":"1666391023874"}},"attachments":[{"id":"d2ed1361-86e0-4745-8d3f-48af73abcd3b","version":2,"asset_type":"notebook","name":"attachment for notebook e7a12f97-f967-4b4d-a3af-ae006c9b98f1","description":"attachment for notebook e7a12f97-f967-4b4d-a3af-ae006c9b98f1","mime":"application/json","datasource_type":"193a97c1-4475-4a19-b90c-295c4fdc6517","object_key":"notebook/Explore_Attrition_by_department_flIeuuAkN.ipynb","creator_id":"IBMid-110000B3QC","create_time":1666391037660,"size":115071,"is_remote":false,"is_managed":false,"is_referenced":true,"is_object_key_read_only":false,"is_user_provided_path_key":true,"transfer_complete":true,"is_partitioned":false,"complete_time_ticks":1666391037660,"user_data":{},"test_doc":0,"handle":{"bucket":"datafabricoutcomes-donotdelete-pr-pqyw3uinhcf9tr","location":"us-geo","type":"bluemix_cos","key":"notebook/Explore_Attrition_by_department_flIeuuAkN.ipynb","upload_id":"done","max_part_num":1},"usage":{"access_count":0,"last_accessor_id":"IBMid-110000B3QC","last_access_time":1666391037660}}]}
