{"metadata":{"asset_id":"51d29c7d-cd70-41ef-addc-094dbc54e3ea","asset_attributes":["notebook"],"name":"OEM notebook - EnterpriseDB","asset_type":"notebook","created_at":"2022-10-21T22:23:56Z","description":"","origin_country":"us","owner_id":"IBMid-110000B3QC","project_id":"16577cd3-1439-4ea4-9706-f7b7461a4fe3","size":6617,"tags":["notebook"],"usage":{"last_update_time":1666391040252,"last_updated_at":"2022-10-21T22:24:00Z"}},"entity":{"notebook":{"kernel":"","originates_from":{"type":"file"},"runtime":{"environment":"conda2rt221-16577cd3-1439-4ea4-9706-f7b7461a4fe3"}},"location_definition":{"physical_location_code":"DAL","physical_location_code_assigned_by":"IBMid-110000B3QC","physical_location_code_rds_id":"c57cb90f-2126-3800-9c9f-9eab82021cdf","physical_location_code_rds_version":"00002022-0706-4013-8454-473140000000_2","physical_location_code_assignment_method":"INFERRED","physical_location_code_added_on":"1666391023874"}},"attachments":[{"id":"b20996f5-3303-4509-add9-5183ca944641","version":2,"asset_type":"notebook","name":"attachment for notebook 51d29c7d-cd70-41ef-addc-094dbc54e3ea","description":"attachment for notebook 51d29c7d-cd70-41ef-addc-094dbc54e3ea","mime":"application/json","datasource_type":"193a97c1-4475-4a19-b90c-295c4fdc6517","object_key":"notebook/OEM_notebook_-_EnterpriseDB_LXOeQ0jyU.ipynb","creator_id":"IBMid-110000B3QC","create_time":1666391037613,"size":6617,"is_remote":false,"is_managed":false,"is_referenced":true,"is_object_key_read_only":false,"is_user_provided_path_key":true,"transfer_complete":true,"is_partitioned":false,"complete_time_ticks":1666391037613,"user_data":{},"test_doc":0,"handle":{"bucket":"datafabricoutcomes-donotdelete-pr-pqyw3uinhcf9tr","location":"us-geo","type":"bluemix_cos","key":"notebook/OEM_notebook_-_EnterpriseDB_LXOeQ0jyU.ipynb","upload_id":"done","max_part_num":1},"usage":{"access_count":0,"last_accessor_id":"IBMid-110000B3QC","last_access_time":1666391037613}}]}
