{"metadata":{"asset_id":"a03829fc-fd19-4074-9199-149e62cc1935","asset_attributes":["notebook"],"name":"OEM notebook - MongoDB","asset_type":"notebook","created_at":"2022-10-21T22:23:56Z","description":"","origin_country":"us","owner_id":"IBMid-110000B3QC","project_id":"16577cd3-1439-4ea4-9706-f7b7461a4fe3","size":13465,"tags":["notebook"],"usage":{"last_update_time":1686070220232,"last_updated_at":"2023-06-06T16:50:20Z"}},"entity":{"notebook":{"kernel":{"name":"python3","display_name":"Python 3.10","language":"python","version":"3.10"},"originates_from":{"type":"file"},"runtime":{"environment":"rt222pys2-16577cd3-1439-4ea4-9706-f7b7461a4fe3"}},"location_definition":{"physical_location_code":"DAL","physical_location_code_assigned_by":"IBMid-110000B3QC","physical_location_code_rds_id":"c57cb90f-2126-3800-9c9f-9eab82021cdf","physical_location_code_rds_version":"00002022-0706-4013-8454-473140000000_2","physical_location_code_assignment_method":"INFERRED","physical_location_code_added_on":"1666391023874"}},"attachments":[{"id":"2fe5b6a5-709a-4c00-be37-768e47e0366a","version":2,"asset_type":"notebook","name":"attachment for notebook a03829fc-fd19-4074-9199-149e62cc1935","description":"attachment for notebook a03829fc-fd19-4074-9199-149e62cc1935","mime":"application/json","datasource_type":"193a97c1-4475-4a19-b90c-295c4fdc6517","object_key":"notebook/OEM_notebook_-_MongoDB_Wflq9l_ea.ipynb","creator_id":"IBMid-110000B3QC","create_time":1666391037232,"size":13465,"is_remote":false,"is_managed":false,"is_referenced":true,"is_object_key_read_only":false,"is_user_provided_path_key":true,"transfer_complete":true,"is_partitioned":false,"complete_time_ticks":1666391037232,"user_data":{},"test_doc":0,"handle":{"bucket":"datafabricoutcomes-donotdelete-pr-pqyw3uinhcf9tr","location":"us-geo","type":"bluemix_cos","key":"notebook/OEM_notebook_-_MongoDB_Wflq9l_ea.ipynb","upload_id":"done","max_part_num":1},"usage":{"access_count":0,"last_accessor_id":"IBMid-110000B3QC","last_access_time":1666391037232}}]}
