{"metadata":{"asset_id":"584685da-22a8-4572-a2ee-aab886248776","asset_attributes":["notebook"],"name":"Explore Attrition by department","asset_type":"notebook","created_at":"2022-10-21T19:08:58Z","description":"","origin_country":"us","owner_id":"IBMid-110000B3QC","project_id":"453f743c-b272-4445-96d6-cea56f26c5f6","size":115071,"tags":["notebook"],"usage":{"last_update_time":1666379340933,"last_updated_at":"2022-10-21T19:09:00Z"}},"entity":{"notebook":{"kernel":{"name":"python3","display_name":"Python 3.9","language":"python"},"originates_from":{"type":"file"},"runtime":{"environment":"conda2rt221-453f743c-b272-4445-96d6-cea56f26c5f6"}},"location_definition":{"physical_location_code":"DAL","physical_location_code_assigned_by":"IBMid-110000B3QC","physical_location_code_rds_id":"c57cb90f-2126-3800-9c9f-9eab82021cdf","physical_location_code_rds_version":"00002022-0706-4013-8454-473140000000_2","physical_location_code_assignment_method":"INFERRED","physical_location_code_added_on":"1666379321467"}},"attachments":[{"id":"24d32125-c430-4076-8f4b-4c0db3699425","version":2,"asset_type":"notebook","name":"attachment for notebook 584685da-22a8-4572-a2ee-aab886248776","description":"attachment for notebook 584685da-22a8-4572-a2ee-aab886248776","mime":"application/json","datasource_type":"193a97c1-4475-4a19-b90c-295c4fdc6517","object_key":"notebook/Explore_Attrition_by_department_flIeuuAkN.ipynb","creator_id":"IBMid-110000B3QC","create_time":1666379338504,"size":115071,"is_remote":false,"is_managed":false,"is_referenced":true,"is_object_key_read_only":false,"is_user_provided_path_key":true,"transfer_complete":true,"is_partitioned":false,"complete_time_ticks":1666379338504,"user_data":{},"test_doc":0,"handle":{"bucket":"felix-donotdelete-pr-a03il9nv1b6qah","location":"us-geo","type":"bluemix_cos","key":"notebook/Explore_Attrition_by_department_flIeuuAkN.ipynb","upload_id":"done","max_part_num":1},"usage":{"access_count":0,"last_accessor_id":"IBMid-110000B3QC","last_access_time":1666379338504}}]}
