{"metadata":{"asset_id":"4d7f9c62-d445-4b45-a5e0-e3821705562b","asset_attributes":["notebook"],"name":"OEM notebook - EnterpriseDB","asset_type":"notebook","created_at":"2023-08-16T18:13:12Z","description":"","origin_country":"us","owner_id":"IBMid-6650014XQR","project_id":"65f24cd6-dc8d-406f-87e9-c99f949579cd","size":6617,"tags":["notebook"],"usage":{"last_update_time":1692209594923,"last_updated_at":"2023-08-16T18:13:14Z"}},"entity":{"notebook":{"kernel":{"name":"python3","display_name":"Python 3.10","language":"python","version":"3.10"},"originates_from":{"type":"file"},"runtime":{"environment":"rt222pys2-65f24cd6-dc8d-406f-87e9-c99f949579cd"}},"location_definition":{"physical_location_code":"DAL","physical_location_code_assigned_by":"IBMid-6650014XQR","physical_location_code_rds_id":"c57cb90f-2126-3800-9c9f-9eab82021cdf","physical_location_code_rds_version":"93703e8d-71ac-45fc-84bc-45b31b2133e4_0","physical_location_code_assignment_method":"INFERRED","physical_location_code_added_on":"1692209582820"}},"attachments":[{"id":"35f20b71-db9f-4870-9893-5e052dcc8761","version":2,"asset_type":"notebook","name":"attachment for notebook 4d7f9c62-d445-4b45-a5e0-e3821705562b","description":"attachment for notebook 4d7f9c62-d445-4b45-a5e0-e3821705562b","mime":"application/json","datasource_type":"193a97c1-4475-4a19-b90c-295c4fdc6517","object_key":"notebook/OEM_notebook_-_EnterpriseDB_LXOeQ0jyU.ipynb","creator_id":"IBMid-6650014XQR","create_time":1692209593216,"size":6617,"is_remote":false,"is_managed":false,"is_referenced":true,"is_object_key_read_only":false,"is_user_provided_path_key":true,"transfer_complete":true,"is_partitioned":false,"complete_time_ticks":1692209593216,"user_data":{},"test_doc":0,"handle":{"bucket":"datafabricoutcomesmaster-donotdelete-pr-t1cznfpejagbzl","location":"us-south","type":"bluemix_cos","key":"notebook/OEM_notebook_-_EnterpriseDB_LXOeQ0jyU.ipynb","upload_id":"done","max_part_num":1},"usage":{"access_count":0,"last_accessor_id":"IBMid-6650014XQR","last_access_time":1692209593216}}]}
