{"metadata":{"asset_id":"008cc168-25a1-4066-9282-2a66d3b72665","asset_attributes":["notebook"],"name":"Simulate Data Creation","asset_type":"notebook","created_at":"2023-08-17T21:01:11Z","description":"Used in the IBM Data Replication demo","origin_country":"us","owner_id":"IBMid-6650014XQR","project_id":"821d3b05-55da-4014-888b-6eb0218b329e","size":4510,"tags":["notebook"],"usage":{"last_update_time":1692306114415,"last_updated_at":"2023-08-17T21:01:54Z"}},"entity":{"notebook":{"kernel":{"name":"python3","display_name":"Python 3.10","language":"python"},"originates_from":{"type":"file"},"runtime":{"environment":"rt222pys1-821d3b05-55da-4014-888b-6eb0218b329e"}},"location_definition":{"physical_location_code":"DAL","physical_location_code_assigned_by":"IBMid-6650014XQR","physical_location_code_rds_id":"c57cb90f-2126-3800-9c9f-9eab82021cdf","physical_location_code_rds_version":"93703e8d-71ac-45fc-84bc-45b31b2133e4_0","physical_location_code_assignment_method":"INFERRED","physical_location_code_added_on":"1692305981247"}},"attachments":[{"id":"613e3391-947b-499d-888e-8a9b42b96b23","version":2,"asset_type":"notebook","name":"attachment for notebook 008cc168-25a1-4066-9282-2a66d3b72665","description":"attachment for notebook 008cc168-25a1-4066-9282-2a66d3b72665","mime":"application/json","datasource_type":"193a97c1-4475-4a19-b90c-295c4fdc6517","object_key":"notebook/Simulate_Data_Creation_IRov0gf_v.ipynb","creator_id":"IBMid-6650014XQR","create_time":1692306072094,"size":4510,"is_remote":false,"is_managed":false,"is_referenced":true,"is_object_key_read_only":false,"is_user_provided_path_key":true,"transfer_complete":true,"is_partitioned":false,"complete_time_ticks":1692306072094,"user_data":{},"test_doc":0,"handle":{"bucket":"datafabricoutcomes-donotdelete-pr-0tfrcrtam4kuhw","location":"us-south","type":"bluemix_cos","key":"notebook/Simulate_Data_Creation_IRov0gf_v.ipynb","upload_id":"done","max_part_num":1},"usage":{"access_count":1,"last_accessor_id":"IBMid-6650014XQR","last_access_time":1692306114411,"last_updater_id":"IBMid-6650014XQR","last_update_time":1692306114411}}]}
