{"metadata":{"asset_id":"2a578917-1692-41be-8dec-207569798b92","asset_attributes":["notebook"],"name":"OEM notebook - EnterpriseDB","asset_type":"notebook","created_at":"2023-08-17T20:59:51Z","description":"","origin_country":"us","owner_id":"IBMid-6650014XQR","project_id":"821d3b05-55da-4014-888b-6eb0218b329e","size":6617,"tags":["notebook"],"usage":{"last_update_time":1692305993775,"last_updated_at":"2023-08-17T20:59:53Z"}},"entity":{"notebook":{"kernel":{"name":"python3","display_name":"Python 3.10","language":"python","version":"3.10"},"originates_from":{"type":"file"},"runtime":{"environment":"rt222pys2-821d3b05-55da-4014-888b-6eb0218b329e"}},"location_definition":{"physical_location_code":"DAL","physical_location_code_assigned_by":"IBMid-6650014XQR","physical_location_code_rds_id":"c57cb90f-2126-3800-9c9f-9eab82021cdf","physical_location_code_rds_version":"93703e8d-71ac-45fc-84bc-45b31b2133e4_0","physical_location_code_assignment_method":"INFERRED","physical_location_code_added_on":"1692305981247"}},"attachments":[{"id":"144f5ad3-7b2c-4042-a99c-4e65bede5370","version":2,"asset_type":"notebook","name":"attachment for notebook 2a578917-1692-41be-8dec-207569798b92","description":"attachment for notebook 2a578917-1692-41be-8dec-207569798b92","mime":"application/json","datasource_type":"193a97c1-4475-4a19-b90c-295c4fdc6517","object_key":"notebook/OEM_notebook_-_EnterpriseDB_LXOeQ0jyU.ipynb","creator_id":"IBMid-6650014XQR","create_time":1692305992057,"size":6617,"is_remote":false,"is_managed":false,"is_referenced":true,"is_object_key_read_only":false,"is_user_provided_path_key":true,"transfer_complete":true,"is_partitioned":false,"complete_time_ticks":1692305992057,"user_data":{},"test_doc":0,"handle":{"bucket":"datafabricoutcomes-donotdelete-pr-0tfrcrtam4kuhw","location":"us-south","type":"bluemix_cos","key":"notebook/OEM_notebook_-_EnterpriseDB_LXOeQ0jyU.ipynb","upload_id":"done","max_part_num":1},"usage":{"access_count":0,"last_accessor_id":"IBMid-6650014XQR","last_access_time":1692305992057}}]}
