{"metadata":{"asset_id":"a3e40578-0e4a-427b-afd4-9918a44b915d","asset_attributes":["notebook"],"name":"Explore Attrition by department","asset_type":"notebook","created_at":"2022-03-07T15:48:58Z","description":"","origin_country":"us","owner_id":"IBMid-663002W4X7","project_id":"27ccb1eb-b012-44dc-a96b-0f9220a33e55","size":115071,"tags":["notebook"],"usage":{"last_update_time":1646668141364,"last_updated_at":"2022-03-07T15:49:01Z"}},"entity":{"notebook":{"kernel":{"name":"python3","display_name":"Python 3.9","language":"python"},"originates_from":{"type":"file"},"runtime":{"environment":"conda2rt221"}},"location_definition":{"physical_location_code":"DAL","physical_location_code_assigned_by":"IBMid-663002W4X7","physical_location_code_rds_id":"c57cb90f-2126-3800-9c9f-9eab82021cdf","physical_location_code_rds_version":"test_version_noop","physical_location_code_assignment_method":"INFERRED","physical_location_code_added_on":"1646668127892"}},"attachments":[{"id":"d3995614-bf7d-4c70-a72a-9b7e7e29f12e","version":2,"asset_type":"notebook","name":"attachment for notebook a3e40578-0e4a-427b-afd4-9918a44b915d","description":"attachment for notebook a3e40578-0e4a-427b-afd4-9918a44b915d","mime":"application/json","datasource_type":"193a97c1-4475-4a19-b90c-295c4fdc6517","object_key":"notebook/Explore_Attrition_by_department_flIeuuAkN.ipynb","creator_id":"IBMid-663002W4X7","create_time":1646668138796,"size":115071,"is_remote":false,"is_managed":false,"is_referenced":true,"is_object_key_read_only":false,"is_user_provided_path_key":true,"transfer_complete":true,"is_partitioned":false,"complete_time_ticks":1646668138796,"user_data":{},"test_doc":0,"handle":{"bucket":"datafabricoutcomes-donotdelete-pr-qkqazqzhu9vtfg","location":"us-geo","key":"notebook/Explore_Attrition_by_department_flIeuuAkN.ipynb","upload_id":"done","max_part_num":1},"usage":{"access_count":0,"last_accessor_id":"IBMid-663002W4X7","last_access_time":1646668138796}}]}
