{"metadata":{"asset_id":"d0b4d232-2e69-47e1-ae5c-dda74baf5175","name":"Attrition Pipeline","description":"","tags":null,"asset_type":"orchestration_flow","origin_country":"us","rov":{"mode":0},"owner_id":"IBMid-6650014XQR","created_at":"2023-08-17T20:59:55Z","commit_info":{"previous_revision":1}},"entity":{"location_definition":{"physical_location_code":"DAL","physical_location_code_added_on":"1692305981247","physical_location_code_assigned_by":"IBMid-6650014XQR","physical_location_code_assignment_method":"INFERRED","physical_location_code_rds_id":"c57cb90f-2126-3800-9c9f-9eab82021cdf","physical_location_code_rds_version":"93703e8d-71ac-45fc-84bc-45b31b2133e4_0"},"orchestration_flow":{"created_at":1692305995,"default_version":{"id":"d0b4d232-2e69-47e1-ae5c-dda74baf5175-1","version_code_source_url":"","version_created_at":1692305997,"version_name":"Attrition Pipeline","version_parameters":"[{\"name\":\"pipelinerun_name\",\"value\":\"$(context.pipelineRun.name)\"}]","version_status":"READY"},"default_version_id":"d0b4d232-2e69-47e1-ae5c-dda74baf5175-1","deleted_versions":[],"status":"READY","version_code_source_url":"","version_created_at":1692305995,"version_name":"Attrition Pipeline","version_parameters":"[{\"name\":\"pipelinerun_name\",\"value\":\"$(context.pipelineRun.name)\"}]","version_status":"READY"}},"attachments":[{"object_key":"orchestration_flow/d0b4d232-2e69-47e1-ae5c-dda74baf5175-1"}],"scope":"cpd.__projects_821d3b05-55da-4014-888b-6eb0218b329e"}
