{"metadata":{"asset_id":"dfb51333-ff3e-4d96-ac3e-21927d567f9a","name":"Attrition Pipeline","description":"","tags":null,"asset_type":"orchestration_flow","origin_country":"us","rov":{"mode":0},"owner_id":"IBMid-6650014XQR","created_at":"2023-08-16T18:13:16Z","commit_info":{"previous_revision":1}},"entity":{"location_definition":{"physical_location_code":"DAL","physical_location_code_added_on":"1692209582820","physical_location_code_assigned_by":"IBMid-6650014XQR","physical_location_code_assignment_method":"INFERRED","physical_location_code_rds_id":"c57cb90f-2126-3800-9c9f-9eab82021cdf","physical_location_code_rds_version":"93703e8d-71ac-45fc-84bc-45b31b2133e4_0"},"orchestration_flow":{"created_at":1692209596,"default_version":{"id":"dfb51333-ff3e-4d96-ac3e-21927d567f9a-1","version_code_source_url":"","version_created_at":1692209597,"version_name":"Attrition Pipeline","version_parameters":"[{\"name\":\"pipelinerun_name\",\"value\":\"$(context.pipelineRun.name)\"}]","version_status":"READY"},"default_version_id":"dfb51333-ff3e-4d96-ac3e-21927d567f9a-1","deleted_versions":[],"status":"READY","version_code_source_url":"","version_created_at":1692209596,"version_name":"Attrition Pipeline","version_parameters":"[{\"name\":\"pipelinerun_name\",\"value\":\"$(context.pipelineRun.name)\"}]","version_status":"READY"}},"attachments":[{"object_key":"orchestration_flow/dfb51333-ff3e-4d96-ac3e-21927d567f9a-1"}],"scope":"cpd.__projects_65f24cd6-dc8d-406f-87e9-c99f949579cd"}
