{"metadata":{"asset_id":"0a844890-3e0a-4048-8f7c-dc46cab2e7c3","name":"Attrition Pipeline","description":"","tags":null,"asset_type":"orchestration_flow","origin_country":"us","rov":{"mode":0},"owner_id":"IBMid-6650014XQR","created_at":"2023-06-26T21:03:05Z"},"entity":{"orchestration_flow":{"created_at":1687813385,"default_version":{"id":"0a844890-3e0a-4048-8f7c-dc46cab2e7c3-1","version_code_source_url":"","version_created_at":1687813385,"version_name":"Attrition Pipeline","version_parameters":"[{\"name\":\"pipelinerun_name\",\"value\":\"$(context.pipelineRun.name)\"}]","version_status":"VOLATILE"},"default_version_id":"0a844890-3e0a-4048-8f7c-dc46cab2e7c3-1","deleted_versions":[],"status":"VOLATILE","version_code_source_url":"","version_created_at":1687813385,"version_name":"Attrition Pipeline","version_parameters":"[{\"name\":\"pipelinerun_name\",\"value\":\"$(context.pipelineRun.name)\"}]","version_status":"VOLATILE"}},"scope":"cpd.__projects_b57f8835-6a45-420c-9c8d-ae31a7b2ea95","attachments":[{"object_key":"orchestration_flow/0a844890-3e0a-4048-8f7c-dc46cab2e7c3-0"}]}
