{"description":"A container for a logical data model","fields":[],"relationships":[],"properties":{"author":{"type":"string","description":"The organization or department that created the model."},"version":{"type":"string","description":"The version of the model or the release of the model."},"namespace":{"type":"string","description":"The value that helps to uniquely identify the model. It can include information about the business domain, name of the product or modeling tool"},"copyright":{"type":"string","description":"The model copyright information."},"license":{"type":"string","description":"The model license information."},"notes":{"type":"string"}},"localized_metadata_attributes":{"name":{"default":"Logical model","en":"Logical model"}},"global_search_searchable":[],"attribute_only":false,"version":1,"name":"ibm_logical_model","scope":"GLOBAL","allow_decorators":true}