{"fields":[{"key":"area_id","type":"string","facet":false,"is_array":false,"is_searchable_across_types":true},{"key":"added_date","type":"long","facet":false,"is_array":false,"is_searchable_across_types":true},{"key":"publish_date","type":"long","facet":false,"is_array":false,"is_searchable_across_types":true},{"key":"review_date","type":"long","facet":false,"is_array":false,"is_searchable_across_types":true},{"key":"columns","type":"array","facet":false,"is_array":false,"is_searchable_across_types":true}],"relationships":[],"global_search_searchable":[],"attribute_behavior":{"remove_on_copy":true},"attribute_only":true,"version":1,"name":"metadata_enrichment_area_info","scope":"GLOBAL","allow_decorators":true}