{"description":"The model entry user OpenPages asset type to capture OpenPages fields.","fields":[],"relationships":[],"properties":{"Additional Information":{"type":"string","placeholder":"Data not available from OpenPages","hidden":false,"readonly":true,"label":{"default":"Additional Information"}}},"localized_metadata_attributes":{"name":{"default":"Custom facts","en":"Custom facts"}},"decorates":[{"asset_type_name":"model_entry"}],"global_search_searchable":[],"attribute_only":false,"version":1,"name":"model_entry_user_op","scope":"ACCOUNT","allow_decorators":true}