{"metadata":{"asset_id":"8fd84411-f2e3-4bf2-adb6-8e5e37894817","asset_attributes":["data_asset"],"name":"policy_risk_training.csv","asset_type":"data_asset","created_at":"2023-09-01T15:19:51Z","origin_country":"us","owner_id":"1000330999","project_id":"525745b0-2da4-4c14-b941-19a7bb385c79","size":8879380,"usage":{"last_update_time":1693581594053,"last_updated_at":"2023-09-01T15:19:54Z"}},"entity":{"data_asset":{"mime_type":"text/csv","dataset":false}},"attachments":[{"id":"3d088429-fb18-4ac3-8a39-b6059f0c4c9b","version":2,"asset_type":"data_asset","name":"policy_risk_training.csv","mime":"text/csv","datasource_type":"81bafdbd-b7c6-45c5-a4fd-6ec135f66f4e","object_key":"data_asset/policy_risk_training.csv","creator_id":"icp4d-dev","create_time":1693581592710,"size":8879380,"is_remote":false,"is_managed":false,"is_referenced":true,"is_object_key_read_only":true,"is_user_provided_path_key":true,"transfer_complete":true,"is_partitioned":false,"complete_time_ticks":1693581592710,"user_data":{},"test_doc":0,"handle":{"type":"assetfiles","key":"data_asset/policy_risk_training.csv","upload_id":"done","max_part_num":1},"usage":{"access_count":0,"last_accessor_id":"icp4d-dev","last_access_time":1693581592710}}]}