{"metadata":{"asset_id":"cb9ec551-2c82-454d-a121-79d9e903bcc2","asset_attributes":["data_asset"],"name":"policy_risk_training.csv","asset_type":"data_asset","created_at":"2023-06-18T04:45:22Z","origin_country":"us","owner_id":"1000330999","project_id":"62725373-512a-4b4d-ad2a-62a6a92fddf0","size":8879380,"usage":{"last_update_time":1687063522652,"last_updated_at":"2023-06-18T04:45:22Z"}},"entity":{"data_asset":{"mime_type":"text/csv","dataset":false}},"attachments":[{"id":"8898b4a6-b56c-4161-a0bc-a374a239dc3d","version":2,"asset_type":"data_asset","name":"policy_risk_training.csv","mime":"text/csv","datasource_type":"81bafdbd-b7c6-45c5-a4fd-6ec135f66f4e","object_key":"data_asset/policy_risk_training.csv","creator_id":"icp4d-dev","create_time":1687063522494,"size":8879380,"is_remote":false,"is_managed":false,"is_referenced":true,"is_object_key_read_only":true,"is_user_provided_path_key":true,"transfer_complete":true,"is_partitioned":false,"complete_time_ticks":1687063522494,"user_data":{},"test_doc":0,"handle":{"type":"assetfiles","key":"data_asset/policy_risk_training.csv","upload_id":"done","max_part_num":1},"usage":{"access_count":0,"last_accessor_id":"icp4d-dev","last_access_time":1687063522494}}]}