{"metadata":{"asset_id":"a7e60030-0ba4-4c80-b107-3860741f9c21","asset_attributes":["data_asset"],"name":"policy_risk_training.csv","asset_type":"data_asset","created_at":"2023-06-18T22:48:10Z","origin_country":"us","owner_id":"1000330999","project_id":"7bacacf0-038a-4d43-888b-3a4688a93135","size":8879380,"usage":{"last_update_time":1687128490795,"last_updated_at":"2023-06-18T22:48:10Z"}},"entity":{"data_asset":{"mime_type":"text/csv","dataset":false}},"attachments":[{"id":"0e3a704f-f95c-408f-b196-529a23ac4907","version":2,"asset_type":"data_asset","name":"policy_risk_training.csv","mime":"text/csv","datasource_type":"81bafdbd-b7c6-45c5-a4fd-6ec135f66f4e","object_key":"data_asset/policy_risk_training.csv","creator_id":"icp4d-dev","create_time":1687128490708,"size":8879380,"is_remote":false,"is_managed":false,"is_referenced":true,"is_object_key_read_only":true,"is_user_provided_path_key":true,"transfer_complete":true,"is_partitioned":false,"complete_time_ticks":1687128490708,"user_data":{},"test_doc":0,"handle":{"type":"assetfiles","key":"data_asset/policy_risk_training.csv","upload_id":"done","max_part_num":1},"usage":{"access_count":0,"last_accessor_id":"icp4d-dev","last_access_time":1687128490708}}]}