{"metadata":{"asset_id":"f82cfb92-336a-40ed-85b7-576a5f40e52c","asset_attributes":["data_asset"],"name":"policy_risk_training_autoai.csv","asset_type":"data_asset","created_at":"2023-06-14T19:28:07Z","origin_country":"us","owner_id":"1000330999","project_id":"a3a7620a-927c-46f8-9b25-5236d484aa71","size":5997802,"usage":{"last_update_time":1686770887982,"last_updated_at":"2023-06-14T19:28:07Z"}},"entity":{"data_asset":{"mime_type":"text/csv","dataset":false}},"attachments":[{"id":"e92206e3-0da4-4325-ae9d-874086509d69","version":2,"asset_type":"data_asset","name":"policy_risk_training_autoai.csv","mime":"text/csv","datasource_type":"81bafdbd-b7c6-45c5-a4fd-6ec135f66f4e","object_key":"data_asset/policy_risk_training_autoai.csv","creator_id":"1000330999","create_time":1686770888022,"size":5997802,"is_remote":false,"is_managed":false,"is_referenced":true,"is_object_key_read_only":true,"is_user_provided_path_key":true,"transfer_complete":true,"is_partitioned":false,"complete_time_ticks":1686770888022,"user_data":{},"test_doc":0,"handle":{"type":"assetfiles","key":"data_asset/policy_risk_training_autoai.csv","upload_id":"done","max_part_num":1},"usage":{"access_count":0,"last_accessor_id":"1000330999","last_access_time":1686770888022}}]}