{"metadata":{"asset_id":"02435a7e-7f4f-40b6-b04c-46f2a95462ce","asset_attributes":["data_asset"],"name":"policy_risk_evaluation.csv","asset_type":"data_asset","created_at":"2023-06-14T19:28:03Z","origin_country":"us","owner_id":"1000330999","project_id":"a3a7620a-927c-46f8-9b25-5236d484aa71","size":983054,"usage":{"last_update_time":1686770883299,"last_updated_at":"2023-06-14T19:28:03Z"}},"entity":{"data_asset":{"mime_type":"text/csv","dataset":false}},"attachments":[{"id":"922e951c-7e7c-47c2-b493-a44d235ec01d","version":2,"asset_type":"data_asset","name":"policy_risk_evaluation.csv","mime":"text/csv","datasource_type":"81bafdbd-b7c6-45c5-a4fd-6ec135f66f4e","object_key":"data_asset/policy_risk_evaluation.csv","creator_id":"1000330999","create_time":1686770883325,"size":983054,"is_remote":false,"is_managed":false,"is_referenced":true,"is_object_key_read_only":true,"is_user_provided_path_key":true,"transfer_complete":true,"is_partitioned":false,"complete_time_ticks":1686770883325,"user_data":{},"test_doc":0,"handle":{"type":"assetfiles","key":"data_asset/policy_risk_evaluation.csv","upload_id":"done","max_part_num":1},"usage":{"access_count":0,"last_accessor_id":"1000330999","last_access_time":1686770883325}}]}