{"metadata":{"asset_id":"731c54f7-760b-409b-8d09-4be369c35db7","asset_attributes":["notebook"],"name":"Build evaluation data","asset_type":"notebook","created_at":"2023-09-01T15:19:54Z","description":"Sample the evaluation data in the project, add the necessary metadata for OpenScale evaluations, and save the result as a CSV file in the project.","origin_country":"us","owner_id":"1000330999","project_id":"525745b0-2da4-4c14-b941-19a7bb385c79","size":5860,"tags":["notebook"],"usage":{"last_update_time":1693581665164,"last_updated_at":"2023-09-01T15:21:05Z"}},"entity":{"notebook":{"kernel":{"name":"python3","display_name":"Python 3.10","language":"python","version":"3.10"},"originates_from":{"type":"file"},"runtime":{"environment":"rt231py-525745b0-2da4-4c14-b941-19a7bb385c79"}}},"attachments":[{"id":"4c803cb2-95c9-48b1-bd0a-6c2a00819dbc","version":2,"asset_type":"notebook","name":"attachment for notebook 731c54f7-760b-409b-8d09-4be369c35db7","description":"attachment for notebook 731c54f7-760b-409b-8d09-4be369c35db7","mime":"application/json","datasource_type":"81bafdbd-b7c6-45c5-a4fd-6ec135f66f4e","object_key":"notebook/Build_evaluation_data_kvMO5cg00.ipynb","creator_id":"1000330999","create_time":1693581594915,"size":5860,"is_remote":false,"is_managed":false,"is_referenced":true,"is_object_key_read_only":false,"is_user_provided_path_key":true,"transfer_complete":true,"is_partitioned":false,"complete_time_ticks":1693581594915,"user_data":{},"test_doc":0,"handle":{"type":"assetfiles","key":"notebook/Build_evaluation_data_kvMO5cg00.ipynb","upload_id":"done","max_part_num":1},"usage":{"access_count":0,"last_accessor_id":"1000330999","last_access_time":1693581594915}}]}