{"metadata":{"asset_id":"fbba6f1b-6547-4e9a-a964-f0745361f4a1","asset_attributes":["notebook"],"name":"Model evaluation","asset_type":"notebook","created_at":"2023-06-18T04:45:23Z","description":"","origin_country":"us","owner_id":"1000330999","project_id":"62725373-512a-4b4d-ad2a-62a6a92fddf0","size":8327,"tags":["notebook"],"usage":{"last_update_time":1687064060678,"last_updated_at":"2023-06-18T04:54:20Z"}},"entity":{"notebook":{"kernel":{"name":"python3","display_name":"Python 3.10","language":"python"},"originates_from":{"type":"file"},"runtime":{"environment":"rt222py-62725373-512a-4b4d-ad2a-62a6a92fddf0"}}},"attachments":[{"id":"62450334-c842-43ec-b843-b94bd8e77c36","version":2,"asset_type":"notebook","name":"attachment for notebook fbba6f1b-6547-4e9a-a964-f0745361f4a1","description":"attachment for notebook fbba6f1b-6547-4e9a-a964-f0745361f4a1","mime":"application/json","datasource_type":"81bafdbd-b7c6-45c5-a4fd-6ec135f66f4e","object_key":"notebook/Model_evaluation_qaheXfP4-.ipynb","creator_id":"1000330999","create_time":1687063523564,"size":8327,"is_remote":false,"is_managed":false,"is_referenced":true,"is_object_key_read_only":false,"is_user_provided_path_key":true,"transfer_complete":true,"is_partitioned":false,"complete_time_ticks":1687063523564,"user_data":{},"test_doc":0,"handle":{"type":"assetfiles","key":"notebook/Model_evaluation_qaheXfP4-.ipynb","upload_id":"done","max_part_num":1},"usage":{"access_count":1,"last_accessor_id":"1000330999","last_access_time":1687064060676,"last_updater_id":"1000330999","last_update_time":1687064060676}}]}