{"metadata":{"asset_id":"4e54bfff-7428-4150-999b-1d9d22649c8e","asset_attributes":["notebook"],"name":"Auto policy risk model","asset_type":"notebook","created_at":"2023-06-18T04:45:23Z","description":"","origin_country":"us","owner_id":"1000330999","project_id":"62725373-512a-4b4d-ad2a-62a6a92fddf0","size":7404,"tags":["notebook"],"usage":{"last_update_time":1687065338590,"last_updated_at":"2023-06-18T05:15:38Z"}},"entity":{"notebook":{"kernel":{"name":"python3","display_name":"Python 3.10","language":"python"},"originates_from":{"type":"file"},"runtime":{"environment":"rt222py-62725373-512a-4b4d-ad2a-62a6a92fddf0"}}},"attachments":[{"id":"f17cdf50-5e0d-45d1-a9c3-9ae192971baf","version":2,"asset_type":"notebook","name":"attachment for notebook 4e54bfff-7428-4150-999b-1d9d22649c8e","description":"attachment for notebook 4e54bfff-7428-4150-999b-1d9d22649c8e","mime":"application/json","datasource_type":"81bafdbd-b7c6-45c5-a4fd-6ec135f66f4e","object_key":"notebook/Auto_policy_risk_model_zS7Y5lO5-.ipynb","creator_id":"1000330999","create_time":1687063523502,"size":7404,"is_remote":false,"is_managed":false,"is_referenced":true,"is_object_key_read_only":false,"is_user_provided_path_key":true,"transfer_complete":true,"is_partitioned":false,"complete_time_ticks":1687063523502,"user_data":{},"test_doc":0,"handle":{"type":"assetfiles","key":"notebook/Auto_policy_risk_model_zS7Y5lO5-.ipynb","upload_id":"done","max_part_num":1},"usage":{"access_count":2,"last_accessor_id":"1000330999","last_access_time":1687065338589,"last_updater_id":"1000330999","last_update_time":1687065338589}}]}