{"metadata":{"asset_id":"53c4e900-18e9-4481-bd4d-4e3c3889cf61","asset_attributes":["notebook"],"name":"Auto policy risk model","asset_type":"notebook","created_at":"2023-06-14T19:44:22Z","description":"","origin_country":"us","owner_id":"1000330999","project_id":"a3a7620a-927c-46f8-9b25-5236d484aa71","size":15569,"tags":["notebook"],"usage":{"last_update_time":1686800589122,"last_updated_at":"2023-06-15T03:43:09Z"}},"entity":{"notebook":{"kernel":{"name":"python3","display_name":"Python 3.10","language":"python"},"originates_from":{"type":"blank"},"runtime":{"environment":"rt222py-a3a7620a-927c-46f8-9b25-5236d484aa71"}}},"attachments":[{"id":"2f40ffb5-fe24-4bb5-9370-5bbecb366ad4","version":2,"asset_type":"notebook","name":"attachment for notebook 53c4e900-18e9-4481-bd4d-4e3c3889cf61","description":"attachment for notebook 53c4e900-18e9-4481-bd4d-4e3c3889cf61","mime":"application/json","datasource_type":"81bafdbd-b7c6-45c5-a4fd-6ec135f66f4e","object_key":"notebook/Auto_policy_risk_model_zS7Y5lO5-.ipynb","creator_id":"1000330999","create_time":1686771862636,"size":15569,"is_remote":false,"is_managed":false,"is_referenced":true,"is_object_key_read_only":false,"is_user_provided_path_key":true,"transfer_complete":true,"is_partitioned":false,"complete_time_ticks":1686771862636,"user_data":{},"test_doc":0,"handle":{"type":"assetfiles","key":"notebook/Auto_policy_risk_model_zS7Y5lO5-.ipynb","upload_id":"done","max_part_num":1},"usage":{"access_count":40,"last_accessor_id":"1000330999","last_access_time":1686800589120,"last_updater_id":"1000330999","last_update_time":1686800589120}}]}