{"metadata":{"asset_id":"adc23293-fbfe-4d37-ad5e-b6ae06db289c","asset_attributes":["notebook"],"name":"Model evaluation","asset_type":"notebook","created_at":"2023-09-01T15:19:54Z","description":"","origin_country":"us","owner_id":"1000330999","project_id":"525745b0-2da4-4c14-b941-19a7bb385c79","size":8260,"tags":["notebook"],"usage":{"last_update_time":1693581949511,"last_updated_at":"2023-09-01T15:25:49Z"}},"entity":{"notebook":{"kernel":{"name":"python3","display_name":"Python 3.10","language":"python"},"originates_from":{"type":"file"},"runtime":{"environment":"rt231py-525745b0-2da4-4c14-b941-19a7bb385c79"}}},"attachments":[{"id":"17320d5e-7bee-48b1-9b1d-dc85f0c7939d","version":2,"asset_type":"notebook","name":"attachment for notebook adc23293-fbfe-4d37-ad5e-b6ae06db289c","description":"attachment for notebook adc23293-fbfe-4d37-ad5e-b6ae06db289c","mime":"application/json","datasource_type":"81bafdbd-b7c6-45c5-a4fd-6ec135f66f4e","object_key":"notebook/Model_evaluation_qaheXfP4-.ipynb","creator_id":"1000330999","create_time":1693581594983,"size":8260,"is_remote":false,"is_managed":false,"is_referenced":true,"is_object_key_read_only":false,"is_user_provided_path_key":true,"transfer_complete":true,"is_partitioned":false,"complete_time_ticks":1693581594983,"user_data":{},"test_doc":0,"handle":{"type":"assetfiles","key":"notebook/Model_evaluation_qaheXfP4-.ipynb","upload_id":"done","max_part_num":1},"usage":{"access_count":2,"last_accessor_id":"1000330999","last_access_time":1693581949510,"last_updater_id":"1000330999","last_update_time":1693581949510}}]}