{"metadata":{"asset_id":"98eb4b0c-2083-4906-8f52-9f83697b6435","asset_attributes":["notebook"],"name":"Model orchestration","asset_type":"notebook","created_at":"2023-06-18T04:45:23Z","description":"","origin_country":"us","owner_id":"1000330999","project_id":"62725373-512a-4b4d-ad2a-62a6a92fddf0","size":8955,"tags":["notebook"],"usage":{"last_update_time":1687065191472,"last_updated_at":"2023-06-18T05:13:11Z"}},"entity":{"notebook":{"kernel":{"name":"python3","display_name":"Python 3.10","language":"python"},"originates_from":{"type":"file"},"runtime":{"environment":"rt222py-62725373-512a-4b4d-ad2a-62a6a92fddf0"}}},"attachments":[{"id":"e9178eeb-8044-455d-a4d3-f019450f95be","version":2,"asset_type":"notebook","name":"attachment for notebook 98eb4b0c-2083-4906-8f52-9f83697b6435","description":"attachment for notebook 98eb4b0c-2083-4906-8f52-9f83697b6435","mime":"application/json","datasource_type":"81bafdbd-b7c6-45c5-a4fd-6ec135f66f4e","object_key":"notebook/Model_orchestration_kmysSTC8i.ipynb","creator_id":"1000330999","create_time":1687063523568,"size":8955,"is_remote":false,"is_managed":false,"is_referenced":true,"is_object_key_read_only":false,"is_user_provided_path_key":true,"transfer_complete":true,"is_partitioned":false,"complete_time_ticks":1687063523568,"user_data":{},"test_doc":0,"handle":{"type":"assetfiles","key":"notebook/Model_orchestration_kmysSTC8i.ipynb","upload_id":"done","max_part_num":1},"usage":{"access_count":10,"last_accessor_id":"1000330999","last_access_time":1687065191471,"last_updater_id":"1000330999","last_update_time":1687065191471}}]}