{"metadata":{"asset_id":"96260af2-2e92-417d-90bc-0686a8427d09","asset_attributes":["notebook"],"name":"Model evaluation","asset_type":"notebook","created_at":"2023-06-18T22:48:11Z","description":"","origin_country":"us","owner_id":"1000330999","project_id":"7bacacf0-038a-4d43-888b-3a4688a93135","size":8261,"tags":["notebook"],"usage":{"last_update_time":1687128723688,"last_updated_at":"2023-06-18T22:52:03Z"}},"entity":{"notebook":{"kernel":{"name":"python3","display_name":"Python 3.10","language":"python"},"originates_from":{"type":"file"},"runtime":{"environment":"rt222py-7bacacf0-038a-4d43-888b-3a4688a93135"}}},"attachments":[{"id":"4db9e698-14b5-4c1a-98fb-307163346235","version":2,"asset_type":"notebook","name":"attachment for notebook 96260af2-2e92-417d-90bc-0686a8427d09","description":"attachment for notebook 96260af2-2e92-417d-90bc-0686a8427d09","mime":"application/json","datasource_type":"81bafdbd-b7c6-45c5-a4fd-6ec135f66f4e","object_key":"notebook/Model_evaluation_qaheXfP4-.ipynb","creator_id":"1000330999","create_time":1687128491316,"size":8261,"is_remote":false,"is_managed":false,"is_referenced":true,"is_object_key_read_only":false,"is_user_provided_path_key":true,"transfer_complete":true,"is_partitioned":false,"complete_time_ticks":1687128491316,"user_data":{},"test_doc":0,"handle":{"type":"assetfiles","key":"notebook/Model_evaluation_qaheXfP4-.ipynb","upload_id":"done","max_part_num":1},"usage":{"access_count":1,"last_accessor_id":"1000330999","last_access_time":1687128723687,"last_updater_id":"1000330999","last_update_time":1687128723687}}]}