{"metadata":{"asset_id":"d6fc8b07-8fb2-4116-a0d4-b4a3550be1d6","asset_attributes":["notebook"],"name":"Model orchestration","asset_type":"notebook","created_at":"2023-06-18T22:48:11Z","description":"","origin_country":"us","owner_id":"1000330999","project_id":"7bacacf0-038a-4d43-888b-3a4688a93135","size":8955,"tags":["notebook"],"usage":{"last_update_time":1687128491664,"last_updated_at":"2023-06-18T22:48:11Z"}},"entity":{"notebook":{"kernel":{"name":"python3","display_name":"Python 3.10","language":"python"},"originates_from":{"type":"file"},"runtime":{"environment":"rt222py-7bacacf0-038a-4d43-888b-3a4688a93135"}}},"attachments":[{"id":"decab1f3-1084-444c-b97c-4417ad069bb9","version":2,"asset_type":"notebook","name":"attachment for notebook d6fc8b07-8fb2-4116-a0d4-b4a3550be1d6","description":"attachment for notebook d6fc8b07-8fb2-4116-a0d4-b4a3550be1d6","mime":"application/json","datasource_type":"81bafdbd-b7c6-45c5-a4fd-6ec135f66f4e","object_key":"notebook/Model_orchestration_kmysSTC8i.ipynb","creator_id":"1000330999","create_time":1687128491302,"size":8955,"is_remote":false,"is_managed":false,"is_referenced":true,"is_object_key_read_only":false,"is_user_provided_path_key":true,"transfer_complete":true,"is_partitioned":false,"complete_time_ticks":1687128491302,"user_data":{},"test_doc":0,"handle":{"type":"assetfiles","key":"notebook/Model_orchestration_kmysSTC8i.ipynb","upload_id":"done","max_part_num":1},"usage":{"access_count":0,"last_accessor_id":"1000330999","last_access_time":1687128491302}}]}