{"metadata":{"asset_id":"6b87fc01-373d-4c16-8d52-307dfeec87fa","asset_attributes":["notebook"],"name":"Auto policy risk model","asset_type":"notebook","created_at":"2023-09-01T15:19:54Z","description":"","origin_country":"us","owner_id":"1000330999","project_id":"525745b0-2da4-4c14-b941-19a7bb385c79","size":7404,"tags":["notebook"],"usage":{"last_update_time":1693581658249,"last_updated_at":"2023-09-01T15:20:58Z"}},"entity":{"notebook":{"kernel":{"name":"python3","display_name":"Python 3.10","language":"python","version":"3.10"},"originates_from":{"type":"file"},"runtime":{"environment":"rt231py-525745b0-2da4-4c14-b941-19a7bb385c79"}}},"attachments":[{"id":"d4b392be-0553-452b-a4cf-fe3ad32f3b2f","version":2,"asset_type":"notebook","name":"attachment for notebook 6b87fc01-373d-4c16-8d52-307dfeec87fa","description":"attachment for notebook 6b87fc01-373d-4c16-8d52-307dfeec87fa","mime":"application/json","datasource_type":"81bafdbd-b7c6-45c5-a4fd-6ec135f66f4e","object_key":"notebook/Auto_policy_risk_model_zS7Y5lO5-.ipynb","creator_id":"1000330999","create_time":1693581594954,"size":7404,"is_remote":false,"is_managed":false,"is_referenced":true,"is_object_key_read_only":false,"is_user_provided_path_key":true,"transfer_complete":true,"is_partitioned":false,"complete_time_ticks":1693581594954,"user_data":{},"test_doc":0,"handle":{"type":"assetfiles","key":"notebook/Auto_policy_risk_model_zS7Y5lO5-.ipynb","upload_id":"done","max_part_num":1},"usage":{"access_count":0,"last_accessor_id":"1000330999","last_access_time":1693581594954}}]}