{"metadata":{"asset_id":"cb1e8d5a-6826-4ff8-b6b2-f8293119bebf","asset_attributes":["notebook"],"name":"Model orchestration","asset_type":"notebook","created_at":"2023-09-01T15:19:54Z","description":"","origin_country":"us","owner_id":"1000330999","project_id":"525745b0-2da4-4c14-b941-19a7bb385c79","size":8955,"tags":["notebook"],"usage":{"last_update_time":1693581651382,"last_updated_at":"2023-09-01T15:20:51Z"}},"entity":{"notebook":{"kernel":{"name":"python3","display_name":"Python 3.10","language":"python","version":"3.10"},"originates_from":{"type":"file"},"runtime":{"environment":"rt231py-525745b0-2da4-4c14-b941-19a7bb385c79"}}},"attachments":[{"id":"51cfe163-0a2f-4f36-acf9-fe4c72894705","version":2,"asset_type":"notebook","name":"attachment for notebook cb1e8d5a-6826-4ff8-b6b2-f8293119bebf","description":"attachment for notebook cb1e8d5a-6826-4ff8-b6b2-f8293119bebf","mime":"application/json","datasource_type":"81bafdbd-b7c6-45c5-a4fd-6ec135f66f4e","object_key":"notebook/Model_orchestration_kmysSTC8i.ipynb","creator_id":"1000330999","create_time":1693581595021,"size":8955,"is_remote":false,"is_managed":false,"is_referenced":true,"is_object_key_read_only":false,"is_user_provided_path_key":true,"transfer_complete":true,"is_partitioned":false,"complete_time_ticks":1693581595021,"user_data":{},"test_doc":0,"handle":{"type":"assetfiles","key":"notebook/Model_orchestration_kmysSTC8i.ipynb","upload_id":"done","max_part_num":1},"usage":{"access_count":0,"last_accessor_id":"1000330999","last_access_time":1693581595021}}]}