{"metadata":{"asset_id":"e797f83d-d0d5-42c2-bc7f-b3c37a53c059","asset_attributes":["notebook"],"name":"Build evaluation data","asset_type":"notebook","created_at":"2023-06-19T19:27:46Z","description":"Sample the evaluation data in the project, add the necessary metadata for OpenScale evaluations, and save the result as a CSV file in the project.","origin_country":"us","owner_id":"1000330999","project_id":"7bacacf0-038a-4d43-888b-3a4688a93135","size":5860,"tags":["notebook"],"usage":{"last_update_time":1687203619407,"last_updated_at":"2023-06-19T19:40:19Z"}},"entity":{"notebook":{"kernel":{"name":"python3","display_name":"Python 3.10","language":"python"},"originates_from":{"type":"blank"},"runtime":{"environment":"rt222py-7bacacf0-038a-4d43-888b-3a4688a93135"}}},"attachments":[{"id":"2634d6c3-42c5-4e87-af04-0f5c128c16e9","version":2,"asset_type":"notebook","name":"attachment for notebook e797f83d-d0d5-42c2-bc7f-b3c37a53c059","description":"attachment for notebook e797f83d-d0d5-42c2-bc7f-b3c37a53c059","mime":"application/json","datasource_type":"81bafdbd-b7c6-45c5-a4fd-6ec135f66f4e","object_key":"notebook/Build_evaluation_data_kvMO5cg00.ipynb","creator_id":"1000330999","create_time":1687202866631,"size":5860,"is_remote":false,"is_managed":false,"is_referenced":true,"is_object_key_read_only":false,"is_user_provided_path_key":true,"transfer_complete":true,"is_partitioned":false,"complete_time_ticks":1687202866631,"user_data":{},"test_doc":0,"handle":{"type":"assetfiles","key":"notebook/Build_evaluation_data_kvMO5cg00.ipynb","upload_id":"done","max_part_num":1},"usage":{"access_count":6,"last_accessor_id":"1000330999","last_access_time":1687203560673,"last_updater_id":"1000330999","last_update_time":1687203560673}}]}