{"metadata":{"asset_id":"bbb324ea-3b66-4d77-b422-20866bd48cb2","asset_attributes":["wml_pipeline"],"name":"Policy risk prediction experiment","asset_type":"wml_pipeline","created_at":"2023-06-18T04:51:00Z","origin_country":"us","owner_id":"1000330999","project_id":"62725373-512a-4b4d-ad2a-62a6a92fddf0","sandbox_id":"62725373-512a-4b4d-ad2a-62a6a92fddf0","size":0,"tags":["dsx-project.62725373-512a-4b4d-ad2a-62a6a92fddf0"],"usage":{"last_update_time":1687063860156,"last_updated_at":"2023-06-18T04:51:00Z"}},"entity":{"wml_pipeline":{"document":{"doc_type":"pipeline","pipelines":[{"id":"autoai","nodes":[{"id":"automl","op":"kube","parameters":{"output_logs":true,"input_file_separator":",","stage_flag":true,"optimization":{"compute_pipeline_notebooks_flag":true,"cv_num_folds":3,"daub_adaptive_subsampling_max_mem_usage":9000000000,"global_stage_include_batched_ensemble_estimators":["BatchedTreeEnsembleRegressor(ExtraTreesRegressor)","BatchedTreeEnsembleRegressor(LGBMRegressor)","BatchedTreeEnsembleRegressor(RandomForestRegressor)","BatchedTreeEnsembleRegressor(SnapBoostingMachineRegressor)","BatchedTreeEnsembleRegressor(SnapRandomForestRegressor)","BatchedTreeEnsembleRegressor(XGBRegressor)"],"holdout_param":0.1,"label":"RISK","learning_type":"regression","max_num_daub_ensembles":2,"run_cognito_flag":true,"scorer_for_ranking":"neg_root_mean_squared_error"},"n_parallel_data_connections":4,"one_vs_all_file":true},"runtime_ref":"autoai","type":"execution_node"}],"runtime_ref":"hybrid"}],"primary_pipeline":"autoai","runtimes":[{"app_data":{"wml_data":{"hardware_spec":{"base_id":"c076e82c-b2a7-4d20-9c0f-1f0c2fdf5a24","name":"M"}}},"id":"autoai","name":"auto_ai.kb"}],"version":"2.0"},"ml_version":"4.0.3"}}}