{"metadata":{"asset_id":"e6b4189c-8312-48ae-9644-3ba7259bb3c4","asset_attributes":["wml_model","modelfacts_user","modelfacts_user_op","modelfacts_system"],"name":"auto policy risk - sklearn","asset_type":"wml_model","created_at":"2023-06-18T05:15:16Z","origin_country":"us","owner_id":"1000330999","project_id":"62725373-512a-4b4d-ad2a-62a6a92fddf0","sandbox_id":"62725373-512a-4b4d-ad2a-62a6a92fddf0","size":3508,"usage":{"last_update_time":1687065435356,"last_updated_at":"2023-06-18T05:17:15Z"}},"entity":{"wml_model":{"hybrid_pipeline_software_specs":[],"training_data_references":[{"id":"1","location":{},"schema":{"fields":[{"name":"HOTSPOT1","type":"int64"},{"name":"HOTSPOT2","type":"int64"},{"name":"HOTSPOT3","type":"int64"},{"name":"HOTSPOT4","type":"int64"},{"name":"HOTSPOT5","type":"int64"},{"name":"NB_DRIVERS","type":"int64"},{"name":"UNDER25","type":"int64"},{"name":"OVER60","type":"int64"},{"name":"MALE25","type":"int64"},{"name":"PRIM_DRIVER_AGE","type":"int64"},{"name":"PRIM_DRIVER_GENDER","type":"object"},{"name":"MAKE_MODEL","type":"object"},{"name":"MODEL_YEAR","type":"int64"},{"name":"INITIAL_ODOMETER","type":"int64"},{"name":"LOW_MILEAGE_USE","type":"int64"},{"name":"NB_CLAIMS","type":"int64"},{"name":"CLAIM_TOTAL","type":"int64"},{"name":"NB_PRIM_CLAIMS","type":"int64"},{"name":"PRIM_CLAIM_TOTAL","type":"int64"}],"id":"1","type":"DataFrame"},"type":"fs"}],"label_column":"l1","software_spec":{"base_id":"b56101f1-309d-549b-a849-eaa63f77b2fb","name":"runtime-22.2-py3.10"},"ml_version":"4.0.17","type":"scikit-learn_1.1","schemas":{"input":[{"fields":[{"name":"HOTSPOT1","type":"int64"},{"name":"HOTSPOT2","type":"int64"},{"name":"HOTSPOT3","type":"int64"},{"name":"HOTSPOT4","type":"int64"},{"name":"HOTSPOT5","type":"int64"},{"name":"NB_DRIVERS","type":"int64"},{"name":"UNDER25","type":"int64"},{"name":"OVER60","type":"int64"},{"name":"MALE25","type":"int64"},{"name":"PRIM_DRIVER_AGE","type":"int64"},{"name":"PRIM_DRIVER_GENDER","type":"object"},{"name":"MAKE_MODEL","type":"object"},{"name":"MODEL_YEAR","type":"int64"},{"name":"INITIAL_ODOMETER","type":"int64"},{"name":"LOW_MILEAGE_USE","type":"int64"},{"name":"NB_CLAIMS","type":"int64"},{"name":"CLAIM_TOTAL","type":"int64"},{"name":"NB_PRIM_CLAIMS","type":"int64"},{"name":"PRIM_CLAIM_TOTAL","type":"int64"}],"id":"1","type":"struct"}],"output":[]}},"modelfacts_user":{},"modelfacts_user_op":{},"modelfacts_system":{"model_information":{"model_type":"scikit-learn_1.1","model_description":"","input_type":"","algorithm":"","prediction_type":"","software_spec":"runtime-22.2-py3.10","software_spec_id":"b56101f1-309d-549b-a849-eaa63f77b2fb","asset_type":"wml_model"},"training_information":{"project_name":"Auto Policy Risk","training_data_references":[{"training_data":"","training_data_href":"","source_type":"","source":"","source_href":"","source_path":"","training_data_exists":true,"source_exists":true,"type":"External data asset (File System)"}],"hyper_parameters":"","hybrid_pipeline":[],"features":19}}},"attachments":[{"id":"b403bd07-c277-49b3-ac59-4894fef7e329","version":2,"asset_type":"wml_model","datasource_type":"81bafdbd-b7c6-45c5-a4fd-6ec135f66f4e","object_key":"wml_model/e6b4189c-8312-48ae-9644-3ba7259bb3c4/d4ed0461-7f93-4aaa-a649-0dac750a18df","creator_id":"icp4d-dev","create_time":1687065435276,"size":3508,"is_remote":false,"is_managed":false,"is_referenced":true,"is_object_key_read_only":false,"is_user_provided_path_key":true,"transfer_complete":true,"is_partitioned":false,"complete_time_ticks":1687065435276,"user_data":{"content_format":"native"},"test_doc":0,"handle":{"type":"assetfiles","key":"wml_model/e6b4189c-8312-48ae-9644-3ba7259bb3c4/d4ed0461-7f93-4aaa-a649-0dac750a18df","upload_id":"done","max_part_num":1},"usage":{"access_count":0,"last_accessor_id":"icp4d-dev","last_access_time":1687065435276}}]}