{"metadata":{"asset_id":"05006c24-7900-41d7-ab4d-6f14b2a8746b","asset_attributes":["wml_model","notebook_experiment","modelfacts_system","modelfacts_user","modelfacts_user_op"],"name":"auto policy risk - sklearn","asset_type":"wml_model","created_at":"2023-06-15T03:32:01Z","origin_country":"us","owner_id":"1000330999","project_id":"a3a7620a-927c-46f8-9b25-5236d484aa71","sandbox_id":"a3a7620a-927c-46f8-9b25-5236d484aa71","size":3558,"usage":{"last_update_time":1686800650925,"last_updated_at":"2023-06-15T03:44:10Z"}},"entity":{"wml_model":{"custom":{"experiment_id":"2d8d4ac7b30d489c90e92433edc5e7f6","experiment_name":"AutoPolicyRiskFactSheet"},"hybrid_pipeline_software_specs":[],"training_data_references":[{"id":"1","location":{},"schema":{"fields":[{"name":"HOTSPOT1","type":"int64"},{"name":"HOTSPOT2","type":"int64"},{"name":"HOTSPOT3","type":"int64"},{"name":"HOTSPOT4","type":"int64"},{"name":"HOTSPOT5","type":"int64"},{"name":"NB_DRIVERS","type":"int64"},{"name":"UNDER25","type":"int64"},{"name":"OVER60","type":"int64"},{"name":"MALE25","type":"int64"},{"name":"PRIM_DRIVER_AGE","type":"int64"},{"name":"PRIM_DRIVER_GENDER","type":"object"},{"name":"MAKE_MODEL","type":"object"},{"name":"MODEL_YEAR","type":"int64"},{"name":"INITIAL_ODOMETER","type":"int64"},{"name":"LOW_MILEAGE_USE","type":"int64"},{"name":"NB_CLAIMS","type":"int64"},{"name":"CLAIM_TOTAL","type":"int64"},{"name":"NB_PRIM_CLAIMS","type":"int64"},{"name":"PRIM_CLAIM_TOTAL","type":"int64"}],"id":"1","type":"DataFrame"},"type":"fs"}],"label_column":"l1","software_spec":{"base_id":"b56101f1-309d-549b-a849-eaa63f77b2fb","name":"runtime-22.2-py3.10"},"ml_version":"4.0.17","type":"scikit-learn_1.1","schemas":{"input":[{"fields":[{"name":"HOTSPOT1","type":"int64"},{"name":"HOTSPOT2","type":"int64"},{"name":"HOTSPOT3","type":"int64"},{"name":"HOTSPOT4","type":"int64"},{"name":"HOTSPOT5","type":"int64"},{"name":"NB_DRIVERS","type":"int64"},{"name":"UNDER25","type":"int64"},{"name":"OVER60","type":"int64"},{"name":"MALE25","type":"int64"},{"name":"PRIM_DRIVER_AGE","type":"int64"},{"name":"PRIM_DRIVER_GENDER","type":"object"},{"name":"MAKE_MODEL","type":"object"},{"name":"MODEL_YEAR","type":"int64"},{"name":"INITIAL_ODOMETER","type":"int64"},{"name":"LOW_MILEAGE_USE","type":"int64"},{"name":"NB_CLAIMS","type":"int64"},{"name":"CLAIM_TOTAL","type":"int64"},{"name":"NB_PRIM_CLAIMS","type":"int64"},{"name":"PRIM_CLAIM_TOTAL","type":"int64"}],"id":"1","type":"struct"}],"output":[]}},"notebook_experiment":{"experiment_id":"2d8d4ac7b30d489c90e92433edc5e7f6","name":"AutoPolicyRiskFactSheet","runs":[{"run_id":"c4144cc67ca84581a4af364db5614433","created_date":"15/06/2023 03:29:29","metrics":[{"key":"training_mse","value":"42.29206852303642"},{"key":"training_mae","value":"5.3296260875341925"},{"key":"training_r2_score","value":"0.12153755643337771"},{"key":"training_rmse","value":"6.503235235099252"},{"key":"training_score","value":"0.12153755643337771"}],"params":[{"key":"memory","value":"None"},{"key":"steps","value":"[('preprocessor', ColumnTransformer(transformers=[('cat', OneHotEncoder(handle_unknown='ignore'),\n                                 ['PRIM_DRIVER_GENDER', 'MAKE_MODEL'])])), ('classifier', LinearRegression())]"},{"key":"verbose","value":"False"},{"key":"preprocessor","value":"ColumnTransformer(transformers=[('cat', OneHotEncoder(handle_unknown='ignore'),\n                                 ['PRIM_DRIVER_GENDER', 'MAKE_MODEL'])])"},{"key":"classifier","value":"LinearRegression()"},{"key":"preprocessor__n_jobs","value":"None"},{"key":"preprocessor__remainder","value":"drop"},{"key":"preprocessor__sparse_threshold","value":"0.3"},{"key":"preprocessor__transformer_weights","value":"None"},{"key":"preprocessor__transformers","value":"[('cat', OneHotEncoder(handle_unknown='ignore'), ['PRIM_DRIVER_GENDER', 'MAKE_MODEL'])]"},{"key":"preprocessor__verbose","value":"False"},{"key":"preprocessor__verbose_feature_names_out","value":"True"},{"key":"preprocessor__cat","value":"OneHotEncoder(handle_unknown='ignore')"},{"key":"preprocessor__cat__categories","value":"auto"},{"key":"preprocessor__cat__drop","value":"None"},{"key":"preprocessor__cat__dtype","value":"<class 'numpy.float64'>"},{"key":"preprocessor__cat__handle_unknown","value":"ignore"},{"key":"preprocessor__cat__max_categories","value":"None"},{"key":"preprocessor__cat__min_frequency","value":"None"},{"key":"preprocessor__cat__sparse","value":"True"},{"key":"classifier__copy_X","value":"True"},{"key":"classifier__fit_intercept","value":"True"},{"key":"classifier__n_jobs","value":"None"},{"key":"classifier__normalize","value":"deprecated"},{"key":"classifier__positive","value":"False"}],"tags":[{"key":"facts.user","value":"1000690000"},{"key":"facts.source.name","value":"/opt/conda/envs/Python-3.10-Premium/lib/python3.10/site-packages/ipykernel/__main__.py"},{"key":"facts.source.type","value":"LOCAL"},{"key":"facts.autologging","value":"sklearn"},{"key":"estimator_name","value":"Pipeline"},{"key":"estimator_class","value":"sklearn.pipeline.Pipeline"}],"artifacts":[]}]},"modelfacts_system":{"model_information":{"model_type":"scikit-learn_1.1","model_description":"","input_type":"","algorithm":"","prediction_type":"","software_spec":"runtime-22.2-py3.10","software_spec_id":"b56101f1-309d-549b-a849-eaa63f77b2fb","asset_type":"wml_model"},"training_information":{"project_name":"Auto Insurance Risk","training_data_references":[{"training_data":"","training_data_href":"","source_type":"","source":"","source_href":"","source_path":"","training_data_exists":true,"source_exists":true,"type":"External data asset (File System)"}],"hyper_parameters":"","hybrid_pipeline":[],"features":19}},"modelfacts_user":{},"modelfacts_user_op":{}},"attachments":[{"id":"84286ada-7ec8-401f-a20c-7575fc237157","version":2,"asset_type":"wml_model","datasource_type":"81bafdbd-b7c6-45c5-a4fd-6ec135f66f4e","object_key":"wml_model/05006c24-7900-41d7-ab4d-6f14b2a8746b/d621f10d-ac3a-4c61-b792-a85d0768de93","creator_id":"icp4d-dev","create_time":1686800649911,"size":3558,"is_remote":false,"is_managed":false,"is_referenced":true,"is_object_key_read_only":false,"is_user_provided_path_key":true,"transfer_complete":true,"is_partitioned":false,"complete_time_ticks":1686800649911,"user_data":{"content_format":"native"},"test_doc":0,"handle":{"type":"assetfiles","key":"wml_model/05006c24-7900-41d7-ab4d-6f14b2a8746b/d621f10d-ac3a-4c61-b792-a85d0768de93","upload_id":"done","max_part_num":1},"usage":{"access_count":0,"last_accessor_id":"icp4d-dev","last_access_time":1686800649911}}]}