{"metadata":{"asset_id":"8461289a-b6b0-47b7-9db9-667ee1422c00","asset_attributes":["wml_pipeline"],"name":"Policy risk prediction experiment","asset_type":"wml_pipeline","created_at":"2023-06-14T19:29:43Z","origin_country":"us","owner_id":"1000330999","project_id":"a3a7620a-927c-46f8-9b25-5236d484aa71","sandbox_id":"a3a7620a-927c-46f8-9b25-5236d484aa71","size":0,"tags":["dsx-project.a3a7620a-927c-46f8-9b25-5236d484aa71"],"usage":{"last_update_time":1686770983218,"last_updated_at":"2023-06-14T19:29:43Z"}},"entity":{"wml_pipeline":{"document":{"doc_type":"pipeline","pipelines":[{"id":"autoai","nodes":[{"id":"automl","op":"kube","parameters":{"output_logs":true,"input_file_separator":",","stage_flag":true,"optimization":{"compute_pipeline_notebooks_flag":true,"cv_num_folds":3,"daub_adaptive_subsampling_max_mem_usage":9000000000,"global_stage_include_batched_ensemble_estimators":["BatchedTreeEnsembleRegressor(ExtraTreesRegressor)","BatchedTreeEnsembleRegressor(LGBMRegressor)","BatchedTreeEnsembleRegressor(RandomForestRegressor)","BatchedTreeEnsembleRegressor(SnapBoostingMachineRegressor)","BatchedTreeEnsembleRegressor(SnapRandomForestRegressor)","BatchedTreeEnsembleRegressor(XGBRegressor)"],"holdout_param":0.1,"label":"RISK","learning_type":"regression","max_num_daub_ensembles":2,"run_cognito_flag":true,"scorer_for_ranking":"neg_root_mean_squared_error"},"n_parallel_data_connections":4,"one_vs_all_file":true},"runtime_ref":"autoai","type":"execution_node"}],"runtime_ref":"hybrid"}],"primary_pipeline":"autoai","runtimes":[{"app_data":{"wml_data":{"hardware_spec":{"base_id":"c076e82c-b2a7-4d20-9c0f-1f0c2fdf5a24","name":"M"}}},"id":"autoai","name":"auto_ai.kb"}],"version":"2.0"},"ml_version":"4.0.3"}}}