{"metadata":{"asset_id":"11c809bf-cdec-42d7-8f55-c5ece1c5eba0","asset_attributes":["wx_prompt","location_definition","modelfacts_system","modelfacts_user"],"name":"Resume Summarization","asset_type":"wx_prompt","created_at":"2024-05-21T02:42:15Z","description":"","origin_country":"us","owner_id":"IBMid-110000B3QC","project_id":"e8cf7726-c45a-4598-b680-4c5e2408f58d","size":4284,"usage":{"last_update_time":1716862339716,"last_updated_at":"2024-05-28T02:12:19Z"},"resource_key":"0833e0266412f1bc0ad58d5dead6207a4efd8cf4958e84a79d92ad15e840c637"},"entity":{"wx_prompt":{"input_mode":"structured","task_ids":["summarization"],"is_template":true,"prompt_variables":{"input":{"default_value":"Sarah Tomlinson\n(123) 456-7891\ns.tomlinson@email.com\n987 N. Main Street, Oakbrook, IL 01234\n\nProfessional Experience\nSales Manager, XYZ Solutions, Oakbrook, IL\nJuly 2019 – Present\n\nManage a team of 15+ sales representatives and account executives, provide support during high-level consultations, and identify opportunities to improve performance, resulting in a 40% increase in sales revenue in 2022 and an average close rate of 35%\nServe as the point of contact for escalated client issues, manage stakeholder relationships with multi-million dollar accounts, and improve client retention from 60% to 80%\nCoordinate with the sales director to develop and implement new sales strategies to expand market penetration and facilitate revenue growth across two territories\nSales Manager, B&I Products, Oakbrook, IL\nSeptember 2017 – June 2019\n\nCoordinate cross-functionally with marketing and sales teams to align tactics and selling techniques with brand messaging, contributing to a 50% increase in annual sales revenue\nIdentified opportunities to generate new business leads and build long-term relationships, which included conducting research on core customer demographics and market trends\nKey Skills\nSales Management\nNegotiations\nCross-functional Leadership\nPipeline Development\nNew Business Development\nEducation\nBachelor of Science in Business Management\nRoosevelt University, Chicago, IL, September 2013 – June 2017\n\nCertifications\nCertified Inside Sales Professional (CISP)\nCertified Sales Leadership Professional (CSLP)"}},"model_version":{"number":"2.0.0","tag":"00000000-0000-0000-0000-000000000000","description":""},"governance_tracked":false},"location_definition":{"physical_location_code":"DAL","physical_location_code_assigned_by":"IBMid-661004MK5I","physical_location_code_rds_id":"c57cb90f-2126-3800-9c9f-9eab82021cdf","physical_location_code_rds_version":"00002023-1122-4174-8456-184543000000_4","physical_location_code_assignment_method":"INFERRED","physical_location_code_added_on":"1708448554724"},"modelfacts_system":{"model_information":{},"training_information":{},"project_details":{"environment_type":"development","is_environmenttype_openscale_value":false},"model_identity_information":{"master_id":"a28b447ee2b10e4cd2e6c6a0e0db21c1fcd5386c8dafaf51b4ed837ff888a51a","model_identity_key":"0833e0266412f1bc0ad58d5dead6207a4efd8cf4958e84a79d92ad15e840c637"},"deployment_details":[],"modelentry_information":{}},"modelfacts_user":{}},"attachments":[{"id":"eeb23e1b-f2da-42d8-8040-eceb7fb98f9b","version":2,"asset_type":"wx_prompt","name":"ResumeSummarization.json","mime":"application/json","datasource_type":"193a97c1-4475-4a19-b90c-295c4fdc6517","object_key":"wx_prompt/ResumeSummarization__da__rz3kdk1dll.json","creator_id":"IBMid-110000B3QC","create_time":1716862274252,"size":2142,"is_remote":false,"is_managed":false,"is_referenced":true,"is_object_key_read_only":false,"is_user_provided_path_key":true,"transfer_complete":true,"is_partitioned":false,"complete_time_ticks":1716862274252,"user_data":{},"test_doc":0,"handle":{"bucket":"hrllm-donotdelete-pr-9q4gahy9ob71n5","location":"us-south","type":"bluemix_cos","key":"wx_prompt/ResumeSummarization__da__rz3kdk1dll.json","upload_id":"done","max_part_num":1},"usage":{"access_count":0,"last_accessor_id":"IBMid-110000B3QC","last_access_time":1716862274252}},{"id":"e91a28f4-4d53-46b2-80ae-acd13b98c99c","version":2,"asset_type":"wx_prompt","name":"ResumeSummarization.json","mime":"application/json","datasource_type":"193a97c1-4475-4a19-b90c-295c4fdc6517","object_key":"wx_prompt/ResumeSummarization__da__t89orjc1hv.json","creator_id":"IBMid-110000B3QC","create_time":1716862319248,"size":2142,"is_remote":false,"is_managed":false,"is_referenced":true,"is_object_key_read_only":false,"is_user_provided_path_key":true,"transfer_complete":true,"is_partitioned":false,"complete_time_ticks":1716862319248,"user_data":{},"test_doc":0,"handle":{"bucket":"hrllm-donotdelete-pr-9q4gahy9ob71n5","location":"us-south","type":"bluemix_cos","key":"wx_prompt/ResumeSummarization__da__t89orjc1hv.json","upload_id":"done","max_part_num":1},"usage":{"access_count":0,"last_accessor_id":"IBMid-110000B3QC","last_access_time":1716862319248}}]}
