{"metadata":{"asset_id":"465cd191-2472-4c8f-a3a6-18d98479bc54","asset_attributes":["data_asset"],"name":"Shift.csv","asset_type":"data_asset","created_at":"2021-08-05T04:41:02Z","description":"","origin_country":"us","owner_id":"1000331001","project_id":"cb986485-0554-43d4-bcc7-cf4b4d62e840","size":2664,"tags":[],"usage":{"last_update_time":1628138464507,"last_updated_at":"2021-08-05T04:41:04Z"}},"entity":{"data_asset":{"mime_type":"text/csv","dataset":false}},"attachments":[{"id":"ae51e981-239a-45f8-bf1b-b6945bf13927","version":2,"asset_type":"data_asset","name":"Shift.csv","mime":"text/csv","datasource_type":"81bafdbd-b7c6-45c5-a4fd-6ec135f66f4e","object_key":"data_asset/Shift.csv","creator_id":"1000331001","create_time":1628138464505,"size":2664,"is_remote":false,"is_managed":false,"is_referenced":true,"is_object_key_read_only":true,"is_user_provided_path_key":true,"transfer_complete":true,"is_partitioned":false,"complete_time_ticks":1628138464505,"user_data":{},"test_doc":0,"handle":{"key":"data_asset/Shift.csv","upload_id":"done","max_part_num":1},"usage":{"access_count":0,"last_accessor_id":"1000331001","last_access_time":1628138464505}}]}