{"metadata":{"asset_id":"e10f7293-a797-44c5-b89d-499c2e36b28b","asset_attributes":["data_asset"],"name":"modeling_records_2018.csv","asset_type":"data_asset","created_at":"2021-04-06T15:27:59Z","description":"","origin_country":"us","owner_id":"1000330999","project_id":"c1fac1e2-576a-4145-a8cb-680da1fdec54","size":4522,"tags":[],"usage":{"last_update_time":1617722880497,"last_updated_at":"2021-04-06T15:28:00Z"}},"entity":{"data_asset":{"mime_type":"text/csv","dataset":false}},"attachments":[{"id":"a15e4c85-5670-4576-9e2c-de4cfa850b23","version":2,"asset_type":"data_asset","name":"modeling_records_2018.csv","mime":"text/csv","datasource_type":"81bafdbd-b7c6-45c5-a4fd-6ec135f66f4e","object_key":"data_asset/modeling_records_2018.csv","creator_id":"1000330999","create_time":1617722880497,"size":4522,"is_remote":false,"is_managed":false,"is_referenced":true,"is_object_key_read_only":true,"is_user_provided_path_key":true,"transfer_complete":true,"is_partitioned":false,"complete_time_ticks":1617722880497,"user_data":{},"test_doc":0,"handle":{"key":"data_asset/modeling_records_2018.csv","upload_id":"done","max_part_num":1},"usage":{"access_count":0,"last_accessor_id":"1000330999","last_access_time":1617722880497}}]}