{"metadata":{"asset_id":"1243f9f4-db7b-44f0-8a75-7f3da607a989","asset_attributes":["data_asset"],"name":"modeling_records_2019.csv","asset_type":"data_asset","created_at":"2021-07-13T14:37:45Z","description":"","origin_country":"us","owner_id":"1000331001","project_id":"7379073e-18eb-45ba-aa93-84b0f87cd187","size":9652,"tags":[],"usage":{"last_update_time":1626187066025,"last_updated_at":"2021-07-13T14:37:46Z"}},"entity":{"data_asset":{"mime_type":"text/csv","dataset":false}},"attachments":[{"id":"149b17df-4cda-4097-95da-6f766f7821ea","version":2,"asset_type":"data_asset","name":"modeling_records_2019.csv","mime":"text/csv","datasource_type":"81bafdbd-b7c6-45c5-a4fd-6ec135f66f4e","object_key":"data_asset/modeling_records_2019.csv","creator_id":"icp4d-dev","create_time":1626187065863,"size":9652,"is_remote":false,"is_managed":false,"is_referenced":true,"is_object_key_read_only":false,"is_user_provided_path_key":true,"transfer_complete":true,"is_partitioned":false,"complete_time_ticks":1626187065863,"user_data":{},"test_doc":0,"handle":{"key":"data_asset/modeling_records_2019.csv","upload_id":"done","max_part_num":1},"usage":{"access_count":0,"last_accessor_id":"icp4d-dev","last_access_time":1626187065863}}]}