{"metadata":{"asset_id":"f348599f-55ca-4189-af9c-dd1295e64982","asset_attributes":["data_asset"],"name":"Day.csv","asset_type":"data_asset","created_at":"2021-08-05T20:56:43Z","description":"","origin_country":"us","owner_id":"1000331037","project_id":"1206f6c0-fe7b-4518-a443-f02b40cf93d8","size":90,"tags":[],"usage":{"last_update_time":1628197003638,"last_updated_at":"2021-08-05T20:56:43Z"}},"entity":{"data_asset":{"mime_type":"text/csv","dataset":false}},"attachments":[{"id":"73974d1b-8fd3-432a-a428-a09b9112aea6","version":2,"asset_type":"data_asset","name":"Day.csv","mime":"text/csv","datasource_type":"81bafdbd-b7c6-45c5-a4fd-6ec135f66f4e","object_key":"data_asset/Day.csv","creator_id":"icp4d-dev","create_time":1628197003429,"size":90,"is_remote":false,"is_managed":false,"is_referenced":true,"is_object_key_read_only":false,"is_user_provided_path_key":true,"transfer_complete":true,"is_partitioned":false,"complete_time_ticks":1628197003429,"user_data":{},"test_doc":0,"handle":{"key":"data_asset/Day.csv","upload_id":"done","max_part_num":1},"usage":{"access_count":0,"last_accessor_id":"icp4d-dev","last_access_time":1628197003429}}]}