{"metadata":{"asset_id":"ff57bcb5-a234-47cc-954a-d59193912436","asset_attributes":["data_asset"],"name":"EmployeeAvailability.csv","asset_type":"data_asset","created_at":"2021-08-06T05:26:17Z","description":"","origin_country":"us","owner_id":"1000331001","project_id":"7379073e-18eb-45ba-aa93-84b0f87cd187","size":30339,"tags":[],"usage":{"last_update_time":1628227578794,"last_updated_at":"2021-08-06T05:26:18Z"}},"entity":{"data_asset":{"mime_type":"text/csv","dataset":false}},"attachments":[{"id":"8a6af206-929d-4eeb-b329-b83de05edfa5","version":2,"asset_type":"data_asset","name":"EmployeeAvailability.csv","mime":"text/csv","datasource_type":"81bafdbd-b7c6-45c5-a4fd-6ec135f66f4e","object_key":"data_asset/EmployeeAvailability.csv","creator_id":"1000331001","create_time":1628227578792,"size":30339,"is_remote":false,"is_managed":false,"is_referenced":true,"is_object_key_read_only":true,"is_user_provided_path_key":true,"transfer_complete":true,"is_partitioned":false,"complete_time_ticks":1628227578792,"user_data":{},"test_doc":0,"handle":{"key":"data_asset/EmployeeAvailability.csv","upload_id":"done","max_part_num":1},"usage":{"access_count":0,"last_accessor_id":"1000331001","last_access_time":1628227578792}}]}