{"metadata":{"asset_id":"59995554-701d-4192-9cc6-2536c387b4bc","asset_attributes":["data_asset"],"name":"Shift.csv","asset_type":"data_asset","created_at":"2021-08-06T05:26:18Z","description":"","origin_country":"us","owner_id":"1000331001","project_id":"7379073e-18eb-45ba-aa93-84b0f87cd187","size":2664,"tags":[],"usage":{"last_update_time":1628227579443,"last_updated_at":"2021-08-06T05:26:19Z"}},"entity":{"data_asset":{"mime_type":"text/csv","dataset":false}},"attachments":[{"id":"1757e9dc-2867-430c-82a9-62e2c37e2c59","version":2,"asset_type":"data_asset","name":"Shift.csv","mime":"text/csv","datasource_type":"81bafdbd-b7c6-45c5-a4fd-6ec135f66f4e","object_key":"data_asset/Shift.csv","creator_id":"1000331001","create_time":1628227579442,"size":2664,"is_remote":false,"is_managed":false,"is_referenced":true,"is_object_key_read_only":true,"is_user_provided_path_key":true,"transfer_complete":true,"is_partitioned":false,"complete_time_ticks":1628227579442,"user_data":{},"test_doc":0,"handle":{"key":"data_asset/Shift.csv","upload_id":"done","max_part_num":1},"usage":{"access_count":0,"last_accessor_id":"1000331001","last_access_time":1628227579442}}]}