{"metadata":{"asset_id":"61aba328-cf10-4a4d-97f0-8fded2e70566","asset_attributes":["data_asset"],"name":"Employee.csv","asset_type":"data_asset","created_at":"2021-08-05T04:41:01Z","description":"","origin_country":"us","owner_id":"1000331001","project_id":"cb986485-0554-43d4-bcc7-cf4b4d62e840","size":9800,"tags":[],"usage":{"last_update_time":1628138463086,"last_updated_at":"2021-08-05T04:41:03Z"}},"entity":{"data_asset":{"mime_type":"text/csv","dataset":false}},"attachments":[{"id":"d31f71bd-dc1e-4572-9c97-e19bcf707114","version":2,"asset_type":"data_asset","name":"Employee.csv","mime":"text/csv","datasource_type":"81bafdbd-b7c6-45c5-a4fd-6ec135f66f4e","object_key":"data_asset/Employee.csv","creator_id":"1000331001","create_time":1628138463084,"size":9800,"is_remote":false,"is_managed":false,"is_referenced":true,"is_object_key_read_only":true,"is_user_provided_path_key":true,"transfer_complete":true,"is_partitioned":false,"complete_time_ticks":1628138463084,"user_data":{},"test_doc":0,"handle":{"key":"data_asset/Employee.csv","upload_id":"done","max_part_num":1},"usage":{"access_count":0,"last_accessor_id":"1000331001","last_access_time":1628138463084}}]}