{"metadata":{"asset_id":"268dd44b-fe6d-44ac-80db-6bfbe70235e3","asset_attributes":["data_asset"],"name":"modeling_records_2019.csv","asset_type":"data_asset","created_at":"2021-04-06T15:23:26Z","description":"","origin_country":"us","owner_id":"1000330999","project_id":"c1fac1e2-576a-4145-a8cb-680da1fdec54","size":9652,"tags":[],"usage":{"last_update_time":1617722607064,"last_updated_at":"2021-04-06T15:23:27Z"}},"entity":{"data_asset":{"mime_type":"text/csv","dataset":false}},"attachments":[{"id":"68a5370c-b363-4267-8baa-376acadd83af","version":2,"asset_type":"data_asset","name":"modeling_records_2019.csv","mime":"text/csv","datasource_type":"81bafdbd-b7c6-45c5-a4fd-6ec135f66f4e","object_key":"data_asset/modeling_records_2019.csv","creator_id":"1000330999","create_time":1617722607063,"size":9652,"is_remote":false,"is_managed":false,"is_referenced":true,"is_object_key_read_only":true,"is_user_provided_path_key":true,"transfer_complete":true,"is_partitioned":false,"complete_time_ticks":1617722607063,"user_data":{},"test_doc":0,"handle":{"key":"data_asset/modeling_records_2019.csv","upload_id":"done","max_part_num":1},"usage":{"access_count":0,"last_accessor_id":"1000330999","last_access_time":1617722607063}}]}