{"metadata":{"asset_id":"d2a1d15f-a045-42ee-8371-25018ffe7d93","asset_attributes":["data_asset"],"name":"modeling_records_2020.csv","asset_type":"data_asset","created_at":"2021-07-13T15:41:32Z","description":"","origin_country":"us","owner_id":"1000331001","project_id":"cb986485-0554-43d4-bcc7-cf4b4d62e840","size":19020,"tags":[],"usage":{"last_update_time":1626190892885,"last_updated_at":"2021-07-13T15:41:32Z"}},"entity":{"data_asset":{"mime_type":"text/csv","dataset":false}},"attachments":[{"id":"a199a927-cfd6-4b13-b2e8-a8bdb5ed5984","version":2,"asset_type":"data_asset","name":"modeling_records_2020.csv","mime":"text/csv","datasource_type":"81bafdbd-b7c6-45c5-a4fd-6ec135f66f4e","object_key":"data_asset/modeling_records_2020.csv","creator_id":"icp4d-dev","create_time":1626190892729,"size":19020,"is_remote":false,"is_managed":false,"is_referenced":true,"is_object_key_read_only":false,"is_user_provided_path_key":true,"transfer_complete":true,"is_partitioned":false,"complete_time_ticks":1626190892729,"user_data":{},"test_doc":0,"handle":{"key":"data_asset/modeling_records_2020.csv","upload_id":"done","max_part_num":1},"usage":{"access_count":0,"last_accessor_id":"icp4d-dev","last_access_time":1626190892729}}]}