{"metadata":{"asset_id":"d4ef2af2-ec5e-48e0-baf5-643536766396","asset_attributes":["data_asset"],"name":"Day.csv","asset_type":"data_asset","created_at":"2021-08-05T04:41:01Z","description":"","origin_country":"us","owner_id":"1000331001","project_id":"cb986485-0554-43d4-bcc7-cf4b4d62e840","size":90,"tags":[],"usage":{"last_update_time":1628138464143,"last_updated_at":"2021-08-05T04:41:04Z"}},"entity":{"data_asset":{"mime_type":"text/csv","dataset":false}},"attachments":[{"id":"16c31f97-669b-42e0-9dab-b59e21842705","version":2,"asset_type":"data_asset","name":"Day.csv","mime":"text/csv","datasource_type":"81bafdbd-b7c6-45c5-a4fd-6ec135f66f4e","object_key":"data_asset/Day.csv","creator_id":"1000331001","create_time":1628138464141,"size":90,"is_remote":false,"is_managed":false,"is_referenced":true,"is_object_key_read_only":true,"is_user_provided_path_key":true,"transfer_complete":true,"is_partitioned":false,"complete_time_ticks":1628138464141,"user_data":{},"test_doc":0,"handle":{"key":"data_asset/Day.csv","upload_id":"done","max_part_num":1},"usage":{"access_count":0,"last_accessor_id":"1000331001","last_access_time":1628138464141}}]}