{"metadata":{"asset_id":"b0e0dfae-2465-402e-833f-9ed4fb7c1f2e","asset_attributes":["data_asset"],"name":"modeling_records_2019.csv","asset_type":"data_asset","created_at":"2021-07-13T15:41:32Z","description":"","origin_country":"us","owner_id":"1000331001","project_id":"cb986485-0554-43d4-bcc7-cf4b4d62e840","size":9652,"tags":[],"usage":{"last_update_time":1626190892939,"last_updated_at":"2021-07-13T15:41:32Z"}},"entity":{"data_asset":{"mime_type":"text/csv","dataset":false}},"attachments":[{"id":"a80c6be3-9ec3-4c61-8ef6-dfedfa13b642","version":2,"asset_type":"data_asset","name":"modeling_records_2019.csv","mime":"text/csv","datasource_type":"81bafdbd-b7c6-45c5-a4fd-6ec135f66f4e","object_key":"data_asset/modeling_records_2019.csv","creator_id":"icp4d-dev","create_time":1626190892734,"size":9652,"is_remote":false,"is_managed":false,"is_referenced":true,"is_object_key_read_only":false,"is_user_provided_path_key":true,"transfer_complete":true,"is_partitioned":false,"complete_time_ticks":1626190892734,"user_data":{},"test_doc":0,"handle":{"key":"data_asset/modeling_records_2019.csv","upload_id":"done","max_part_num":1},"usage":{"access_count":0,"last_accessor_id":"icp4d-dev","last_access_time":1626190892734}}]}