{"metadata":{"asset_id":"0dd29639-a941-41d7-a9a6-9feb2802321c","asset_attributes":["data_asset"],"name":"modeling_records_2018.csv","asset_type":"data_asset","created_at":"2021-08-05T20:56:43Z","description":"","origin_country":"us","owner_id":"1000331037","project_id":"1206f6c0-fe7b-4518-a443-f02b40cf93d8","size":4522,"tags":[],"usage":{"last_update_time":1628197003649,"last_updated_at":"2021-08-05T20:56:43Z"}},"entity":{"data_asset":{"mime_type":"text/csv","dataset":false}},"attachments":[{"id":"529f0a12-ce4c-4304-b056-a553ba5ddf6b","version":2,"asset_type":"data_asset","name":"modeling_records_2018.csv","mime":"text/csv","datasource_type":"81bafdbd-b7c6-45c5-a4fd-6ec135f66f4e","object_key":"data_asset/modeling_records_2018.csv","creator_id":"icp4d-dev","create_time":1628197003427,"size":4522,"is_remote":false,"is_managed":false,"is_referenced":true,"is_object_key_read_only":false,"is_user_provided_path_key":true,"transfer_complete":true,"is_partitioned":false,"complete_time_ticks":1628197003427,"user_data":{},"test_doc":0,"handle":{"key":"data_asset/modeling_records_2018.csv","upload_id":"done","max_part_num":1},"usage":{"access_count":0,"last_accessor_id":"icp4d-dev","last_access_time":1628197003427}}]}