{"metadata":{"asset_id":"3d51177e-d5c8-42c9-a4e0-06ad5706ea65","asset_attributes":["data_asset"],"name":"EmployeeAvailability.csv","asset_type":"data_asset","created_at":"2021-08-05T04:41:01Z","description":"","origin_country":"us","owner_id":"1000331001","project_id":"cb986485-0554-43d4-bcc7-cf4b4d62e840","size":30339,"tags":[],"usage":{"last_update_time":1628138464692,"last_updated_at":"2021-08-05T04:41:04Z"}},"entity":{"data_asset":{"mime_type":"text/csv","dataset":false}},"attachments":[{"id":"909a7d31-ec21-40e4-a713-516f5562a58a","version":2,"asset_type":"data_asset","name":"EmployeeAvailability.csv","mime":"text/csv","datasource_type":"81bafdbd-b7c6-45c5-a4fd-6ec135f66f4e","object_key":"data_asset/EmployeeAvailability.csv","creator_id":"1000331001","create_time":1628138464692,"size":30339,"is_remote":false,"is_managed":false,"is_referenced":true,"is_object_key_read_only":true,"is_user_provided_path_key":true,"transfer_complete":true,"is_partitioned":false,"complete_time_ticks":1628138464692,"user_data":{},"test_doc":0,"handle":{"key":"data_asset/EmployeeAvailability.csv","upload_id":"done","max_part_num":1},"usage":{"access_count":0,"last_accessor_id":"1000331001","last_access_time":1628138464692}}]}