{"metadata":{"asset_id":"faf0d519-a0f4-4034-a535-4791391a49a2","asset_attributes":["data_asset"],"name":"modeling_records_2020.csv","asset_type":"data_asset","created_at":"2021-04-06T15:27:59Z","description":"","origin_country":"us","owner_id":"1000330999","project_id":"c1fac1e2-576a-4145-a8cb-680da1fdec54","size":19020,"tags":[],"usage":{"last_update_time":1617722880507,"last_updated_at":"2021-04-06T15:28:00Z"}},"entity":{"data_asset":{"mime_type":"text/csv","dataset":false}},"attachments":[{"id":"e789de64-6a2e-4c88-9155-11e5065b94fb","version":2,"asset_type":"data_asset","name":"modeling_records_2020.csv","mime":"text/csv","datasource_type":"81bafdbd-b7c6-45c5-a4fd-6ec135f66f4e","object_key":"data_asset/modeling_records_2020.csv","creator_id":"1000330999","create_time":1617722880507,"size":19020,"is_remote":false,"is_managed":false,"is_referenced":true,"is_object_key_read_only":true,"is_user_provided_path_key":true,"transfer_complete":true,"is_partitioned":false,"complete_time_ticks":1617722880507,"user_data":{},"test_doc":0,"handle":{"key":"data_asset/modeling_records_2020.csv","upload_id":"done","max_part_num":1},"usage":{"access_count":0,"last_accessor_id":"1000330999","last_access_time":1617722880507}}]}