{"metadata":{"asset_id":"50d27db4-6dd3-4ce8-827c-cf87ac096510","asset_attributes":["data_asset"],"name":"EmployeeAvailability.csv","asset_type":"data_asset","created_at":"2021-08-05T20:56:43Z","description":"","origin_country":"us","owner_id":"1000331037","project_id":"1206f6c0-fe7b-4518-a443-f02b40cf93d8","size":30339,"tags":[],"usage":{"last_update_time":1628197003521,"last_updated_at":"2021-08-05T20:56:43Z"}},"entity":{"data_asset":{"mime_type":"text/csv","dataset":false}},"attachments":[{"id":"99d25907-3806-4036-975e-2ecf1124ffe5","version":2,"asset_type":"data_asset","name":"EmployeeAvailability.csv","mime":"text/csv","datasource_type":"81bafdbd-b7c6-45c5-a4fd-6ec135f66f4e","object_key":"data_asset/EmployeeAvailability.csv","creator_id":"icp4d-dev","create_time":1628197003287,"size":30339,"is_remote":false,"is_managed":false,"is_referenced":true,"is_object_key_read_only":false,"is_user_provided_path_key":true,"transfer_complete":true,"is_partitioned":false,"complete_time_ticks":1628197003287,"user_data":{},"test_doc":0,"handle":{"key":"data_asset/EmployeeAvailability.csv","upload_id":"done","max_part_num":1},"usage":{"access_count":0,"last_accessor_id":"icp4d-dev","last_access_time":1628197003287}}]}