{"metadata":{"asset_id":"b200d740-7907-4a13-80c9-b4ddc8573b1d","asset_attributes":["data_asset"],"name":"modeling_records_2018.csv","asset_type":"data_asset","created_at":"2021-07-13T15:41:32Z","description":"","origin_country":"us","owner_id":"1000331001","project_id":"cb986485-0554-43d4-bcc7-cf4b4d62e840","size":4522,"tags":[],"usage":{"last_update_time":1626190892915,"last_updated_at":"2021-07-13T15:41:32Z"}},"entity":{"data_asset":{"mime_type":"text/csv","dataset":false}},"attachments":[{"id":"b97d9f3f-6d35-43f1-80c9-b0e79c37f676","version":2,"asset_type":"data_asset","name":"modeling_records_2018.csv","mime":"text/csv","datasource_type":"81bafdbd-b7c6-45c5-a4fd-6ec135f66f4e","object_key":"data_asset/modeling_records_2018.csv","creator_id":"icp4d-dev","create_time":1626190892730,"size":4522,"is_remote":false,"is_managed":false,"is_referenced":true,"is_object_key_read_only":false,"is_user_provided_path_key":true,"transfer_complete":true,"is_partitioned":false,"complete_time_ticks":1626190892730,"user_data":{},"test_doc":0,"handle":{"key":"data_asset/modeling_records_2018.csv","upload_id":"done","max_part_num":1},"usage":{"access_count":0,"last_accessor_id":"icp4d-dev","last_access_time":1626190892730}}]}