{"metadata":{"asset_id":"36edb487-31d0-400d-a151-af79d29cd3af","asset_attributes":["data_asset"],"name":"Model records test","asset_type":"data_asset","created_at":"2021-04-05T21:22:30Z","description":"","origin_country":"none","owner_id":"1000330999","project_id":"c1fac1e2-576a-4145-a8cb-680da1fdec54","size":0,"tags":["connected-data"],"usage":{"last_update_time":1617657750662,"last_updated_at":"2021-04-05T21:22:30Z"}},"entity":{"data_asset":{"mime_type":"application/octet-stream","dataset":true,"columns":[{"name":"CURRENT_YEAR","type":{"length":10,"nullable":true,"type":"integer","scale":0,"signed":true}},{"name":"EMPLOYEE_CODE","type":{"length":10,"nullable":false,"type":"integer","scale":0,"signed":true}},{"name":"POSITION_CODE","type":{"length":10,"nullable":true,"type":"integer","scale":0,"signed":true}},{"name":"DEPARTMENT_CODE","type":{"length":10,"nullable":true,"type":"integer","scale":0,"signed":true}},{"name":"DAYS_WITH_COMPANY","type":{"length":10,"nullable":true,"type":"integer","scale":0,"signed":true}},{"name":"COMMUTE_TIME","type":{"length":10,"nullable":true,"type":"integer","scale":0,"signed":true}},{"name":"AGE_BEGIN_PERIOD","type":{"length":10,"nullable":true,"type":"integer","scale":0,"signed":true}},{"name":"GENDER_CODE","type":{"length":5,"nullable":false,"type":"smallint","scale":0,"signed":true}},{"name":"ATTRITION","type":{"length":10,"nullable":false,"type":"integer","scale":0,"signed":true}},{"name":"PERIOD_TOTAL_DAYS","type":{"length":10,"nullable":true,"type":"integer","scale":0,"signed":true}},{"name":"STARTING_SALARY","type":{"length":18,"nullable":true,"type":"decimal","scale":2,"signed":true}},{"name":"ENDING_SALARY","type":{"length":18,"nullable":true,"type":"decimal","scale":2,"signed":true}},{"name":"NB_INCREASES","type":{"length":10,"nullable":true,"type":"integer","scale":0,"signed":true}},{"name":"BONUS","type":{"length":15,"nullable":true,"type":"double","scale":0,"signed":true}},{"name":"NB_BONUS","type":{"length":10,"nullable":true,"type":"integer","scale":0,"signed":true}},{"name":"VACATION_DAYS_TAKEN","type":{"length":15,"nullable":true,"type":"double","scale":0,"signed":true}},{"name":"SICK_DAYS_TAKEN","type":{"length":15,"nullable":true,"type":"double","scale":0,"signed":true}},{"name":"PROMOTIONS","type":{"length":10,"nullable":false,"type":"integer","scale":0,"signed":true}},{"name":"NB_MANAGERS","type":{"length":10,"nullable":false,"type":"integer","scale":0,"signed":true}},{"name":"DAYS_IN_POSITION","type":{"length":10,"nullable":true,"type":"integer","scale":0,"signed":true}},{"name":"DAYS_SINCE_LAST_RAISE","type":{"length":10,"nullable":true,"type":"integer","scale":0,"signed":true}},{"name":"RANKING_CODE","type":{"length":10,"nullable":true,"type":"integer","scale":0,"signed":true}},{"name":"OVERTIME","type":{"length":15,"nullable":true,"type":"double","scale":0,"signed":true}},{"name":"DBLOVERTIME","type":{"length":15,"nullable":true,"type":"double","scale":0,"signed":true}},{"name":"TRAVEL","type":{"length":15,"nullable":true,"type":"double","scale":0,"signed":true}},{"name":"NUMBER_OF_CLASSES","type":{"length":10,"nullable":true,"type":"integer","scale":0,"signed":true}}]}},"attachments":[{"id":"cb52cf7f-3074-4b38-b370-f59b24bc5811","version":2,"asset_type":"data_asset","name":"MODELING_RECORDS","description":"remote","mime":"application/octet-stream","connection_id":"823e9057-1a57-4d04-abd6-d7cddb92ace1","connection_path":"/HR/MODELING_RECORDS","datasource_type":"8c1a4480-1c29-4b33-9086-9cb799d7b157","creator_id":"icp4d-dev","create_time":1617657750343,"size":0,"is_remote":true,"is_managed":false,"is_referenced":false,"is_object_key_read_only":false,"is_user_provided_path_key":true,"transfer_complete":true,"is_partitioned":false,"complete_time_ticks":1617657750343,"user_data":{},"test_doc":0,"usage":{"access_count":0,"last_accessor_id":"icp4d-dev","last_access_time":1617657750343}}]}