{"metadata":{"asset_id":"ecc6c5ed-87ab-488b-9b2b-0f27adb2dd78","asset_attributes":["data_asset"],"name":"Employee.csv","asset_type":"data_asset","created_at":"2021-08-05T20:56:43Z","description":"","origin_country":"us","owner_id":"1000331037","project_id":"1206f6c0-fe7b-4518-a443-f02b40cf93d8","size":9800,"tags":[],"usage":{"last_update_time":1628197003549,"last_updated_at":"2021-08-05T20:56:43Z"}},"entity":{"data_asset":{"mime_type":"text/csv","dataset":false}},"attachments":[{"id":"b0553863-3b09-44af-a542-c772b37ef5f0","version":2,"asset_type":"data_asset","name":"Employee.csv","mime":"text/csv","datasource_type":"81bafdbd-b7c6-45c5-a4fd-6ec135f66f4e","object_key":"data_asset/Employee.csv","creator_id":"icp4d-dev","create_time":1628197003379,"size":9800,"is_remote":false,"is_managed":false,"is_referenced":true,"is_object_key_read_only":false,"is_user_provided_path_key":true,"transfer_complete":true,"is_partitioned":false,"complete_time_ticks":1628197003379,"user_data":{},"test_doc":0,"handle":{"key":"data_asset/Employee.csv","upload_id":"done","max_part_num":1},"usage":{"access_count":0,"last_accessor_id":"icp4d-dev","last_access_time":1628197003379}}]}