{"metadata":{"asset_id":"a816f866-d24c-4b82-9c55-05e7a0a9d71a","asset_attributes":["data_asset"],"name":"modeling_records_2020.csv","asset_type":"data_asset","created_at":"2021-07-13T14:37:45Z","description":"","origin_country":"us","owner_id":"1000331001","project_id":"7379073e-18eb-45ba-aa93-84b0f87cd187","size":19020,"tags":[],"usage":{"last_update_time":1626187066168,"last_updated_at":"2021-07-13T14:37:46Z"}},"entity":{"data_asset":{"mime_type":"text/csv","dataset":false}},"attachments":[{"id":"035e9a39-f618-4d4f-9c93-18c9c5fa4d44","version":2,"asset_type":"data_asset","name":"modeling_records_2020.csv","mime":"text/csv","datasource_type":"81bafdbd-b7c6-45c5-a4fd-6ec135f66f4e","object_key":"data_asset/modeling_records_2020.csv","creator_id":"icp4d-dev","create_time":1626187066017,"size":19020,"is_remote":false,"is_managed":false,"is_referenced":true,"is_object_key_read_only":false,"is_user_provided_path_key":true,"transfer_complete":true,"is_partitioned":false,"complete_time_ticks":1626187066017,"user_data":{},"test_doc":0,"handle":{"key":"data_asset/modeling_records_2020.csv","upload_id":"done","max_part_num":1},"usage":{"access_count":0,"last_accessor_id":"icp4d-dev","last_access_time":1626187066017}}]}