{"metadata":{"asset_id":"0770a197-feba-40a5-aba7-72ea798fd249","asset_attributes":["do_decision_asset"],"name":"Warehouse Scheduling","asset_type":"do_decision_asset","created_at":"2021-08-05T20:57:54Z","description":"","origin_country":"us","owner_id":"1000331037","project_id":"1206f6c0-fe7b-4518-a443-f02b40cf93d8","size":0,"tags":[],"usage":{"last_update_time":1628197074671,"last_updated_at":"2021-08-05T20:57:54Z"}},"entity":{"do_decision_asset":{"spaceId":"05bcae42-8f65-4ef7-ab19-2bdb164472df"}}}