{"metadata":{"asset_id":"4b7d7f94-2a59-4a1d-bc19-424979cf6ab7","asset_attributes":["do_decision_asset"],"name":"Warehouse Scheduling","asset_type":"do_decision_asset","created_at":"2021-08-06T05:26:40Z","description":"","origin_country":"us","owner_id":"1000331001","project_id":"7379073e-18eb-45ba-aa93-84b0f87cd187","size":0,"tags":[],"usage":{"last_update_time":1628227600556,"last_updated_at":"2021-08-06T05:26:40Z"}},"entity":{"do_decision_asset":{"spaceId":"d6d6e9bb-5b96-4393-a664-2684c5787c5f"}}}