{"metadata":{"asset_id":"3140e391-a738-4513-9d34-c9f577acc894","asset_attributes":["notebook"],"name":"Data Engineering","asset_type":"notebook","created_at":"2021-07-13T15:41:33Z","description":"","origin_country":"us","owner_id":"icp4d-dev","project_id":"cb986485-0554-43d4-bcc7-cf4b4d62e840","size":27893,"tags":["notebook"],"usage":{"last_update_time":1626190893886,"last_updated_at":"2021-07-13T15:41:33Z"}},"entity":{"notebook":{"kernel":{"name":"python3","display_name":"Python 3.7","language":"python"},"originates_from":{"type":"file"},"runtime":{"environment":"jupconda37-cb986485-0554-43d4-bcc7-cf4b4d62e840"}}},"attachments":[{"id":"bb5e67eb-e9f6-4fcd-a1d1-96b7400fe0ce","version":2,"asset_type":"notebook","name":"attachment for notebook 3140e391-a738-4513-9d34-c9f577acc894","description":"attachment for notebook 3140e391-a738-4513-9d34-c9f577acc894","mime":"application/json","datasource_type":"81bafdbd-b7c6-45c5-a4fd-6ec135f66f4e","object_key":"notebook/Lab_2_-_Data_Engineering_PqrqK2LR-.ipynb","creator_id":"1000331001","create_time":1626190893885,"size":27893,"is_remote":false,"is_managed":false,"is_referenced":true,"is_object_key_read_only":false,"is_user_provided_path_key":true,"transfer_complete":true,"is_partitioned":false,"complete_time_ticks":1626190893885,"user_data":{},"test_doc":0,"handle":{"key":"notebook/Lab_2_-_Data_Engineering_PqrqK2LR-.ipynb","upload_id":"done","max_part_num":1},"usage":{"access_count":0,"last_accessor_id":"1000331001","last_access_time":1626190893885}}]}