{"metadata":{"asset_id":"156fb420-e95c-4101-bf96-b5bb87f83347","asset_attributes":["notebook"],"name":"OpenScale model configuration","asset_type":"notebook","created_at":"2021-04-06T17:27:56Z","description":"","origin_country":"us","owner_id":"1000330999","project_id":"c1fac1e2-576a-4145-a8cb-680da1fdec54","size":207,"tags":["notebook"],"usage":{"last_update_time":1617811187057,"last_updated_at":"2021-04-07T15:59:47Z"}},"entity":{"notebook":{"kernel":{"name":"python3","display_name":"Python 3.7","language":"python"},"originates_from":{"type":"blank"},"runtime":{"environment":"jupconda37-c1fac1e2-576a-4145-a8cb-680da1fdec54"}}},"attachments":[{"id":"6e772333-efe9-4780-be58-e7fe1b7a2dbc","version":2,"asset_type":"notebook","name":"attachment for notebook 156fb420-e95c-4101-bf96-b5bb87f83347","description":"attachment for notebook 156fb420-e95c-4101-bf96-b5bb87f83347","mime":"application/json","datasource_type":"81bafdbd-b7c6-45c5-a4fd-6ec135f66f4e","object_key":"notebook/OpenScale_model_configuration_edBgaUp34.ipynb","creator_id":"1000330999","create_time":1617730076611,"size":207,"is_remote":false,"is_managed":false,"is_referenced":true,"is_object_key_read_only":false,"is_user_provided_path_key":true,"transfer_complete":true,"is_partitioned":false,"complete_time_ticks":1617730076611,"user_data":{},"test_doc":0,"handle":{"key":"notebook/OpenScale_model_configuration_edBgaUp34.ipynb","upload_id":"done","max_part_num":1},"usage":{"access_count":0,"last_accessor_id":"1000330999","last_access_time":1617730076611}}]}