{"metadata":{"asset_id":"5a1657e7-78bf-4cdc-8715-ead51f87e4be","asset_attributes":["notebook"],"name":"Data Engineering","asset_type":"notebook","created_at":"2021-04-05T21:22:31Z","description":"","origin_country":"us","owner_id":"icp4d-dev","project_id":"c1fac1e2-576a-4145-a8cb-680da1fdec54","size":26704,"tags":["notebook"],"usage":{"last_update_time":1618864638186,"last_updated_at":"2021-04-19T20:37:18Z"}},"entity":{"notebook":{"kernel":{"name":"python3","display_name":"Python 3.7","language":"python"},"originates_from":{"type":"file"},"runtime":{"environment":"jupconda37-c1fac1e2-576a-4145-a8cb-680da1fdec54"}}},"attachments":[{"id":"3b69324c-468e-4260-9dd7-edef57b95adf","version":2,"asset_type":"notebook","name":"attachment for notebook 5a1657e7-78bf-4cdc-8715-ead51f87e4be","description":"attachment for notebook 5a1657e7-78bf-4cdc-8715-ead51f87e4be","mime":"application/json","datasource_type":"81bafdbd-b7c6-45c5-a4fd-6ec135f66f4e","object_key":"notebook/Lab_2_-_Data_Engineering_PqrqK2LR-.ipynb","creator_id":"1000330999","create_time":1617657751119,"size":26704,"is_remote":false,"is_managed":false,"is_referenced":true,"is_object_key_read_only":false,"is_user_provided_path_key":true,"transfer_complete":true,"is_partitioned":false,"complete_time_ticks":1617657751119,"user_data":{},"test_doc":0,"handle":{"key":"notebook/Lab_2_-_Data_Engineering_PqrqK2LR-.ipynb","upload_id":"done","max_part_num":1},"usage":{"access_count":0,"last_accessor_id":"1000330999","last_access_time":1617657751119}}]}