{"metadata":{"asset_id":"ad0d2627-9af3-44a2-9966-5374ca559b0a","asset_attributes":["data_asset","location_definition"],"name":"Insurance claim summarization test data.csv","asset_type":"data_asset","created_at":"2025-08-10T22:14:48Z","origin_country":"us","owner_id":"IBMid-110000B3QC","project_id":"7539f617-7f95-4ad9-8682-6e8cd69a403d","size":9177,"usage":{"last_update_time":1754864089529,"last_updated_at":"2025-08-10T22:14:49Z"}},"entity":{"data_asset":{"mime_type":"text/csv","dataset":false},"location_definition":{"physical_location_code":"DAL","physical_location_code_assigned_by":"IBMid-110000B3QC","physical_location_code_rds_id":"c57cb90f-2126-3800-9c9f-9eab82021cdf","physical_location_code_rds_version":"00002025-0715-4144-8035-375574000000_5","physical_location_code_assignment_method":"INFERRED","physical_location_code_added_on":"1754864089522"}},"attachments":[{"id":"41037510-1af3-4f0d-8962-a6b46d455e7e","version":2,"asset_type":"data_asset","name":"Insurance claim summarization test data.csv","mime":"text/csv","datasource_type":"193a97c1-4475-4a19-b90c-295c4fdc6517","object_key":"Insurance claim summarization test data.csv","creator_id":"IBMid-110000B3QC","create_time":1754864089526,"size":9177,"is_remote":false,"is_managed":false,"is_referenced":true,"is_object_key_read_only":true,"is_user_provided_path_key":true,"transfer_complete":true,"is_partitioned":false,"complete_time_ticks":1754864089526,"user_data":{},"test_doc":0,"handle":{"bucket":"emartensautoclaimsummary-donotdelete-pr-a50dcrzf3kmrlo","location":"us-south","type":"bluemix_cos","key":"Insurance claim summarization test data.csv","upload_id":"done","max_part_num":1},"usage":{"access_count":0,"last_accessor_id":"IBMid-110000B3QC","last_access_time":1754864089526}}]}
