{"metadata":{"asset_id":"73d9d854-1547-44e7-9f92-944ab90ed514","asset_attributes":["data_asset","location_definition"],"name":"insurance claim fact extraction test data.csv","asset_type":"data_asset","created_at":"2025-12-11T15:49:45Z","origin_country":"us","owner_id":"IBMid-110000B3QC","project_id":"e276a187-af21-4778-adae-fbeef92ed897","size":13147,"usage":{"last_update_time":1765468186827,"last_updated_at":"2025-12-11T15:49:46Z"}},"entity":{"data_asset":{"dataset":false,"mime_type":"text/csv"},"location_definition":{"physical_location_code":"DAL","physical_location_code_rds_id":"c57cb90f-2126-3800-9c9f-9eab82021cdf","physical_location_code_added_on":"1765468173303","physical_location_code_assigned_by":"IBMid-110000B3QC","physical_location_code_rds_version":"93703e8d-71ac-45fc-84bc-45b31b2133e4_0","physical_location_code_assignment_method":"INFERRED"}},"attachments":[{"id":"86105196-cea9-4b2f-b9cc-153986bc8e02","version":2,"asset_type":"data_asset","name":"insurance claim fact extraction test data.csv","mime":"text/csv","datasource_type":"193a97c1-4475-4a19-b90c-295c4fdc6517","object_key":"insurance claim fact extraction test data.csv","creator_id":"IBMid-110000B3QC","create_time":1765468186826,"size":13147,"is_remote":false,"is_managed":false,"is_referenced":true,"is_object_key_read_only":true,"is_user_provided_path_key":true,"transfer_complete":true,"is_partitioned":false,"complete_time_ticks":1765468186826,"user_data":{},"test_doc":0,"handle":{"bucket":"labfix-donotdelete-pr-2yrfuifg1kq9hm","location":"us-south","type":"bluemix_cos","key":"insurance claim fact extraction test data.csv","upload_id":"done","max_part_num":1},"usage":{"access_count":0,"last_access_time":1765468186826,"last_accessor_id":"IBMid-110000B3QC"}}]}
