{"metadata":{"asset_id":"e1f2fdff-f54d-4c86-8b7f-18cb8279a8bc","asset_attributes":["data_asset","location_definition"],"name":"insurance claim suggested next steps test data.csv","asset_type":"data_asset","created_at":"2023-12-27T17:24:01Z","origin_country":"us","owner_id":"IBMid-110000B3QC","project_id":"7c8a045c-17e6-48b4-9438-a3af9fb2b124","size":16661,"usage":{"last_update_time":1703697841992,"last_updated_at":"2023-12-27T17:24:01Z"}},"entity":{"data_asset":{"mime_type":"text/csv","dataset":false},"location_definition":{"physical_location_code":"DAL","physical_location_code_assigned_by":"IBMid-501RWAYC7P","physical_location_code_rds_id":"c57cb90f-2126-3800-9c9f-9eab82021cdf","physical_location_code_rds_version":"00002023-0210-4141-8913-025823000000_3","physical_location_code_assignment_method":"INFERRED","physical_location_code_added_on":"1699642358863"}},"attachments":[{"id":"dfe44805-f2d2-4909-9190-5797f9ca3a36","version":2,"asset_type":"data_asset","name":"insurance claim suggested next steps test data.csv","mime":"text/csv","datasource_type":"193a97c1-4475-4a19-b90c-295c4fdc6517","object_key":"insurance claim suggested next steps test data.csv","creator_id":"iam-ServiceId-f49c5558-c247-4983-a04f-7d3c7a3d55da","create_time":1703697841837,"size":16661,"is_remote":false,"is_managed":false,"is_referenced":true,"is_object_key_read_only":true,"is_user_provided_path_key":true,"transfer_complete":true,"is_partitioned":false,"complete_time_ticks":1703697841837,"user_data":{},"test_doc":0,"handle":{"bucket":"gettingstartedwithwatsonxgovernan-donotdelete-pr-9ybtncq4vbohcb","location":"us-south","type":"bluemix_cos","key":"insurance claim suggested next steps test data.csv","upload_id":"done","max_part_num":1},"usage":{"access_count":0,"last_accessor_id":"iam-ServiceId-f49c5558-c247-4983-a04f-7d3c7a3d55da","last_access_time":1703697841837}}]}
