{"metadata":{"asset_id":"138dacfe-c9ae-4a01-a858-8974d13cada8","asset_attributes":["data_asset","location_definition"],"name":"Insurance claim summarization test data.csv","asset_type":"data_asset","created_at":"2025-12-11T15:49:45Z","origin_country":"us","owner_id":"IBMid-110000B3QC","project_id":"e276a187-af21-4778-adae-fbeef92ed897","size":9177,"usage":{"last_update_time":1765468187015,"last_updated_at":"2025-12-11T15:49:47Z"}},"entity":{"data_asset":{"dataset":false,"mime_type":"text/csv"},"location_definition":{"physical_location_code":"DAL","physical_location_code_rds_id":"c57cb90f-2126-3800-9c9f-9eab82021cdf","physical_location_code_added_on":"1765468173303","physical_location_code_assigned_by":"IBMid-110000B3QC","physical_location_code_rds_version":"93703e8d-71ac-45fc-84bc-45b31b2133e4_0","physical_location_code_assignment_method":"INFERRED"}},"attachments":[{"id":"d0968505-9915-4b3a-9aff-8cb9788c0a86","version":2,"asset_type":"data_asset","name":"Insurance claim summarization test data.csv","mime":"text/csv","datasource_type":"193a97c1-4475-4a19-b90c-295c4fdc6517","object_key":"Insurance claim summarization test data.csv","creator_id":"IBMid-110000B3QC","create_time":1765468187014,"size":9177,"is_remote":false,"is_managed":false,"is_referenced":true,"is_object_key_read_only":true,"is_user_provided_path_key":true,"transfer_complete":true,"is_partitioned":false,"complete_time_ticks":1765468187014,"user_data":{},"test_doc":0,"handle":{"bucket":"labfix-donotdelete-pr-2yrfuifg1kq9hm","location":"us-south","type":"bluemix_cos","key":"Insurance claim summarization test data.csv","upload_id":"done","max_part_num":1},"usage":{"access_count":0,"last_access_time":1765468187014,"last_accessor_id":"IBMid-110000B3QC"}}]}
