{"metadata":{"asset_id":"babc086e-5da8-4f00-9a4d-da3ffa2a6577","asset_attributes":["data_asset","location_definition"],"name":"insurance claim suggested next steps test data.csv","asset_type":"data_asset","created_at":"2025-09-08T15:39:44Z","origin_country":"us","owner_id":"IBMid-110000B3QC","project_id":"29b8678f-3d43-4ae2-a64a-f96b8fdfb925","size":16661,"usage":{"last_update_time":1757345985277,"last_updated_at":"2025-09-08T15:39:45Z"}},"entity":{"data_asset":{"mime_type":"text/csv","dataset":false},"location_definition":{"physical_location_code":"DAL","physical_location_code_assigned_by":"IBMid-110000B3QC","physical_location_code_rds_id":"c57cb90f-2126-3800-9c9f-9eab82021cdf","physical_location_code_rds_version":"00002025-0717-4115-8837-304084000000_5","physical_location_code_assignment_method":"INFERRED","physical_location_code_added_on":"1757345985272"}},"attachments":[{"id":"e71e7ce3-ba71-427e-bcc6-66077511deb5","version":2,"asset_type":"data_asset","name":"insurance claim suggested next steps test data.csv","mime":"text/csv","datasource_type":"193a97c1-4475-4a19-b90c-295c4fdc6517","object_key":"insurance claim suggested next steps test data.csv","creator_id":"IBMid-110000B3QC","create_time":1757345985275,"size":16661,"is_remote":false,"is_managed":false,"is_referenced":true,"is_object_key_read_only":true,"is_user_provided_path_key":true,"transfer_complete":true,"is_partitioned":false,"complete_time_ticks":1757345985275,"user_data":{},"test_doc":0,"handle":{"bucket":"summary-donotdelete-pr-xccsb0uxnepaqk","location":"us-south","type":"bluemix_cos","key":"insurance claim suggested next steps test data.csv","upload_id":"done","max_part_num":1},"usage":{"access_count":0,"last_accessor_id":"IBMid-110000B3QC","last_access_time":1757345985275}}]}
