{"metadata":{"asset_id":"2e2da7aa-a09d-4aff-8624-c361103fc676","asset_attributes":["data_asset","location_definition"],"name":"insurance claim fact extraction test data.csv","asset_type":"data_asset","created_at":"2025-08-10T22:14:48Z","origin_country":"us","owner_id":"IBMid-110000B3QC","project_id":"7539f617-7f95-4ad9-8682-6e8cd69a403d","size":13147,"usage":{"last_update_time":1754864089511,"last_updated_at":"2025-08-10T22:14:49Z"}},"entity":{"data_asset":{"mime_type":"text/csv","dataset":false},"location_definition":{"physical_location_code":"DAL","physical_location_code_assigned_by":"IBMid-110000B3QC","physical_location_code_rds_id":"c57cb90f-2126-3800-9c9f-9eab82021cdf","physical_location_code_rds_version":"00002025-0715-4144-8035-375574000000_5","physical_location_code_assignment_method":"INFERRED","physical_location_code_added_on":"1754864089509"}},"attachments":[{"id":"031908b5-4de3-4e2b-aeb1-f05a01d0007b","version":2,"asset_type":"data_asset","name":"insurance claim fact extraction test data.csv","mime":"text/csv","datasource_type":"193a97c1-4475-4a19-b90c-295c4fdc6517","object_key":"insurance claim fact extraction test data.csv","creator_id":"IBMid-110000B3QC","create_time":1754864089510,"size":13147,"is_remote":false,"is_managed":false,"is_referenced":true,"is_object_key_read_only":true,"is_user_provided_path_key":true,"transfer_complete":true,"is_partitioned":false,"complete_time_ticks":1754864089510,"user_data":{},"test_doc":0,"handle":{"bucket":"emartensautoclaimsummary-donotdelete-pr-a50dcrzf3kmrlo","location":"us-south","type":"bluemix_cos","key":"insurance claim fact extraction test data.csv","upload_id":"done","max_part_num":1},"usage":{"access_count":0,"last_accessor_id":"IBMid-110000B3QC","last_access_time":1754864089510}}]}
