{"metadata":{"name":"Insurance claim summarization","description":"","asset_type":"wx_prompt","origin_country":"us","resource_key":"dd2829ebab7e2f16ceb70d7ba5236e93f113493bd541f78405bb4464976b2a79"},"entity":{"wx_prompt":{"task_ids":["summarization"],"is_template":true,"prompt_variables":{"input":{"default_value":"On November 1st, 2023, at 11:00 am, my vehicle, a 2004 Honda Civic, was stolen from its parking spot in Lagos. I immediately reported the incident to the police and obtained a police report. The thief crashed my vehicle into a tree a few blocks away from the parking spot, causing significant damage to the front end. I have filed a claim for the damages and I am providing the police report as evidence of the theft and accident. The witnesses have also provided statements describing the incident."}},"input_mode":"structured","sql_connection":{}},"modelfacts_system":{"model_information":{"fm_id":"google/flan-ul2"},"training_information":{},"project_details":{"environment_type":"development","is_environmenttype_openscale_value":false,"is_imported_model":false},"model_identity_information":{"model_identity_key":"e1f9002dbd3da61bfd4af64d0df20b93a15a1238f3c11507c3c8059001ed310c"},"deployment_details":[],"modelentry_information":{}},"modelfacts_user":{},"location_definition":{"physical_location_code":"DAL","physical_location_code_assigned_by":"IBMid-110000B3QC","physical_location_code_rds_id":"c57cb90f-2126-3800-9c9f-9eab82021cdf","physical_location_code_rds_version":"00002025-0715-4144-8035-375574000000_5","physical_location_code_assignment_method":"INFERRED","physical_location_code_added_on":"1754864090894"}},"attachments":[{"id":"bd8ddc82-242f-4a5c-88aa-f92adfd0bb66","version":2,"asset_type":"wx_prompt","name":"Insuranceclaimsummarization.json","mime":"application/json","datasource_type":"193a97c1-4475-4a19-b90c-295c4fdc6517","object_key":"wx_prompt/Insuranceclaimsummarization__da__cc2la83ndz.json","creator_id":"IBMid-110000B3QC","create_time":1755143114667,"size":543,"is_remote":false,"is_managed":false,"is_referenced":true,"is_object_key_read_only":false,"is_user_provided_path_key":true,"transfer_complete":true,"is_partitioned":false,"complete_time_ticks":1755143114667,"user_data":{},"test_doc":0,"handle":{"bucket":"emartensautoclaimsummary-donotdelete-pr-a50dcrzf3kmrlo","location":"us-south","type":"bluemix_cos","key":"wx_prompt/Insuranceclaimsummarization__da__cc2la83ndz.json","upload_id":"done","max_part_num":1},"usage":{"access_count":0,"last_accessor_id":"IBMid-110000B3QC","last_access_time":1755143114667}}]}
