{"metadata":{"asset_id":"2d7d8d35-8efb-4b63-a3d2-19599e7a19be","asset_attributes":["wx_prompt","location_definition","modelfacts_system","modelfacts_user"],"name":"Insurance claim summarization","asset_type":"wx_prompt","created_at":"2023-12-27T17:24:02Z","description":"","origin_country":"us","owner_id":"IBMid-110000B3QC","project_id":"7c8a045c-17e6-48b4-9438-a3af9fb2b124","size":526,"usage":{"last_update_time":1703697843850,"last_updated_at":"2023-12-27T17:24:03Z"},"resource_key":"e1f9002dbd3da61bfd4af64d0df20b93a15a1238f3c11507c3c8059001ed310c"},"entity":{"wx_prompt":{"task_ids":["summarization"],"is_template":true,"prompt_variables":{"input":{"default_value":"On November 1st, 2023, at 11:00 am, my vehicle, a 2004 Honda Civic, was stolen from its parking spot in Lagos. I immediately reported the incident to the police and obtained a police report. The thief crashed my vehicle into a tree a few blocks away from the parking spot, causing significant damage to the front end. I have filed a claim for the damages and I am providing the police report as evidence of the theft and accident. The witnesses have also provided statements describing the incident."}}},"location_definition":{"physical_location_code":"DAL","physical_location_code_assigned_by":"IBMid-501RWAYC7P","physical_location_code_rds_id":"c57cb90f-2126-3800-9c9f-9eab82021cdf","physical_location_code_rds_version":"00002023-0210-4141-8913-025823000000_3","physical_location_code_assignment_method":"INFERRED","physical_location_code_added_on":"1699642358863"},"modelfacts_system":{"model_information":{"model_type":"","model_description":"","input_type":"","algorithm":"","prediction_type":"","software_spec":"","software_spec_id":"","asset_type":"wx_prompt","label_column":""},"training_information":{"project_name":"Getting started with watsonx governance","training_data_references":[],"hyper_parameters":"","hybrid_pipeline":[],"features":0},"project_details":{"id":"7c8a045c-17e6-48b4-9438-a3af9fb2b124","environment_type":"development","is_environmenttype_openscale_value":false},"model_identity_information":{"model_identity_key":"e1f9002dbd3da61bfd4af64d0df20b93a15a1238f3c11507c3c8059001ed310c"},"deployment_details":[],"modelentry_information":{}},"modelfacts_user":{}},"attachments":[{"id":"4cce981c-9e42-4934-8229-5b8a16b7895f","version":2,"asset_type":"wx_prompt","name":"Insuranceclaimsummarization.json","mime":"application/json","datasource_type":"193a97c1-4475-4a19-b90c-295c4fdc6517","object_key":"wx_prompt/Insuranceclaimsummarization__da__189qpqtcox.json","creator_id":"iam-ServiceId-f49c5558-c247-4983-a04f-7d3c7a3d55da","create_time":1703697842514,"size":526,"is_remote":false,"is_managed":false,"is_referenced":true,"is_object_key_read_only":false,"is_user_provided_path_key":true,"transfer_complete":true,"is_partitioned":false,"complete_time_ticks":1703697842514,"user_data":{},"test_doc":0,"handle":{"bucket":"gettingstartedwithwatsonxgovernan-donotdelete-pr-9ybtncq4vbohcb","location":"us-south","type":"bluemix_cos","key":"wx_prompt/Insuranceclaimsummarization__da__189qpqtcox.json","upload_id":"done","max_part_num":1},"usage":{"access_count":0,"last_accessor_id":"iam-ServiceId-f49c5558-c247-4983-a04f-7d3c7a3d55da","last_access_time":1703697842514}}]}
