{"metadata":{"name":"Insurance claim suggested next steps","description":"","asset_type":"wx_prompt","origin_country":"us","resource_key":"8015e32715de855d5f974155986f08dd2af7ba14a78d211db60f54b01cfc3cc9"},"entity":{"wx_prompt":{"task_ids":["generation"],"is_template":true,"model_version":{"tag":""},"prompt_variables":{"input":{"default_value":"The insured vehicle, a Ford RAM, was stolen from Boston on Dec 2nd 2022. The vehicle was parked in a secure parking lot, and all necessary precautions were taken, such as locking the doors and activating the alarm system. The insured immediately reported the theft to the police and obtained a police report. The vehicle had comprehensive insurance coverage, and the insured is filing a claim for the stolen vehicle, including its estimated value, accessories, and personal belongings that were inside the vehicle at the time of theft."}}},"modelfacts_user":{},"modelfacts_system":{"source":"","project_details":{"environment_type":"development","is_imported_model":false,"is_environmenttype_openscale_value":false},"model_information":{"fm_id":"google/flan-ul2"},"deployment_details":[{"id":"c26670af-9dd1-4025-b569-de4bcc70b1f2","model_health":{"href":"https://aiopenscale.cloud.ibm.com/aiopenscale/insights/dc1f74c9-2cba-4a0d-a2d9-933a4e6ef11e","type":"system","metrics":[{"id":"total_records","name":"Total records","value":10},{"id":"maximum_record_throughput","name":"Maximum record throughput","value":0.293},{"id":"median_api_throughput","name":"Median API throughput","value":0.116},{"id":"median_input_token_count","name":"Median input token count","value":1577},{"id":"average_output_token_count","name":"Average output token count","value":138.4},{"id":"minimum_api_throughput","name":"Minimum API throughput","value":0.11},{"id":"median_record_latency","name":"Median record latency","value":8657},{"id":"minimum_output_token_count","name":"Minimum output token count","value":39},{"id":"users","name":"Users","value":1},{"id":"maximum_api_latency","name":"Maximum API latency","value":9105},{"id":"maximum_api_throughput","name":"Maximum API throughput","value":0.293},{"id":"total_scoring_requests","name":"Total scoring requests","value":10},{"id":"median_records","name":"Median records","value":1},{"id":"median_record_throughput","name":"Median record throughput","value":0.116},{"id":"minimum_api_latency","name":"Minimum API latency","value":3414},{"id":"average_input_token_count","name":"Average input token count","value":1572.8},{"id":"average_record_throughput","name":"Average record throughput","value":0.146},{"id":"maximum_input_token_count","name":"Maximum input token count","value":1599},{"id":"median_output_token_count","name":"Median output token count","value":200},{"id":"total_output_token_count","name":"Total output token count","value":1384},{"id":"maximum_records","name":"Maximum records","value":1},{"id":"minimum_record_latency","name":"Minimum record latency","value":3414},{"id":"average_record_latency","name":"Average record latency","value":6851.5},{"id":"median_api_latency","name":"Median API latency","value":8655},{"id":"minimum_records","name":"Minimum records","value":1},{"id":"minimum_input_token_count","name":"Minimum input token count","value":1537},{"id":"average_api_throughput","name":"Average API throughput","value":0.146},{"id":"maximum_record_latency","name":"Maximum record latency","value":9105},{"id":"average_api_latency","name":"Average API latency","value":6851.5},{"id":"total_input_token_count","name":"Total input token count","value":15728},{"id":"minimum_record_throughput","name":"Minimum record throughput","value":0.11},{"id":"maximum_output_token_count","name":"Maximum output token count","value":200},{"id":"average_records","name":"Average records","value":1}],"evaluation_details":{"asset":{"name":"Insurance claim summarization test data.csv","type":"CSV"},"evaluated_by":"IBMid-110000B3QC","evaluation_id":"18f5bf29-df6b-4e40-af12-5c76868232e6","evaluation_date":"2023-12-27T17:29:31.678000Z"},"evaluation_timestamp":"2023-12-27T17:29:35.770688Z"},"openscale_details":{"href":"https://aiopenscale.cloud.ibm.com/aiopenscale/insights/dc1f74c9-2cba-4a0d-a2d9-933a4e6ef11e","data_sources":[{"type":"feedback","is_internal_database":true},{"type":"payload_logging","is_internal_database":true}],"bss_account_id":"7d8b3c34272c0980d973d3e40be9e9d2","subscription_id":"dc1f74c9-2cba-4a0d-a2d9-933a4e6ef11e","service_provider":{"id":"0f9829d3-b937-4c15-9393-879d56c9ec5f","name":"PROJECT_7c8a045c-17e6-48b4-9438-a3af9fb2b124","type":"watson_machine_learning","environment_type":"development"},"evaluation_details":{"asset":{"name":"Insurance claim summarization test data.csv","type":"CSV"},"evaluated_by":"IBMid-110000B3QC","evaluation_id":"18f5bf29-df6b-4e40-af12-5c76868232e6","evaluation_date":"2023-12-27T17:29:31.678000Z"},"service_instance_id":"e85a1834-45eb-4b86-997f-ffa664dad67c"},"evaluation_details":{"asset":{"name":"Insurance claim summarization test data.csv","type":"CSV"},"evaluated_by":"IBMid-110000B3QC","evaluation_id":"18f5bf29-df6b-4e40-af12-5c76868232e6","evaluation_date":"2023-12-27T17:29:31.678000Z","pta_resource_key":"8015e32715de855d5f974155986f08dd2af7ba14a78d211db60f54b01cfc3cc9","openscale_instance_href":"https://aiopenscale.cloud.ibm.com/aiopenscale/insights/dc1f74c9-2cba-4a0d-a2d9-933a4e6ef11e"},"generative_ai_quality":{"href":"https://aiopenscale.cloud.ibm.com/aiopenscale/insights/dc1f74c9-2cba-4a0d-a2d9-933a4e6ef11e/generative_ai_quality","type":"system","metrics":[{"id":"flesch_reading_ease","href":"https://aiopenscale.cloud.ibm.com/aiopenscale/insights/dc1f74c9-2cba-4a0d-a2d9-933a4e6ef11e/generative_ai_quality","name":"Readability","tags":[{"id":"computed_on","value":"feedback"},{"id":"field_type","value":"subscription"}],"value":41.408,"lower_limit":60,"breach_status":"RED","threshold_violation":"18.592"},{"id":"normalized_recall","href":"https://aiopenscale.cloud.ibm.com/aiopenscale/insights/dc1f74c9-2cba-4a0d-a2d9-933a4e6ef11e/generative_ai_quality","name":"Recall","tags":[{"id":"computed_on","value":"feedback"},{"id":"field_type","value":"subscription"}],"value":0.1943,"lower_limit":0.8,"breach_status":"RED","threshold_violation":"0.6057"},{"id":"hap_input_score","href":"https://aiopenscale.cloud.ibm.com/aiopenscale/insights/dc1f74c9-2cba-4a0d-a2d9-933a4e6ef11e/generative_ai_quality","name":"Input data HAP","tags":[{"id":"computed_on","value":"feedback"},{"id":"field_type","value":"subscription"}],"value":0,"upper_limit":0,"breach_status":"GREEN","threshold_violation":"N/A"},{"id":"rouge2","href":"https://aiopenscale.cloud.ibm.com/aiopenscale/insights/dc1f74c9-2cba-4a0d-a2d9-933a4e6ef11e/generative_ai_quality","name":"ROUGE-2","tags":[{"id":"computed_on","value":"feedback"},{"id":"field_type","value":"subscription"}],"value":0.0255,"lower_limit":0.8,"breach_status":"RED","threshold_violation":"0.7745"},{"id":"meteor","href":"https://aiopenscale.cloud.ibm.com/aiopenscale/insights/dc1f74c9-2cba-4a0d-a2d9-933a4e6ef11e/generative_ai_quality","name":"METEOR","tags":[{"id":"computed_on","value":"feedback"},{"id":"field_type","value":"subscription"}],"value":0.1595,"lower_limit":0.8,"breach_status":"RED","threshold_violation":"0.6405"},{"id":"rougelsum","href":"https://aiopenscale.cloud.ibm.com/aiopenscale/insights/dc1f74c9-2cba-4a0d-a2d9-933a4e6ef11e/generative_ai_quality","name":"ROUGE-LSum","tags":[{"id":"computed_on","value":"feedback"},{"id":"field_type","value":"subscription"}],"value":0.0978,"lower_limit":0.8,"breach_status":"RED","threshold_violation":"0.7022"},{"id":"hap_score","href":"https://aiopenscale.cloud.ibm.com/aiopenscale/insights/dc1f74c9-2cba-4a0d-a2d9-933a4e6ef11e/generative_ai_quality","name":"Output data HAP","tags":[{"id":"computed_on","value":"feedback"},{"id":"field_type","value":"subscription"}],"value":0,"upper_limit":0,"breach_status":"GREEN","threshold_violation":"N/A"},{"id":"pii","href":"https://aiopenscale.cloud.ibm.com/aiopenscale/insights/dc1f74c9-2cba-4a0d-a2d9-933a4e6ef11e/generative_ai_quality","name":"Output data PII","tags":[{"id":"computed_on","value":"feedback"},{"id":"field_type","value":"subscription"}],"value":0,"upper_limit":0,"breach_status":"GREEN","threshold_violation":"N/A"},{"id":"normalized_precision","href":"https://aiopenscale.cloud.ibm.com/aiopenscale/insights/dc1f74c9-2cba-4a0d-a2d9-933a4e6ef11e/generative_ai_quality","name":"Precision","tags":[{"id":"computed_on","value":"feedback"},{"id":"field_type","value":"subscription"}],"value":0.0461,"lower_limit":0.8,"breach_status":"RED","threshold_violation":"0.7539"},{"id":"bleu","href":"https://aiopenscale.cloud.ibm.com/aiopenscale/insights/dc1f74c9-2cba-4a0d-a2d9-933a4e6ef11e/generative_ai_quality","name":"BLEU","tags":[{"id":"computed_on","value":"feedback"},{"id":"field_type","value":"subscription"}],"value":0,"lower_limit":0.8,"breach_status":"RED","threshold_violation":"0.8"},{"id":"normalized_f1","href":"https://aiopenscale.cloud.ibm.com/aiopenscale/insights/dc1f74c9-2cba-4a0d-a2d9-933a4e6ef11e/generative_ai_quality","name":"F1 Score","tags":[{"id":"computed_on","value":"feedback"},{"id":"field_type","value":"subscription"}],"value":0.0731,"lower_limit":0.8,"breach_status":"RED","threshold_violation":"0.7269"},{"id":"rougel","href":"https://aiopenscale.cloud.ibm.com/aiopenscale/insights/dc1f74c9-2cba-4a0d-a2d9-933a4e6ef11e/generative_ai_quality","name":"ROUGE-L","tags":[{"id":"computed_on","value":"feedback"},{"id":"field_type","value":"subscription"}],"value":0.0885,"lower_limit":0.8,"breach_status":"RED","threshold_violation":"0.7115"},{"id":"pii_input","href":"https://aiopenscale.cloud.ibm.com/aiopenscale/insights/dc1f74c9-2cba-4a0d-a2d9-933a4e6ef11e/generative_ai_quality","name":"Input data PII","tags":[{"id":"computed_on","value":"feedback"},{"id":"field_type","value":"subscription"}],"value":0,"upper_limit":0,"breach_status":"GREEN","threshold_violation":"N/A"},{"id":"rouge1","href":"https://aiopenscale.cloud.ibm.com/aiopenscale/insights/dc1f74c9-2cba-4a0d-a2d9-933a4e6ef11e/generative_ai_quality","name":"ROUGE-1","tags":[{"id":"computed_on","value":"feedback"},{"id":"field_type","value":"subscription"}],"value":0.1075,"lower_limit":0.8,"breach_status":"RED","threshold_violation":"0.6925"}],"sources":[{"id":"evaluation_summary","data":[{"properties":{"records_evaluated":10},"computed_on":"feedback"}],"type":"evaluation_summary"}],"records_evaluated":10,"evaluation_details":{"asset":{"name":"Insurance claim summarization test data.csv","type":"CSV"},"evaluated_by":"IBMid-110000B3QC","evaluation_id":"18f5bf29-df6b-4e40-af12-5c76868232e6","evaluation_date":"2023-12-27T17:29:31.678000Z"},"evaluation_timestamp":"2023-12-27T17:29:57.527503Z"}}],"training_information":{},"modelentry_information":{"lmid":""},"model_identity_information":{"master_id":"","model_identity_key":"8015e32715de855d5f974155986f08dd2af7ba14a78d211db60f54b01cfc3cc9"}},"location_definition":{"physical_location_code":"DAL","physical_location_code_rds_id":"c57cb90f-2126-3800-9c9f-9eab82021cdf","physical_location_code_added_on":"1757345985856","physical_location_code_assigned_by":"IBMid-110000B3QC","physical_location_code_rds_version":"00002025-0717-4115-8837-304084000000_5","physical_location_code_assignment_method":"INFERRED"}},"attachments":[{"id":"46e8a584-240e-4f26-947a-1da4b9e25240","version":2,"asset_type":"wx_prompt","name":"Insuranceclaimsuggestednextsteps.json","mime":"application/json","datasource_type":"193a97c1-4475-4a19-b90c-295c4fdc6517","object_key":"wx_prompt/Insuranceclaimsuggestednextsteps__da__nispr40vpf.json","creator_id":"IBMid-110000B3QC","create_time":1765468188216,"size":7295,"is_remote":false,"is_managed":false,"is_referenced":true,"is_object_key_read_only":false,"is_user_provided_path_key":true,"transfer_complete":true,"is_partitioned":false,"complete_time_ticks":1765468188216,"user_data":{},"test_doc":0,"handle":{"bucket":"labfix-donotdelete-pr-2yrfuifg1kq9hm","location":"us-south","type":"bluemix_cos","key":"wx_prompt/Insuranceclaimsuggestednextsteps__da__nispr40vpf.json","upload_id":"done","max_part_num":1},"usage":{"access_count":0,"last_access_time":1765468188216,"last_accessor_id":"IBMid-110000B3QC"}}]}
