Name,Artifact Type,Category,Artifact ID,Description,Tags,Classifications,Stewards,Steward Groups,Related Terms,Business Start,Business End,Secondary Categories,Rules,Parent Policy
Protection of Personal and Sensitive Information,policy,848dfb37-98be-4720-820f-bb196307d325,faeffe8c-39a9-4d63-b278-96f0b6f8bf4d,"This policy governs data classified as sensitive, personal or personally identifiable information (PII) as defined by government and industry regulations as designated by the Office of Data Governance. It pertains to protecting the data privacy of customers, partners, employees or any individual associated with the business. It defines the data that is classified as personal or sensitive and outlines the business policies and governance and protection rules that must be implemented and enforced to control access and visibility of private information to only those who have the authorization to do so.",PII,e21658c8-0d49-4503-9c8e-d870739ca3e8,,,ae7566ad-a74b-4cf3-8675-220feba3b505,2024-07-02 21:42:05,,890379d6-2540-4b9f-9847-96f84f409b4e,c42ab970-9136-483b-9b56-184c27e8c7bf,
"",,,,,PCI,ace99592-b6ad-409a-b1df-debfac829aa1,,,d95e34a6-3383-45bd-8bd2-5c7899323b72,,,cce03974-03a8-424b-91f8-b627d945f3df,574305fc-a79b-4e76-8f22-03bfad7b605f,
"",,,,,Sensitive,cb271604-8d83-4677-a8b7-17ac1452c08c,,,5af6cadb-b97b-4c0c-a1e9-abff99b6f981,,,,57bea019-22ea-4880-b9d6-951dbd5b0692,
"",,,,,,,,,9bdb3210-8bbb-4c5d-96e4-85487a3507a6,,,,60ea4a24-6ba9-4e52-ae46-05c7a6ab23b6,
"",,,,,,,,,80059c1d-6ece-4349-8378-6af59464f6ec,,,,,
"",,,,,,,,,20fb66d6-47e1-4b52-9ec3-0054e1ff65f9,,,,,
