{"metadata":{"asset_id":"2c3ee597-59b5-45ef-822e-7211eb8e683d","asset_type":"connection","asset_category":"USER","create_time":"2025-08-28T17:21:09.000Z","creator_id":"IBMid-2700014MQM","project_id":"e7ac0878-859c-4ba8-9ef0-324cccaf2c26","resource_key":"||e7ac0878-859c-4ba8-9ef0-324cccaf2c26","usage":{"last_access_time":"2025-08-28T17:21:09.112Z","last_accessor_id":"IBMid-2700014MQM","access_count":0}},"entity":{"datasource_type":"83368357-ad07-484f-a42a-76c250929d30","data_source_definition_searchable":"private.api.dataplatform.cloud.ibm.com|443","name":"IBM WXBI Query Service","flags":["personal_credentials"],"owner_id":"IBMid-2700014MQM","rov":{"mode":0,"member_roles":{"IBMid-2700014MQM":{"user_iam_id":"IBMid-2700014MQM","roles":["OWNER"]}}},"properties":{"iam_url":"https://iam.cloud.ibm.com/identity/token","project_id":"e7ac0878-859c-4ba8-9ef0-324cccaf2c26","data_url":"https://private.api.dataplatform.cloud.ibm.com:443/wxbi","environment_name":"ypprod"},"interaction_properties":{"source":[{"name":"_java._heap_size","type":"integer","label":"Heap size","description":"Specify the maximum Java Virtual Machine heap size in megabytes.","descriptionHasLink":false,"required":false,"masked":false,"hidden":false,"readonly":false,"uiOnly":false,"multiline":false,"multichoice":false,"default_value":"256","displayGroup":"other","displayOrdinal":2147483647,"supported_products":["datastage_scapi"],"user_defined":false,"user_defined_for_external":false},{"name":"byte_limit","type":"string","label":"Byte limit","description":"The maximum number of bytes to return. Use any of following suffixes to change the unit: KB, MB, GB, or TB. A value of 0 returns all data.","placeholder":"100MB","descriptionHasLink":false,"required":false,"masked":false,"hidden":false,"readonly":false,"uiOnly":false,"multiline":false,"multichoice":false,"displayGroup":"limitsSource","displayOrdinal":20,"user_defined":false,"user_defined_for_external":false},{"name":"cams_catalog_id","type":"string","label":"Catalog Id","description":"The catalog id of the catalog which contain the assets.","descriptionHasLink":false,"required":false,"masked":false,"hidden":true,"readonly":false,"uiOnly":false,"multiline":false,"multichoice":false,"tags":["container"],"displayGroup":"other","displayOrdinal":2147483647,"user_defined":false,"user_defined_for_external":false},{"name":"cams_data_asset_id","type":"string","label":"Data Asset Id","description":"The asset id of the data asset.","descriptionHasLink":false,"required":false,"masked":false,"hidden":true,"readonly":false,"uiOnly":false,"multiline":false,"multichoice":false,"displayGroup":"other","displayOrdinal":2147483647,"user_defined":false,"user_defined_for_external":false},{"name":"cams_project_id","type":"string","label":"Project Id","description":"The project id of the project which contain the assets.","descriptionHasLink":false,"required":false,"masked":false,"hidden":true,"readonly":false,"uiOnly":false,"multiline":false,"multichoice":false,"tags":["container"],"displayGroup":"other","displayOrdinal":2147483647,"user_defined":false,"user_defined_for_external":false},{"name":"cams_space_id","type":"string","label":"Space Id","description":"The space id which contain the assets.","descriptionHasLink":false,"required":false,"masked":false,"hidden":true,"readonly":false,"uiOnly":false,"multiline":false,"multichoice":false,"displayGroup":"other","displayOrdinal":2147483647,"user_defined":false,"user_defined_for_external":false},{"name":"cams_userfs","type":"boolean","label":"User fs","description":"A boolean which indicates whether assets in a project need to be managed by the /userfs API, i.e it it has git integration.","descriptionHasLink":false,"required":false,"masked":false,"hidden":true,"readonly":false,"uiOnly":false,"multiline":false,"multichoice":false,"displayGroup":"other","displayOrdinal":2147483647,"user_defined":false,"user_defined_for_external":false},{"name":"default_max_string_binary_precision","type":"integer","label":"Default maximum length for columns","description":"Default maximum length for columns. This property can be set/is applicable only when runtime column propagation is used","descriptionHasLink":false,"required":false,"masked":false,"hidden":false,"readonly":false,"uiOnly":false,"multiline":false,"multichoice":false,"default_value":"20000","displayGroup":"generalSource","displayOrdinal":2000,"supported_products":["datastage_scapi"],"user_defined":false,"user_defined_for_external":false},{"name":"file_name","type":"string","label":"File name","description":"The name of the file to read","descriptionHasLink":false,"required":false,"masked":false,"hidden":false,"readonly":false,"uiOnly":false,"multiline":false,"multichoice":false,"tags":["file"],"group":"general","displayGroup":"generalSource","displayOrdinal":100,"user_defined":false,"user_defined_for_external":false},{"name":"infer_as_varchar","type":"boolean","label":"Infer as VARCHAR","description":"Treat the data in all columns as VARCHARs","descriptionHasLink":false,"required":false,"masked":false,"hidden":false,"readonly":false,"uiOnly":false,"multiline":false,"multichoice":false,"default_value":"false","group":"general","displayGroup":"fileFormat","displayOrdinal":60,"supported_products":["ai_factsheet","autoai","catalog","cde","cpd","dashboardsonprem","datarefinery","decision_optimization","deployments","dqr","dv","dvaas_ga","federated_learning","governance","igc","manta_legacy","masking_flow","mde","mdi","notebook","orchestration_pipelines","rstudio","spss_modeler"],"user_defined":false,"user_defined_for_external":false},{"name":"infer_record_count","type":"integer","label":"Infer record count","description":"The number of records to process to obtain the structure of the data","descriptionHasLink":false,"required":false,"masked":false,"hidden":false,"readonly":false,"uiOnly":false,"multiline":false,"multichoice":false,"default_value":"1000","group":"general","displayGroup":"fileFormat","displayOrdinal":50,"user_defined":false,"user_defined_for_external":false},{"name":"infer_schema","type":"boolean","label":"Infer schema","description":"Obtain the schema from the file","descriptionHasLink":false,"required":false,"masked":false,"hidden":false,"readonly":false,"uiOnly":false,"multiline":false,"multichoice":false,"default_value":"false","group":"general","displayGroup":"fileFormat","displayOrdinal":40,"supported_products":["ai_factsheet","autoai","catalog","cde","cpd","dashboardsonprem","datarefinery","decision_optimization","deployments","dqr","dv","dvaas_ga","federated_learning","governance","igc","manta_legacy","masking_flow","mde","mdi","notebook","orchestration_pipelines","rstudio","spss_modeler"],"user_defined":false,"user_defined_for_external":false},{"name":"read_mode","type":"enum","label":"Read mode","description":"The method for reading files","descriptionHasLink":false,"required":false,"masked":false,"hidden":false,"readonly":false,"uiOnly":false,"multiline":false,"multichoice":false,"default_value":"read_single","values":[{"value":"read_single","label":"Read a single file"},{"value":"read_raw","label":"Read binary data"},{"value":"read_raw_multiple_wildcard","label":"Read binary data from multiple files using wildcards"},{"value":"read_multiple_regex","label":"Read multiple files using regex expression"},{"value":"read_multiple_wildcard","label":"Read multiple files using wildcards"}],"group":"general","displayGroup":"generalSource","displayOrdinal":80,"user_defined":false,"user_defined_for_external":false},{"name":"row_limit","type":"integer","label":"Row limit","description":"The maximum number of rows to return","placeholder":"1000","descriptionHasLink":false,"required":false,"masked":false,"hidden":false,"readonly":false,"uiOnly":false,"multiline":false,"multichoice":false,"displayGroup":"limitsSource","displayOrdinal":10,"user_defined":false,"user_defined_for_external":false},{"name":"row_start","type":"integer","label":"Row start","description":"Indicates the offset from the row where reading starts to treat as the start of the data","descriptionHasLink":false,"required":false,"masked":false,"hidden":false,"readonly":false,"uiOnly":false,"multiline":false,"multichoice":false,"displayGroup":"limitsSource","displayOrdinal":15,"user_defined":false,"user_defined_for_external":false},{"name":"sampling_percentage","type":"string","label":"Sampling percentage","description":"Percentage for each row or block to be included in the sample","descriptionHasLink":false,"required":false,"masked":false,"hidden":false,"readonly":false,"uiOnly":false,"multiline":false,"multichoice":false,"displayGroup":"sampling","displayOrdinal":20,"user_defined":false,"user_defined_for_external":false},{"name":"sampling_seed","type":"integer","label":"Sampling seed","description":"Seed to be used for getting a repeatable sample","descriptionHasLink":false,"required":false,"masked":false,"hidden":false,"readonly":false,"uiOnly":false,"multiline":false,"multichoice":false,"displayGroup":"sampling","displayOrdinal":30,"user_defined":false,"user_defined_for_external":false},{"name":"sampling_type","type":"enum","label":"Sampling type","description":"Indicates which data sampling type should be used in the select statement","descriptionHasLink":false,"required":false,"masked":false,"hidden":false,"readonly":false,"uiOnly":false,"multiline":false,"multichoice":false,"default_value":"none","values":[{"value":"none","label":"None"},{"value":"random","label":"Random sampling"}],"displayGroup":"sampling","displayOrdinal":10,"user_defined":false,"user_defined_for_external":false}]}}}
