{"metadata":{"asset_id":"9e397320-62d2-40fe-9f97-6f0027f28d07","asset_attributes":["data_intg_project_settings","location_definition"],"name":"e7ac0878-859c-4ba8-9ef0-324cccaf2c26-DataStage_settings","asset_type":"data_intg_project_settings","created_at":"2025-08-28T17:48:35Z","origin_country":"us","owner_id":"IBMid-2700014MQM","project_id":"e7ac0878-859c-4ba8-9ef0-324cccaf2c26","size":923,"usage":{"last_update_time":1756403316295,"last_updated_at":"2025-08-28T17:48:36Z"}},"entity":{"location_definition":{"physical_location_code":"DAL","physical_location_code_assigned_by":"IBMid-2700014MQM","physical_location_code_rds_id":"c57cb90f-2126-3800-9c9f-9eab82021cdf","physical_location_code_rds_version":"00002022-0808-4150-8900-656919000000_2","physical_location_code_assignment_method":"INFERRED","physical_location_code_added_on":"1756401664286"}},"attachments":[{"id":"a277e689-4780-4b30-8317-d228f8205618","version":2,"asset_type":"data_intg_project_settings","name":"data_intg_project_settings_entity","mime":"application/json","datasource_type":"193a97c1-4475-4a19-b90c-295c4fdc6517","object_key":"data_intg_project_settings/e7ac0878-859c-4ba8-9ef0-324cccaf2c269e397320-62d2-40fe-9f97-6f0027f28d07-data_intg_project_settings_entity","creator_id":"IBMid-2700014MQM","create_time":1756403316293,"size":923,"is_remote":false,"is_managed":false,"is_referenced":true,"is_object_key_read_only":false,"is_user_provided_path_key":true,"transfer_complete":true,"is_partitioned":false,"complete_time_ticks":1756403316293,"user_data":{},"test_doc":0,"handle":{"bucket":"salesperformance-donotdelete-pr-dfkcuy2noaumgy","location":"us-south","type":"bluemix_cos","key":"data_intg_project_settings/e7ac0878-859c-4ba8-9ef0-324cccaf2c269e397320-62d2-40fe-9f97-6f0027f28d07-data_intg_project_settings_entity","upload_id":"done","max_part_num":1},"usage":{"access_count":0,"last_accessor_id":"IBMid-2700014MQM","last_access_time":1756403316293}}]}
