{"metadata":{"asset_id":"a7f1c20c-58c1-45d6-9e42-b7fff8e742f7","asset_attributes":["job"],"name":"Sales Performance","asset_type":"job","created_at":"2025-08-28T17:24:00Z","origin_country":"us","owner_id":"IBMid-2700014MQM","project_id":"e7ac0878-859c-4ba8-9ef0-324cccaf2c26","size":0,"usage":{"last_update_time":1756401840368,"last_updated_at":"2025-08-28T17:24:00Z"}},"entity":{"job":{"asset_ref_type":"metadata_enrichment_area","configuration":{"env_type":"","env_variables":[]},"last_run_initiator":"deprecated field","last_run_time":"deprecated field","last_run_status":"deprecated field","last_run_status_timestamp":0,"future_scheduled_runs":[],"enable_notifications":true,"project_name":"Sales Performance","asset_ref":"f32990d3-a445-4159-b275-9316b09e99b1","schedule_id":"","schedule_creator_id":""}}}
