{"metadata":{"asset_id":"3edcbce2-38e4-4684-ab30-1533adda1696","asset_attributes":["job"],"name":"Revenue Performance - Sales Performance","asset_type":"job","created_at":"2025-08-28T17:33:28Z","origin_country":"us","owner_id":"IBMid-2700014MQM","project_id":"e7ac0878-859c-4ba8-9ef0-324cccaf2c26","size":0,"usage":{"last_update_time":1756402408126,"last_updated_at":"2025-08-28T17:33:28Z"}},"entity":{"job":{"asset_ref_type":"metadata_enrichment_area","configuration":{"env_type":"","env_variables":[]},"last_run_initiator":"deprecated field","last_run_time":"deprecated field","last_run_status":"deprecated field","last_run_status_timestamp":0,"future_scheduled_runs":[],"enable_notifications":true,"project_name":"Sales Performance","asset_ref":"239d23e6-5267-4e6c-b3f1-e3a03a611286","schedule_id":"","schedule_creator_id":""}}}
