{"metadata":{"asset_id":"443d59a3-e4f9-496b-b0d2-33e4bbdf89d4","asset_attributes":["job"],"name":"Sales Performance - CustomerDetails job","asset_type":"job","created_at":"2025-08-28T17:23:33Z","origin_country":"us","owner_id":"IBMid-2700014MQM","project_id":"e7ac0878-859c-4ba8-9ef0-324cccaf2c26","size":0,"usage":{"last_update_time":1756401813497,"last_updated_at":"2025-08-28T17:23:33Z"}},"entity":{"job":{"asset_ref_type":"metadata_import","configuration":{"env_type":"","env_variables":[]},"last_run_initiator":"deprecated field","last_run_time":"deprecated field","last_run_status":"deprecated field","last_run_status_timestamp":0,"future_scheduled_runs":[],"enable_notifications":true,"project_name":"Sales Performance","asset_ref":"898d5e13-e074-4b06-9c5f-9a9c2a9476eb","schedule_id":"","schedule_creator_id":""}}}
