{"metadata":{"asset_id":"a57b8aca-86ca-47fb-b529-a09d7fc69f3f","asset_attributes":["job"],"name":"Sales Performance - Sales Performance_1","asset_type":"job","created_at":"2025-08-29T17:18:08Z","origin_country":"us","owner_id":"IBMid-2700014MQM","project_id":"e7ac0878-859c-4ba8-9ef0-324cccaf2c26","size":0,"usage":{"last_update_time":1756487888376,"last_updated_at":"2025-08-29T17:18:08Z"}},"entity":{"job":{"asset_ref_type":"metadata_enrichment_area","configuration":{"env_type":"","env_variables":[]},"last_run_initiator":"deprecated field","last_run_time":"deprecated field","last_run_status":"deprecated field","last_run_status_timestamp":0,"future_scheduled_runs":[],"enable_notifications":true,"project_name":"Sales Performance","asset_ref":"a9d8a222-bb4b-439f-96db-1190ae60c91c","schedule_id":"","schedule_creator_id":""}}}
