{"metadata":{"asset_id":"6e9ca8de-0e63-4718-af8a-3681d3689b97","asset_attributes":["job"],"name":"Sales Performance - Sales Performance","asset_type":"job","created_at":"2025-08-28T17:33:20Z","origin_country":"us","owner_id":"IBMid-2700014MQM","project_id":"e7ac0878-859c-4ba8-9ef0-324cccaf2c26","size":0,"usage":{"last_update_time":1756402400892,"last_updated_at":"2025-08-28T17:33:20Z"}},"entity":{"job":{"asset_ref_type":"metadata_enrichment_area","configuration":{"env_type":"","env_variables":[]},"last_run_initiator":"deprecated field","last_run_time":"deprecated field","last_run_status":"deprecated field","last_run_status_timestamp":0,"future_scheduled_runs":[],"enable_notifications":true,"project_name":"Sales Performance","asset_ref":"ef86c339-e54b-44aa-9e05-1bbcd9d0b4ae","schedule_id":"","schedule_creator_id":""}}}
