{"metadata":{"asset_id":"bb9c3fe5-7ac5-4fc4-bf70-82de986fe945","asset_attributes":["job_run","location_definition"],"name":"job run","asset_type":"job_run","created_at":"2025-08-28T17:33:30Z","origin_country":"us","owner_id":"IBMid-2700014MQM","project_id":"e7ac0878-859c-4ba8-9ef0-324cccaf2c26","size":1693,"usage":{"last_update_time":1756402796044,"last_updated_at":"2025-08-28T17:39:56Z"}},"entity":{"job_run":{"job_ref":"3edcbce2-38e4-4684-ab30-1533adda1696","job_name":"Revenue Performance - Sales Performance","job_type":"metadata_enrichment_area","state":"Completed","isScheduledRun":false,"configuration":{"env_type":"","env_variables":[],"skip_notifications":false,"metrics":{"type":"all","status":"Completed","started_at":"2025-08-28T17:33:30.800+00:00","accumulated_duration_seconds":383,"enrichment_settings":{"enrichment_area_objective":{"enrichment_options":{"structured":{"profile":true,"assign_terms":true,"analyze_quality":false,"analyze_relationships":false,"semantic_expansion":true,"data_search":true,"dq_gen_constraints":false}},"governance_scope":[{"id":"4304461c-1443-484c-a1d9-bc489e37bfee","type":"category"},{"id":"eebd338d-dbd5-37e4-9e4a-1296de82963a","type":"category"},{"id":"e39ada11-8338-3704-90e3-681a71e7c839","type":"category"}],"sampling":{"structured":{"method":"random","analysis_method":"fixed","sample_size":{"name":"CUSTOM","options":{"row_number":10000}}}},"datascope_of_reruns":"all"},"project_enrichment_settings":{"structured_profiling":{"null_threshold":0.05,"uniqueness_threshold":0.95,"constant_threshold":0.99,"quality_score_threshold":0.8,"data_class_assignment_threshold":0.75,"data_class_suggestion_threshold":0.25,"dq_exceptions_database":{"location":{},"count":100},"bivariate_statistics":true},"term_assignment":{"class_based_assignments":true,"term_assignment_threshold":0.6,"term_suggestion_threshold":0.5,"name_matching":true,"ml_based_assignments_default":true,"ml_based_assignments_custom":false,"system_business_reference":false,"evaluate_negative_assignments":false,"default_ml_configuration":{"scope":"project"},"llm_based_assignments":true,"rule_based_assignments":false},"classification":{"terms_based_assignments":true,"class_based_assignments":true},"semantic_expansion":{"use_data_from_profiling_samples":false,"use_assets_with_assigned_display_names":true,"assets_with_assigned_display_names_container_type":"project","name_expansion":true,"name_expansion_configuration":{"engine":"llm","assignment_threshold":0.9,"suggestion_threshold":0.75},"description_generation":true,"description_generation_configuration":{"assignment_threshold":1,"suggestion_threshold":0.75}},"key_analysis":{"pk_shallow_analysis_config":{"min_confidence":0.8},"fk_shallow_analysis_config":{"min_confidence":0.8,"auto_selection":false,"auto_selection_threshold":0.9}},"advanced_profiling":{"unique_value_table":{"location":{},"count":1000}}}},"summary":{"pending":0,"in_progress":0,"completed":1,"failed":0,"total":1,"not_found":0},"enrichment_options":{"profile":{"enabled":true,"summary":{"pending":0,"in_progress":0,"completed":1,"failed":0,"skipped":0}},"assign_terms":{"enabled":true,"summary":{"pending":0,"in_progress":0,"completed":1,"failed":0,"skipped":0}},"analyze_relationships":{"enabled":false},"semantic_expansion":{"enabled":true,"summary":{"pending":0,"in_progress":0,"completed":1,"failed":0,"skipped":0}},"dq_sla":{"enabled":false},"data_search":{"enabled":true,"summary":{"pending":0,"in_progress":0,"completed":1,"failed":0,"skipped":0}}},"failed_assets":{},"hb_tasks":{"summary":{"pending":0,"in_progress":0,"completed":1,"failed":0,"total":1,"stopped":0},"tasks":[{"hbtask_id":"09d2b357-d261-42e9-9c93-cce467ebe6d9","hb_job_id":"a789f4b4-0872-46f5-9490-15a0974c387a","final_status":"COMPLETED","events":[{"counter":1,"status":"CREATED","time":"2025-08-28T17:36:39.003802031Z"},{"counter":2,"status":"SUBMITTED","time":"2025-08-28T17:36:42.334947799Z"},{"counter":1,"status":"RUNNING","time":"2025-08-28T17:37:38.422622673Z"},{"counter":1,"status":"COMPLETED","time":"2025-08-28T17:39:05.084608640Z"}]}]},"model_infos":[{"model_id":"5ed04a4a-15c2-4c27-84ec-8c6ded664e13","finished_at":"2025-08-28T17:27:14.000+00:00","model_description":"Model generated by automatic training on 2025-08-28T17:27:12Z. Reason to initiate training: No previous model found","model_details":{"Number of distinct columns":0,"Number of term rejects":0,"Number of tables":0,"Model version":"1.2","Number of categories":3,"Number of term assignments":0,"Number of terms":104}}]}},"project_name":"Sales Performance","resource_usage":0,"last_state_change_timestamp":"2025-08-28T17:39:55Z","duration":384},"location_definition":{"physical_location_code":"DAL","physical_location_code_assigned_by":"IBMid-2700014MQM","physical_location_code_rds_id":"c57cb90f-2126-3800-9c9f-9eab82021cdf","physical_location_code_rds_version":"00002022-0808-4150-8900-656919000000_2","physical_location_code_assignment_method":"INFERRED","physical_location_code_added_on":"1756401664286"}},"attachments":[{"id":"e8edebf4-823b-4f75-9e82-8200db93064f","version":2,"asset_type":"job_run","name":"jobRunLog_e59c0ede-89c2-4f93-be90-07229e4ce52f","mime":"text/plain","datasource_type":"193a97c1-4475-4a19-b90c-295c4fdc6517","object_key":"mdesm/jobRunLog_e59c0ede-89c2-4f93-be90-07229e4ce52f.txt","creator_id":"iam-ServiceId-0339f33f-4cdb-4f11-b22e-46d3341bfdeb","create_time":1756402795624,"size":1693,"is_remote":false,"is_managed":false,"is_referenced":true,"is_object_key_read_only":false,"is_user_provided_path_key":true,"transfer_complete":true,"is_partitioned":false,"complete_time_ticks":1756402795624,"user_data":{},"test_doc":0,"handle":{"bucket":"salesperformance-donotdelete-pr-dfkcuy2noaumgy","location":"us-south","type":"bluemix_cos","key":"mdesm/jobRunLog_e59c0ede-89c2-4f93-be90-07229e4ce52f.txt","upload_id":"done","max_part_num":1},"usage":{"access_count":0,"last_accessor_id":"iam-ServiceId-0339f33f-4cdb-4f11-b22e-46d3341bfdeb","last_access_time":1756402795624}},{"id":"3b34d354-37e0-423f-9736-a63c7caad9fd","version":2,"asset_type":"job_run","name":"bb9c3fe5-7ac5-4fc4-bf70-82de986fe945","description":"log for job run bb9c3fe5-7ac5-4fc4-bf70-82de986fe945","mime":"application/json","datasource_type":"193a97c1-4475-4a19-b90c-295c4fdc6517","object_key":"mdesm/jobRunLog_e59c0ede-89c2-4f93-be90-07229e4ce52f.txt","creator_id":"iam-ServiceId-0339f33f-4cdb-4f11-b22e-46d3341bfdeb","create_time":1756402795917,"size":0,"is_remote":false,"is_managed":false,"is_referenced":true,"is_object_key_read_only":false,"is_user_provided_path_key":true,"transfer_complete":true,"is_partitioned":true,"complete_time_ticks":1756402795917,"user_data":{},"test_doc":0,"handle":{"bucket":"salesperformance-donotdelete-pr-dfkcuy2noaumgy","location":"us-south","type":"bluemix_cos","key":"mdesm/jobRunLog_e59c0ede-89c2-4f93-be90-07229e4ce52f.txt","upload_id":"done","max_part_num":1},"usage":{"access_count":0,"last_accessor_id":"iam-ServiceId-0339f33f-4cdb-4f11-b22e-46d3341bfdeb","last_access_time":1756402795917}}]}
