{"metadata":{"asset_id":"9032cc90-4a51-40d8-9996-c3de841bb886","asset_attributes":["job_run","location_definition"],"name":"job run","asset_type":"job_run","created_at":"2025-08-28T17:23:35Z","origin_country":"us","owner_id":"IBMid-2700014MQM","project_id":"e7ac0878-859c-4ba8-9ef0-324cccaf2c26","size":0,"usage":{"last_update_time":1756401834895,"last_updated_at":"2025-08-28T17:23:54Z"}},"entity":{"job_run":{"job_ref":"443d59a3-e4f9-496b-b0d2-33e4bbdf89d4","job_name":"Sales Performance - CustomerDetails job","job_type":"metadata_import","state":"Completed","isScheduledRun":false,"configuration":{"env_type":"","env_variables":[],"discovery":{"metadata":{"id":"fed727a9-fabe-49b0-b9cc-3049e210aec0","invoked_by":"IBMid-2700014MQM","bss_account_id":"8da610678b437dc48e0bf4f4edb95084","created_at":1756401816103,"started_at":1756401817047,"discovered_at":1756401825792,"processed_at":1756401827502,"finished_at":1756401832901},"entity":{"statistics":{"discovered":1,"discovered_with_children":1,"submit_succ":1,"submit_fail":0,"create_succ":1,"create_fail":0,"create_succ_with_children":1,"create_fail_with_children":0,"number_of_new_assets":1,"number_of_updated_assets":0,"number_of_removed_assets":0,"discovery_skipped":0},"status":"COMPLETED","connection_id":"4762e33f-0f31-4c74-8a18-1567b97608a4","project_id":"e7ac0878-859c-4ba8-9ef0-324cccaf2c26","unified_lineage":true,"job_id":"443d59a3-e4f9-496b-b0d2-33e4bbdf89d4","job_run_id":"9032cc90-4a51-40d8-9996-c3de841bb886","metadata_import_id":"898d5e13-e074-4b06-9c5f-9a9c2a9476eb","import_type":"metadata","scope":{"paths":["/RetailSales/CustomerDetails"]},"extra_properties":{"datasourceType":"9493d830-882b-445e-96c7-8e4c635a1a5b","job_run_logLocation":"e7ac0878-859c-4ba8-9ef0-324cccaf2c26/mdi/jobrunlog-65ffce28-af07-47eb-a9c1-48397b438465.txt","projectType":"wxbi","include_primary_key":"true","exclude_tables":"false","metadata_from_catalog_table_only":"false","include_foreign_key":"true","exclude_views":"false","include_asset_lifecycle_timestamps":"false","discoveryProcessCompleted":"true","isDiscoveryPausedByExecutionWindow":"false"}}},"metrics":{"import_type":"metadata","status":"Completed","completed_at":"2025-08-28T17:23:52Z","accumulated_duration_seconds":17,"discovery":{"summary":{"discovery_completed":true,"status":"COMPLETED","in_progress":0,"completed":1,"failed":0,"total":1,"skipped":0,"new_assets":1,"updated_assets":0,"removed_assets":0},"failed_assets":[]}}},"project_name":"Sales Performance","runtime_job_id":"fed727a9-fabe-49b0-b9cc-3049e210aec0","last_state_change_timestamp":"2025-08-28T17:23:54Z","duration":17},"location_definition":{"physical_location_code":"DAL","physical_location_code_assigned_by":"IBMid-2700014MQM","physical_location_code_rds_id":"c57cb90f-2126-3800-9c9f-9eab82021cdf","physical_location_code_rds_version":"00002022-0808-4150-8900-656919000000_2","physical_location_code_assignment_method":"INFERRED","physical_location_code_added_on":"1756401664286"}},"attachments":[{"id":"bf4c6390-028b-4045-bf6b-fdc9ae57d14b","version":2,"asset_type":"job_run","name":"9032cc90-4a51-40d8-9996-c3de841bb886","description":"log for job run 9032cc90-4a51-40d8-9996-c3de841bb886","mime":"application/json","datasource_type":"193a97c1-4475-4a19-b90c-295c4fdc6517","object_key":"e7ac0878-859c-4ba8-9ef0-324cccaf2c26/mdi/jobrunlog-65ffce28-af07-47eb-a9c1-48397b438465.txt","creator_id":"IBMid-2700014MQM","create_time":1756401816683,"size":0,"is_remote":false,"is_managed":false,"is_referenced":true,"is_object_key_read_only":false,"is_user_provided_path_key":true,"transfer_complete":true,"is_partitioned":true,"complete_time_ticks":1756401816683,"user_data":{},"test_doc":0,"handle":{"bucket":"salesperformance-donotdelete-pr-dfkcuy2noaumgy","location":"us-south","type":"bluemix_cos","key":"e7ac0878-859c-4ba8-9ef0-324cccaf2c26/mdi/jobrunlog-65ffce28-af07-47eb-a9c1-48397b438465.txt","upload_id":"done","max_part_num":1},"usage":{"access_count":0,"last_accessor_id":"IBMid-2700014MQM","last_access_time":1756401816683}}]}
