{"metadata":{},"entity":{"result_asset":{"name":"PK_8d96cda6-0b8c-4127-819c-0150ba9cde95_1078980367","metadata_enrichment_area_id":"f32990d3-a445-4159-b275-9316b09e99b1","key_analysis_area_id":"2ac74271-7b82-4984-adb8-cccb66f019f9","key_analysis_result_id":"acbe4521-50b0-412d-aaea-83c6ea62b852","data_asset":"8d96cda6-0b8c-4127-819c-0150ba9cde95","data_asset_name":"CustomerDetails","analysis_type":"pk_shallow","has_relation":false,"related_assigned_primary_key":false,"keys":["LoyaltyNumber"],"confidence":0.88,"num_of_columns":1,"status":"suggested","internal_status":"suggested","is_defined":false,"auto_assign":false,"modified_at":1756402003803,"total_records":10000,"unique_values":8800,"null_values":0}}}
