{"metadata":{"asset_id":"898d5e13-e074-4b06-9c5f-9a9c2a9476eb","asset_type":"metadata_import","creator_id":"IBMid-2700014MQM","created_at":"1756401812797","project_id":"e7ac0878-859c-4ba8-9ef0-324cccaf2c26","usage":{"last_updated_at":"2025-08-28T17:23:55Z","last_updater_id":"IBMid-2700014MQM","last_update_time":1756401835174,"last_accessed_at":"2025-08-28T17:23:55Z","last_access_time":1756401835174,"last_accessor_id":"IBMid-2700014MQM","access_count":0}},"entity":{"unified_lineage":true,"description":"Metadata import for semantic data model named Sales Performance\nImports assets from connection: CustomerDetails","name":"Sales Performance - CustomerDetails","import_type":"metadata","connection_id":"4762e33f-0f31-4c74-8a18-1567b97608a4","target_project_id":"e7ac0878-859c-4ba8-9ef0-324cccaf2c26","job_id":"443d59a3-e4f9-496b-b0d2-33e4bbdf89d4","scope":{"paths":["/RetailSales/CustomerDetails"]},"datasource_type":"database","last_run_started":1756401815298,"last_run_completed":1756401835087,"number_of_runs":1,"version":5,"number_of_new_assets":1,"number_of_updated_assets":0,"number_of_removed_assets":0,"mde_enabled":true,"migrate_tags":false,"reimport_options":{"delete_when_deleted_at_source":false,"delete_when_removed_from_scope":false,"update_description":true,"update_column_descriptions":true,"update_name":true},"import_options":{"extract_dependency":false,"column_level_global_search":false,"include_primary_key":true,"exclude_tables":false,"metadata_from_catalog_table_only":false,"include_foreign_key":true,"exclude_views":false,"import_incremental_changes_only":true,"include_datastage_job_runs":false,"include_asset_lifecycle_timestamps":false},"goal":"metadata"}}
