{"metadata":{"rov":{"mode":0,"collaborator_ids":{},"member_roles":{"IBMid-2700014MQM":{"user_iam_id":"IBMid-2700014MQM","roles":["OWNER"]}}},"project_id":"e7ac0878-859c-4ba8-9ef0-324cccaf2c26","sandbox_id":"e7ac0878-859c-4ba8-9ef0-324cccaf2c26","usage":{"last_updated_at":"2025-08-28T17:24:07Z","last_updater_id":"IBMid-2700014MQM","last_update_time":1756401847648,"last_accessed_at":"2025-08-28T17:24:07Z","last_access_time":1756401847648,"last_accessor_id":"IBMid-2700014MQM","access_count":0},"name":"Sales Performance","description":"Metadata enrichment area for Semantic Model: Sales Performance","tags":[],"asset_type":"metadata_enrichment_area","origin_country":"us","rating":0,"total_ratings":0,"catalog_id":"c7f76146-e40e-4752-80e5-88f6a2f8e6c9","created":1756401839944,"created_at":"2025-08-28T17:23:59Z","owner_id":"IBMid-2700014MQM","size":0,"version":2,"asset_state":"available","asset_attributes":["metadata_enrichment_area","location_definition"],"asset_id":"f32990d3-a445-4159-b275-9316b09e99b1","asset_category":"USER","creator_id":"IBMid-2700014MQM"},"entity":{"metadata_enrichment_area":{"name":"Sales Performance","description":"Metadata enrichment area for Semantic Model: Sales Performance","job":{"name":"Sales Performance","id":"a7f1c20c-58c1-45d6-9e42-b7fff8e742f7"},"objective":{"enrichment_options":{"structured":{"profile":true,"assign_terms":true,"analyze_quality":false,"analyze_relationships":false,"semantic_expansion":true,"data_search":true}},"governance_scope":[{"id":"4304461c-1443-484c-a1d9-bc489e37bfee","type":"category"},{"id":"eebd338d-dbd5-37e4-9e4a-1296de82963a","type":"category"},{"id":"e39ada11-8338-3704-90e3-681a71e7c839","type":"category"}],"sampling":{"structured":{"method":"random","analysis_method":"fixed","sample_size":{"name":"CUSTOM","options":{"row_number":10000}}}},"datascope_of_reruns":"all"},"status":"ready","data_scope_version":1,"key_analysis":{"key_analysis_id":"2ac74271-7b82-4984-adb8-cccb66f019f9"}},"location_definition":{"physical_location_code":"DAL","physical_location_code_assigned_by":"IBMid-2700014MQM","physical_location_code_rds_id":"c57cb90f-2126-3800-9c9f-9eab82021cdf","physical_location_code_rds_version":"00002022-0808-4150-8900-656919000000_2","physical_location_code_assignment_method":"INFERRED","physical_location_code_added_on":"1756401664286"}},"attachments":[],"href":"https://api.dataplatform.cloud.ibm.com/v2/assets/f32990d3-a445-4159-b275-9316b09e99b1?project_id=e7ac0878-859c-4ba8-9ef0-324cccaf2c26"}
