{"structured_profiling":{"null_threshold":0.05,"uniqueness_threshold":0.95,"constant_threshold":0.99,"quality_score_threshold":0.8,"data_class_assignment_threshold":0.75,"data_class_suggestion_threshold":0.25,"dq_exceptions_database":{"location":{},"count":100},"bivariate_statistics":true},"term_assignment":{"class_based_assignments":true,"term_assignment_threshold":0.6,"term_suggestion_threshold":0.5,"name_matching":true,"ml_based_assignments_default":true,"ml_based_assignments_custom":false,"system_business_reference":false,"evaluate_negative_assignments":false,"default_ml_configuration":{"scope":"project"},"llm_based_assignments":true,"rule_based_assignments":false},"classification":{"terms_based_assignments":true,"class_based_assignments":true},"semantic_expansion":{"use_data_from_profiling_samples":false,"use_assets_with_assigned_display_names":true,"assets_with_assigned_display_names_container_type":"project","name_expansion":true,"name_expansion_configuration":{"engine":"llm","assignment_threshold":0.9,"suggestion_threshold":0.75},"description_generation":true,"description_generation_configuration":{"assignment_threshold":1,"suggestion_threshold":0.75}},"key_analysis":{"pk_shallow_analysis_config":{"min_confidence":0.8},"fk_shallow_analysis_config":{"min_confidence":0.8,"auto_selection":false,"auto_selection_threshold":0.9}},"advanced_profiling":{"unique_value_table":{"location":{},"count":1000}},"mde_area_configurations":{"allowed_categories":[{"id":"4304461c-1443-484c-a1d9-bc489e37bfee","name":"Business Analytics","type":"category"},{"id":"eebd338d-dbd5-37e4-9e4a-1296de82963a","name":"Locations","type":"category"},{"id":"e39ada11-8338-3704-90e3-681a71e7c839","name":"[uncategorized]","type":"category"}]},"enrichment_execution_windows_configuration":{"execution_windows_enabled":false,"execution_windows":[]},"data_quality":{"quality_origins":{"profiling":true,"business_terms":true,"relationships":true},"dq_exceptions_database":{"location":{},"count":100},"dq_exception_records_database":{"location":{},"count":100},"dq_checks_suggested":[{"id":"case","enabled":true},{"id":"completeness","enabled":true},{"id":"data_type","enabled":true},{"id":"format","enabled":true},{"id":"uniqueness","enabled":true},{"id":"range","enabled":true},{"id":"regex","enabled":true},{"id":"rule","enabled":true},{"id":"length","enabled":true},{"id":"possible_values","enabled":true},{"id":"data_class","enabled":true},{"id":"referential_integrity","enabled":true},{"id":"nonstandard_missing_values","enabled":true},{"id":"history_stability","enabled":true},{"id":"suspect_values","enabled":true}],"dq_null_threshold":0.05,"dq_uniqueness_threshold":0.95,"historical_data_collection":{"collect_historical_data":true,"historical_data_retention_days":30}},"id":"157f4f10-ecd4-414a-997a-69f84fa5c199","project_id":"e7ac0878-859c-4ba8-9ef0-324cccaf2c26"}
