{"metadata":{"asset_id":"b9caec7e-f08c-4b12-9f69-cb89ea47c821","asset_attributes":["term_assignment_model","location_definition"],"name":"term_assignment_model","asset_type":"term_assignment_model","created_at":"2025-08-28T17:27:13Z","description":"The term assignment model.","origin_country":"us","owner_id":"iam-ServiceId-3182fd5d-f9e3-433c-a5f9-73cdccd120c1","project_id":"e7ac0878-859c-4ba8-9ef0-324cccaf2c26","size":56659,"usage":{"last_update_time":1756402036028,"last_updated_at":"2025-08-28T17:27:16Z"}},"entity":{"term_assignment_model":{"description":"The term assignment model.","training":{"status":"success","started_at":"2025-08-28T17:27:12Z","user":"iam-ServiceId-eb1c9939-bebe-4050-b2b4-71328987739d","model_description":"Model generated by automatic training on 2025-08-28T17:27:12Z. Reason to initiate training: No previous model found","phase":"upload","model_details":{"use_data_profile":false,"Number of categories":3,"Number of terms":104,"Number of tables":0,"Number of distinct columns":0,"Number of term assignments":0,"Model version":"1.2","Number of term rejects":0},"finished_at":"2025-08-28T17:27:14Z","model_id":"5ed04a4a-15c2-4c27-84ec-8c6ded664e13"},"project_id":"e7ac0878-859c-4ba8-9ef0-324cccaf2c26","active_model":{"model_id":"5ed04a4a-15c2-4c27-84ec-8c6ded664e13","origin":"training","finished_at":"2025-08-28T17:27:14Z","model_details":{"use_data_profile":false,"Number of categories":3,"Number of terms":104,"Number of tables":0,"Number of distinct columns":0,"Number of term assignments":0,"Model version":"1.2","Number of term rejects":0},"user":"iam-ServiceId-eb1c9939-bebe-4050-b2b4-71328987739d","model_description":"Model generated by automatic training on 2025-08-28T17:27:12Z. Reason to initiate training: No previous model found"}},"location_definition":{"physical_location_code":"DAL","physical_location_code_assigned_by":"IBMid-2700014MQM","physical_location_code_rds_id":"c57cb90f-2126-3800-9c9f-9eab82021cdf","physical_location_code_rds_version":"00002022-0808-4150-8900-656919000000_2","physical_location_code_assignment_method":"INFERRED","physical_location_code_added_on":"1756401664286"}},"attachments":[{"id":"5ed04a4a-15c2-4c27-84ec-8c6ded664e13","version":2,"asset_type":"term_assignment_model","name":"term_assignment_model_e7ac0878-859c-4ba8-9ef0-324cccaf2c26_b9caec7e-f08c-4b12-9f69-cb89ea47c821","mime":"application/octet-stream","datasource_type":"193a97c1-4475-4a19-b90c-295c4fdc6517","creator_id":"iam-ServiceId-3182fd5d-f9e3-433c-a5f9-73cdccd120c1","create_time":1756402035017,"size":56659,"is_remote":false,"is_managed":true,"is_referenced":false,"is_object_key_read_only":false,"is_user_provided_path_key":false,"transfer_complete":true,"is_partitioned":false,"complete_time_ticks":1756402035504,"user_data":{},"test_doc":0,"handle":{"bucket":"salesperformance-donotdelete-pr-dfkcuy2noaumgy","location":"us-south","type":"bluemix_cos","key":"c7f76146-e40e-4752-80e5-88f6a2f8e6c9/b9caec7e-f08c-4b12-9f69-cb89ea47c821/5ed04a4a-15c2-4c27-84ec-8c6ded664e13","upload_id":"done","max_part_num":1},"usage":{"access_count":0,"last_accessor_id":"iam-ServiceId-3182fd5d-f9e3-433c-a5f9-73cdccd120c1","last_access_time":1756402035017}}]}
