{"metadata":{"asset_id":"84abfa97-051b-46e0-89a4-b0fa5373d079","asset_attributes":["wxbi_card"],"name":"Sales by Location","asset_type":"wxbi_card","created_at":"2025-08-29T17:31:35Z","description":"","origin_country":"us","owner_id":"IBMid-2700014MQM","project_id":"e7ac0878-859c-4ba8-9ef0-324cccaf2c26","size":0,"tags":["tile","card"],"usage":{"last_update_time":1756488695582,"last_updated_at":"2025-08-29T17:31:35Z"}},"entity":{"wxbi_card":{"contentList":[{"features":{"dataViews":{"dataViewList":[{"dataItemList":[{"columnId":"Sales_Performance.Location_Type","id":"Sales_Performance__Location_Type"},{"columnId":"Sales_Performance.Quantity_Sold","id":"Sales_Performance__Quantity_Sold"},{"columnId":"Sales_Performance.Quantity_Sold.Target_Sales","id":"Sales_Performance__Quantity_Sold__Target_Sales"}],"dataSourceId":"Sales_Performance","id":"data"}]},"visualization":{"properties":{},"slotMapping":{"slotList":[{"dataItems":["Sales_Performance__Location_Type"],"name":"categories"},{"dataItems":["Sales_Performance__Quantity_Sold"],"name":"values"},{"dataItems":["Sales_Performance__Quantity_Sold__Target_Sales"],"name":"target"}]},"type":"Bar"}},"properties":{"description":"","name":"Sales by Location","title":"Sales by Location"},"type":"visualization"}],"dataSources":{"dataSourceList":[{"assetId":"bf7db26d-b95f-4b71-adf2-fdb1990ba9bb@e7ac0878-859c-4ba8-9ef0-324cccaf2c26@project_id","id":"Sales_Performance","name":"Sales Performance","version":"1.0"}]},"version":"1.0"}}}
