{"metadata":{"asset_id":"01073d9e-0423-4d90-9828-b5b42c362c07","asset_attributes":["wxbi_semantic_model","location_definition"],"name":"Sales Performance","asset_type":"wxbi_semantic_model","created_at":"2025-08-28T17:21:59Z","owner_id":"IBMid-2700014MQM","project_id":"e7ac0878-859c-4ba8-9ef0-324cccaf2c26","size":12429,"usage":{"last_update_time":1756487875005,"last_updated_at":"2025-08-29T17:17:55Z"}},"entity":{"wxbi_semantic_model":{"bi_model":{"options":{"enrich_sources":true,"generate_metrics":false},"metadata_enrichment_area_info":{"area_id":"f32990d3-a445-4159-b275-9316b09e99b1"},"enrichment_review_state":"COMPLETED","identity_key":"Sales_Performance_405f4c5d-e406-4beb-848c-9c639208dfb7","revisionNumber":7}},"location_definition":{"physical_location_code":"DAL","physical_location_code_assigned_by":"IBMid-2700014MQM","physical_location_code_rds_id":"c57cb90f-2126-3800-9c9f-9eab82021cdf","physical_location_code_rds_version":"00002022-0808-4150-8900-656919000000_2","physical_location_code_assignment_method":"INFERRED","physical_location_code_added_on":"1756401664286"}},"attachments":[{"id":"c58d8888-d415-4003-8e26-c0e9a5142d8f","version":2,"asset_type":"wxbi_semantic_model","datasource_type":"193a97c1-4475-4a19-b90c-295c4fdc6517","object_key":"Sales_Performance_405f4c5d-e406-4beb-848c-9c639208dfb7","creator_id":"IBMid-2700014MQM","create_time":1756402111165,"size":12429,"is_remote":false,"is_managed":false,"is_referenced":true,"is_object_key_read_only":false,"is_user_provided_path_key":true,"transfer_complete":true,"is_partitioned":false,"complete_time_ticks":1756402111165,"user_data":{},"test_doc":0,"handle":{"bucket":"salesperformance-donotdelete-pr-dfkcuy2noaumgy","location":"us-south","type":"bluemix_cos","key":"Sales_Performance_405f4c5d-e406-4beb-848c-9c639208dfb7","upload_id":"done","max_part_num":1},"usage":{"access_count":0,"last_accessor_id":"IBMid-2700014MQM","last_access_time":1756402111165}}]}
