{"metadata":{"asset_id":"11b0885b-fd69-42ca-8015-0a2bb5d9420f","asset_attributes":["wxbi_card"],"name":"Revenue KPI","asset_type":"wxbi_card","created_at":"2025-08-28T17:41:27Z","description":"","origin_country":"us","owner_id":"IBMid-2700014MQM","project_id":"e7ac0878-859c-4ba8-9ef0-324cccaf2c26","size":0,"tags":["tile","card"],"usage":{"last_update_time":1756402887124,"last_updated_at":"2025-08-28T17:41:27Z"}},"entity":{"wxbi_card":{"contentList":[{"features":{"dataViews":{"dataViewList":[{"dataItemList":[{"columnId":"Revenue_Performance.Actual_Revenue","id":"Revenue_Performance__Actual_Revenue"},{"columnId":"Revenue_Performance.Actual_Revenue.Planned_Revenue","id":"Revenue_Performance__Actual_Revenue__Planned_Revenue"}],"dataSourceId":"Revenue_Performance","id":"data"},{"dataItemList":[],"dataSourceId":"Revenue_Performance","id":"sparkline"}]},"visualization":{"properties":{},"slotMapping":{"slotList":[{"dataItems":["Revenue_Performance__Actual_Revenue"],"name":"actual"},{"dataItems":["Revenue_Performance__Actual_Revenue__Planned_Revenue"],"name":"goal"}]},"type":"KPI"}},"properties":{"description":"","name":"Revenue KPI","title":"Revenue KPI"},"type":"visualization"}],"dataSources":{"dataSourceList":[{"assetId":"1be81c0c-4033-4c93-8b67-1682485b46d6@e7ac0878-859c-4ba8-9ef0-324cccaf2c26@project_id","id":"Revenue_Performance","name":"Revenue Performance","version":"1.0"}]},"version":"1.0"}}}
