{"metadata":{"asset_id":"b0fbd1b4-095b-454c-8588-32940474e222","asset_attributes":["wxbi_card"],"name":"Product Revenue","asset_type":"wxbi_card","created_at":"2025-08-28T17:42:26Z","description":"","origin_country":"us","owner_id":"IBMid-2700014MQM","project_id":"e7ac0878-859c-4ba8-9ef0-324cccaf2c26","size":0,"tags":["tile","card"],"usage":{"last_update_time":1756402946614,"last_updated_at":"2025-08-28T17:42:26Z"}},"entity":{"wxbi_card":{"contentList":[{"features":{"dataViews":{"dataViewList":[{"dataItemList":[{"columnId":"Revenue_Performance.Year_","id":"Revenue_Performance__Year_"},{"columnId":"Revenue_Performance.Quarter","id":"Revenue_Performance__Quarter"},{"columnId":"Revenue_Performance.Actual_Revenue","id":"Revenue_Performance__Actual_Revenue"},{"columnId":"Revenue_Performance.Product","id":"Revenue_Performance__Product"}],"dataSourceId":"Revenue_Performance","id":"data"}]},"visualization":{"properties":{},"slotMapping":{"slotList":[{"dataItems":["Revenue_Performance__Year_","Revenue_Performance__Quarter"],"name":"categories"},{"dataItems":["Revenue_Performance__Actual_Revenue"],"name":"values"},{"dataItems":["Revenue_Performance__Product"],"name":"series"}]},"type":"Line"}},"properties":{"description":"","name":"Product Revenue","title":"Product Revenue by Year"},"type":"visualization"}],"dataSources":{"dataSourceList":[{"assetId":"1be81c0c-4033-4c93-8b67-1682485b46d6@e7ac0878-859c-4ba8-9ef0-324cccaf2c26@project_id","id":"Revenue_Performance","name":"Revenue Performance","version":"1.0"}]},"version":"1.0"}}}
