{"metadata":{"asset_id":"d8a66b2a-35e6-445b-bdf4-85c8b1e019ae","asset_attributes":["wxbi_card"],"name":"Product Sales","asset_type":"wxbi_card","created_at":"2025-08-29T17:30:17Z","description":"","origin_country":"us","owner_id":"IBMid-2700014MQM","project_id":"e7ac0878-859c-4ba8-9ef0-324cccaf2c26","size":0,"tags":["tile","card"],"usage":{"last_update_time":1756488617646,"last_updated_at":"2025-08-29T17:30:17Z"}},"entity":{"wxbi_card":{"contentList":[{"features":{"dataViews":{"dataViewList":[{"dataItemList":[{"columnId":"Sales_Performance.Quantity_Sold","id":"Sales_Performance__Quantity_Sold"},{"columnId":"Sales_Performance.Quantity_Sold.Target_Sales","id":"Sales_Performance__Quantity_Sold__Target_Sales"}],"dataSourceId":"Sales_Performance","id":"data"},{"dataItemList":[],"dataSourceId":"Sales_Performance","id":"sparkline"}]},"visualization":{"properties":{},"slotMapping":{"slotList":[{"dataItems":["Sales_Performance__Quantity_Sold"],"name":"actual"},{"dataItems":["Sales_Performance__Quantity_Sold__Target_Sales"],"name":"goal"}]},"type":"KPI"}},"properties":{"description":"","name":"Product Sales","title":"Product Sales"},"type":"visualization"}],"dataSources":{"dataSourceList":[{"assetId":"bf7db26d-b95f-4b71-adf2-fdb1990ba9bb@e7ac0878-859c-4ba8-9ef0-324cccaf2c26@project_id","id":"Sales_Performance","name":"Sales Performance","version":"1.0"}]},"version":"1.0"}}}
