{"metadata":{"asset_id":"bff974aa-5e02-45f2-bdcc-4cb6ba693440","asset_attributes":["wxbi_card"],"name":"Revenue by Region","asset_type":"wxbi_card","created_at":"2025-08-28T17:43:39Z","description":"","origin_country":"us","owner_id":"IBMid-2700014MQM","project_id":"e7ac0878-859c-4ba8-9ef0-324cccaf2c26","size":0,"tags":["tile","card"],"usage":{"last_update_time":1756403141805,"last_updated_at":"2025-08-28T17:45:41Z"}},"entity":{"wxbi_card":{"contentList":[{"features":{"dataViews":{"dataViewList":[{"dataItemList":[{"columnId":"Revenue_Performance.Country","id":"Revenue_Performance__Country"},{"columnId":"Revenue_Performance.Actual_Revenue","id":"Revenue_Performance__Actual_Revenue"},{"columnId":"Revenue_Performance.State_Prov","id":"Revenue_Performance__State_Prov"}],"dataSourceId":"Revenue_Performance","id":"data"}]},"visualization":{"properties":{"legend.show":false},"slotMapping":{"slotList":[{"dataItems":["Revenue_Performance__Country"],"name":"categories"},{"dataItems":["Revenue_Performance__Actual_Revenue"],"name":"values"},{"dataItems":["Revenue_Performance__State_Prov"],"name":"color"}]},"type":"StackedColumn"}},"properties":{"description":"","name":"Revenue by Region","title":"Revenue by Region"},"type":"visualization"}],"dataSources":{"dataSourceList":[{"assetId":"1be81c0c-4033-4c93-8b67-1682485b46d6@e7ac0878-859c-4ba8-9ef0-324cccaf2c26@project_id","id":"Revenue_Performance","name":"Revenue Performance","version":"1.0"}]},"version":"1.0"}}}
