{"metadata":{"asset_id":"c98374b1-493b-4cdd-8938-1b8438a3e488","asset_attributes":["wxbi_card"],"name":"Product by Location Comparison","asset_type":"wxbi_card","created_at":"2025-08-29T17:32:17Z","description":"","origin_country":"us","owner_id":"IBMid-2700014MQM","project_id":"e7ac0878-859c-4ba8-9ef0-324cccaf2c26","size":0,"tags":["tile","card"],"usage":{"last_update_time":1756488737896,"last_updated_at":"2025-08-29T17:32:17Z"}},"entity":{"wxbi_card":{"contentList":[{"features":{"dataViews":{"dataViewList":[{"dataItemList":[{"columnId":"Sales_Performance.Product","id":"Sales_Performance__Product"},{"columnId":"Sales_Performance.Location_Type","id":"Sales_Performance__Location_Type"},{"columnId":"Sales_Performance.Quantity_Sold","id":"Sales_Performance__Quantity_Sold"}],"dataSourceId":"Sales_Performance","id":"data"}]},"visualization":{"properties":{},"slotMapping":{"slotList":[{"dataItems":["Sales_Performance__Product"],"name":"categories"},{"dataItems":["Sales_Performance__Location_Type"],"name":"series"},{"dataItems":["Sales_Performance__Quantity_Sold"],"name":"color"}]},"type":"Heatmap"}},"properties":{"description":"","name":"Product by Location Comparison","title":"Product by Location Comparison"},"type":"visualization"}],"dataSources":{"dataSourceList":[{"assetId":"bf7db26d-b95f-4b71-adf2-fdb1990ba9bb@e7ac0878-859c-4ba8-9ef0-324cccaf2c26@project_id","id":"Sales_Performance","name":"Sales Performance","version":"1.0"}]},"version":"1.0"}}}
