{"description":"An asset type you can use to describe the columns of a data asset.  Normally attached as a property to an existing data asset.","fields":[{"key":"column_info_term_display_name","type":"string","facet":true,"is_array":false,"search_path":"*.column_terms[].term_display_name","is_searchable_across_types":true},{"key":"column_info_term_id","type":"string","facet":true,"is_array":false,"search_path":"*.column_terms[].term_id","is_searchable_across_types":false},{"key":"column_info_classification_name","type":"string","facet":true,"is_array":false,"search_path":"*.column_classifications[].name","is_searchable_across_types":true},{"key":"column_info_classification_id","type":"string","facet":true,"is_array":false,"search_path":"*.column_classifications[].global_id","is_searchable_across_types":false},{"key":"column_info_tag","type":"string","facet":true,"is_array":false,"search_path":"*.column_tags[]","is_searchable_across_types":true},{"key":"column_info_description","type":"string","facet":false,"is_array":false,"search_path":"*.column_description","is_searchable_across_types":true},{"key":"column_info_omrs_guid","type":"string","facet":true,"is_array":false,"search_path":"*.omrs_guid","is_searchable_across_types":true},{"key":"column_info_quality_score","type":"string","facet":false,"is_array":false,"search_path":"*.quality.score","is_searchable_across_types":true}],"relationships":[],"localized_metadata_attributes":{"name":{"default":"Data column","en":"Data column","de":"Datenspalte","es":"Columna de datos","fr":"Colonne de données","it":"Colonna di dati","ja":"データ列","ko":"데이터 열","pt":"Coluna de dados","ru":"Столбец данных","sv":"datakolumn","zh":"数据列","zh-TW":"資料直欄"},"description":{"default":"An asset type you can use to describe the columns of a data asset. Normally attached as a property to an existing data asset.","en":"An asset type you can use to describe the columns of a data asset. Normally attached as a property to an existing data asset.","de":"Ein Assettyp, mit dem Sie die Spalten eines Datenassets beschreiben können. Normalerweise als Eigenschaft an ein vorhandenes Datenasset angehängt.","es":"Tipo de activo que puede utilizar para describir las columnas de un activo de datos. Normalmente se adjunta como una propiedad a un activo de datos existente.","fr":"Type d'actif que vous pouvez utiliser pour décrire les colonnes d'un actif de données. Normalement joint en tant que propriété à un actif de données existant.","it":"Un tipo di asset che è possibile utilizzare per descrivere le colonne di un asset di dati. Normalmente collegato come proprietà a un asset di dati esistente.","ja":"データ資産の列を記述するために使用できる資産タイプ。 通常は、プロパティーとして既存のデータ資産に添付されます。","ko":"데이터 자산의 열을 설명하는 데 사용할 수 있는 자산 유형입니다. 일반적으로 기존 데이터 자산에 특성으로 첨부됩니다.","pt":"Um tipo de ativo que pode ser usado para descrever as colunas de um ativo de dados Normalmente anexado como uma propriedade a um ativo de dados existente","ru":"Тип актива, который можно использовать для описания столбцов ресурса данных. Обычно прикреплен как свойство к существующему активу данных.","sv":"En inventarietyp som du kan använda till att beskriva kolumnerna för en datainventarie. Normalt bifogas som en egenskap till en befintlig datatillgång.","zh":"可用于描述数据资产的列的资产类型。 通常作为属性附加到现有数据资产。","zh-TW":"可用來說明資料資產直欄的資產類型。 通常附加為現有資料資產的內容。"}},"global_search_searchable":[],"attribute_only":true,"is_column_custom_attribute":false,"can_have_image":false,"version":1,"name":"column_info","scope":"GLOBAL","allow_decorators":false}