{"description":"Data integration column","fields":[],"relationships":[],"properties":{"transformation_expression":{"type":"string","description":"Expression for the transformation","is_array":false,"readonly":true,"validated":false,"displayInChild":false,"restricted":false,"label":{"default":"Transformation expression","en":"Transformation expression"}},"ext_attributes":{"type":"object","description":"Vendor specific attributes","is_array":false,"readonly":true,"validated":false,"displayInChild":false,"restricted":false,"label":{"default":"Attributes","en":"Attributes"}}},"localized_metadata_attributes":{"name":{"default":"Data integration column","en":"Data integration column","de":"Datenintegrationsspalte","es":"Columna de integración de datos","fr":"Colonne d'intégration de données","it":"Colonna di integrazione dati","ja":"データ統合列","ko":"데이터 통합 열","pt":"Coluna de integração de dados","ru":"Столбец интеграции данных","sv":"Dataintegrationskolumn","zh":"数据集成列","zh-TW":"資料整合直欄"},"description":{"default":"Data integration column","en":"Data integration column","de":"Datenintegrationsspalte","es":"Columna de integración de datos","fr":"Colonne d'intégration de données","it":"Colonna di integrazione dati","ja":"データ統合列","ko":"데이터 통합 열","pt":"Coluna de integração de dados","ru":"Столбец интеграции данных","sv":"Dataintegrationskolumn","zh":"数据集成列","zh-TW":"資料整合直欄"}},"identity":{"strategy":"DUPLICATE_DETECTION_BY_RESOURCE_KEY"},"global_search_searchable":[],"attribute_only":false,"is_column_custom_attribute":false,"can_have_image":false,"version":1,"name":"data_integration_column","scope":"GLOBAL","allow_decorators":true}