{"description":"To designate folder an asset belongs to.","fields":[{"key":"path","type":"string","facet":true,"is_array":false,"is_searchable_across_types":true}],"relationships":[],"properties":{"path":{"type":"string","description":"Folder path. Could be a GUID or a plain string path","is_array":false,"validated":false,"displayInChild":false,"restricted":false,"min_length":1,"max_length":10000}},"identity":{"strategy":"DUPLICATE_DETECTION_BY_NAME_AND_FOLDER"},"global_search_searchable":[],"attribute_only":false,"is_column_custom_attribute":false,"can_have_image":false,"version":1,"name":"directory_asset","scope":"GLOBAL","allow_decorators":true}