{"description":"The basis for match stages that run as steps within data quality analysis jobs.","fields":[{"key":"dummy_field","type":"string","facet":false,"is_array":false,"is_searchable_across_types":false}],"relationships":[],"localized_metadata_attributes":{"name":{"de":"Abgleichungsspezifikation","ru":"Спецификация сравнения","sv":"Matchningsspecifikation","ko":"일치 스펙","pt":"Especificação de correspondência","zh-TW":"相符規格","en":"Match specification","eo":"[Esperanto~Match specification~~~~~eo]","it":"Specifica di corrispondenza","fr":"Spécification de correspondance","es":"Especificación de coincidencia","zh":"匹配规范","default":"Match specification","ja":"マッチング仕様"}},"global_search_searchable":[],"attribute_only":false,"is_column_custom_attribute":false,"can_have_image":false,"version":1,"name":"ds_match_specification","scope":"GLOBAL","allow_decorators":true}