{"description":"Lineage mapping group Asset Type","fields":[{"key":"filename","type":"string","facet":false,"is_array":false,"is_searchable_across_types":false},{"key":"folderpath","type":"string","facet":false,"is_array":false,"is_searchable_across_types":false}],"relationships":[],"properties":{"filename":{"type":"string","is_array":false,"validated":false,"displayInChild":false,"restricted":false,"label":{"default":"File name","en":"File name"}},"folderpath":{"type":"string","is_array":false,"validated":false,"displayInChild":false,"restricted":false,"label":{"default":"Folder path","en":"Folder path"}}},"localized_metadata_attributes":{"name":{"default":"Lineage mapping group","en":"Lineage mapping group","de":"Abstammungszuordnungsgruppe","es":"Grupo de correlación de linaje","fr":"Groupe de mappage de lignage","it":"Gruppo di associazioni di derivazione","jp":"リネージュ・マッピング・グループ","ko":"계보 맵핑 그룹","pt":"Grupo de mapeamento de linhagem","ru":"Группа отображений происхождения","sv":"Avbildningsgrupp för linjär","zh":"沿袭映射组","zh-TW":"世系對映群組"},"description":{"default":"Lineage mapping group Asset Type","en":"Lineage mapping group Asset Type","de":"Assettyp der Abstammungszuordnungsgruppe","es":"Tipo de activo de grupo de correlación de linaje","fr":"Type d'actif du groupe de mappage de lignage","it":"Tipo di asset del gruppo di associazione di derivazione","jp":"リネージュ・マッピング・グループの資産タイプ","ko":"계보 맵핑 그룹 자산 유형","pt":"Tipo de Ativo do grupo de mapeamento de linhagem","ru":"Тип актива группы отображения происхождения","sv":"Tillgångstyp för linjär avbildningsgrupp","zh":"沿袭映射组资产类型","zh-TW":"世系對映群組資產類型"}},"identity":{"strategy":"DUPLICATE_DETECTION_BY_NAME_AND_RESOURCE_KEY"},"global_search_searchable":[],"attribute_only":false,"is_column_custom_attribute":false,"can_have_image":true,"version":1,"name":"ibm_emd_mapping_group","scope":"GLOBAL","allow_decorators":true}