{"description":"A relationships between two entities that may be resulting in Foreign Key constraint when transformed to physical model","fields":[],"relationships":[],"properties":{"verb_phrase":{"type":"string","description":"Describes the verb used for the relationship (reads: parent entity - verb - child entity).","is_array":false,"validated":false,"displayInChild":false,"restricted":false,"label":{"default":"Verb Phrase","en":"Verb Phrase"}},"inverse_verb_phrase":{"type":"string","description":"Describes the inverse verb used for the relationship (reads: child entity - verb - parent entity).","is_array":false,"validated":false,"displayInChild":false,"restricted":false,"label":{"default":"Inverse Verb Phrase","en":"Inverse Verb Phrase"}},"cardinality":{"type":"string","description":"Defines how the relationship would need to be transformed in physical model.  For example: \"0..1\", \"1..1\", \"0..n\", \"1..n\",  \"Exact Range\", \"m..n\" (many-to-many)","is_array":false,"validated":false,"displayInChild":false,"restricted":false},"existence":{"type":"string","description":"Information about whether the LDM attribute is intended to be persisted when transformed to column or is meant to be only in logical model","is_array":false,"validated":false,"displayInChild":false,"restricted":false},"notes":{"type":"string","is_array":false,"validated":false,"displayInChild":false,"restricted":false}},"localized_metadata_attributes":{"name":{"default":"Logical model relationship","en":"Logical model relationship","de":"Beziehung des logischen Modells","es":"Relación de modelo lógico","fr":"Relation du modèle logique","it":"Relazione del modello logico","ja":"論理モデル関係","ko":"논리 모델 관계","pt":"Relacionamento do modelo lógico","ru":"Взаимосвязь логической модели","sv":"Logisk modellrelation","zh":"逻辑模型关系","zh-TW":"邏輯模型關係"},"description":{"default":"A relationships between two entities that may be resulting in Foreign Key constraint when transformed to physical model","en":"A relationships between two entities that may be resulting in Foreign Key constraint when transformed to physical model","de":"Eine Beziehung zwischen zwei Entitäten, die bei der Transformation in ein physisches Modell zu einer Integritätsbedingung über Fremdschlüssel führen kann.","es":"Relaciones entre dos entidades que pueden dar como resultado una restricción de clave foránea cuando se transforma en un modelo físico","fr":"Une relation entre deux entités qui peut entraîner une contrainte de clé externe lorsqu'elle est transformée en modèle physique","it":"Una relazione tra due entità che può risultare in un vincolo di chiave esterna quando trasformato in modello fisico","ja":"物理モデルへの変換時に外部キー制約になる可能性がある 2 つのエンティティー間の関係","ko":"실제 모델로 변환될 때 외부 키 제한조건이 발생할 수 있는 두 엔티티 간의 관계","pt":"Um relacionamento entre duas entidades que pode resultar em restrição de Chave Estrangeira quando transformada em modelo físico","ru":"Взаимосвязи между двумя объектами, которые могут быть результатом ограничения внешнего ключа при преобразовании в физическую модель","sv":"En relation mellan två entiteter som kan resultera i regel för främmande nyckel när den omvandlas till fysisk modell","zh":"转换为物理模型时可能导致 \"外键\" 约束的两个实体之间的关系","zh-TW":"兩個實體之間的關係，在轉換為實體模型時可能會導致「外部索引鍵」限制"}},"identity":{"strategy":"DUPLICATE_DETECTION_BY_NAME_AND_RESOURCE_KEY"},"global_search_searchable":[],"attribute_only":false,"is_column_custom_attribute":false,"can_have_image":false,"version":1,"name":"ibm_logical_model_relationship","scope":"GLOBAL","allow_decorators":true}