{"description":"A design schema for information assets","fields":[],"relationships":[],"properties":{"notes":{"type":"string","description":"Free form textual notes that a user can add","is_array":false,"validated":false,"displayInChild":false,"restricted":false}},"localized_metadata_attributes":{"name":{"default":"Physical model schema","en":"Physical model schema","de":"Schema des physischen Modells","es":"Esquema de modelo físico","fr":"Schéma de modèle physique","it":"Schema del modello fisico","ja":"物理モデル・スキーマ","ko":"물리적 모델 스키마","pt":"Esquema de modelo físico","ru":"Схема физической модели","sv":"Schemat för fysisk modell","zh":"物理模型模式","zh-TW":"實體模型綱目"},"description":{"default":"A design schema for information assets","en":"A design schema for information assets","de":"Designschema für Informationsassets","es":"Un esquema de diseño para activos de información","fr":"Schéma de conception pour les actifs informationnels","it":"Uno schema di progettazione per gli asset di informazioni","ja":"情報資産の設計スキーマ","ko":"정보 자산에 대한 디자인 스키마","pt":"Um esquema de design para recursos de informações","ru":"Схема структуры для информационных ресурсов","sv":"Ett designschema för informationsresurser","zh":"信息资产的设计模式","zh-TW":"資訊資產的設計綱目"}},"identity":{"strategy":"DUPLICATE_DETECTION_BY_NAME_AND_RESOURCE_KEY"},"global_search_searchable":[],"attribute_only":false,"is_column_custom_attribute":false,"can_have_image":false,"version":1,"name":"ibm_physical_model_schema","scope":"GLOBAL","allow_decorators":true}