{"description":"An asset that represents a table structure in the physical data model","fields":[],"relationships":[],"properties":{"notes":{"type":"string","description":"Free form textual notes that a user can add","is_array":false,"validated":false,"displayInChild":false,"restricted":false}},"localized_metadata_attributes":{"name":{"default":"Physical model table","en":"Physical model table","de":"Tabelle des physischen Modells","es":"Tabla de modelo físico","fr":"Table du modèle physique","it":"Tabella del modello fisico","ja":"物理モデル・テーブル","ko":"물리적 모델 테이블","pt":"Tabela do modelo físico","ru":"Таблица физической модели","sv":"Fysisk modelltabell","zh":"物理模型表","zh-TW":"實體模型表格"},"description":{"default":"An asset that represents a table structure in the physical data model","en":"An asset that represents a table structure in the physical data model","de":"Ein Asset, das eine Tabellenstruktur im physischen Datenmodell darstellt","es":"Un activo que representa una estructura de tabla en el modelo de datos físico","fr":"Actif représentant une structure de table dans le modèle de données physique","it":"Un asset che rappresenta una struttura di tabella nel modello di dati fisico","ja":"物理データ・モデル内の表構造を表す資産","ko":"실제 데이터 모델의 테이블 구조를 나타내는 자산","pt":"Um ativo que representa uma estrutura de tabela no modelo de dados físico","ru":"Актив, представляющий структуру таблицы в физической модели данных","sv":"En inventarie som representerar en tabellstruktur i den fysiska datamodellen","zh":"在物理数据模型中表示表结构的资产","zh-TW":"代表實體資料模型中表格結構的資產"}},"identity":{"strategy":"DUPLICATE_DETECTION_BY_NAME_AND_RESOURCE_KEY"},"global_search_searchable":[],"attribute_only":false,"is_column_custom_attribute":false,"can_have_image":false,"version":1,"name":"ibm_physical_model_table","scope":"GLOBAL","allow_decorators":true}