{"description":"Import Asset Type","fields":[{"key":"state","type":"string","facet":true,"is_array":false,"is_searchable_across_types":false},{"key":"job_id","type":"string","facet":false,"is_array":false,"is_searchable_across_types":false},{"key":"imported_asset_id","type":"string","facet":false,"is_array":false,"search_path":"status.imported_asset_id","is_searchable_across_types":false}],"relationships":[],"properties":{"start_time":{"type":"string","is_array":false,"validated":false,"displayInChild":false,"restricted":false},"end_time":{"type":"string","is_array":false,"validated":false,"displayInChild":false,"restricted":false},"state":{"type":"string","is_array":false,"validated":false,"displayInChild":false,"restricted":false},"job_id":{"type":"string","is_array":false,"validated":false,"displayInChild":false,"restricted":false},"status":{"type":"object","is_array":true,"validated":false,"displayInChild":false,"restricted":false,"properties":{"start_time":{"type":"string","is_array":false,"validated":false,"displayInChild":false,"restricted":false},"last_update_time":{"type":"string","is_array":false,"validated":false,"displayInChild":false,"restricted":false},"succeded":{"type":"string","is_array":true,"validated":false,"displayInChild":false,"restricted":false},"state":{"type":"string","is_array":false,"validated":false,"displayInChild":false,"restricted":false},"failed":{"type":"object","is_array":true,"validated":false,"displayInChild":false,"restricted":false,"properties":{"code":{"type":"string","is_array":false,"validated":false,"displayInChild":false,"restricted":false},"extra_data":{"type":"string","is_array":true,"validated":false,"displayInChild":false,"restricted":false},"record":{"type":"number","is_array":false,"validated":false,"displayInChild":false,"restricted":false},"type":{"type":"string","is_array":false,"validated":false,"displayInChild":false,"restricted":false},"message":{"type":"string","is_array":false,"validated":false,"displayInChild":false,"restricted":false},"value":{"type":"string","is_array":false,"validated":false,"displayInChild":false,"restricted":false},"target":{"type":"string","is_array":false,"validated":false,"displayInChild":false,"restricted":false}}},"imported_asset_id":{"type":"string","is_array":false,"validated":false,"displayInChild":false,"restricted":false},"not_started":{"type":"string","is_array":true,"validated":false,"displayInChild":false,"restricted":false}}}},"localized_metadata_attributes":{"name":{"default":"Import","en":"Import","de":"Metadatendateiimport","es":"Importación de archivo de metadatos","fr":"Importation du fichier de métadonnées","it":"Importazione file di metadati","ja":"メタデータ・ファイルのインポート","ko":"메타데이터 파일 가져오기","pt":"Importação do arquivo de metadados","ru":"Импорт файла метаданных","sv":"Importera metadatafil","zh":"元数据文件导入","zh-TW":"Meta 資料檔案匯入"},"description":{"default":"Import Asset Type","en":"Import Asset Type","de":"Assettyp importieren","es":"Importar tipo de activo","fr":"Importer le type d'actif","it":"Importa tipo di asset","ja":"資産タイプのインポート","ko":"자산 유형 가져오기","pt":"Importar Tipo de Ativo","ru":"Импортировать тип актива","sv":"Importera tillgångstyp","zh":"导入资产类型","zh-TW":"匯入資產類型"}},"global_search_searchable":[],"attribute_only":false,"data_protection":{"all_attachments":true},"is_column_custom_attribute":false,"can_have_image":false,"version":1,"name":"ibm_import_asset","scope":"GLOBAL","allow_decorators":true}