{"description":"Attribute of a logical data model entity","fields":[],"relationships":[],"properties":{"primary_key":{"type":"bool","description":"Whether the attribute is part of the PK defined for the owning entity","is_array":false,"validated":false,"displayInChild":false,"restricted":false,"label":{"default":"Primary Key","en":"Primary Key"}},"data_domain":{"type":"string","description":"A database column data type or a user-defined data type","is_array":false,"validated":false,"displayInChild":false,"restricted":false},"required":{"type":"bool","description":"Information about whether the attribute is optional vs mandatory","is_array":false,"validated":false,"displayInChild":false,"restricted":false},"default_value":{"type":"string","description":"A value that the column based on this attribute is automatically prepopulated when a new record is inserted","is_array":false,"validated":false,"displayInChild":false,"restricted":false,"label":{"default":"Default Value","en":"Default Value"}},"derived":{"type":"bool","description":"Information about whether the value for column based on this attribute is calculated from other columns or not","is_array":false,"validated":false,"displayInChild":false,"restricted":false},"persistent":{"type":"bool","description":"Information about whether the LDM attribute is intended to be persisted when transformed to column or is meant to be only in logical model","is_array":false,"validated":false,"displayInChild":false,"restricted":false},"surrogate_key":{"type":"bool","description":"Information about whether the LDM attribute is intended to be persisted when transformed to column or is meant to be only in logical model","is_array":false,"validated":false,"displayInChild":false,"restricted":false,"label":{"default":"Surrogate Key","en":"Surrogate Key"}},"sequence_number":{"type":"integer","description":"The ordinal number of attribute within the entity","is_array":false,"validated":false,"displayInChild":false,"restricted":false,"label":{"default":"Sequence Number","en":"Sequence Number"}},"notes":{"type":"string","is_array":false,"validated":false,"displayInChild":false,"restricted":false}},"localized_metadata_attributes":{"name":{"default":"Logical model attribute","en":"Logical model attribute","de":"Attribut des logischen Modells","es":"Atributo de modelo lógico","fr":"Attribut du modèle logique","it":"Attributo del modello logico","ja":"論理モデル属性","ko":"논리 모델 속성","pt":"Atributo do modelo lógico","ru":"Атрибут логической модели","sv":"Logisk modellattribut","zh":"逻辑模型属性","zh-TW":"邏輯模型屬性"},"description":{"default":"Attribute of a logical data model entity","en":"Attribute of a logical data model entity","de":"Attribut einer logischen Datenmodellentität","es":"Atributo de una entidad de modelo de datos lógico","fr":"Attribut d'une entité de modèle de données logique","it":"Attributo di un'entità modello dati logico","ja":"論理データ・モデル・エンティティーの属性","ko":"논리 데이터 모델 엔티티의 속성","pt":"Atributo de uma entidade de modelo de dados lógicos","ru":"Атрибут объекта логической модели данных","sv":"Attribut för en logisk datamodellentitet","zh":"逻辑数据模型实体的属性","zh-TW":"邏輯資料模型實體的屬性"}},"identity":{"strategy":"DUPLICATE_DETECTION_BY_NAME_AND_RESOURCE_KEY"},"global_search_searchable":[],"attribute_only":false,"is_column_custom_attribute":false,"can_have_image":false,"version":1,"name":"ibm_logical_model_attribute","scope":"GLOBAL","allow_decorators":true}