{"description":"A container for a physical data model","fields":[],"relationships":[],"properties":{"author":{"type":"string","description":"The organization or department that created the model.","is_array":false,"validated":false,"displayInChild":false,"restricted":false},"version":{"type":"string","description":"The version of the model or the release of the model.","is_array":false,"validated":false,"displayInChild":false,"restricted":false},"namespace":{"type":"string","description":"The value that helps to uniquely identify the model. It can include information about the business domain, name of the product or modeling tool","is_array":false,"validated":false,"displayInChild":false,"restricted":false},"copyright":{"type":"string","description":"The model copyright information.","is_array":false,"validated":false,"displayInChild":false,"restricted":false},"license":{"type":"string","description":"The model license information.","is_array":false,"validated":false,"displayInChild":false,"restricted":false},"database_name":{"type":"string","description":"The name of the target RDBMS for which the model is designed","is_array":false,"validated":false,"displayInChild":false,"restricted":false,"label":{"default":"Database Name","en":"Database Name"}},"database_version":{"type":"string","description":"The version of the target RDBMS for which the model is designed","is_array":false,"validated":false,"displayInChild":false,"restricted":false,"label":{"default":"Database Version","en":"Database Version"}},"notes":{"type":"string","description":"Free form textual notes that a user can add","is_array":false,"validated":false,"displayInChild":false,"restricted":false}},"localized_metadata_attributes":{"name":{"default":"Physical model","en":"Physical model","de":"Physisches Modell","es":"Modelo físico","fr":"Modèle physique","it":"Modello fisico","ja":"物理モデル","ko":"물리적 모델","pt":"Modelo físico","ru":"Физическая модель","sv":"Fysisk modell","zh":"物理模型","zh-TW":"實體模型"},"description":{"default":"A container for a physical data model","en":"A container for a physical data model","de":"Container für ein physisches Datenmodell","es":"Un contenedor para un modelo de datos físico","fr":"Un conteneur pour un modèle de données physique","it":"Un contenitore per un modello di dati fisico","ja":"物理データ・モデルのコンテナー","ko":"실제 데이터 모델의 컨테이너","pt":"Um contêiner para um modelo de dados físico","ru":"Контейнер для физической модели данных","sv":"En behållare för en fysisk datamodell","zh":"用于物理数据模型的容器","zh-TW":"實體資料模型的儲存器"}},"identity":{"strategy":"DUPLICATE_DETECTION_BY_NAME_AND_RESOURCE_KEY"},"global_search_searchable":[],"attribute_only":false,"is_column_custom_attribute":false,"can_have_image":false,"version":1,"name":"ibm_physical_model","scope":"GLOBAL","allow_decorators":true}