{"description":"Trust properties can only be set by allowed service IDs","fields":[],"relationships":[],"properties":{"{user-defined-property}":{"type":"object","is_array":false,"required":false,"validated":false,"displayInChild":false,"restricted":false}},"localized_metadata_attributes":{"name":{"default":"Trust properties","en":"Trust properties"},"description":{"default":"Trust properties can only be set by allowed service IDs","en":"Trust properties can only be set by allowed service IDs"}},"global_search_searchable":[],"attribute_only":true,"is_column_custom_attribute":false,"can_have_image":false,"version":1,"name":"ibm_trust_properties","scope":"GLOBAL","allow_decorators":false}