{"description":"A design schema for information assets","fields":[],"relationships":[],"properties":{"select_statement":{"type":"string","description":"The SQL query that defines the view","is_array":false,"validated":false,"displayInChild":false,"restricted":false,"label":{"default":"Select Statement","en":"Select Statement"}},"notes":{"type":"string","description":"Free form textual notes that a user can add","is_array":false,"validated":false,"displayInChild":false,"restricted":false}},"localized_metadata_attributes":{"name":{"default":"Physical model view","en":"Physical model view","de":"Ansicht des physischen Modells","es":"Vista de modelo físico","fr":"Vue du modèle physique","it":"Vista del modello fisico","ja":"物理モデル・ビュー","ko":"물리적 모델 보기","pt":"Visualização do modelo físico","ru":"Представление физической модели","sv":"Fysisk modellvy","zh":"物理模型视图","zh-TW":"實體模型視圖"},"description":{"default":"A design schema for information assets","en":"A design schema for information assets","de":"Designschema für Informationsassets","es":"Un esquema de diseño para activos de información","fr":"Schéma de conception pour les actifs informationnels","it":"Uno schema di progettazione per gli asset di informazioni","ja":"情報資産の設計スキーマ","ko":"정보 자산에 대한 디자인 스키마","pt":"Um esquema de design para recursos de informações","ru":"Схема структуры для информационных ресурсов","sv":"Ett designschema för informationsresurser","zh":"信息资产的设计模式","zh-TW":"資訊資產的設計綱目"}},"identity":{"strategy":"DUPLICATE_DETECTION_BY_NAME_AND_RESOURCE_KEY"},"global_search_searchable":[],"attribute_only":false,"is_column_custom_attribute":false,"can_have_image":false,"version":1,"name":"ibm_physical_model_view","scope":"GLOBAL","allow_decorators":true}