{"description":"Business intelligence report query item","fields":[],"relationships":[],"properties":{"bi_server":{"type":"string","description":"Name of the business intelligence tool server information","is_array":false,"hidden":true,"readonly":true,"validated":false,"displayInChild":false,"restricted":false,"label":{"default":"Server information","en":"Server information"}},"lineage_link":{"type":"string","description":"Visually explore lineage information","is_array":false,"hidden":true,"readonly":true,"validated":false,"displayInChild":false,"restricted":false,"label":{"default":"Lineage link","en":"Lineage link"}}},"localized_metadata_attributes":{"name":{"default":"Report query item","en":"Report query item","de":"Berichtsabfrageelement","es":"Elemento de consulta de informe","fr":"Elément de requête de rapport","it":"Elemento query del report","ja":"レポート・クエリー・アイテム","ko":"보고서 쿼리 항목","pt":"Item de consulta de relatório","ru":"Элемент запроса отчета","sv":"Rapportfrågeobjekt","zh":"报告查询项","zh-TW":"報告查詢項目"},"description":{"default":"Business intelligence report query item","en":"Business intelligence report query item","de":"Abfrageelement für Business Intelligence-Berichte","es":"Elemento de consulta de informe de Business Intelligence","fr":"Elément de requête de rapport d'aide à la décision","it":"Elemento di query del report Business Intelligence","ja":"ビジネス・インテリジェンス・レポート・クエリー・アイテム","ko":"비즈니스 인텔리전스 보고서 조회 항목","pt":"Item de Consulta do Relatório Inteligência de Negócios","ru":"Элемент запроса отчета Business Intelligence","sv":"Business Intelligensrapportfrågeobjekt","zh":"商业智能报告查询项","zh-TW":"商業智慧報告查詢項目"}},"identity":{"strategy":"DUPLICATE_DETECTION_BY_NAME_AND_RESOURCE_KEY"},"global_search_searchable":[],"attribute_only":false,"is_column_custom_attribute":false,"can_have_image":false,"version":1,"name":"ibm_bi_report_query_item","scope":"GLOBAL","allow_decorators":true}