{"description":"The asset type to represent non wml models.","fields":[{"key":"name","type":"string","facet":false,"is_array":false,"search_path":"metadata.name","is_searchable_across_types":false},{"key":"model_id","type":"string","facet":false,"is_array":false,"search_path":"model_id","is_searchable_across_types":false}],"external_asset_preview":{},"relationships":[],"properties":{"external_model_identifier":{"type":"string","description":"Identifier of the model in external system","placeholder":"Identifier of the model in external system","is_array":false,"required":true,"hidden":false,"readonly":true,"validated":false,"displayInChild":false,"default_value":"None","label":{"default":"External model identifier","en":"External model identifier","de":"Externe Modellkennung","es":"Identificador de modelo externo","fr":"Identificateur de modèle externe","it":"Identificativo modello esterno","ja":"外部モデル ID","ko":"외부 모델 식별자","pt":"Identificador de modelo externo","ru":"Идентификатор внешней модели","sv":"ID för extern modell","zh-TW":"外部模型 ID","zh":"外部模型标识"}},"model_id":{"type":"string","description":"id of the model","placeholder":"id of the model","is_array":false,"required":true,"hidden":false,"readonly":true,"validated":false,"displayInChild":false,"default_value":"None","label":{"default":"Model id","en":"Model id","de":"Modell-ID","es":"ID de modelo","fr":"ID de modèle","it":"ID modello","ja":"モデル ID","ko":"모델 ID","pt":"ID do modelo","ru":"ИД модели","sv":"Modell-ID","zh-TW":"模型  ID","zh":"模型标识"}},"schemas":{"type":"object","description":"schema","placeholder":"Put a value here","is_array":false,"required":false,"hidden":true,"readonly":true,"validated":false,"displayInChild":false,"properties":{"input":{"type":"object","description":"Input schema of the model","placeholder":"Input schema of the model","is_array":true,"required":false,"hidden":true,"readonly":true,"validated":false,"displayInChild":false,"default_value":"None","label":{"default":"Input schema","en":"Input schema"}},"output":{"type":"object","description":"Output schema of the model","placeholder":"Output schema of the model","is_array":true,"required":false,"hidden":true,"readonly":true,"validated":false,"displayInChild":false,"default_value":"None","label":{"default":"Output schema","en":"Output schema"}}}},"training_data_references":{"type":"object","description":"training data references for the model","placeholder":"Put a value here","is_array":true,"required":false,"hidden":true,"readonly":true,"validated":false,"displayInChild":false,"properties":{"type":{"type":"string","description":"type of the data source","placeholder":"Put a value here","is_array":false,"required":true,"hidden":true,"readonly":true,"validated":false,"displayInChild":false,"values":["fs","data_asset","connection_asset","url"]},"id":{"type":"string","description":"id of the data source","placeholder":"Put a value here","is_array":false,"required":true,"hidden":true,"readonly":false,"validated":false,"displayInChild":false},"connection":{"type":"object","description":"connection details","placeholder":"Put a value here","is_array":false,"required":true,"hidden":true,"readonly":false,"validated":false,"displayInChild":false,"properties":{"id":{"type":"string","description":"type of the data source","placeholder":"Put a value here","is_array":false,"required":false,"hidden":true,"readonly":false,"validated":false,"displayInChild":false},"href":{"type":"string","description":"type of the data source","placeholder":"Put a value here","is_array":false,"required":false,"hidden":true,"readonly":false,"validated":false,"displayInChild":false},"url":{"type":"string","description":"type of the data source","placeholder":"Put a value here","is_array":false,"required":false,"hidden":true,"readonly":false,"validated":false,"displayInChild":false}}},"location":{"type":"object","description":"file or folder details","placeholder":"Put a value here","is_array":false,"required":true,"hidden":false,"readonly":false,"validated":false,"displayInChild":false,"properties":{"path":{"type":"string","description":"type of the data source","placeholder":"Put a value here","is_array":false,"required":false,"hidden":false,"readonly":false,"validated":false,"displayInChild":false},"href":{"type":"string","description":"type of the data source","placeholder":"Put a value here","is_array":false,"required":false,"hidden":false,"readonly":false,"validated":false,"displayInChild":false},"file_name":{"type":"string","description":"type of the data source","placeholder":"Put a value here","is_array":false,"required":false,"hidden":false,"readonly":false,"validated":false,"displayInChild":false},"table_name":{"type":"string","description":"type of the data source","placeholder":"Put a value here","is_array":false,"required":false,"hidden":false,"readonly":false,"validated":false,"displayInChild":false}}},"schema":{"type":"object","description":"Training data schema of the model","placeholder":"Training data schema of the model","is_array":true,"required":false,"hidden":true,"readonly":true,"validated":false,"displayInChild":false,"default_value":"None","label":{"default":"Training data schema","en":"Training data schema"}}}},"openpages_details":{"type":"object","description":"openpages details","is_array":false,"required":false,"hidden":true,"readonly":true,"validated":false,"displayInChild":false,"properties":{"id":{"type":"string","description":"openpages model object id","placeholder":"openpages model object id not available","is_array":false,"required":false,"hidden":true,"readonly":true,"validated":false,"displayInChild":false},"is_deleted":{"type":"bool","description":"is openpages model object deleted","is_array":false,"required":false,"hidden":true,"readonly":true,"validated":false,"displayInChild":false,"default_value":false},"name":{"type":"string","description":"openpages model object name","placeholder":"openpages model object name not available","is_array":false,"required":false,"hidden":true,"readonly":true,"validated":false,"displayInChild":false}}},"deployment_details":{"type":"object","description":"deployment details","is_array":true,"required":false,"hidden":true,"readonly":true,"validated":false,"displayInChild":false,"properties":{"id":{"type":"string","description":"deployment id","is_array":false,"required":false,"hidden":true,"readonly":true,"validated":false,"displayInChild":false},"external_identifier":{"type":"string","description":"Identifier of the deployment in external system","is_array":false,"required":false,"hidden":true,"readonly":true,"validated":false,"displayInChild":false},"name":{"type":"string","description":"deployment name","is_array":false,"required":false,"hidden":true,"readonly":true,"validated":false,"displayInChild":false},"is_deleted":{"type":"bool","description":"is deployment deleted","is_array":false,"required":false,"hidden":true,"readonly":true,"validated":false,"displayInChild":false,"default_value":false},"type":{"type":"string","description":"deployment type of the model","is_array":false,"required":false,"hidden":true,"readonly":true,"validated":false,"displayInChild":false},"scoring_endpoint":{"type":"string","description":"scoring endpoint of the model deployment","is_array":false,"required":false,"hidden":false,"readonly":true,"validated":false,"displayInChild":false,"label":{"default":"Deployment scoring endpoint","en":"Deployment scoring endpoint"}},"description":{"type":"string","description":"description of the model deployment","is_array":false,"required":false,"hidden":true,"readonly":true,"validated":false,"displayInChild":false,"label":{"default":"Deployment description","en":"Deployment description"}},"openpages_details":{"type":"object","description":"openpages deployment object details","is_array":false,"required":false,"hidden":true,"readonly":true,"validated":false,"displayInChild":false,"properties":{"id":{"type":"string","description":"openpages deployment object id","is_array":false,"required":false,"hidden":true,"readonly":true,"validated":false,"displayInChild":false},"is_deleted":{"type":"bool","description":"is openpages deployment object deleted","is_array":false,"required":false,"hidden":true,"readonly":true,"validated":false,"displayInChild":false,"default_value":false}}}}},"model_version":{"type":"object","description":"model version details","is_array":false,"required":false,"hidden":true,"readonly":true,"validated":false,"displayInChild":false,"properties":{"number":{"type":"string","description":"model version number","placeholder":"model version number not available","is_array":false,"required":false,"hidden":true,"readonly":false,"validated":false,"displayInChild":false},"tag":{"type":"string","description":"id of the approach considered to develop the model","is_array":false,"required":false,"hidden":true,"readonly":false,"validated":false,"displayInChild":false,"default_value":false},"description":{"type":"string","description":"additional information on model versioning","placeholder":"additional information on model versioning not available","is_array":false,"required":false,"hidden":true,"readonly":false,"validated":false,"displayInChild":false}}}},"localized_metadata_attributes":{"name":{"default":"External model","en":"External model","de":"Externes Modell","es":"Modelo externo","fr":"Modèle externe","it":"Modello esterno","ja":"外部モデル","ko":"외부 모델","pt":"Modelo externo","ru":"Внешняя модель","sv":"Extern modell","zh-TW":"外部模型","zh":"外部模型"}},"identity":{"strategy":"DUPLICATE_DETECTION_BY_RESOURCE_KEY"},"global_search_searchable":["model_id"],"attribute_only":false,"is_column_custom_attribute":false,"can_have_image":false,"version":1,"name":"model_stub","scope":"GLOBAL","allow_decorators":true}