{"description":"OMRS asset type","fields":[{"key":"omrs_guid","type":"string","facet":false,"is_array":false,"is_searchable_across_types":false},{"key":"omrs_type","type":"string","facet":true,"is_array":false,"is_searchable_across_types":false}],"relationships":[],"localized_metadata_attributes":{"name":{"default":"OMRS entity","en":"OMRS entity","de":"OMRS-Entität","es":"Entidad OMRS","fr":"Entité OMRS","it":"Entità OMRS","ja":"OMRS エンティティ","ko":"OMRS 엔티티","pt":"Entidade OMRS","ru":"Сущность OMRS","sv":"OMRS-enhet","zh":"OMRS 实体","zh-TW":"OMRS 實體"},"description":{"default":"OMRS asset type","en":"OMRS asset type","de":"OMRS-Assettyp","es":"Tipo de activo OMRS","fr":"Type d'actif OMRS","it":"tipo di asset OMRS","ja":"OMRS 資産タイプ","ko":"OMRS 자산 유형","pt":"Tipo de ativo OMRS","ru":"Тип актива OMRS","sv":"OMRS-tillgångstyp","zh":"OMRS 资产类型","zh-TW":"OMRS 資產類型"}},"identity":{"strategy":"DUPLICATE_DETECTION_NOT_APPLICABLE"},"global_search_searchable":[],"attribute_only":false,"is_column_custom_attribute":false,"can_have_image":false,"version":1,"name":"omrs_entity","scope":"GLOBAL","allow_decorators":false}