{"description":"Transform asset type","fields":[{"key":"outcome","type":"string","facet":false,"is_array":false,"is_searchable_across_types":false}],"relationships":[],"localized_metadata_attributes":{"name":{"default":"Policy transform","en":"Policy transform","de":"Richtlinienumsetzung","es":"Transformación de política","fr":"Transformation de stratégie","it":"Trasformazione politica","ja":"ポリシー変換","ko":"정책 변환","pt":"Transformação de política","ru":"Преобразование стратегии","sv":"Principomvandling","zh":"策略变换","zh-TW":"原則轉換"},"description":{"default":"Transform asset type","en":"Transform asset type","de":"Assettyp transformieren","es":"Transformar tipo de activo","fr":"Transformer le type d'actif","it":"Trasforma tipo di asset","ja":"資産タイプの変換","ko":"자산 유형 변환","pt":"Transformar tipo de ativo","ru":"Преобразовать тип ресурса","sv":"Transformera tillgångstyp","zh":"变换资产类型","zh-TW":"轉換資產類型"}},"global_search_searchable":[],"attribute_only":true,"is_column_custom_attribute":false,"can_have_image":false,"version":1,"name":"policy_transform","scope":"GLOBAL","allow_decorators":false}