{"description":"Create a standardization rule that reformats data and creates a consistent data presentation with fixed and discrete columns.","fields":[{"key":"dummy_field","type":"string","facet":false,"is_array":false,"is_searchable_across_types":false}],"relationships":[],"localized_metadata_attributes":{"name":{"de":"Standardisierungsregel","ru":"Правило стандартизации","sv":"Standardiseringsregel","ko":"표준화 규칙","pt":"Regra de padronização","zh-TW":"標準化規則","en":"Standardization rule","eo":"[Esperanto~Standardization rule~~~~~~eo]","it":"Regola di standardizzazione","fr":"Règle de normalisation","es":"Regla de estandarización","zh":"标准化规则","default":"Standardization rule","ja":"標準化ルール"}},"global_search_searchable":[],"attribute_only":false,"is_column_custom_attribute":false,"can_have_image":false,"version":1,"name":"standardization_rule","scope":"GLOBAL","allow_decorators":true}