"code","value","description","parent","reference data set","related terms","is_multi_mapped_to_c57cb90f-2126-3800-9c9f-9eab82021cdf"
"CHL","Chile","Chile",,"534561ac-1080-3714-b7aa-5a5809ff1f00",,
"JPN","Japan","Japan",,,,"OSA,TOK"
"BEL","Belgium","Belgium","EU",,,
"DEU","Germany","Germany","EU",,,"FRA"
"FRA","France","France","EU",,,
"ARG","Argentina","Argentina",,,,
"GBR","United Kingdom of Great Britain and Northern Ireland","United Kingdom of Great Britain and Northern Ireland",,,,"LON"
"TUR","Turkey","Turkey",,,,
"NZL","New Zealand","New Zealand",,,,
"MEX","Mexico","Mexico",,,,
"EU","European Union","European Union",,,,
"PRK","Korea (Democratic People's Republic of)","Korea (Democratic People's Republic of)",,,,
"CAN","Canada","Canada",,,,"TOR"
"USA","United States of America","United States of America",,,,"WAS,DAL"
"BRA","Brazil","Brazil",,,,"SAO"
"HKG","Hong Kong","Hong Kong",,,,
"CHN","China","China",,,,
"RUS","Russian Federation","Russian Federation",,,,
"NLD","Netherlands","Netherlands","EU",,,
"AUS","Australia","Australia",,,,"SYD"
"ITA","Italy","Italy","EU",,,
"PRT","Portugal","Portugal","EU",,,
