Name,Artifact Type,Category,Artifact ID,Description,Tags,Stewards,Steward Groups,Reporting Authorized
Person,category,,cce03974-03a8-424b-91f8-b627d945f3df,"Data governance artifacts related to a person like a Customer, Employee, Partner, Loan Applicant, Account Holder etc.",Person,,,false
Privacy,category,cce03974-03a8-424b-91f8-b627d945f3df,848dfb37-98be-4720-820f-bb196307d325,Data governance artifacts related to protecting an individuals data privacy rights.,Person,,,
Employee,category,cce03974-03a8-424b-91f8-b627d945f3df,890379d6-2540-4b9f-9847-96f84f409b4e,Data governance artifacts related to employees of the company.,Person,,,
Locations,category,,eebd338d-dbd5-37e4-9e4a-1296de82963a,Locations Category (LC) is defined as parent for locations reference datasets.,,,,false
