{"metadata":{"asset_id":"f88f90d7-d5cf-4ea2-9c8d-2e5f968b558b","asset_attributes":["data_asset"],"name":"account.csv","asset_type":"data_asset","created_at":"2020-11-05T10:15:52Z","description":"","origin_country":"us","owner_id":"1000331001","project_id":"d0488956-9702-45e2-8c8f-32c9899fe04a","size":610691,"tags":[],"usage":{"last_update_time":1604571352841,"last_updated_at":"2020-11-05T10:15:52Z"}},"entity":{"data_asset":{"mime_type":"text/csv","dataset":false}},"attachments":[{"id":"db912990-678b-4368-8b4a-5943f1f2aed3","version":2,"asset_type":"data_asset","name":"account.csv","mime":"text/csv","datasource_type":"81bafdbd-b7c6-45c5-a4fd-6ec135f66f4e","object_key":"data_asset/account.csv","creator_id":"icp4d-dev","create_time":1604571352724,"size":610691,"is_remote":false,"is_managed":false,"is_referenced":true,"is_object_key_read_only":false,"is_user_provided_path_key":true,"transfer_complete":true,"is_partitioned":false,"complete_time_ticks":1604571352724,"user_data":{},"test_doc":0,"handle":{"key":"data_asset/account.csv","upload_id":"done","max_part_num":1},"usage":{"access_count":0,"last_accessor_id":"icp4d-dev","last_access_time":1604571352724}}]}