{"metadata":{"asset_id":"18e12fa6-4f29-493f-8685-a265dd492063","asset_attributes":["data_asset"],"name":"acceleratorWorkflow.png","asset_type":"data_asset","created_at":"2020-11-05T10:15:51Z","description":"","origin_country":"us","owner_id":"1000331001","project_id":"d0488956-9702-45e2-8c8f-32c9899fe04a","size":64149,"tags":[],"usage":{"last_update_time":1604571352409,"last_updated_at":"2020-11-05T10:15:52Z"}},"entity":{"data_asset":{"mime_type":"image/png","dataset":false}},"attachments":[{"id":"791dac9b-0981-4dc4-b92a-7e23dfa6c4d9","version":2,"asset_type":"data_asset","name":"acceleratorWorkflow.png","mime":"image/png","datasource_type":"81bafdbd-b7c6-45c5-a4fd-6ec135f66f4e","object_key":"data_asset/acceleratorWorkflow.png","creator_id":"icp4d-dev","create_time":1604571352127,"size":64149,"is_remote":false,"is_managed":false,"is_referenced":true,"is_object_key_read_only":false,"is_user_provided_path_key":true,"transfer_complete":true,"is_partitioned":false,"complete_time_ticks":1604571352127,"user_data":{},"test_doc":0,"handle":{"key":"data_asset/acceleratorWorkflow.png","upload_id":"done","max_part_num":1},"usage":{"access_count":0,"last_accessor_id":"icp4d-dev","last_access_time":1604571352127}}]}