{"metadata":{"asset_id":"11e5d4b8-76fb-4d71-a733-9fc8d75346e4","asset_attributes":["data_asset"],"name":"CUSTOMER_HISTORY_VIEW.sql","asset_type":"data_asset","created_at":"2020-11-05T10:15:51Z","description":"","origin_country":"us","owner_id":"1000331001","project_id":"d0488956-9702-45e2-8c8f-32c9899fe04a","size":22386,"tags":[],"usage":{"last_update_time":1604571352422,"last_updated_at":"2020-11-05T10:15:52Z"}},"entity":{"data_asset":{"mime_type":"application/octet-stream","dataset":false}},"attachments":[{"id":"9c99c45a-c90f-46b7-a19b-b3b44ccc8d82","version":2,"asset_type":"data_asset","name":"CUSTOMER_HISTORY_VIEW.sql","mime":"application/octet-stream","datasource_type":"81bafdbd-b7c6-45c5-a4fd-6ec135f66f4e","object_key":"data_asset/CUSTOMER_HISTORY_VIEW.sql","creator_id":"icp4d-dev","create_time":1604571352108,"size":22386,"is_remote":false,"is_managed":false,"is_referenced":true,"is_object_key_read_only":false,"is_user_provided_path_key":true,"transfer_complete":true,"is_partitioned":false,"complete_time_ticks":1604571352108,"user_data":{},"test_doc":0,"handle":{"key":"data_asset/CUSTOMER_HISTORY_VIEW.sql","upload_id":"done","max_part_num":1},"usage":{"access_count":0,"last_accessor_id":"icp4d-dev","last_access_time":1604571352108}}]}