{"metadata":{"asset_id":"12991c0b-8b7f-4bfb-b912-c387f5f2693d","asset_attributes":["data_asset"],"name":"customer-attrition-prediction-analytics-dashboard.zip","asset_type":"data_asset","created_at":"2020-11-05T10:15:51Z","description":"","origin_country":"us","owner_id":"1000331001","project_id":"d0488956-9702-45e2-8c8f-32c9899fe04a","size":10180811,"tags":[],"usage":{"last_update_time":1604571352186,"last_updated_at":"2020-11-05T10:15:52Z"}},"entity":{"data_asset":{"mime_type":"application/zip","dataset":false}},"attachments":[{"id":"7d5c9536-8494-43c0-8807-166008a32ae4","version":2,"asset_type":"data_asset","name":"customer-attrition-prediction-analytics-dashboard.zip","mime":"application/zip","datasource_type":"81bafdbd-b7c6-45c5-a4fd-6ec135f66f4e","object_key":"data_asset/customer-attrition-prediction-analytics-dashboard.zip","creator_id":"icp4d-dev","create_time":1604571351933,"size":10180811,"is_remote":false,"is_managed":false,"is_referenced":true,"is_object_key_read_only":false,"is_user_provided_path_key":true,"transfer_complete":true,"is_partitioned":false,"complete_time_ticks":1604571351933,"user_data":{},"test_doc":0,"handle":{"key":"data_asset/customer-attrition-prediction-analytics-dashboard.zip","upload_id":"done","max_part_num":1},"usage":{"access_count":0,"last_accessor_id":"icp4d-dev","last_access_time":1604571351933}}]}