{"metadata":{"asset_id":"5b340c5c-90e2-4d7f-8456-8d72a99dd377","asset_attributes":["data_asset"],"name":"account_summary.csv","asset_type":"data_asset","created_at":"2020-11-05T10:15:51Z","description":"","origin_country":"us","owner_id":"1000331001","project_id":"d0488956-9702-45e2-8c8f-32c9899fe04a","size":14863961,"tags":[],"usage":{"last_update_time":1604571352141,"last_updated_at":"2020-11-05T10:15:52Z"}},"entity":{"data_asset":{"mime_type":"text/csv","dataset":false}},"attachments":[{"id":"a5c62602-c887-49c4-9b78-687194686c0e","version":2,"asset_type":"data_asset","name":"account_summary.csv","mime":"text/csv","datasource_type":"81bafdbd-b7c6-45c5-a4fd-6ec135f66f4e","object_key":"data_asset/account_summary.csv","creator_id":"icp4d-dev","create_time":1604571351928,"size":14863961,"is_remote":false,"is_managed":false,"is_referenced":true,"is_object_key_read_only":false,"is_user_provided_path_key":true,"transfer_complete":true,"is_partitioned":false,"complete_time_ticks":1604571351928,"user_data":{},"test_doc":0,"handle":{"key":"data_asset/account_summary.csv","upload_id":"done","max_part_num":1},"usage":{"access_count":0,"last_accessor_id":"icp4d-dev","last_access_time":1604571351928}}]}