{"metadata":{"asset_id":"f0279640-ce87-4fa4-9897-94e5644fdd88","asset_attributes":["data_asset"],"name":"customer-attrition-map-terms.csv","asset_type":"data_asset","created_at":"2020-11-05T10:15:51Z","description":"","origin_country":"us","owner_id":"1000331001","project_id":"d0488956-9702-45e2-8c8f-32c9899fe04a","size":25488,"tags":[],"usage":{"last_update_time":1604571352303,"last_updated_at":"2020-11-05T10:15:52Z"}},"entity":{"data_asset":{"mime_type":"text/csv","dataset":false}},"attachments":[{"id":"57895ef0-ed2b-4525-be85-2d8596a93bab","version":2,"asset_type":"data_asset","name":"customer-attrition-map-terms.csv","mime":"text/csv","datasource_type":"81bafdbd-b7c6-45c5-a4fd-6ec135f66f4e","object_key":"data_asset/customer-attrition-map-terms.csv","creator_id":"icp4d-dev","create_time":1604571352077,"size":25488,"is_remote":false,"is_managed":false,"is_referenced":true,"is_object_key_read_only":false,"is_user_provided_path_key":true,"transfer_complete":true,"is_partitioned":false,"complete_time_ticks":1604571352077,"user_data":{},"test_doc":0,"handle":{"key":"data_asset/customer-attrition-map-terms.csv","upload_id":"done","max_part_num":1},"usage":{"access_count":0,"last_accessor_id":"icp4d-dev","last_access_time":1604571352077}}]}