{"metadata":{"asset_id":"f1cb5d05-8f92-401f-98f2-29ef71fad9a4","asset_attributes":["data_asset"],"name":"customer-attrition-prediction-analytics-dashboard.zip","asset_type":"data_asset","created_at":"2020-11-13T18:31:37Z","description":"","origin_country":"us","owner_id":"1000331001","project_id":"d0488956-9702-45e2-8c8f-32c9899fe04a","size":10180823,"tags":[],"usage":{"last_update_time":1605292298355,"last_updated_at":"2020-11-13T18:31:38Z"}},"entity":{"data_asset":{"mime_type":"application/zip","dataset":false}},"attachments":[{"id":"373dfe03-1755-46d6-88f1-50b18cc04760","version":2,"asset_type":"data_asset","name":"customer-attrition-prediction-analytics-dashboard.zip","mime":"application/zip","datasource_type":"81bafdbd-b7c6-45c5-a4fd-6ec135f66f4e","object_key":"data_asset/customer-attrition-prediction-analytics-dashboard.zip","creator_id":"1000331001","create_time":1605292298354,"size":10180823,"is_remote":false,"is_managed":false,"is_referenced":true,"is_object_key_read_only":true,"is_user_provided_path_key":true,"transfer_complete":true,"is_partitioned":false,"complete_time_ticks":1605292298354,"user_data":{},"test_doc":0,"handle":{"key":"data_asset/customer-attrition-prediction-analytics-dashboard.zip","upload_id":"done","max_part_num":1},"usage":{"access_count":0,"last_accessor_id":"1000331001","last_access_time":1605292298354}}]}