{"metadata":{"asset_id":"d601c972-9f07-4418-91dd-f1a2b54a23e6","asset_attributes":["data_asset"],"name":"training_user_inputs_and_prepped_column_names.json","asset_type":"data_asset","created_at":"2020-11-05T10:15:51Z","description":"","origin_country":"us","owner_id":"1000331001","project_id":"d0488956-9702-45e2-8c8f-32c9899fe04a","size":4337,"tags":[],"usage":{"last_update_time":1604571352316,"last_updated_at":"2020-11-05T10:15:52Z"}},"entity":{"data_asset":{"mime_type":"application/json","dataset":false}},"attachments":[{"id":"a181b395-b811-4b93-a117-0fc7e6b56adc","version":2,"asset_type":"data_asset","name":"training_user_inputs_and_prepped_column_names.json","mime":"application/json","datasource_type":"81bafdbd-b7c6-45c5-a4fd-6ec135f66f4e","object_key":"data_asset/training_user_inputs_and_prepped_column_names.json","creator_id":"icp4d-dev","create_time":1604571352097,"size":4337,"is_remote":false,"is_managed":false,"is_referenced":true,"is_object_key_read_only":false,"is_user_provided_path_key":true,"transfer_complete":true,"is_partitioned":false,"complete_time_ticks":1604571352097,"user_data":{},"test_doc":0,"handle":{"key":"data_asset/training_user_inputs_and_prepped_column_names.json","upload_id":"done","max_part_num":1},"usage":{"access_count":0,"last_accessor_id":"icp4d-dev","last_access_time":1604571352097}}]}