{"metadata":{"asset_id":"bcee0f01-0d23-4a93-9879-d45e0b4824e9","asset_attributes":["data_asset"],"name":"attrition_prep.py","asset_type":"data_asset","created_at":"2020-11-05T10:15:51Z","description":"","origin_country":"us","owner_id":"1000331001","project_id":"d0488956-9702-45e2-8c8f-32c9899fe04a","size":36102,"tags":[],"usage":{"last_update_time":1604571352212,"last_updated_at":"2020-11-05T10:15:52Z"}},"entity":{"data_asset":{"mime_type":"text/x-script.phyton","dataset":false}},"attachments":[{"id":"e4af0eb5-aab2-4898-a7fe-a1981f7611e6","version":2,"asset_type":"data_asset","name":"attrition_prep.py","mime":"text/x-script.phyton","datasource_type":"81bafdbd-b7c6-45c5-a4fd-6ec135f66f4e","object_key":"data_asset/attrition_prep.py","creator_id":"icp4d-dev","create_time":1604571351929,"size":36102,"is_remote":false,"is_managed":false,"is_referenced":true,"is_object_key_read_only":false,"is_user_provided_path_key":true,"transfer_complete":true,"is_partitioned":false,"complete_time_ticks":1604571351929,"user_data":{},"test_doc":0,"handle":{"key":"data_asset/attrition_prep.py","upload_id":"done","max_part_num":1},"usage":{"access_count":0,"last_accessor_id":"icp4d-dev","last_access_time":1604571351929}}]}