{"metadata":{"asset_id":"7a3b785a-c520-4bd6-a7b5-2cd551cba7eb","asset_attributes":["job"],"name":"2-Model_Scoring_Notebook_Job","asset_type":"job","created_at":"2020-11-05T10:15:55Z","description":"","origin_country":"us","owner_id":"1000331001","project_id":"d0488956-9702-45e2-8c8f-32c9899fe04a","size":0,"tags":[],"usage":{"last_update_time":1604571355219,"last_updated_at":"2020-11-05T10:15:55Z"}},"entity":{"job":{"asset_ref_type":"notebook","configuration":{"env_id":"jupconda37-d0488956-9702-45e2-8c8f-32c9899fe04a","env_type":"notebook","env_variables":[]},"last_run_initiator":"None","last_run_time":"","last_run_status":"None","last_run_status_timestamp":0,"project_name":"Customer-Attrition-Prediction","asset_ref":"3600cedc-f908-4041-a428-21a35d11c276"}}}