{"metadata":{"asset_id":"b675926e-3b59-49cc-b9bb-727916f9fe65","asset_attributes":["job"],"name":"1-Model_Training_Notebook_Job","asset_type":"job","created_at":"2020-11-05T10:15:55Z","description":"","origin_country":"us","owner_id":"1000331001","project_id":"d0488956-9702-45e2-8c8f-32c9899fe04a","size":0,"tags":[],"usage":{"last_update_time":1604571355237,"last_updated_at":"2020-11-05T10:15:55Z"}},"entity":{"job":{"asset_ref_type":"notebook","configuration":{"env_id":"jupconda37-d0488956-9702-45e2-8c8f-32c9899fe04a","env_type":"notebook","env_variables":[]},"last_run_initiator":"None","last_run_time":"","last_run_status":"None","last_run_status_timestamp":0,"project_name":"Customer-Attrition-Prediction","asset_ref":"4196eb4e-15bc-4aab-a8df-d40ffb191992"}}}