{"metadata":{"asset_id":"3600cedc-f908-4041-a428-21a35d11c276","asset_attributes":["notebook"],"name":"2-model-scoring_and_app_deployment","asset_type":"notebook","created_at":"2020-11-05T10:15:53Z","description":"","origin_country":"us","owner_id":"icp4d-dev","project_id":"d0488956-9702-45e2-8c8f-32c9899fe04a","size":27910,"tags":["notebook"],"usage":{"last_update_time":1605293147399,"last_updated_at":"2020-11-13T18:45:47Z"}},"entity":{"notebook":{"kernel":{"name":"python3","display_name":"Python 3.7","language":"python"},"originates_from":{"type":"file"},"runtime":{"environment":"jupconda37-d0488956-9702-45e2-8c8f-32c9899fe04a"}}},"attachments":[{"id":"b20f75be-f464-4bcc-9914-1c5a8d336e94","version":2,"asset_type":"notebook","name":"attachment for notebook 3600cedc-f908-4041-a428-21a35d11c276","description":"attachment for notebook 3600cedc-f908-4041-a428-21a35d11c276","mime":"application/json","datasource_type":"81bafdbd-b7c6-45c5-a4fd-6ec135f66f4e","object_key":"notebook/2-model_scoring_8pWdAJcej.ipynb","creator_id":"1000331001","create_time":1604571353507,"size":27910,"is_remote":false,"is_managed":false,"is_referenced":true,"is_object_key_read_only":false,"is_user_provided_path_key":true,"transfer_complete":true,"is_partitioned":false,"complete_time_ticks":1604571353507,"user_data":{},"test_doc":0,"handle":{"key":"notebook/2-model_scoring_8pWdAJcej.ipynb","upload_id":"done","max_part_num":1},"usage":{"access_count":0,"last_accessor_id":"1000331001","last_access_time":1604571353507}}]}