{"metadata":{"asset_id":"4e43f9a5-f288-48f8-9c69-8585378fca0a","asset_attributes":["notebook"],"name":"README","asset_type":"notebook","created_at":"2020-11-05T10:15:53Z","description":"","origin_country":"us","owner_id":"icp4d-dev","project_id":"d0488956-9702-45e2-8c8f-32c9899fe04a","size":93724,"tags":["notebook"],"usage":{"last_update_time":1604582379506,"last_updated_at":"2020-11-05T13:19:39Z"}},"entity":{"notebook":{"kernel":{"name":"python3","display_name":"Python 3.7","language":"python"},"originates_from":{"type":"file"},"runtime":{"environment":"jupconda37-d0488956-9702-45e2-8c8f-32c9899fe04a"}}},"attachments":[{"id":"0b324006-6f72-4135-95ef-9cb8ecb10be3","version":2,"asset_type":"notebook","name":"attachment for notebook 4e43f9a5-f288-48f8-9c69-8585378fca0a","description":"attachment for notebook 4e43f9a5-f288-48f8-9c69-8585378fca0a","mime":"application/json","datasource_type":"81bafdbd-b7c6-45c5-a4fd-6ec135f66f4e","object_key":"notebook/README_XXitTAjhH.ipynb","creator_id":"1000331001","create_time":1604571353553,"size":93724,"is_remote":false,"is_managed":false,"is_referenced":true,"is_object_key_read_only":false,"is_user_provided_path_key":true,"transfer_complete":true,"is_partitioned":false,"complete_time_ticks":1604571353553,"user_data":{},"test_doc":0,"handle":{"key":"notebook/README_XXitTAjhH.ipynb","upload_id":"done","max_part_num":1},"usage":{"access_count":0,"last_accessor_id":"1000331001","last_access_time":1604571353553}}]}