{"metadata":{"asset_id":"3169d5f7-e20d-49d8-91c1-c832b8009f25","asset_attributes":["notebook"],"name":"0-Map_Business_Terms_to_data_headers","asset_type":"notebook","created_at":"2020-11-05T10:15:53Z","description":"","origin_country":"us","owner_id":"icp4d-dev","project_id":"d0488956-9702-45e2-8c8f-32c9899fe04a","size":44597,"tags":["notebook"],"usage":{"last_update_time":1604571353433,"last_updated_at":"2020-11-05T10:15:53Z"}},"entity":{"notebook":{"kernel":"","originates_from":{"type":"file"},"runtime":{"environment":"jupconda37-d0488956-9702-45e2-8c8f-32c9899fe04a"}}},"attachments":[{"id":"61d540c4-c5b4-4b65-bd97-0ce30e93dab4","version":2,"asset_type":"notebook","name":"attachment for notebook 3169d5f7-e20d-49d8-91c1-c832b8009f25","description":"attachment for notebook 3169d5f7-e20d-49d8-91c1-c832b8009f25","mime":"application/json","datasource_type":"81bafdbd-b7c6-45c5-a4fd-6ec135f66f4e","object_key":"notebook/0-Map_Business_Terms_to_data_headers_0jmFizH-1.ipynb","creator_id":"1000331001","create_time":1604571353433,"size":44597,"is_remote":false,"is_managed":false,"is_referenced":true,"is_object_key_read_only":false,"is_user_provided_path_key":true,"transfer_complete":true,"is_partitioned":false,"complete_time_ticks":1604571353433,"user_data":{},"test_doc":0,"handle":{"key":"notebook/0-Map_Business_Terms_to_data_headers_0jmFizH-1.ipynb","upload_id":"done","max_part_num":1},"usage":{"access_count":0,"last_accessor_id":"1000331001","last_access_time":1604571353433}}]}