{"metadata":{"asset_id":"f882fb54-784f-4a47-b93d-30fdd87a9bb8","asset_attributes":["shiny_asset"],"name":"customer-attrition-prediction-analytics-dashboard","asset_type":"shiny_asset","created_at":"2020-11-05T10:15:53Z","description":"Shiny asset created in RStudio and pulled via git","origin_country":"us","owner_id":"1000331001","project_id":"d0488956-9702-45e2-8c8f-32c9899fe04a","size":11083782,"tags":[],"usage":{"last_update_time":1604571353512,"last_updated_at":"2020-11-05T10:15:53Z"}},"entity":{},"attachments":[{"id":"5cbb1c5a-8624-4185-b891-f2e0b4473bb1","version":2,"asset_type":"shiny_asset","name":"customer-attrition-prediction-analytics-dashboard","datasource_type":"81bafdbd-b7c6-45c5-a4fd-6ec135f66f4e","object_key":"shiny_app/customer-attrition-prediction-analytics-dashboard.zip","creator_id":"icp4d-dev","create_time":1604571353395,"size":11083782,"is_remote":false,"is_managed":false,"is_referenced":true,"is_object_key_read_only":false,"is_user_provided_path_key":true,"transfer_complete":true,"is_partitioned":false,"complete_time_ticks":1604571353395,"user_data":{},"test_doc":0,"handle":{"key":"shiny_app/customer-attrition-prediction-analytics-dashboard.zip","upload_id":"done","max_part_num":1},"usage":{"access_count":0,"last_accessor_id":"icp4d-dev","last_access_time":1604571353395}}]}