CUSTOMER,LOYALTY_NBR,LOYALTY_STATUS,ENROLLMENT_DATE,MARKETING_RESPONSE,PRODUCT,FAMILY_MEMBERS_INCLUDED,SHIPPING_DAYS,CUSTOMER_LIFETIME_VALUE,SATISFACTION_RATING,SATISFACTION_REASON
AA71604,100018,Platinum,1/23/2019,Coupon 1,Kitchen Appliances,1,4,7919.2,4,
AA71604,100018,Silver,1/15/2019,Coupon 1,Computes and Home Office,1,7,7919.2,3,
AA71604,100018,Platinum,2/3/2019,Coupon 1,TV and Video Gaming,1,1,7919.2,2,Other
AI49188,100055,Bronze,1/17/2019,Coupon 2,Smart Electronics,1,3,39769.56,1,Missing item(s)
AI49188,100102,Platinum,1/29/2019,Coupon 1,Kitchen Appliances,1,4,2887.74,4,
AI49188,100119,Platinum,1/23/2019,Coupon 1,TV and Video Gaming,1,3,5146.9,4,
AL46984,100119,Platinum,1/1/2019,Coupon 1,Kitchen Appliances,1,8,5146.9,4,
AL46984,100119,Bronze,2/8/2019,Coupon 2,Kitchen Appliances,1,1,5146.9,4,
AL46984,100124,Silver,2/28/2019,Coupon 1,Kitchen Appliances,1,1,2248.45,3,
AM97901,100124,Silver,2/8/2019,Coupon 1,Kitchen Appliances,1,9,2248.45,2,Delayed delivery
AM97901,100124,Elite,2/21/2019,Coupon 3,Kitchen Appliances,1,1,2248.45,4,
AM97901,100140,Platinum,1/31/2019,Coupon 1,Smart Electronics,1,3,2838.07,5,
AP27994,100140,Gold,1/29/2019,Coupon 1,Kitchen Appliances,1,1,2838.07,4,
AP27994,100171,Silver,2/5/2019,Coupon 1,Kitchen Appliances,1,2,4636.55,3,
BC47264,100171,Bronze,1/8/2019,Coupon 2,Smart Electronics,1,12,4636.55,2,Delayed delivery
BC47264,100209,Platinum,1/9/2019,Coupon 1,TV and Video Gaming,1,2,2213.19,3,
BK73302,100209,Bronze,2/9/2019,Coupon 2,Kitchen Appliances,1,1,2213.19,3,
BK73302,100209,Silver,2/19/2019,Coupon 1,Computes and Home Office,1,3,2213.19,2,Other
BK73302,100209,Bronze,2/11/2019,Coupon 2,Kitchen Appliances,1,4,2213.19,5,
BM15160,100210,Platinum,2/16/2019,Coupon 1,Kitchen Appliances,1,1,11154.68,4,
BM15160,100214,Gold,2/27/2019,Coupon 1,TV and Video Gaming,1,1,4170.57,5,
BM15160,100241,Silver,2/19/2019,Coupon 3,Kitchen Appliances,1,4,10820,3,
BM66931,100241,Silver,1/26/2019,Coupon 1,Kitchen Appliances,1,11,10820,3,
BM66931,100241,Bronze,2/3/2019,Coupon 2,Kitchen Appliances,1,2,10820,4,
BM66931,100272,Platinum,1/6/2019,Coupon 1,Computes and Home Office,1,4,6622.05,4,
CB96381,100301,VIP,1/30/2019,Coupon 2,Smart Electronics,1,1,48356.96,3,
CB96381,100301,Bronze,2/4/2019,Coupon 2,Smart Electronics,1,21,48356.96,2,Missing item(s)
CB96381,100305,Silver,1/3/2019,Coupon 1,Kitchen Appliances,1,3,10179.72,3,
CC91503,100305,Silver,1/26/2019,Coupon 1,Kitchen Appliances,3,11,10179.72,3,
CC91503,100305,Platinum,2/10/2019,Coupon 1,Smart Electronics,1,12,10179.72,1,Other
CC91503,100314,Silver,1/15/2019,Coupon 1,Computes and Home Office,1,2,16272.74,3,
CM61827,100314,Platinum,2/24/2019,Coupon 1,TV and Video Gaming,1,3,16272.74,5,
CM61827,100334,Silver,2/26/2019,Coupon 1,Smart Electronics,1,1,6393.87,3,
CM61827,100334,Silver,1/18/2019,Coupon 1,Smart Electronics,1,10,6393.87,2,Delayed delivery
CM84035,100334,Platinum,2/28/2019,Coupon 1,Kitchen Appliances,1,6,6393.87,2,Other
CM84035,100337,Gold,1/5/2019,Coupon 1,Smart Electronics,1,3,5256.92,3,
CV24005,100337,Gold,1/20/2019,Coupon 1,Kitchen Appliances,1,1,5256.92,3,
CV24005,100339,Bronze,2/21/2019,Coupon 2,Computes and Home Office,1,3,4422.88,5,
CV24005,100339,Gold,1/30/2019,Coupon 1,Computes and Home Office,2,3,4422.88,1,Delayed delivery
AB96670,100346,Gold,2/21/2019,Coupon 1,TV and Video Gaming,1,4,17223.07,1,Missing item(s)
AB96670,100350,Gold,2/26/2019,Coupon 1,Smart Electronics,1,4,5799.06,4,
AB96670,100361,Bronze,2/5/2019,Coupon 2,Kitchen Appliances,1,4,6925.18,5,
AC58002,100364,Platinum,1/19/2019,Coupon 1,Smart Electronics,1,3,5143.88,5,
AC58002,100364,Platinum,2/17/2019,Coupon 1,Computes and Home Office,1,2,5143.88,3,
AC58002,100380,Platinum,1/27/2019,Coupon 1,TV and Video Gaming,1,1,2465.62,5,
AM92343,100380,Silver,2/24/2019,Coupon 3,Computes and Home Office,1,7,2465.62,4,
AM92343,100380,Platinum,1/29/2019,Coupon 1,TV and Video Gaming,1,3,2465.62,1,Damaged item(s)
AN36757,100389,Platinum,1/29/2019,Coupon 1,Computes and Home Office,1,4,2576.46,3,
AN36757,100389,Platinum,2/10/2019,Coupon 1,Smart Electronics,3,4,2576.46,5,
AN36757,100389,Silver,2/24/2019,Coupon 1,Kitchen Appliances,1,4,2576.46,3,
AP63665,100394,Platinum,1/30/2019,Coupon 1,Kitchen Appliances,1,1,2361.74,2,Damaged item(s)
AP63665,100428,VIP,1/22/2019,Coupon 2,Kitchen Appliances,1,4,5845.43,5,
AP63665,100459,Silver,2/8/2019,Coupon 1,Kitchen Appliances,3,4,5635.75,1,Other
AW77988,100479,Gold,1/1/2019,Coupon 1,Smart Electronics,1,2,8364.5,3,
AW77988,100498,Gold,2/13/2019,Coupon 1,Kitchen Appliances,1,2,4551.06,4,
AW77988,100498,Elite,2/26/2019,Coupon 3,Kitchen Appliances,1,4,4551.06,4,
AU45793,100498,Platinum,1/31/2019,Coupon 1,Kitchen Appliances,3,3,4551.06,5,
AU45793,100498,Platinum,1/3/2019,Coupon 1,Kitchen Appliances,2,3,4551.06,1,Delayed delivery
BA66627,100504,Platinum,2/5/2019,Coupon 1,Kitchen Appliances,1,3,8807.61,3,
BA66627,100504,Platinum,1/31/2019,Coupon 1,Kitchen Appliances,1,2,8807.61,4,
BA66627,100513,Gold,1/31/2019,Coupon 1,Kitchen Appliances,2,2,14316.85,5,
AH99727,100518,Elite,2/4/2019,Coupon 2,Kitchen Appliances,2,1,11599.5,5,
AH99727,100522,Silver,2/16/2019,Coupon 1,TV and Video Gaming,1,1,4566.38,5,
AH99727,100539,Platinum,1/26/2019,Coupon 1,Computes and Home Office,1,3,6521.37,3,
AM57175,100539,Bronze,1/15/2019,Coupon 2,Computes and Home Office,3,7,6521.37,2,Delayed delivery
AM57175,100539,Gold,2/7/2019,Coupon 3,Smart Electronics,1,2,6521.37,4,
AM92343,100550,Platinum,1/8/2019,Coupon 1,Kitchen Appliances,1,2,7861.8,3,
AR96516,100554,Silver,1/8/2019,Coupon 1,TV and Video Gaming,1,1,24261.02,3,
AR96516,100554,Gold,2/3/2019,Coupon 1,Kitchen Appliances,1,21,24261.02,4,
AR96516,100585,Gold,1/30/2019,Coupon 1,TV and Video Gaming,1,1,7334.33,3,
BC62782,100585,Elite,1/15/2019,Coupon 2,Kitchen Appliances,1,1,7334.33,4,
BC62782,100588,Bronze,1/24/2019,Coupon 2,Kitchen Appliances,2,1,8652.65,3,
BC62782,100590,Platinum,2/26/2019,Coupon 1,Smart Electronics,1,4,34090.04,5,
BC97773,100604,Gold,2/2/2019,Coupon 1,TV and Video Gaming,1,2,6608.17,1,Poor description
BC97773,100604,Bronze,1/1/2019,Coupon 2,Kitchen Appliances,1,6,6608.17,4,
BC97773,100604,Bronze,1/14/2019,Coupon 2,Kitchen Appliances,3,2,6608.17,3,
CD88896,100616,Bronze,2/5/2019,Coupon 2,Kitchen Appliances,2,3,61850.19,2,Poor description
CD88896,100616,Silver,1/7/2019,Coupon 1,Kitchen Appliances,1,12,61850.19,1,Poor description
CD88896,100616,Bronze,2/21/2019,Coupon 2,Kitchen Appliances,1,4,61850.19,2,Other
CR57148,100635,Silver,2/5/2019,Coupon 1,Smart Electronics,3,3,8112.32,3,
CR57148,100635,Platinum,2/23/2019,Coupon 1,TV and Video Gaming,1,10,8112.32,3,
CR57148,100635,Platinum,1/13/2019,Coupon 1,Kitchen Appliances,1,2,8112.32,2,Damaged item(s)
AE23906,100642,Silver,2/19/2019,Coupon 1,Kitchen Appliances,1,4,4892.63,4,
AE23906,100642,Gold,2/18/2019,Coupon 1,TV and Video Gaming,3,3,4892.63,4,
BG85305,100642,Platinum,1/7/2019,Coupon 1,Computes and Home Office,1,1,4892.63,3,
BG85305,100642,Silver,1/23/2019,Coupon 1,TV and Video Gaming,1,2,4892.63,4,
BG85305,100644,Bronze,2/8/2019,Coupon 2,Computes and Home Office,1,4,4458.11,3,
BI38192,100646,Platinum,2/27/2019,Coupon 1,Kitchen Appliances,1,2,2471.53,4,
BI38192,100646,Gold,1/18/2019,Coupon 1,Kitchen Appliances,1,3,6242.6,4,
BI38192,100646,Platinum,1/11/2019,Coupon 1,Kitchen Appliances,1,4,2471.53,1,Delayed delivery
CE94751,100646,Silver,2/12/2019,Coupon 1,Smart Electronics,1,2,6242.6,3,
CE94751,100646,Platinum,1/7/2019,Coupon 1,Computes and Home Office,3,1,2471.53,3,
CE94751,100654,Platinum,2/24/2019,Coupon 1,TV and Video Gaming,1,1,4472.33,4,
CK40732,100659,Silver,1/9/2019,Coupon 1,Computes and Home Office,1,3,6521.37,3,
CK40732,100659,Gold,1/18/2019,Coupon 3,Kitchen Appliances,2,4,5073.28,2,Delayed delivery
BG84194,100659,Silver,2/22/2019,Coupon 3,Kitchen Appliances,2,2,5073.28,2,Other
BG84194,100669,Bronze,1/3/2019,Coupon 2,TV and Video Gaming,1,2,7275.89,3,
BG84194,100681,Platinum,2/15/2019,Coupon 1,Smart Electronics,1,3,8797.83,5,
BM69081,100681,Gold,1/31/2019,Coupon 1,TV and Video Gaming,2,7,8797.83,5,
BM69081,100681,Gold,1/14/2019,Coupon 1,TV and Video Gaming,2,4,8797.83,2,Delayed delivery
BM69081,100716,Platinum,2/26/2019,Coupon 1,Smart Electronics,3,3,4311.42,3,
BN14307,100716,Silver,2/8/2019,Coupon 1,Kitchen Appliances,3,3,4311.42,4,
BN14307,100727,Silver,1/19/2019,Coupon 1,Computes and Home Office,1,1,3873.65,4,
AZ62651,100737,Bronze,1/29/2019,Coupon 2,TV and Video Gaming,1,3,12786.67,5,
AZ62651,100737,Gold,2/14/2019,Coupon 1,Computes and Home Office,1,3,12786.67,2,Missing item(s)
AZ62651,100737,Silver,1/2/2019,Coupon 1,Smart Electronics,1,2,12786.67,4,
BC87551,100737,Platinum,1/4/2019,Coupon 1,Computes and Home Office,1,3,12786.67,5,
BC87551,100753,Silver,1/19/2019,Coupon 1,Kitchen Appliances,1,2,2534.31,4,
BC87551,100811,Bronze,2/17/2019,Coupon 2,Kitchen Appliances,1,3,2671.17,5,
BL29046,100811,Silver,2/2/2019,Coupon 1,TV and Video Gaming,3,1,2671.17,4,
CK40732,100811,Silver,1/23/2019,Coupon 1,Kitchen Appliances,2,3,2671.17,1,Other
CR92802,100811,Platinum,1/25/2019,Coupon 1,Computes and Home Office,1,1,2671.17,3,
AT24793,100816,Platinum,2/14/2019,Coupon 1,Kitchen Appliances,2,3,6273.91,3,
AT24793,100816,Silver,2/19/2019,Coupon 1,Kitchen Appliances,1,3,6273.91,3,
CV48634,100823,Silver,2/26/2019,Coupon 1,Computes and Home Office,3,4,61134.68,4,
CV48634,100823,Silver,1/15/2019,Coupon 1,Smart Electronics,3,3,61134.68,4,
CV48634,100823,Bronze,2/20/2019,Coupon 2,TV and Video Gaming,1,2,61134.68,2,Delayed delivery
CX12134,100823,Silver,1/22/2019,Coupon 1,Kitchen Appliances,1,2,61134.68,5,
CX12134,100835,Silver,2/26/2019,Coupon 1,TV and Video Gaming,3,3,8513.7,4,
CX12134,100835,Platinum,2/14/2019,Coupon 1,Kitchen Appliances,1,1,8513.7,4,
AZ84403,100853,Gold,2/23/2019,Coupon 3,Kitchen Appliances,1,4,10153.89,5,
AZ84403,100859,Platinum,2/28/2019,Coupon 1,TV and Video Gaming,1,4,2487.65,3,
CN30964,100876,Gold,1/15/2019,Coupon 1,Kitchen Appliances,2,2,5448.56,5,
CN30964,100876,Gold,1/13/2019,Coupon 1,Smart Electronics,1,2,5448.56,1,Missing item(s)
CN63432,100881,Bronze,2/20/2019,Coupon 2,Kitchen Appliances,3,4,15272.8,3,
CN63432,100881,Platinum,2/22/2019,Coupon 1,Computes and Home Office,1,11,15272.8,1,Delayed delivery
CN63432,100881,Gold,1/14/2019,Coupon 3,Computes and Home Office,1,12,15272.8,3,
BH11344,100883,Silver,1/12/2019,Coupon 1,Computes and Home Office,3,2,3561.04,5,
BH11344,100890,Elite,1/28/2019,Coupon 2,Kitchen Appliances,1,4,8007.4,3,
BH11344,100890,Platinum,2/9/2019,Coupon 1,Kitchen Appliances,1,1,8007.4,1,Other
CQ72935,100895,Platinum,1/30/2019,Coupon 1,Computes and Home Office,1,2,5757.44,3,
CQ72935,100895,Platinum,1/14/2019,Coupon 1,Kitchen Appliances,2,3,5757.44,4,
CQ72935,100922,Silver,1/2/2019,Coupon 1,Kitchen Appliances,1,3,10302.9,4,
CR92802,100922,Bronze,2/27/2019,Coupon 2,Kitchen Appliances,1,19,10302.9,1,Poor description
CR92802,100937,Gold,1/23/2019,Coupon 3,Computes and Home Office,1,4,2417.78,4,
BR40272,100937,Platinum,2/24/2019,Coupon 1,Computes and Home Office,1,3,2417.78,4,
BT30554,100975,Platinum,2/17/2019,Coupon 1,TV and Video Gaming,1,3,12521.42,4,
BT30554,100975,Platinum,2/26/2019,Coupon 1,Kitchen Appliances,1,2,12521.42,4,
BT30554,100980,Platinum,1/11/2019,Coupon 1,Computes and Home Office,3,2,2980.01,3,
BU15334,100996,Bronze,2/7/2019,Coupon 2,Kitchen Appliances,2,2,6366.23,4,
BU15334,101006,Bronze,2/27/2019,Coupon 2,Computes and Home Office,1,4,5227.57,3,
BU15334,101018,Silver,2/26/2019,Coupon 1,Computes and Home Office,1,4,4392.98,5,
CA70404,101018,Silver,2/27/2019,Coupon 3,Computes and Home Office,2,1,4392.98,1,Poor description
CA70404,101025,Silver,1/26/2019,Coupon 1,Kitchen Appliances,1,1,5094.52,5,
CA70404,101035,Gold,1/6/2019,Coupon 1,Smart Electronics,3,3,5021.69,3,
CB58476,101035,Platinum,1/2/2019,Coupon 1,Kitchen Appliances,1,1,5021.69,4,
CB58476,101053,Bronze,1/13/2019,Coupon 2,Computes and Home Office,1,4,2470.12,5,
CB58476,101053,Elite,2/4/2019,Coupon 2,Smart Electronics,3,6,2470.12,5,
CR92272,101053,Gold,2/7/2019,Coupon 1,Smart Electronics,3,4,2470.12,3,
CR92272,101073,Platinum,2/2/2019,Coupon 1,Computes and Home Office,3,4,2395.57,1,Missing item(s)
CR92272,101073,Silver,2/26/2019,Coupon 1,Computes and Home Office,1,10,2395.57,3,
AI49712,101073,Platinum,2/27/2019,Coupon 1,Smart Electronics,1,9,2395.57,3,
AI49712,101074,Gold,2/14/2019,Coupon 1,Computes and Home Office,1,3,4737.87,4,
BH35016,101074,VIP,1/9/2019,Coupon 2,Smart Electronics,2,1,4737.87,2,Other
BH35016,101092,Platinum,2/24/2019,Coupon 1,Kitchen Appliances,1,1,20216.31,3,
BH35016,101100,Silver,1/16/2019,Coupon 1,Computes and Home Office,3,3,5256.92,4,
BM27144,101108,Gold,1/3/2019,Coupon 1,Kitchen Appliances,1,1,6731.05,3,
BM27144,101117,Silver,1/13/2019,Coupon 1,Kitchen Appliances,2,2,7320.07,3,
BU53191,101122,Gold,2/11/2019,Coupon 1,Computes and Home Office,1,3,4887.79,1,Missing item(s)
BU53191,101148,Silver,2/14/2019,Coupon 3,Smart Electronics,1,4,4770.55,5,
BU53191,101160,Platinum,2/27/2019,Coupon 1,Smart Electronics,3,3,2860.86,1,Other
BS77946,101160,Gold,2/14/2019,Coupon 1,Kitchen Appliances,1,10,2860.86,3,
BS77946,101160,Platinum,1/2/2019,Coupon 1,Kitchen Appliances,1,1,2860.86,5,
BS77946,101168,Elite,1/29/2019,Coupon 2,Computes and Home Office,1,4,2272.34,4,
BU17847,101175,Silver,1/21/2019,Coupon 1,Kitchen Appliances,3,2,5394.91,4,
BU17847,101177,Bronze,2/20/2019,Coupon 2,Kitchen Appliances,1,3,4799.62,2,Damaged item(s)
BI27443,101204,Gold,1/5/2019,Coupon 1,Smart Electronics,2,1,5544.91,3,
BI27443,101204,Platinum,1/28/2019,Coupon 1,Kitchen Appliances,1,6,5544.91,3,
BZ65376,101204,Platinum,2/3/2019,Coupon 1,Computes and Home Office,2,1,5544.91,3,
BZ65376,101217,Silver,1/13/2019,Coupon 1,Smart Electronics,1,3,22855.61,4,
BZ65376,101229,Bronze,1/24/2019,Coupon 2,Smart Electronics,1,4,9902.39,5,
CB62406,101242,Platinum,2/21/2019,Coupon 1,Kitchen Appliances,1,1,2946,3,
CB62406,101242,Silver,2/21/2019,Coupon 1,TV and Video Gaming,2,17,2946,1,Delayed delivery
CB62406,101276,Bronze,1/6/2019,Coupon 2,Smart Electronics,1,2,2464.71,2,Damaged item(s)
CS15289,101276,Platinum,2/23/2019,Coupon 1,Smart Electronics,2,11,2464.71,4,
CS15289,101276,Elite,2/12/2019,Coupon 2,Kitchen Appliances,3,2,2464.71,3,
CS15289,101284,Gold,1/22/2019,Coupon 1,Kitchen Appliances,1,2,2764.49,3,
CT83377,101289,Gold,2/23/2019,Coupon 1,Kitchen Appliances,1,2,4165.35,3,
CT83377,101289,Gold,1/22/2019,Coupon 1,Computes and Home Office,1,4,4165.35,3,
CT83377,101289,Gold,1/29/2019,Coupon 3,Kitchen Appliances,1,3,4165.35,4,
AS99827,101305,Silver,1/25/2019,Coupon 1,Computes and Home Office,1,1,21101.21,3,
AS99827,101315,VIP,2/25/2019,Coupon 2,Smart Electronics,1,1,5314.96,3,
BI76326,101315,Elite,2/4/2019,Coupon 2,Computes and Home Office,1,1,5314.96,3,
BI76326,101315,Platinum,2/20/2019,Coupon 1,Kitchen Appliances,3,1,28824.06,5,
BI76326,101347,Platinum,1/31/2019,Coupon 1,Smart Electronics,1,2,7007.27,4,
BJ26599,101350,VIP,2/18/2019,Coupon 2,Computes and Home Office,1,1,35692.17,2,Delayed delivery
BJ26599,101356,Platinum,1/4/2019,Coupon 1,Kitchen Appliances,1,2,7482.64,4,
BJ26599,101356,VIP,1/21/2019,Coupon 2,Smart Electronics,1,11,7482.64,5,
BL29046,101363,Platinum,2/19/2019,Coupon 1,Kitchen Appliances,3,3,12898.59,4,
BO94261,101363,Platinum,2/8/2019,Coupon 1,Kitchen Appliances,2,3,12898.59,2,Other
BO94261,101363,Silver,1/11/2019,Coupon 1,Smart Electronics,1,3,12898.59,1,Poor description
BP83941,101424,Silver,2/5/2019,Coupon 1,Computes and Home Office,3,3,2637.94,4,
BP83941,101443,Platinum,1/19/2019,Coupon 1,Computes and Home Office,2,1,2722.21,2,Delayed delivery
BP83941,101443,Platinum,2/14/2019,Coupon 1,Computes and Home Office,2,2,2722.21,1,Delayed delivery
BR40272,101446,Silver,2/20/2019,Coupon 1,Kitchen Appliances,2,3,14567.27,4,
BW88060,101446,Platinum,1/22/2019,Coupon 1,TV and Video Gaming,2,3,14567.27,5,
BW88060,101457,Platinum,1/3/2019,Coupon 1,Kitchen Appliances,3,4,2545.52,3,
BW88060,101487,Platinum,1/12/2019,Coupon 1,Kitchen Appliances,1,4,14024.36,3,
AG22225,101487,Platinum,1/17/2019,Coupon 1,TV and Video Gaming,3,6,14024.36,4,
AG22225,101487,Silver,1/4/2019,Coupon 1,Kitchen Appliances,1,3,14024.36,4,
AG22225,101515,Platinum,1/6/2019,Coupon 1,Smart Electronics,1,3,7737.27,3,
BA52133,101515,Elite,1/17/2019,Coupon 2,Smart Electronics,1,1,7737.27,3,
BA52133,101523,Platinum,2/10/2019,Coupon 1,Kitchen Appliances,1,4,3569.86,3,
BD77090,101523,Gold,2/2/2019,Coupon 1,Computes and Home Office,3,3,3569.86,5,
BD77090,101531,Elite,2/6/2019,Coupon 3,Kitchen Appliances,1,2,7724.84,2,Other
BD77090,101540,Platinum,1/6/2019,Coupon 1,TV and Video Gaming,2,4,2688.88,5,
CF15558,101540,Platinum,2/22/2019,Coupon 1,Kitchen Appliances,1,1,2688.88,2,Damaged item(s)
CF15558,101544,Platinum,2/18/2019,Coupon 1,Computes and Home Office,1,3,8170.62,5,
CF15558,101544,Silver,1/22/2019,Coupon 1,Computes and Home Office,1,2,8170.62,5,
CI38330,101544,Platinum,1/29/2019,Coupon 1,Computes and Home Office,2,3,24249.34,5,
CI38330,101544,Platinum,1/25/2019,Coupon 1,Kitchen Appliances,2,2,24249.34,3,
CJ15590,101547,Elite,1/24/2019,Coupon 3,Kitchen Appliances,1,3,5619.69,5,
CJ15590,101547,Platinum,1/12/2019,Coupon 1,TV and Video Gaming,1,3,5619.69,5,
CJ15590,101547,Silver,1/21/2019,Coupon 1,Computes and Home Office,1,1,5619.69,3,
CJ97736,101547,Platinum,2/2/2019,Coupon 1,Kitchen Appliances,3,2,5619.69,5,
CJ97736,101567,Silver,1/31/2019,Coupon 1,TV and Video Gaming,1,4,10758.66,1,Missing item(s)
CJ97736,101567,Platinum,1/18/2019,Coupon 1,Kitchen Appliances,3,14,10758.66,4,
CN13435,101581,Platinum,2/6/2019,Coupon 1,Smart Electronics,1,3,4595.46,3,
AT30076,101594,VIP,2/14/2019,Coupon 2,TV and Video Gaming,1,1,5205.75,3,
AT49447,101594,Platinum,1/1/2019,Coupon 1,Smart Electronics,2,4,5205.75,3,
AT49447,101594,Platinum,2/10/2019,Coupon 1,Smart Electronics,1,6,5205.75,2,Poor description
AT49447,101595,Platinum,2/21/2019,Coupon 1,Kitchen Appliances,1,1,10614.64,4,
AU96286,101637,VIP,1/30/2019,Coupon 2,Computes and Home Office,1,2,12244.9,3,
AU96286,101637,Platinum,1/24/2019,Coupon 1,Kitchen Appliances,1,3,12244.9,3,
AU96286,101641,Gold,1/19/2019,Coupon 1,Computes and Home Office,1,3,2822.73,5,
BM21532,101644,Platinum,2/7/2019,Coupon 1,Smart Electronics,1,2,8382.63,3,
BR28896,101653,Silver,1/6/2019,Coupon 1,Kitchen Appliances,1,4,4291.06,2,Other
BR28896,101662,Platinum,2/15/2019,Coupon 1,TV and Video Gaming,1,2,6862.51,2,Missing item(s)
BV79904,101662,Platinum,1/19/2019,Coupon 1,Kitchen Appliances,3,10,6862.51,1,Delayed delivery
CF15086,101662,Gold,1/17/2019,Coupon 1,Kitchen Appliances,1,1,6862.51,1,Other
AN47199,101663,Elite,1/27/2019,Coupon 2,TV and Video Gaming,1,1,5129.74,3,
AN47199,101664,Silver,1/1/2019,Coupon 1,Smart Electronics,2,4,9002.41,4,
AN47199,101664,Gold,2/2/2019,Coupon 1,TV and Video Gaming,3,4,9002.41,3,
AQ51368,101664,Bronze,2/6/2019,Coupon 2,Kitchen Appliances,1,10,9002.41,2,Delayed delivery
AQ51368,101667,Platinum,1/29/2019,Coupon 1,Kitchen Appliances,1,3,4525.37,4,
AQ51368,101685,Silver,2/10/2019,Coupon 1,Computes and Home Office,1,3,4791.08,4,
AQ70619,101698,Platinum,2/9/2019,Coupon 1,Computes and Home Office,1,3,25169.19,5,
AQ70619,101709,Platinum,1/18/2019,Coupon 1,TV and Video Gaming,1,1,8396.61,4,
AT30076,101710,Bronze,1/6/2019,Coupon 2,Kitchen Appliances,1,4,2824.85,4,
BU81591,101725,Silver,1/16/2019,Coupon 1,Kitchen Appliances,1,2,3508.91,5,
BU81591,101730,Silver,2/28/2019,Coupon 1,TV and Video Gaming,1,3,4376.36,5,
BU72276,101736,Platinum,2/22/2019,Coupon 1,Computes and Home Office,1,1,8632.78,4,
BU72276,101736,Gold,2/2/2019,Coupon 1,Computes and Home Office,3,15,8632.78,1,Damaged item(s)
CW35098,101738,Elite,2/9/2019,Coupon 3,Kitchen Appliances,1,3,4731.75,4,
CW35098,101738,Platinum,1/31/2019,Coupon 1,Computes and Home Office,1,12,4731.75,2,Damaged item(s)
CZ33664,101768,Bronze,2/16/2019,Coupon 2,TV and Video Gaming,3,2,13916.93,2,Delayed delivery
CZ33664,101769,Platinum,2/15/2019,Coupon 1,Computes and Home Office,1,3,19582.47,4,
CZ33664,101838,Platinum,1/25/2019,Coupon 1,TV and Video Gaming,1,2,5815.05,1,Other
AM30008,101838,Silver,1/9/2019,Coupon 1,Smart Electronics,1,4,5815.05,5,
AM30008,101838,Silver,1/22/2019,Coupon 1,Smart Electronics,1,4,5815.05,3,
AM30008,101838,Silver,1/31/2019,Coupon 3,Kitchen Appliances,1,2,5815.05,4,
BQ94931,101845,Platinum,1/10/2019,Coupon 1,Smart Electronics,3,4,10808.07,5,
BQ94931,101845,Gold,2/23/2019,Coupon 3,Kitchen Appliances,1,4,10808.07,1,Damaged item(s)
BQ94931,101848,Elite,1/7/2019,Coupon 2,TV and Video Gaming,1,4,15613.95,4,
CN13435,101855,Platinum,1/30/2019,Coupon 1,TV and Video Gaming,1,2,3853.47,4,
CN13435,101855,Platinum,1/3/2019,Coupon 1,Smart Electronics,1,3,3853.47,4,
BA26944,101856,Gold,1/10/2019,Coupon 1,Computes and Home Office,3,1,2514.59,5,
BA26944,101870,Silver,1/11/2019,Coupon 1,Kitchen Appliances,3,1,16973.74,3,
BA26944,101870,VIP,1/25/2019,Coupon 2,Computes and Home Office,1,7,16973.74,4,
BU70181,101870,Platinum,2/5/2019,Coupon 1,TV and Video Gaming,1,9,16973.74,2,Delayed delivery
BU70181,101876,Gold,1/16/2019,Coupon 1,Kitchen Appliances,1,1,4949.53,3,
BV79904,101876,Elite,2/23/2019,Coupon 3,Computes and Home Office,2,3,4949.53,5,
BV79904,101895,Platinum,1/20/2019,Coupon 1,Kitchen Appliances,1,1,24543.2,4,
BY22068,101895,VIP,1/19/2019,Coupon 2,Smart Electronics,1,3,24543.2,4,
BY22068,101896,Platinum,2/22/2019,Coupon 1,Kitchen Appliances,2,2,14333.92,5,
BY22068,101896,Platinum,2/14/2019,Coupon 1,TV and Video Gaming,1,9,14333.92,3,
CN16311,101896,Platinum,1/10/2019,Coupon 1,Smart Electronics,1,2,14333.92,4,
CN16311,101902,Silver,2/16/2019,Coupon 1,Kitchen Appliances,3,4,8609.16,5,
CP19929,101902,VIP,1/14/2019,Coupon 2,Kitchen Appliances,1,2,8609.16,4,
CP19929,101902,Platinum,1/31/2019,Coupon 1,Kitchen Appliances,1,2,6265.34,3,
AH65907,101902,Platinum,2/26/2019,Coupon 1,Computes and Home Office,1,6,6265.34,4,
AH65907,101902,Gold,2/11/2019,Coupon 3,TV and Video Gaming,2,8,6265.34,2,Delayed delivery
AH65907,101925,Elite,1/23/2019,Coupon 2,Kitchen Appliances,2,3,12941.73,1,Other
AL35726,101925,Silver,2/26/2019,Coupon 1,Smart Electronics,2,21,12941.73,2,Damaged item(s)
AL35726,101945,Platinum,2/11/2019,Coupon 1,Kitchen Appliances,1,2,3732.35,4,
AL35726,101945,Silver,2/28/2019,Coupon 1,Kitchen Appliances,1,3,4202.66,5,
BM21532,101950,Platinum,2/16/2019,Coupon 1,Kitchen Appliances,1,3,5244.4,5,
BM21532,101958,Platinum,1/23/2019,Coupon 1,Computes and Home Office,1,1,5860.48,1,Damaged item(s)
CH73843,101962,Gold,1/25/2019,Coupon 1,Smart Electronics,2,2,2516.21,5,
CI57475,101962,Bronze,2/27/2019,Coupon 2,Computes and Home Office,2,2,2516.21,2,Damaged item(s)
CI57475,101962,Gold,2/26/2019,Coupon 1,Kitchen Appliances,3,3,2516.21,2,Other
BD58297,101968,Platinum,2/6/2019,Coupon 1,Kitchen Appliances,1,1,11833.77,1,Other
BD58297,101968,Platinum,1/23/2019,Coupon 1,Computes and Home Office,3,2,11833.77,2,Missing item(s)
BG15419,101972,Platinum,1/2/2019,Coupon 1,TV and Video Gaming,1,2,2677.5,4,
BG15419,101988,Gold,1/5/2019,Coupon 1,Computes and Home Office,3,1,4923.95,2,Damaged item(s)
BG15419,101991,Silver,1/27/2019,Coupon 1,Smart Electronics,3,4,2227.07,2,Poor description
CP19929,101991,Bronze,1/19/2019,Coupon 2,Kitchen Appliances,2,16,2227.07,5,
CQ75652,101994,Silver,2/1/2019,Coupon 1,TV and Video Gaming,2,2,3979.39,2,Poor description
CQ75652,101994,Platinum,1/31/2019,Coupon 1,Kitchen Appliances,2,2,3979.39,3,
CQ75652,102028,Gold,1/31/2019,Coupon 1,Computes and Home Office,1,1,5182.46,4,
AW17574,102028,Platinum,2/22/2019,Coupon 1,Computes and Home Office,1,7,5182.46,4,
AW17574,102028,Silver,1/7/2019,Coupon 1,Kitchen Appliances,1,2,5182.46,4,
AZ74055,102031,Gold,1/13/2019,Coupon 1,TV and Video Gaming,1,3,2347.05,3,
AZ74055,102089,Elite,1/21/2019,Coupon 2,Kitchen Appliances,1,2,7507.46,3,
AZ74055,102089,Platinum,2/9/2019,Coupon 1,Kitchen Appliances,2,12,7507.46,3,
CC15295,102089,VIP,2/3/2019,Coupon 2,Kitchen Appliances,3,6,7507.46,1,Damaged item(s)
CC15295,102100,Silver,1/17/2019,Coupon 1,Kitchen Appliances,1,3,4386.28,4,
CC15295,102100,Bronze,2/14/2019,Coupon 2,Kitchen Appliances,1,5,4386.28,1,Delayed delivery
CD76093,102100,Bronze,2/7/2019,Coupon 2,Computes and Home Office,1,4,4386.28,1,Damaged item(s)
CD76093,102129,Silver,2/28/2019,Coupon 1,Computes and Home Office,3,3,4974.8,5,
CD76093,102129,Platinum,2/24/2019,Coupon 1,Computes and Home Office,1,1,4974.8,4,
CH73843,102137,Silver,1/4/2019,Coupon 1,Kitchen Appliances,1,4,8346.98,3,
CH73843,102137,Silver,1/20/2019,Coupon 1,Computes and Home Office,1,3,8346.98,3,
BD16530,102137,Gold,2/19/2019,Coupon 1,Smart Electronics,1,3,8346.98,3,
BD16530,102137,Gold,2/20/2019,Coupon 1,Computes and Home Office,1,3,8346.98,4,
BD16530,102143,Gold,1/31/2019,Coupon 1,Kitchen Appliances,1,4,26197.41,3,
CF15086,102145,Elite,1/24/2019,Coupon 2,TV and Video Gaming,2,3,6758.81,5,
AS26192,102146,Bronze,2/20/2019,Coupon 2,Kitchen Appliances,1,3,7613.71,2,Other
AS26192,102152,Gold,1/10/2019,Coupon 1,Kitchen Appliances,1,2,3483.63,1,Damaged item(s)
AS26192,102152,Bronze,2/11/2019,Coupon 2,Computes and Home Office,2,1,3483.63,1,Poor description
AV76907,102160,Platinum,2/20/2019,Coupon 1,Computes and Home Office,2,3,6369.26,5,
AV76907,102160,Platinum,1/20/2019,Coupon 1,TV and Video Gaming,2,10,6369.26,3,
AV76907,102160,Gold,1/4/2019,Coupon 1,Kitchen Appliances,3,11,6369.26,3,
BR99015,102162,Platinum,2/3/2019,Coupon 1,TV and Video Gaming,1,3,5745.96,3,
BR99015,102162,VIP,1/5/2019,Coupon 2,Kitchen Appliances,3,1,5745.96,3,
BR99015,102168,Platinum,2/3/2019,Coupon 1,Computes and Home Office,1,1,2279.75,3,
BU79786,102168,Platinum,2/25/2019,Coupon 1,Kitchen Appliances,2,3,7166.34,5,
BU79786,102168,Bronze,1/23/2019,Coupon 2,TV and Video Gaming,1,2,7166.34,4,
BU79786,102184,Silver,1/18/2019,Coupon 1,Smart Electronics,3,3,4923.18,4,
CA29908,102190,Elite,1/11/2019,Coupon 2,Smart Electronics,1,4,5418.46,3,
CA29908,102190,VIP,2/7/2019,Coupon 2,Kitchen Appliances,1,5,5418.46,5,
CA29908,102190,Platinum,1/12/2019,Coupon 1,Kitchen Appliances,1,4,5418.46,3,
CH85057,102203,Platinum,1/23/2019,Coupon 1,Kitchen Appliances,1,3,2393.92,5,
CH85057,102207,Platinum,1/12/2019,Coupon 1,Smart Electronics,1,2,6960.92,5,
CH85057,102207,Bronze,1/19/2019,Coupon 2,Kitchen Appliances,1,7,6960.92,2,Delayed delivery
CQ76030,102207,Gold,2/26/2019,Coupon 1,Smart Electronics,1,1,6960.92,3,
CQ76030,102212,Platinum,1/24/2019,Coupon 1,Computes and Home Office,1,1,8492.7,4,
CQ76030,102212,VIP,1/4/2019,Coupon 2,Kitchen Appliances,1,2,8492.7,2,Other
AB72731,102212,Silver,2/10/2019,Coupon 1,Kitchen Appliances,1,4,8492.7,2,Other
AB72731,102212,Platinum,2/15/2019,Coupon 1,Kitchen Appliances,1,4,8492.7,3,
AB72731,102259,Platinum,2/14/2019,Coupon 1,Kitchen Appliances,1,1,3945.24,1,Damaged item(s)
AS97690,102272,Gold,1/26/2019,Coupon 1,Kitchen Appliances,1,3,7179.23,4,
AS97690,102284,Platinum,1/27/2019,Coupon 1,Kitchen Appliances,3,3,7416.47,4,
AS97690,102292,Platinum,2/13/2019,Coupon 1,Computes and Home Office,2,2,3508.57,4,
AY40674,102299,Gold,1/12/2019,Coupon 1,Computes and Home Office,1,4,2089.34,4,
AY40674,102303,Platinum,1/7/2019,Coupon 1,Smart Electronics,1,3,5156.07,2,Delayed delivery
AY40674,102303,Silver,2/20/2019,Coupon 1,Kitchen Appliances,1,13,5156.07,5,
BA40043,102308,Platinum,1/7/2019,Coupon 1,TV and Video Gaming,1,4,12866.89,3,
BA40043,102308,Elite,2/12/2019,Coupon 2,Computes and Home Office,1,4,12866.89,2,Missing item(s)
BA40043,102308,Platinum,1/14/2019,Coupon 1,TV and Video Gaming,3,10,12866.89,1,Missing item(s)
BC43958,102311,Silver,2/21/2019,Coupon 1,Computes and Home Office,1,1,7507.46,3,
AJ58038,102315,Bronze,2/15/2019,Coupon 2,Smart Electronics,1,1,7804.6,3,
AJ58038,102340,Platinum,1/11/2019,Coupon 1,Kitchen Appliances,2,3,9472.97,3,
AJ58038,102340,VIP,2/1/2019,Coupon 2,TV and Video Gaming,2,4,9472.97,3,
AR61426,102354,Silver,1/23/2019,Coupon 1,Smart Electronics,1,4,14914.53,5,
AR61426,102376,Platinum,1/20/2019,Coupon 1,Kitchen Appliances,3,4,12765.78,1,Damaged item(s)
AR61426,102376,Platinum,2/10/2019,Coupon 1,Kitchen Appliances,3,7,12765.78,2,Delayed delivery
BC43958,102376,VIP,2/13/2019,Coupon 2,Kitchen Appliances,1,8,12765.78,2,Damaged item(s)
BC43958,102380,Elite,2/9/2019,Coupon 2,Smart Electronics,1,1,2962.72,3,
BW76745,102380,Silver,1/20/2019,Coupon 1,Kitchen Appliances,1,2,2962.72,1,Delayed delivery
BX94438,102381,Silver,2/27/2019,Coupon 1,Computes and Home Office,1,1,3517.39,1,Delayed delivery
BX94438,102388,Elite,2/19/2019,Coupon 2,Computes and Home Office,3,1,4170.69,4,
BX94438,102388,Silver,1/21/2019,Coupon 1,Computes and Home Office,2,18,4170.69,4,
CP98451,102396,Gold,2/15/2019,Coupon 1,Smart Electronics,1,1,10130.93,3,
CP98451,102412,Platinum,1/10/2019,Coupon 1,Kitchen Appliances,1,3,7258.99,5,
CR48975,102412,Silver,1/14/2019,Coupon 1,Computes and Home Office,1,2,7258.99,4,
CR48975,102412,Silver,1/29/2019,Coupon 1,Computes and Home Office,1,1,7258.99,4,
CR48975,102412,Silver,1/24/2019,Coupon 1,Kitchen Appliances,1,2,7258.99,5,
AC22873,102420,Silver,2/6/2019,Coupon 3,Kitchen Appliances,1,3,3572.49,5,
AC22873,102420,Gold,1/16/2019,Coupon 1,Computes and Home Office,1,1,3572.49,3,
AC22873,102464,Platinum,1/25/2019,Coupon 1,Computes and Home Office,2,2,2725.68,4,
BH23017,102464,Platinum,2/3/2019,Coupon 1,Kitchen Appliances,1,4,2725.68,4,
BH23017,102470,Platinum,1/14/2019,Coupon 1,Computes and Home Office,2,4,2052.95,3,
BN74268,102476,Gold,2/24/2019,Coupon 1,Smart Electronics,3,2,30141.62,4,
BN74268,102476,Platinum,1/5/2019,Coupon 1,Kitchen Appliances,1,8,30141.62,3,
BN74268,102476,Silver,2/1/2019,Coupon 1,Kitchen Appliances,3,9,30141.62,5,
CP85232,102515,Bronze,2/12/2019,Coupon 2,Kitchen Appliances,1,2,4653.09,4,
CP85232,102515,Platinum,2/5/2019,Coupon 1,TV and Video Gaming,2,4,4653.09,5,
CP85232,102549,Silver,2/10/2019,Coupon 3,Kitchen Appliances,3,2,14808.06,5,
AB31813,102550,Silver,1/19/2019,Coupon 1,Smart Electronics,2,3,6906.2,4,
AB31813,102550,Gold,1/20/2019,Coupon 1,Kitchen Appliances,1,1,6906.2,3,
AB31813,102556,Platinum,2/16/2019,Coupon 1,Computes and Home Office,1,2,4878.83,3,
AO74776,102556,Platinum,1/28/2019,Coupon 1,Computes and Home Office,1,12,4878.83,5,
AO74776,102556,Silver,1/1/2019,Coupon 1,Kitchen Appliances,2,4,4878.83,3,
AO74776,102578,Silver,2/25/2019,Coupon 1,TV and Video Gaming,1,3,5860.48,2,Damaged item(s)
AP23850,102578,Platinum,1/16/2019,Coupon 1,Computes and Home Office,1,2,5860.48,3,
AY84441,102609,Silver,2/22/2019,Coupon 1,Kitchen Appliances,1,4,5500.01,4,
AY84441,102609,Silver,1/11/2019,Coupon 3,Kitchen Appliances,1,9,5500.01,2,Damaged item(s)
AY84441,102609,Platinum,2/26/2019,Coupon 1,Smart Electronics,1,3,5500.01,4,
BM69818,102615,Gold,1/29/2019,Coupon 1,Kitchen Appliances,1,3,7590.05,4,
BM69818,102615,Elite,2/24/2019,Coupon 2,Computes and Home Office,1,12,7590.05,3,
BM69818,102615,Bronze,1/1/2019,Coupon 2,Computes and Home Office,1,1,7590.05,4,
CL79250,102625,Platinum,2/22/2019,Coupon 1,Kitchen Appliances,1,1,13891.68,5,
CL79250,102633,Silver,1/26/2019,Coupon 1,Computes and Home Office,1,3,4582.69,3,
CL79250,102633,Silver,2/15/2019,Coupon 1,Smart Electronics,1,17,4582.69,3,
CM66204,102688,Platinum,1/8/2019,Coupon 1,Kitchen Appliances,1,4,4502.87,3,
CM66204,102688,Platinum,1/24/2019,Coupon 1,Computes and Home Office,1,3,4502.87,3,
CM66204,102690,Silver,2/21/2019,Coupon 1,Computes and Home Office,1,4,13197.93,3,
CN23147,102692,Bronze,1/28/2019,Coupon 2,Kitchen Appliances,1,3,3979.59,3,
CN23147,102692,Silver,2/12/2019,Coupon 3,Kitchen Appliances,1,2,3979.59,2,Delayed delivery
CN23147,102692,Silver,2/5/2019,Coupon 1,TV and Video Gaming,2,4,6459.64,4,
CP98451,102696,Platinum,1/21/2019,Coupon 1,Smart Electronics,1,1,5021.69,3,
AI61368,102710,Silver,1/1/2019,Coupon 1,Kitchen Appliances,3,3,23142.15,3,
AI61368,102710,Platinum,1/31/2019,Coupon 1,TV and Video Gaming,2,10,23142.15,1,Other
AI61368,102710,Platinum,1/5/2019,Coupon 1,Smart Electronics,1,4,23142.15,5,
AI85843,102726,Bronze,1/10/2019,Coupon 2,TV and Video Gaming,3,1,8044.87,4,
AI85843,102726,Platinum,1/26/2019,Coupon 1,Smart Electronics,1,6,8044.87,2,Other
AI85843,102726,Platinum,1/2/2019,Coupon 1,Kitchen Appliances,1,8,8044.87,4,
AO87348,102730,Platinum,1/15/2019,Coupon 1,Computes and Home Office,2,2,2453.57,5,
AO87348,102730,Bronze,2/1/2019,Coupon 2,Kitchen Appliances,2,2,2453.57,3,
AO87348,102732,Platinum,2/17/2019,Coupon 1,Kitchen Appliances,1,2,2771.05,3,
CJ81391,102740,Silver,1/9/2019,Coupon 1,Kitchen Appliances,1,4,16922.13,4,
CJ81391,102788,Gold,2/1/2019,Coupon 1,Kitchen Appliances,3,3,11124.21,5,
AP23850,102788,Platinum,1/14/2019,Coupon 1,Computes and Home Office,1,6,11124.21,1,Delayed delivery
AP23850,102788,Silver,1/22/2019,Coupon 1,Computes and Home Office,1,11,11124.21,1,Poor description
AP66226,102789,Silver,1/17/2019,Coupon 1,TV and Video Gaming,1,1,2585.96,2,Poor description
AP66226,102789,Platinum,1/13/2019,Coupon 1,Smart Electronics,1,4,2585.96,2,Poor description
AQ46199,102789,Silver,1/22/2019,Coupon 1,Kitchen Appliances,1,4,2585.96,1,Poor description
BH36570,102811,Platinum,1/19/2019,Coupon 1,TV and Video Gaming,1,2,7426.46,4,
BH36570,102826,Silver,1/12/2019,Coupon 1,Kitchen Appliances,2,3,8197.71,5,
BU14748,102840,Platinum,2/21/2019,Coupon 1,Kitchen Appliances,1,2,6285.15,1,Other
BU14748,102840,Bronze,2/17/2019,Coupon 2,Smart Electronics,1,4,6285.15,4,
BU14748,102849,Platinum,1/24/2019,Coupon 1,Computes and Home Office,1,2,4210.1,4,
BU27331,102849,Platinum,1/1/2019,Coupon 1,TV and Video Gaming,2,3,4210.1,4,
CA86085,102851,Platinum,1/23/2019,Coupon 1,Kitchen Appliances,2,3,19435.63,5,
CA86085,102855,Gold,2/5/2019,Coupon 1,TV and Video Gaming,1,3,4236.3,3,
CA86085,102877,Platinum,1/30/2019,Coupon 1,Computes and Home Office,2,2,2863.04,4,
CD86811,102877,Gold,1/19/2019,Coupon 1,Kitchen Appliances,2,4,2863.04,1,Damaged item(s)
CP92616,102877,VIP,1/2/2019,Coupon 2,TV and Video Gaming,3,1,2863.04,3,
CP92616,102909,Gold,1/30/2019,Coupon 1,Computes and Home Office,1,4,2569.69,4,
CP92616,102909,Silver,1/27/2019,Coupon 1,Kitchen Appliances,1,4,2569.69,3,
AG85615,102918,Elite,1/14/2019,Coupon 3,Smart Electronics,1,2,7778.01,3,
AG85615,102925,Bronze,1/15/2019,Coupon 2,Kitchen Appliances,2,2,4358.55,5,
AG85615,102925,Silver,1/16/2019,Coupon 1,Computes and Home Office,1,10,4358.55,2,Delayed delivery
BG96711,102925,Gold,1/14/2019,Coupon 1,Smart Electronics,3,1,4358.55,5,
BG96711,102932,Silver,2/1/2019,Coupon 1,Computes and Home Office,2,3,5968.12,3,
BL90769,102932,Platinum,2/21/2019,Coupon 1,Computes and Home Office,1,4,5968.12,4,
BL90769,102970,Silver,2/22/2019,Coupon 1,Smart Electronics,2,3,8382.63,4,
BL90769,102982,Gold,2/5/2019,Coupon 1,TV and Video Gaming,1,1,5235.57,5,
BJ53923,102994,Bronze,1/2/2019,Coupon 2,Smart Electronics,1,4,2615.91,3,
BJ53923,102994,Gold,1/26/2019,Coupon 1,Smart Electronics,1,10,2615.91,3,
BJ53923,102994,VIP,2/15/2019,Coupon 2,TV and Video Gaming,1,3,2615.91,1,Other
BW76745,103006,Silver,1/2/2019,Coupon 3,Computes and Home Office,1,3,2570.16,1,Missing item(s)
BS83666,103006,Bronze,1/20/2019,Coupon 2,TV and Video Gaming,1,12,2570.16,3,
BS83666,103006,Platinum,2/14/2019,Coupon 1,Kitchen Appliances,1,2,2570.16,1,Other
BS83666,103043,Silver,1/13/2019,Coupon 1,Computes and Home Office,2,3,3351.21,3,
BH23017,103043,Platinum,1/3/2019,Coupon 1,Smart Electronics,2,1,3351.21,4,
BH60627,103052,Elite,1/8/2019,Coupon 2,Kitchen Appliances,1,4,2876.78,3,
BH60627,103063,Platinum,1/21/2019,Coupon 1,Kitchen Appliances,1,4,8060.16,4,
BH60627,103063,Gold,1/9/2019,Coupon 1,Smart Electronics,1,4,8060.16,2,Delayed delivery
BK15048,103074,Platinum,2/22/2019,Coupon 1,Kitchen Appliances,1,4,2734.44,5,
BK15048,103080,Elite,2/1/2019,Coupon 2,Kitchen Appliances,3,2,4079.13,4,
BV55014,103151,Platinum,1/1/2019,Coupon 1,TV and Video Gaming,1,3,32613.69,3,
BV55014,103159,Silver,1/31/2019,Coupon 1,TV and Video Gaming,2,2,3527.85,5,
AQ46199,103159,Gold,2/12/2019,Coupon 1,Kitchen Appliances,1,12,3527.85,1,Poor description
AQ46199,103165,Bronze,1/27/2019,Coupon 2,Kitchen Appliances,1,2,4867.38,4,
BH36570,103175,Silver,1/20/2019,Coupon 1,Kitchen Appliances,1,2,3691.77,3,
BP28492,103175,Platinum,2/18/2019,Coupon 1,Kitchen Appliances,1,1,3691.77,4,
BP28492,103199,Bronze,2/17/2019,Coupon 2,Kitchen Appliances,1,3,6462.22,3,
BP28492,103217,Elite,1/10/2019,Coupon 2,Computes and Home Office,1,2,6439.33,3,
CD86811,103229,Gold,1/23/2019,Coupon 1,Kitchen Appliances,1,1,13576.14,5,
CD86811,103255,Platinum,1/24/2019,Coupon 1,Computes and Home Office,1,2,11631.88,3,
CE56187,103255,Platinum,1/17/2019,Coupon 1,Computes and Home Office,3,1,11631.88,2,Damaged item(s)
CE56187,103255,Silver,2/22/2019,Coupon 1,TV and Video Gaming,2,2,11631.88,5,
CE56187,103255,Silver,1/10/2019,Coupon 1,Smart Electronics,1,3,11631.88,3,
CM52565,103256,Elite,1/18/2019,Coupon 2,Kitchen Appliances,2,4,8002.31,3,
CM52565,103256,Platinum,1/25/2019,Coupon 1,Smart Electronics,1,4,8002.31,3,
CM52565,103256,Platinum,2/9/2019,Coupon 1,TV and Video Gaming,1,4,8002.31,4,
AC75391,103256,Elite,1/16/2019,Coupon 2,Computes and Home Office,1,4,8002.31,4,
AG62140,103262,Platinum,2/16/2019,Coupon 1,Kitchen Appliances,3,4,5824.77,4,
AG62140,103262,Silver,1/4/2019,Coupon 1,TV and Video Gaming,1,3,5824.77,1,Poor description
AY98473,103266,Platinum,2/26/2019,Coupon 1,Computes and Home Office,1,3,11308.47,2,Other
AY98473,103266,Bronze,1/10/2019,Coupon 2,Computes and Home Office,1,3,11308.47,4,
BG96711,103304,Platinum,1/9/2019,Coupon 1,Kitchen Appliances,1,1,2683.47,5,
BY84257,103312,Bronze,1/29/2019,Coupon 2,Kitchen Appliances,2,2,4553.81,3,
BY84257,103321,Platinum,2/15/2019,Coupon 1,Smart Electronics,1,2,26197.41,5,
CA54112,103331,Platinum,2/15/2019,Coupon 1,Computes and Home Office,1,2,3208.92,4,
CA54112,103340,Platinum,2/18/2019,Coupon 1,Kitchen Appliances,1,4,7577.07,3,
CA54112,103352,Silver,1/25/2019,Coupon 1,Smart Electronics,1,3,5555.49,4,
CI95726,103352,Elite,2/2/2019,Coupon 2,Computes and Home Office,1,2,5555.49,5,
CI95726,103357,Silver,2/16/2019,Coupon 1,Computes and Home Office,1,2,4812.53,4,
CJ31839,103359,Platinum,1/9/2019,Coupon 1,Kitchen Appliances,1,3,4502.87,5,
CJ31839,103359,Platinum,2/10/2019,Coupon 1,Computes and Home Office,1,2,4502.87,1,Missing item(s)
CJ31839,103362,Gold,1/17/2019,Coupon 3,TV and Video Gaming,1,2,4647.42,4,
CT88432,103362,Gold,1/2/2019,Coupon 3,Kitchen Appliances,1,4,4647.42,3,
AB21519,103362,Platinum,1/1/2019,Coupon 1,Kitchen Appliances,1,1,4807,2,Poor description
AB21519,103362,Platinum,2/14/2019,Coupon 1,Kitchen Appliances,1,4,4807,4,
AB21519,103362,Bronze,2/26/2019,Coupon 2,Kitchen Appliances,1,2,4647.42,1,Other
AF81450,103362,Platinum,2/7/2019,Coupon 1,Computes and Home Office,1,2,4647.42,4,
AO98601,103383,Platinum,1/18/2019,Coupon 1,Smart Electronics,2,4,13466.92,4,
AO98601,103383,Elite,1/23/2019,Coupon 2,Kitchen Appliances,1,13,13466.92,4,
AO98601,103389,Silver,2/8/2019,Coupon 1,Kitchen Appliances,1,3,13024.22,3,
AS17174,103428,Silver,2/10/2019,Coupon 1,TV and Video Gaming,1,4,4944.24,5,
AS17174,103436,Silver,1/9/2019,Coupon 1,Kitchen Appliances,1,4,5015.01,5,
AS17174,103442,Silver,1/12/2019,Coupon 1,Computes and Home Office,1,3,28622.31,2,Damaged item(s)
AZ82578,103461,Platinum,2/28/2019,Coupon 1,Kitchen Appliances,1,3,5632.61,3,
BL93527,103468,Elite,2/3/2019,Coupon 2,Smart Electronics,1,3,7590.91,4,
BL93527,103468,Platinum,1/4/2019,Coupon 1,TV and Video Gaming,1,3,7590.91,5,
BL93527,103468,Silver,1/17/2019,Coupon 1,Computes and Home Office,2,3,7590.91,4,
BG51419,103473,Platinum,1/11/2019,Coupon 1,TV and Video Gaming,1,2,6618.02,3,
BG51419,103473,Silver,1/31/2019,Coupon 1,Kitchen Appliances,1,11,6618.02,4,
BU44523,103473,Elite,2/6/2019,Coupon 2,Kitchen Appliances,2,10,6618.02,4,
BU44523,103490,Silver,1/26/2019,Coupon 1,Kitchen Appliances,1,2,6608.17,1,Other
BU44523,103490,Elite,1/31/2019,Coupon 2,Kitchen Appliances,2,3,6608.17,4,
CI24326,103490,Silver,1/14/2019,Coupon 1,TV and Video Gaming,3,3,17651.96,5,
CI24326,103490,Platinum,1/26/2019,Coupon 1,Kitchen Appliances,1,1,17651.96,4,
CI24326,103492,Platinum,2/19/2019,Coupon 1,Kitchen Appliances,1,3,2632.55,4,
CK39096,103495,Platinum,1/12/2019,Coupon 1,Kitchen Appliances,1,3,3915.8,1,Damaged item(s)
AF81450,103495,Silver,1/29/2019,Coupon 1,Kitchen Appliances,1,1,3915.8,5,
AF81450,103497,Silver,2/10/2019,Coupon 1,Computes and Home Office,1,4,5308.62,1,Damaged item(s)
BU27331,103497,Platinum,2/13/2019,Coupon 1,Computes and Home Office,1,1,5308.62,5,
BU27331,103502,Bronze,2/28/2019,Coupon 2,Computes and Home Office,1,4,2580.85,5,
BU41599,103502,Gold,1/2/2019,Coupon 1,Computes and Home Office,1,3,2580.85,5,
BU41599,103502,Silver,1/31/2019,Coupon 1,Kitchen Appliances,3,2,2580.85,3,
BU41599,103502,Platinum,2/14/2019,Coupon 1,Computes and Home Office,2,4,2580.85,2,Other
BV55014,103510,Gold,1/11/2019,Coupon 1,Kitchen Appliances,1,4,4821.99,3,
CX20455,103536,Gold,1/28/2019,Coupon 1,Kitchen Appliances,1,3,9202.64,4,
CX20455,103536,Platinum,2/13/2019,Coupon 1,Smart Electronics,1,1,9202.64,4,
AC75391,103546,VIP,1/2/2019,Coupon 2,Kitchen Appliances,1,1,8080.95,4,
AC75391,103546,Elite,1/9/2019,Coupon 2,Kitchen Appliances,1,2,8080.95,4,
AW73065,103560,Gold,1/10/2019,Coupon 1,Kitchen Appliances,1,1,3308,4,
AW73065,103560,Platinum,2/25/2019,Coupon 1,Kitchen Appliances,1,2,3308,5,
AW73065,103560,Platinum,2/10/2019,Coupon 1,Kitchen Appliances,1,1,3300.68,4,
AY98473,103560,Platinum,2/7/2019,Coupon 1,TV and Video Gaming,1,6,3300.68,4,
BW63560,103560,Platinum,1/22/2019,Coupon 1,Kitchen Appliances,2,11,3300.68,4,
BW63560,103561,Elite,2/15/2019,Coupon 2,TV and Video Gaming,1,2,12880.75,3,
BW63560,103582,Gold,1/11/2019,Coupon 1,Kitchen Appliances,2,2,8044.87,5,
CR41258,103585,Platinum,2/6/2019,Coupon 1,TV and Video Gaming,1,3,14024.36,1,Missing item(s)
CR41258,103585,Platinum,1/26/2019,Coupon 1,TV and Video Gaming,1,4,14024.36,1,Damaged item(s)
CV64725,103616,Silver,2/8/2019,Coupon 1,Computes and Home Office,3,3,3619.06,1,Damaged item(s)
CV64725,103629,Elite,2/19/2019,Coupon 3,Computes and Home Office,3,1,11084.61,3,
AA10041,103629,Gold,1/28/2019,Coupon 1,Computes and Home Office,1,9,11084.61,2,Delayed delivery
AF10970,103633,Silver,1/31/2019,Coupon 1,Kitchen Appliances,1,1,6940.97,4,
BA38428,103633,Platinum,2/21/2019,Coupon 1,Kitchen Appliances,1,3,6940.97,3,
BA38428,103651,Platinum,1/18/2019,Coupon 1,Kitchen Appliances,2,4,4685.5,4,
BA38428,103658,Platinum,1/13/2019,Coupon 1,Smart Electronics,2,3,10515.97,1,Other
BS13111,103658,Platinum,1/10/2019,Coupon 1,Computes and Home Office,1,2,2364.43,3,
BS13111,103658,Bronze,1/3/2019,Coupon 2,Computes and Home Office,2,9,2364.43,1,Damaged item(s)
BS13111,103658,Platinum,1/17/2019,Coupon 1,TV and Video Gaming,1,2,2364.43,3,
CN49086,103662,Bronze,1/9/2019,Coupon 2,Computes and Home Office,1,3,5310.91,5,
CN49086,103673,Platinum,1/14/2019,Coupon 1,Smart Electronics,1,2,7568.85,1,Delayed delivery
CN49086,103673,Silver,1/30/2019,Coupon 1,Computes and Home Office,1,15,7568.85,1,Damaged item(s)
CT88432,103674,Silver,1/7/2019,Coupon 1,Smart Electronics,1,3,8010.97,4,
CT88432,103675,Elite,1/3/2019,Coupon 3,Kitchen Appliances,1,3,4381.88,3,
CK39096,103683,Elite,2/26/2019,Coupon 2,Kitchen Appliances,1,4,2609.53,4,
CK39096,103683,Gold,2/1/2019,Coupon 1,TV and Video Gaming,3,8,2609.53,1,Delayed delivery
CN24514,103683,Platinum,1/21/2019,Coupon 1,Computes and Home Office,3,8,2609.53,1,Other
CN24514,103699,Gold,2/9/2019,Coupon 1,Computes and Home Office,3,1,5595.39,3,
CN24514,103699,Bronze,1/24/2019,Coupon 2,Smart Electronics,1,1,5595.39,4,
AF10970,103699,Silver,1/28/2019,Coupon 1,Kitchen Appliances,1,4,5595.39,2,Missing item(s)
AF10970,103699,Bronze,1/12/2019,Coupon 2,Kitchen Appliances,1,2,5595.39,1,Delayed delivery
BR23201,103731,Platinum,1/11/2019,Coupon 1,TV and Video Gaming,1,3,4015.34,5,
BR23201,103731,Silver,1/21/2019,Coupon 1,Smart Electronics,1,1,4015.34,1,Missing item(s)
BR23201,103731,Elite,2/20/2019,Coupon 2,Kitchen Appliances,1,1,4015.34,5,
CH81088,103741,Silver,1/19/2019,Coupon 1,Kitchen Appliances,1,3,6236.02,1,Other
CH81088,103741,Bronze,2/2/2019,Coupon 2,TV and Video Gaming,1,4,6236.02,4,
CM94425,103741,Platinum,2/15/2019,Coupon 1,Kitchen Appliances,1,4,6236.02,4,
CM94425,103758,Silver,1/17/2019,Coupon 1,TV and Video Gaming,3,3,14727.51,5,
CM94425,103758,VIP,2/26/2019,Coupon 2,Smart Electronics,1,21,14727.51,2,Delayed delivery
BE10809,103763,Elite,1/5/2019,Coupon 2,Smart Electronics,1,4,4018.88,4,
BE10809,103763,Gold,2/1/2019,Coupon 1,Computes and Home Office,1,1,4018.88,4,
BE10809,103763,Platinum,2/8/2019,Coupon 1,Computes and Home Office,2,1,4018.88,5,
BE75190,103769,Silver,1/27/2019,Coupon 1,Computes and Home Office,1,1,2581.02,4,
BE75190,103769,Silver,2/24/2019,Coupon 1,Kitchen Appliances,1,1,2581.02,2,Other
BG51419,103792,Gold,2/12/2019,Coupon 1,Kitchen Appliances,1,4,8272.49,5,
CP32818,103809,Platinum,1/29/2019,Coupon 1,Smart Electronics,3,1,5260.92,3,
CP32818,103809,Platinum,1/2/2019,Coupon 1,Computes and Home Office,1,3,5260.92,5,
CP32818,103809,Bronze,1/10/2019,Coupon 2,Kitchen Appliances,1,1,5260.92,5,
AZ64856,103809,Platinum,1/10/2019,Coupon 1,Kitchen Appliances,1,1,5260.92,1,Other
AZ64856,103823,Platinum,1/22/2019,Coupon 1,Smart Electronics,1,1,4812.53,3,
AZ64856,103823,Silver,2/12/2019,Coupon 3,Kitchen Appliances,1,3,4812.53,4,
CC30924,103823,Bronze,1/25/2019,Coupon 2,Kitchen Appliances,1,4,4812.53,3,
CC30924,103823,Silver,1/27/2019,Coupon 1,Smart Electronics,3,4,4812.53,3,
CC30924,103825,Gold,2/2/2019,Coupon 1,Smart Electronics,1,4,2869.3,2,Damaged item(s)
AZ82578,103825,Platinum,1/29/2019,Coupon 1,Kitchen Appliances,1,21,2869.3,5,
AZ82578,103832,Bronze,1/29/2019,Coupon 2,TV and Video Gaming,2,4,3350.24,1,Delayed delivery
CD48033,103832,Elite,2/11/2019,Coupon 2,TV and Video Gaming,1,5,3350.24,1,Other
CD48033,103832,Silver,2/15/2019,Coupon 1,Smart Electronics,1,4,3350.24,4,
CD48033,103842,Gold,2/12/2019,Coupon 1,Computes and Home Office,2,4,17995.87,2,Other
CU19735,103860,Bronze,1/5/2019,Coupon 2,Kitchen Appliances,1,3,3358.53,5,
CU19735,103860,Silver,1/17/2019,Coupon 1,Kitchen Appliances,1,7,3358.53,3,
CU19735,103860,VIP,1/16/2019,Coupon 2,Kitchen Appliances,1,7,3358.53,4,
AB13432,103862,Platinum,2/18/2019,Coupon 1,Smart Electronics,2,1,4878.83,1,Damaged item(s)
AB13432,103888,Gold,2/21/2019,Coupon 1,Kitchen Appliances,2,1,2727.52,1,Damaged item(s)
AB13432,103888,Bronze,2/20/2019,Coupon 2,Computes and Home Office,1,4,2727.52,4,
AB60627,103899,Platinum,1/26/2019,Coupon 1,Kitchen Appliances,1,1,4981.83,4,
AB60627,103901,Elite,2/14/2019,Coupon 2,Computes and Home Office,1,1,24980.23,3,
AB60627,103901,Platinum,2/17/2019,Coupon 1,Kitchen Appliances,1,4,24980.23,4,
AE60813,103916,Bronze,2/27/2019,Coupon 2,Smart Electronics,1,1,3803.92,4,
AE60813,103916,Silver,1/23/2019,Coupon 1,Kitchen Appliances,1,3,3803.92,3,
AE98193,103916,Silver,1/11/2019,Coupon 1,Computes and Home Office,1,4,7615.37,3,
AE98193,103916,Platinum,1/8/2019,Coupon 1,Kitchen Appliances,1,6,7615.37,5,
AE98193,103916,Gold,1/31/2019,Coupon 1,Kitchen Appliances,1,1,7615.37,4,
AM52614,103969,Silver,2/7/2019,Coupon 1,Kitchen Appliances,1,1,31410.93,3,
AM52614,103970,Platinum,2/28/2019,Coupon 1,Smart Electronics,1,2,8257.67,5,
AM52614,103970,Gold,2/14/2019,Coupon 1,Kitchen Appliances,1,8,8257.67,2,Poor description
AO46433,103970,Silver,2/9/2019,Coupon 1,Computes and Home Office,3,4,8257.67,4,
AO46433,103975,Silver,1/29/2019,Coupon 1,TV and Video Gaming,1,2,2411.26,1,Other
BC87161,103985,Platinum,1/27/2019,Coupon 1,Computes and Home Office,1,2,2761.69,3,
BC87161,103998,Silver,1/23/2019,Coupon 1,Computes and Home Office,1,4,7582.11,3,
BE61743,104012,Silver,2/15/2019,Coupon 1,Computes and Home Office,1,3,11628.73,4,
BE61743,104012,Bronze,2/15/2019,Coupon 2,Kitchen Appliances,1,6,11628.73,3,
BE61743,104012,Gold,2/3/2019,Coupon 1,TV and Video Gaming,1,2,11628.73,1,Other
BY23642,104016,Platinum,2/18/2019,Coupon 1,Kitchen Appliances,3,2,3554.85,2,Delayed delivery
BY23642,104023,Silver,2/13/2019,Coupon 1,Kitchen Appliances,1,4,9344.43,2,Damaged item(s)
CA96230,104023,Silver,1/3/2019,Coupon 1,Smart Electronics,1,2,9344.43,4,
CA96230,104041,Platinum,1/17/2019,Coupon 1,Computes and Home Office,1,4,4170.69,3,
CA96230,104041,Gold,1/7/2019,Coupon 3,Smart Electronics,1,1,4170.69,5,
CH97539,104051,Platinum,2/2/2019,Coupon 1,Kitchen Appliances,2,1,5431.21,3,
CH97539,104051,Platinum,2/1/2019,Coupon 1,Computes and Home Office,2,18,5431.21,2,Damaged item(s)
CH97539,104085,Platinum,1/31/2019,Coupon 1,Computes and Home Office,1,3,6446.92,3,
CK19789,104085,Elite,1/22/2019,Coupon 2,Smart Electronics,1,18,6446.92,5,
CK19789,104098,Platinum,1/19/2019,Coupon 1,Kitchen Appliances,1,1,8209.92,3,
CK19789,104098,Gold,2/1/2019,Coupon 3,Smart Electronics,1,1,8209.92,4,
CM55703,104103,Platinum,2/15/2019,Coupon 1,Kitchen Appliances,1,3,8262.88,3,
CM55703,104103,Platinum,2/4/2019,Coupon 1,Smart Electronics,1,3,8262.88,4,
CM55703,104118,Silver,1/28/2019,Coupon 1,Kitchen Appliances,1,4,4477.45,3,
CX99919,104118,Bronze,1/31/2019,Coupon 2,Computes and Home Office,1,1,4477.45,5,
CX99919,104137,Platinum,1/1/2019,Coupon 1,Smart Electronics,1,2,3126.27,4,
CX99919,104137,Platinum,1/23/2019,Coupon 1,Computes and Home Office,1,3,3126.27,3,
CY47265,104137,Elite,2/5/2019,Coupon 3,Kitchen Appliances,1,3,3126.27,5,
CY47265,104141,Platinum,2/25/2019,Coupon 1,Computes and Home Office,3,2,3451.25,5,
CY47265,104141,Platinum,1/22/2019,Coupon 1,Smart Electronics,1,4,3451.25,5,
AR47849,104141,Bronze,1/30/2019,Coupon 2,Kitchen Appliances,1,4,3451.25,1,Damaged item(s)
AR47849,104150,Silver,1/21/2019,Coupon 1,TV and Video Gaming,1,4,8288.16,3,
AR47849,104158,Bronze,1/14/2019,Coupon 2,Computes and Home Office,1,3,34708.87,4,
AZ34845,104163,Gold,2/5/2019,Coupon 1,Kitchen Appliances,1,2,5556.28,5,
AZ34845,104176,Platinum,2/12/2019,Coupon 1,Kitchen Appliances,3,1,3979.72,4,
AZ34845,104176,Platinum,2/2/2019,Coupon 1,Smart Electronics,1,4,3979.72,5,
BA75404,104180,Elite,1/19/2019,Coupon 3,Smart Electronics,1,1,7179.23,3,
BA75404,104237,Gold,1/10/2019,Coupon 1,Smart Electronics,1,2,3677.78,2,Delayed delivery
BB82067,104237,Silver,1/17/2019,Coupon 1,Smart Electronics,1,16,3677.78,2,Delayed delivery
BB82067,104267,Platinum,2/17/2019,Coupon 1,Smart Electronics,3,2,2701.04,2,Damaged item(s)
BB82067,104267,Elite,2/4/2019,Coupon 3,Smart Electronics,1,9,2701.04,4,
BC66536,104267,Elite,1/30/2019,Coupon 2,Kitchen Appliances,1,10,2701.04,3,
BC66536,104270,Platinum,1/17/2019,Coupon 1,Smart Electronics,1,4,4928,4,
BC66536,104270,Gold,2/21/2019,Coupon 1,Kitchen Appliances,1,4,4928,4,
BG76355,104276,Platinum,1/8/2019,Coupon 1,Kitchen Appliances,1,2,7126.47,4,
BG76355,104280,Silver,2/2/2019,Coupon 1,Smart Electronics,1,2,12052.98,4,
AZ68072,104280,Gold,1/13/2019,Coupon 1,Computes and Home Office,2,2,12052.98,3,
AZ68072,104287,Gold,1/21/2019,Coupon 1,TV and Video Gaming,1,1,3966.13,5,
AM34581,104287,Silver,1/30/2019,Coupon 1,Kitchen Appliances,1,3,3966.13,3,
AM34581,104292,Platinum,2/11/2019,Coupon 1,Smart Electronics,1,3,9875.09,5,
AL21967,104292,Elite,1/19/2019,Coupon 2,Kitchen Appliances,1,2,9875.09,4,
AL21967,104336,Platinum,1/10/2019,Coupon 1,TV and Video Gaming,1,1,2227.07,4,
AL21967,104339,Elite,2/27/2019,Coupon 2,Kitchen Appliances,1,2,13363.52,4,
AS55677,104353,Silver,1/21/2019,Coupon 1,Smart Electronics,3,1,15777.89,3,
AS55677,104361,Silver,2/22/2019,Coupon 1,Kitchen Appliances,1,1,3097.92,5,
BD89564,104361,Platinum,1/16/2019,Coupon 1,Kitchen Appliances,1,4,3097.92,3,
BD89564,104361,Platinum,2/12/2019,Coupon 1,Computes and Home Office,1,3,10507.69,3,
BD89564,104361,Platinum,1/6/2019,Coupon 1,TV and Video Gaming,1,4,3097.92,3,
CD71502,104361,Platinum,1/4/2019,Coupon 1,Computes and Home Office,3,3,3097.92,5,
CD71502,104368,Bronze,1/17/2019,Coupon 2,Smart Electronics,1,2,5444.79,5,
CE12380,104368,Bronze,1/31/2019,Coupon 2,Smart Electronics,1,8,5444.79,4,
CE12380,104368,Silver,1/15/2019,Coupon 1,Kitchen Appliances,1,1,5444.79,5,
CS70768,104374,Platinum,1/26/2019,Coupon 1,Computes and Home Office,1,4,3238,5,
CS70768,104374,Platinum,1/19/2019,Coupon 1,Kitchen Appliances,1,2,3238,3,
CU26127,104378,Gold,1/21/2019,Coupon 1,TV and Video Gaming,1,2,8432.52,5,
AF41118,104402,Platinum,1/10/2019,Coupon 1,Smart Electronics,1,3,3044.79,4,
AF41118,104402,Silver,2/25/2019,Coupon 1,Kitchen Appliances,1,2,3044.79,4,
AF41118,104402,Gold,1/15/2019,Coupon 1,TV and Video Gaming,1,3,3044.79,4,
AH84063,104402,Platinum,2/22/2019,Coupon 1,Kitchen Appliances,1,3,3044.79,2,Damaged item(s)
AH84063,104407,Platinum,2/24/2019,Coupon 1,Kitchen Appliances,1,1,8860.65,4,
AH84063,104407,Bronze,2/16/2019,Coupon 2,Kitchen Appliances,1,1,8860.65,5,
BA92673,104426,Platinum,1/9/2019,Coupon 1,Kitchen Appliances,2,1,13745.05,3,
BA92673,104431,Platinum,1/14/2019,Coupon 1,Kitchen Appliances,1,2,2822.59,3,
BI34376,104436,Silver,2/8/2019,Coupon 1,Computes and Home Office,1,3,2276.39,3,
BI34376,104462,Gold,2/24/2019,Coupon 1,Kitchen Appliances,1,4,3211.07,2,Poor description
BI34376,104496,Gold,2/12/2019,Coupon 1,Computes and Home Office,1,3,4384.85,4,
BG76355,104514,Gold,1/3/2019,Coupon 1,Smart Electronics,1,2,3839.61,4,
BM83544,104514,Platinum,1/29/2019,Coupon 1,Kitchen Appliances,3,2,3839.61,3,
BM83544,104541,Silver,1/27/2019,Coupon 1,TV and Video Gaming,1,3,8621,2,Damaged item(s)
BN87372,104541,Platinum,2/25/2019,Coupon 1,Kitchen Appliances,1,6,8621,3,
CO12132,104541,Platinum,2/4/2019,Coupon 1,TV and Video Gaming,1,1,8621,5,
CO12132,104559,Silver,1/21/2019,Coupon 1,Kitchen Appliances,3,2,28119.29,2,Damaged item(s)
CP28581,104559,Silver,1/30/2019,Coupon 1,Smart Electronics,3,7,28119.29,2,Delayed delivery
CP28581,104559,Elite,2/11/2019,Coupon 2,Smart Electronics,1,3,28119.29,5,
CP28581,104577,Platinum,1/8/2019,Coupon 1,Kitchen Appliances,1,4,5517.2,2,Damaged item(s)
CR33417,104577,Platinum,1/11/2019,Coupon 1,TV and Video Gaming,1,18,5517.2,2,Poor description
CR33417,104586,Silver,2/9/2019,Coupon 1,Kitchen Appliances,1,3,7772.58,4,
CR33417,104586,Gold,2/23/2019,Coupon 1,Kitchen Appliances,1,2,7772.58,4,
CW82151,104604,Silver,1/23/2019,Coupon 1,Computes and Home Office,1,4,5510.97,3,
AL96740,104604,Gold,1/10/2019,Coupon 1,Kitchen Appliances,1,1,5510.97,5,
AL96740,104608,Platinum,2/18/2019,Coupon 1,Computes and Home Office,1,4,35227.3,3,
AL96740,104608,Gold,1/20/2019,Coupon 1,TV and Video Gaming,1,17,35227.3,1,Delayed delivery
AW18068,104620,Bronze,1/21/2019,Coupon 2,Computes and Home Office,1,3,29091.24,5,
AW18068,104624,Platinum,2/19/2019,Coupon 1,TV and Video Gaming,2,1,5352.19,3,
BL29240,104624,Gold,2/16/2019,Coupon 1,Smart Electronics,1,7,5352.19,4,
BL29240,104624,Silver,2/6/2019,Coupon 1,TV and Video Gaming,1,2,5352.19,4,
BL29240,104668,Silver,1/22/2019,Coupon 1,TV and Video Gaming,1,1,2580.85,4,
CT41158,104668,VIP,2/1/2019,Coupon 2,Smart Electronics,3,2,2580.85,2,Missing item(s)
CT41158,104668,Platinum,1/21/2019,Coupon 1,Computes and Home Office,1,4,2580.85,1,Poor description
CT41158,104668,Platinum,1/3/2019,Coupon 1,Computes and Home Office,1,4,2580.85,5,
CW49887,104673,Elite,2/12/2019,Coupon 3,Computes and Home Office,1,2,14723.41,1,Delayed delivery
CW49887,104673,Platinum,1/3/2019,Coupon 1,Computes and Home Office,1,4,14723.41,5,
CW49887,104673,Silver,1/28/2019,Coupon 1,Smart Electronics,2,2,14723.41,3,
CY50337,104675,Platinum,2/27/2019,Coupon 1,Smart Electronics,3,4,3235.36,3,
CY50337,104688,Silver,2/25/2019,Coupon 1,Kitchen Appliances,1,2,8002.31,5,
CY50337,104688,Platinum,2/28/2019,Coupon 1,Computes and Home Office,1,10,8002.31,5,
BM70908,104688,Bronze,2/7/2019,Coupon 2,Kitchen Appliances,3,2,8002.31,3,
AS55677,104702,Platinum,2/13/2019,Coupon 1,Smart Electronics,1,2,2593.9,5,
CE12380,104702,Silver,1/17/2019,Coupon 1,Computes and Home Office,3,3,2593.9,4,
CO23919,104717,Bronze,1/14/2019,Coupon 2,Kitchen Appliances,2,3,5143.88,3,
CO23919,104717,Elite,2/8/2019,Coupon 2,TV and Video Gaming,1,8,5143.88,1,Damaged item(s)
CO23919,104717,Platinum,1/23/2019,Coupon 1,Computes and Home Office,1,10,5143.88,5,
CU26127,104732,Elite,2/21/2019,Coupon 2,Smart Electronics,2,1,8382.48,4,
CU26127,104732,Gold,1/3/2019,Coupon 1,Computes and Home Office,2,4,4656.67,1,Poor description
CV72453,104739,Bronze,1/20/2019,Coupon 2,TV and Video Gaming,1,4,5498.94,4,
CV72453,104739,Silver,2/2/2019,Coupon 3,Computes and Home Office,1,2,5498.94,5,
CV72453,104740,Elite,2/17/2019,Coupon 3,TV and Video Gaming,1,3,3351.21,3,
BW52697,104747,Platinum,1/8/2019,Coupon 1,Kitchen Appliances,1,3,4053.37,4,
BW52697,104747,Silver,2/27/2019,Coupon 1,Computes and Home Office,2,3,4053.37,5,
BW52697,104747,Bronze,2/15/2019,Coupon 2,TV and Video Gaming,1,1,4053.37,3,
BW80872,104751,Gold,1/8/2019,Coupon 1,Computes and Home Office,3,1,5408.89,3,
BW80872,104751,Silver,2/1/2019,Coupon 1,Kitchen Appliances,1,7,5408.89,4,
BW80872,104751,Silver,2/2/2019,Coupon 1,Smart Electronics,1,1,5408.89,3,
BY88757,104771,Bronze,1/20/2019,Coupon 2,TV and Video Gaming,3,2,4601.63,3,
BY88757,104787,Elite,1/10/2019,Coupon 2,Smart Electronics,3,4,2921.49,4,
BY88757,104798,Platinum,1/24/2019,Coupon 1,Kitchen Appliances,1,4,16922.13,5,
CE21829,104822,Silver,1/10/2019,Coupon 1,Kitchen Appliances,2,2,2730.2,5,
CE21829,104841,Gold,2/3/2019,Coupon 1,TV and Video Gaming,1,2,3891.58,5,
BN87372,104849,Platinum,1/28/2019,Coupon 1,Computes and Home Office,1,3,2816.76,5,
BN87372,104849,Gold,2/6/2019,Coupon 1,Kitchen Appliances,1,2,2816.76,4,
BO21461,104853,Platinum,2/24/2019,Coupon 1,Kitchen Appliances,1,3,5029.67,2,Delayed delivery
BO21461,104853,Silver,1/12/2019,Coupon 1,Kitchen Appliances,1,4,2879.63,4,
BT76268,104853,Silver,2/9/2019,Coupon 1,Kitchen Appliances,1,10,2879.63,2,Other
BT76268,104853,Gold,1/29/2019,Coupon 1,Kitchen Appliances,1,9,2879.63,2,Damaged item(s)
BT76268,104865,Silver,1/3/2019,Coupon 1,Computes and Home Office,1,3,6386.28,5,
AT93647,104865,Elite,1/17/2019,Coupon 2,Computes and Home Office,1,4,6386.28,2,Damaged item(s)
AT93647,104885,Silver,1/25/2019,Coupon 1,Kitchen Appliances,1,4,8986.61,2,Other
AT93647,104885,Bronze,1/17/2019,Coupon 2,Computes and Home Office,2,5,8986.61,2,Missing item(s)
CN22369,104885,Platinum,1/25/2019,Coupon 1,Kitchen Appliances,1,11,8986.61,4,
CN22369,104927,Silver,2/18/2019,Coupon 1,Kitchen Appliances,1,2,4240.93,4,
CN22369,104927,Platinum,1/27/2019,Coupon 1,Computes and Home Office,1,3,4240.93,4,
CO12132,104944,Gold,2/10/2019,Coupon 1,TV and Video Gaming,3,1,10781.61,2,Delayed delivery
AP67935,104960,Gold,1/14/2019,Coupon 3,Kitchen Appliances,2,1,2551.23,2,Poor description
AP67935,104982,Silver,1/29/2019,Coupon 1,Computes and Home Office,2,3,3312.32,5,
AP67935,105030,Platinum,1/19/2019,Coupon 1,Kitchen Appliances,3,3,5481.5,3,
AP98768,105034,Platinum,2/18/2019,Coupon 1,Kitchen Appliances,1,1,6966.14,2,Missing item(s)
AP98768,105034,Gold,1/31/2019,Coupon 1,TV and Video Gaming,3,4,6966.14,4,
AP98768,105042,Platinum,2/4/2019,Coupon 1,Smart Electronics,1,2,8982.85,4,
BD53342,105042,Platinum,1/30/2019,Coupon 1,Smart Electronics,1,3,8982.85,3,
BD53342,105055,Bronze,1/11/2019,Coupon 2,TV and Video Gaming,1,2,6291.59,3,
BD53342,105055,Silver,2/4/2019,Coupon 3,Kitchen Appliances,1,4,6291.59,2,Damaged item(s)
BE62503,105063,Silver,1/14/2019,Coupon 1,Smart Electronics,1,3,7251.33,5,
BE62503,105063,Silver,2/3/2019,Coupon 1,Smart Electronics,1,1,7251.33,1,Delayed delivery
BE62503,105073,Platinum,2/26/2019,Coupon 1,Kitchen Appliances,3,3,7562.82,1,Other
CM59084,105073,Elite,2/17/2019,Coupon 2,Kitchen Appliances,2,10,7562.82,3,
CM59084,105074,Elite,1/25/2019,Coupon 2,Computes and Home Office,1,2,2799.75,4,
CM59084,105074,Bronze,1/18/2019,Coupon 2,TV and Video Gaming,1,20,2799.75,1,Delayed delivery
CM88932,105082,Silver,2/9/2019,Coupon 1,Smart Electronics,1,2,5106.11,1,Poor description
CM88932,105095,Platinum,1/27/2019,Coupon 1,Kitchen Appliances,3,1,8694,3,
CM88932,105095,Elite,1/9/2019,Coupon 2,Kitchen Appliances,3,7,8694,3,
BZ85280,105095,Platinum,2/6/2019,Coupon 1,Computes and Home Office,1,7,8694,2,Damaged item(s)
CO44221,105106,Bronze,1/9/2019,Coupon 2,Computes and Home Office,2,1,8717.56,3,
CO44221,105107,Platinum,1/13/2019,Coupon 1,Kitchen Appliances,1,4,3651.69,3,
CS93971,105108,Silver,2/10/2019,Coupon 1,Smart Electronics,1,3,3515.46,3,
CS93971,105108,Silver,2/4/2019,Coupon 1,Smart Electronics,2,2,3515.46,5,
CS93971,105143,Silver,1/22/2019,Coupon 1,Computes and Home Office,1,3,6997.01,4,
AI47152,105143,VIP,2/16/2019,Coupon 2,Smart Electronics,2,1,6997.01,3,
AI47152,105145,Silver,2/15/2019,Coupon 1,Computes and Home Office,2,3,4839.11,3,
AI47152,105145,Silver,2/1/2019,Coupon 1,Kitchen Appliances,1,10,4839.11,1,Delayed delivery
AK61491,105145,Silver,2/9/2019,Coupon 1,TV and Video Gaming,1,4,4839.11,3,
AK61491,105151,Silver,1/2/2019,Coupon 1,TV and Video Gaming,1,3,8556.42,3,
AK61491,105158,Platinum,1/5/2019,Coupon 1,Computes and Home Office,1,4,8610.67,5,
BH36973,105182,Bronze,2/11/2019,Coupon 2,TV and Video Gaming,1,1,21435.88,1,Damaged item(s)
BH36973,105182,Platinum,2/27/2019,Coupon 1,Smart Electronics,1,4,21435.88,3,
BN90616,105191,Platinum,1/13/2019,Coupon 1,Kitchen Appliances,1,2,2231.79,2,Missing item(s)
BN90616,105193,Platinum,1/5/2019,Coupon 1,Kitchen Appliances,3,2,8838.09,3,
BV86143,105193,Bronze,1/19/2019,Coupon 2,Kitchen Appliances,3,2,8838.09,2,Damaged item(s)
BV86143,105193,Platinum,1/19/2019,Coupon 1,Kitchen Appliances,1,4,8838.09,4,
BV86143,105201,Silver,1/8/2019,Coupon 1,Smart Electronics,2,1,8873.53,4,
BK59444,105201,Platinum,2/1/2019,Coupon 1,Computes and Home Office,1,3,8873.53,5,
BK59444,105201,Platinum,1/19/2019,Coupon 1,Smart Electronics,1,4,8873.53,2,Damaged item(s)
BK59444,105201,Silver,2/26/2019,Coupon 1,Computes and Home Office,2,4,8873.53,3,
BZ44726,105204,Bronze,1/30/2019,Coupon 2,Smart Electronics,1,4,2710.15,4,
BZ44726,105204,Platinum,1/30/2019,Coupon 1,Kitchen Appliances,1,7,2710.15,4,
BZ44726,105204,Bronze,1/27/2019,Coupon 2,Computes and Home Office,1,4,2710.15,4,
CV31235,105214,Platinum,2/8/2019,Coupon 1,Kitchen Appliances,3,4,5897.99,5,
CV31235,105214,Platinum,2/23/2019,Coupon 1,TV and Video Gaming,1,20,5897.99,4,
CV31235,105225,Bronze,1/27/2019,Coupon 2,Kitchen Appliances,1,2,14091.19,3,
CW82151,105225,Platinum,2/10/2019,Coupon 1,Computes and Home Office,1,4,14091.19,3,
CW82151,105225,Platinum,1/18/2019,Coupon 1,Computes and Home Office,1,1,14091.19,2,Delayed delivery
AU46443,105225,Platinum,1/24/2019,Coupon 1,Kitchen Appliances,2,3,14091.19,3,
AU46443,105235,Silver,2/26/2019,Coupon 1,TV and Video Gaming,1,4,6930.63,5,
AU46443,105244,Bronze,1/20/2019,Coupon 2,Kitchen Appliances,3,2,9135.29,4,
AV96010,105244,Platinum,1/24/2019,Coupon 1,Kitchen Appliances,1,10,9135.29,1,Delayed delivery
AV96010,105244,Bronze,1/29/2019,Coupon 2,Kitchen Appliances,1,1,9135.29,4,
AV96010,105251,Gold,1/16/2019,Coupon 1,Kitchen Appliances,2,4,5074.25,3,
AW18068,105265,Gold,2/8/2019,Coupon 1,Kitchen Appliances,1,1,8858.35,3,
BJ65040,105265,Platinum,1/13/2019,Coupon 1,Computes and Home Office,1,2,8858.35,5,
BJ65040,105265,Platinum,2/4/2019,Coupon 1,Smart Electronics,1,1,8858.35,4,
BJ65040,105308,Platinum,1/14/2019,Coupon 1,TV and Video Gaming,1,1,2497.53,5,
BM70908,105335,Gold,1/4/2019,Coupon 1,Kitchen Appliances,1,1,11611.95,3,
BM70908,105335,Platinum,1/28/2019,Coupon 1,TV and Video Gaming,1,12,11611.95,1,Damaged item(s)
BW25236,105335,Platinum,1/14/2019,Coupon 1,Computes and Home Office,3,12,11611.95,2,Missing item(s)
BW25236,105345,Gold,1/7/2019,Coupon 3,Computes and Home Office,3,3,9220.01,3,
BW25236,105345,Platinum,2/19/2019,Coupon 1,Smart Electronics,1,3,9220.01,3,
BW46202,105352,Platinum,1/3/2019,Coupon 1,Kitchen Appliances,1,1,3923.27,5,
BW46202,105352,Platinum,2/8/2019,Coupon 1,Computes and Home Office,1,2,3923.27,2,Poor description
BW46202,105371,Bronze,1/24/2019,Coupon 2,Kitchen Appliances,1,1,4434.41,5,
BZ85280,105371,Silver,2/19/2019,Coupon 1,Computes and Home Office,3,4,4434.41,4,
BZ85280,105377,Silver,2/6/2019,Coupon 1,Smart Electronics,1,4,2924.98,3,
CF46699,105392,Platinum,2/28/2019,Coupon 1,Computes and Home Office,1,3,3652.67,4,
CF46699,105392,Gold,2/4/2019,Coupon 1,Smart Electronics,1,3,3652.67,5,
CO44221,105392,Gold,2/14/2019,Coupon 1,Smart Electronics,1,1,3652.67,3,
AF49625,105434,Silver,1/30/2019,Coupon 1,Computes and Home Office,1,3,4920.77,3,
AF49625,105434,Platinum,1/5/2019,Coupon 1,Computes and Home Office,1,5,4920.77,5,
AF49625,105434,Platinum,2/6/2019,Coupon 1,Computes and Home Office,1,9,4920.77,1,Missing item(s)
AG45299,105439,Elite,1/12/2019,Coupon 2,TV and Video Gaming,3,2,5255.58,5,
AG45299,105439,Silver,1/11/2019,Coupon 1,Kitchen Appliances,2,7,5255.58,3,
BD35676,105439,Gold,1/11/2019,Coupon 1,TV and Video Gaming,1,4,5255.58,1,Delayed delivery
BD35676,105441,Platinum,1/29/2019,Coupon 1,Computes and Home Office,3,3,9552.93,5,
BD35676,105441,Platinum,1/4/2019,Coupon 1,TV and Video Gaming,1,3,9552.93,5,
AT62618,105473,Gold,1/19/2019,Coupon 1,Smart Electronics,1,3,18361.56,2,Damaged item(s)
CU36986,105473,Platinum,1/6/2019,Coupon 1,Kitchen Appliances,1,3,18361.56,4,
CU36986,105473,Gold,2/21/2019,Coupon 1,Computes and Home Office,2,2,18361.56,4,
CU36986,105473,Bronze,1/9/2019,Coupon 2,Kitchen Appliances,1,3,18361.56,2,Poor description
CW98845,105490,Silver,1/15/2019,Coupon 1,TV and Video Gaming,2,4,51016.07,4,
CW98845,105495,Platinum,2/23/2019,Coupon 1,Smart Electronics,1,4,6863.12,1,Missing item(s)
CW98845,105508,Platinum,1/21/2019,Coupon 1,Kitchen Appliances,3,2,3683.47,4,
AT62618,105521,Silver,2/11/2019,Coupon 1,Computes and Home Office,1,4,2388.35,3,
BV98316,105521,Silver,2/19/2019,Coupon 1,Kitchen Appliances,1,3,2388.35,2,Delayed delivery
BV98316,105537,Silver,2/4/2019,Coupon 1,Kitchen Appliances,3,4,13599.92,1,Damaged item(s)
BV98316,105537,Bronze,2/20/2019,Coupon 2,TV and Video Gaming,1,19,13599.92,2,Damaged item(s)
AT62618,105552,Gold,1/24/2019,Coupon 1,Kitchen Appliances,3,4,8256.3,4,
AY88788,105557,Gold,1/31/2019,Coupon 1,Kitchen Appliances,1,4,5061.18,1,Other
AY88788,105568,Bronze,2/21/2019,Coupon 2,Smart Electronics,1,4,5012.08,4,
AY88788,105573,Platinum,1/28/2019,Coupon 1,Computes and Home Office,1,3,13083.49,2,Other
BB11622,105573,Platinum,1/2/2019,Coupon 1,Kitchen Appliances,2,4,13083.49,3,
BF72793,105587,Platinum,2/26/2019,Coupon 1,Kitchen Appliances,1,2,4734.26,3,
BF72793,105587,Gold,1/29/2019,Coupon 1,TV and Video Gaming,1,1,4734.26,4,
BF72793,105587,Gold,1/6/2019,Coupon 1,Smart Electronics,2,3,4734.26,5,
BH28530,105621,Silver,2/12/2019,Coupon 1,Computes and Home Office,2,1,9028.31,1,Missing item(s)
BH28530,105625,Platinum,1/28/2019,Coupon 1,Kitchen Appliances,1,4,4236.81,4,
BH28530,105628,Gold,1/23/2019,Coupon 1,TV and Video Gaming,1,4,6624.61,4,
BV16459,105651,Elite,2/5/2019,Coupon 2,TV and Video Gaming,3,3,7914.82,1,Poor description
BV16459,105665,Silver,2/22/2019,Coupon 1,Kitchen Appliances,1,3,7542.71,3,
BV16459,105665,Bronze,1/9/2019,Coupon 2,Computes and Home Office,2,2,7542.71,4,
CF57022,105669,Gold,2/18/2019,Coupon 1,Computes and Home Office,3,4,2864.54,4,
CF57022,105669,Silver,2/12/2019,Coupon 1,Smart Electronics,1,9,2864.54,2,Other
CF57022,105669,Silver,2/2/2019,Coupon 1,Kitchen Appliances,3,4,2864.54,5,
CF85061,105677,Platinum,1/16/2019,Coupon 1,Kitchen Appliances,3,3,23435.73,4,
CF85061,105688,Bronze,2/27/2019,Coupon 2,Kitchen Appliances,1,4,5507.06,4,
CF85061,105699,Silver,1/1/2019,Coupon 1,Kitchen Appliances,1,2,4908.21,3,
CW12066,105699,Silver,2/18/2019,Coupon 1,Kitchen Appliances,1,2,4908.21,2,Other
CW12066,105700,VIP,1/25/2019,Coupon 2,Computes and Home Office,1,4,7944.97,4,
CW27031,105704,Platinum,1/14/2019,Coupon 1,Smart Electronics,1,4,28432,3,
CW27031,105704,Silver,1/14/2019,Coupon 1,Smart Electronics,1,8,28432,1,Other
AM89558,105704,Platinum,2/3/2019,Coupon 1,TV and Video Gaming,1,2,28432,5,
AM89558,105712,Elite,1/20/2019,Coupon 2,Kitchen Appliances,1,1,8311.14,3,
AU94279,105712,Silver,2/26/2019,Coupon 1,Kitchen Appliances,3,3,8311.14,4,
AU94279,105717,VIP,1/20/2019,Coupon 2,Smart Electronics,3,4,22758.91,2,Delayed delivery
BQ51587,105789,Elite,1/12/2019,Coupon 2,Kitchen Appliances,1,4,2943.05,3,
BQ51587,105789,Silver,2/21/2019,Coupon 1,Kitchen Appliances,1,7,2943.05,2,Delayed delivery
BS13062,105789,Platinum,1/28/2019,Coupon 1,Kitchen Appliances,1,1,2943.05,5,
BS13062,105810,Silver,1/5/2019,Coupon 1,Kitchen Appliances,1,1,4191.06,1,Poor description
BS13062,105823,Platinum,1/12/2019,Coupon 1,Kitchen Appliances,1,4,15162.07,1,Other
CN17219,105823,VIP,2/10/2019,Coupon 2,Computes and Home Office,1,3,15162.07,4,
CN17219,105830,Gold,1/20/2019,Coupon 1,TV and Video Gaming,1,4,8509.85,4,
BA17836,105834,Gold,2/19/2019,Coupon 1,Kitchen Appliances,1,2,2937.42,3,
BA17836,105835,Bronze,2/24/2019,Coupon 2,Kitchen Appliances,3,4,4756.13,4,
BA17836,105835,Bronze,2/22/2019,Coupon 2,Computes and Home Office,2,1,4756.13,2,Damaged item(s)
BB11622,105836,Silver,1/26/2019,Coupon 1,Kitchen Appliances,2,1,7564.61,4,
BB11622,105841,Platinum,2/17/2019,Coupon 1,TV and Video Gaming,2,1,17420.57,1,Damaged item(s)
CA56041,105852,Platinum,2/9/2019,Coupon 1,Smart Electronics,1,4,7914.82,3,
CA56041,105852,Platinum,2/25/2019,Coupon 1,TV and Video Gaming,1,4,26900.27,1,Damaged item(s)
CA56041,105852,Platinum,1/16/2019,Coupon 1,Kitchen Appliances,2,2,26900.27,5,
CB44654,105856,Platinum,2/28/2019,Coupon 1,Kitchen Appliances,1,1,5306.16,2,Delayed delivery
CB44654,105856,Elite,1/1/2019,Coupon 3,TV and Video Gaming,1,10,5306.16,1,Delayed delivery
CB44654,105862,VIP,1/9/2019,Coupon 2,Computes and Home Office,1,2,11793.13,3,
CM95716,105898,Gold,1/6/2019,Coupon 1,Smart Electronics,1,4,6005.21,4,
CM95716,105898,Silver,1/12/2019,Coupon 1,Kitchen Appliances,2,3,6005.21,2,Damaged item(s)
CM95716,105898,Silver,2/18/2019,Coupon 1,Smart Electronics,1,4,6005.21,1,Damaged item(s)
CN90378,105921,Platinum,1/30/2019,Coupon 1,TV and Video Gaming,1,1,7507.46,3,
CN90378,105921,Elite,1/16/2019,Coupon 3,Kitchen Appliances,2,3,5041.45,3,
CN90378,105921,Platinum,1/6/2019,Coupon 1,Computes and Home Office,1,17,7507.46,2,Delayed delivery
BW94308,105921,Platinum,2/15/2019,Coupon 1,Kitchen Appliances,3,21,5041.45,1,Delayed delivery
BW94308,105923,Platinum,2/15/2019,Coupon 1,Smart Electronics,2,1,7899.22,4,
BW94308,105932,Silver,1/10/2019,Coupon 3,Computes and Home Office,1,2,3671.82,5,
BZ12077,105933,Platinum,1/16/2019,Coupon 1,Smart Electronics,1,3,10297,3,
BZ12077,105933,Platinum,2/27/2019,Coupon 1,Computes and Home Office,1,1,10297,3,
BZ12077,105948,Platinum,1/29/2019,Coupon 1,Computes and Home Office,2,4,25585.73,4,
CM78608,105948,Gold,2/9/2019,Coupon 1,Smart Electronics,1,17,25585.73,1,Other
CM78608,105954,Elite,2/17/2019,Coupon 2,Computes and Home Office,1,2,2389.98,4,
BQ51587,105954,Silver,2/18/2019,Coupon 1,Computes and Home Office,2,8,2389.98,4,
AJ89107,105954,Platinum,2/20/2019,Coupon 1,Kitchen Appliances,1,11,2389.98,1,Delayed delivery
AJ89107,105990,Platinum,2/26/2019,Coupon 1,Smart Electronics,2,3,3274.04,5,
AJ89107,105992,Silver,2/1/2019,Coupon 1,Kitchen Appliances,1,4,5905.97,4,
BM39234,105993,Elite,1/23/2019,Coupon 2,Kitchen Appliances,2,1,9688.13,4,
BM39234,106001,Silver,2/28/2019,Coupon 1,Computes and Home Office,2,4,12168.74,4,
BM39234,106001,Gold,2/20/2019,Coupon 1,Kitchen Appliances,3,4,4914.04,2,Delayed delivery
BQ12347,106001,Silver,2/20/2019,Coupon 3,Kitchen Appliances,2,13,4914.04,1,Delayed delivery
BQ12347,106002,Silver,1/27/2019,Coupon 1,Computes and Home Office,2,1,3343.88,4,
BQ12347,106002,Elite,1/17/2019,Coupon 2,TV and Video Gaming,1,2,3343.88,3,
CH85444,106009,Elite,2/27/2019,Coupon 2,Computes and Home Office,1,3,2805.1,2,Poor description
CH85444,106009,Silver,1/16/2019,Coupon 3,TV and Video Gaming,1,12,2805.1,2,Delayed delivery
CH85444,106009,Elite,1/15/2019,Coupon 2,Computes and Home Office,1,5,2805.1,2,Delayed delivery
CT18212,106020,Silver,1/20/2019,Coupon 3,Kitchen Appliances,2,4,11288.17,4,
CT18212,106020,Platinum,2/19/2019,Coupon 1,Kitchen Appliances,1,9,11288.17,1,Delayed delivery
CT18212,106020,Gold,1/13/2019,Coupon 3,Kitchen Appliances,1,8,11288.17,1,Delayed delivery
CU13711,106037,Bronze,2/11/2019,Coupon 2,TV and Video Gaming,3,2,11281.52,4,
AY52869,106038,Gold,1/28/2019,Coupon 1,Kitchen Appliances,1,2,7380.09,3,
AY52869,106041,Platinum,2/23/2019,Coupon 1,Kitchen Appliances,1,4,5325.72,3,
AZ95587,106046,Platinum,2/4/2019,Coupon 1,Kitchen Appliances,1,3,2658.22,4,
AZ95587,106048,Silver,2/11/2019,Coupon 1,Kitchen Appliances,3,3,11315.2,5,
AZ95587,106067,Silver,2/4/2019,Coupon 3,TV and Video Gaming,1,2,5107.62,1,Other
BC66921,106067,Platinum,2/16/2019,Coupon 1,Smart Electronics,1,1,29006.67,4,
BC66921,106067,Platinum,1/5/2019,Coupon 1,Computes and Home Office,1,3,29006.67,3,
BC66921,106067,Platinum,2/11/2019,Coupon 1,TV and Video Gaming,1,4,4699.03,3,
CA52541,106067,Bronze,1/26/2019,Coupon 2,Smart Electronics,2,4,4699.03,1,Damaged item(s)
CA52541,106084,Silver,2/26/2019,Coupon 1,Kitchen Appliances,3,1,4724.79,3,
CA52541,106091,Silver,1/20/2019,Coupon 1,Smart Electronics,1,1,2695.35,4,
CC31456,106099,Gold,1/18/2019,Coupon 3,Kitchen Appliances,1,2,11533.97,3,
CC31456,106101,Bronze,2/27/2019,Coupon 2,TV and Video Gaming,1,3,7173.91,3,
CC31456,106116,Silver,2/8/2019,Coupon 1,Computes and Home Office,1,4,2298.38,3,
CU13711,106127,Gold,1/16/2019,Coupon 1,TV and Video Gaming,3,3,6938.87,3,
CU13711,106127,Platinum,1/15/2019,Coupon 1,Computes and Home Office,1,2,6938.87,3,
CV29889,106163,Bronze,2/28/2019,Coupon 2,Computes and Home Office,1,1,8558.93,4,
CV29889,106168,Bronze,2/9/2019,Coupon 2,Computes and Home Office,1,4,7553.94,3,
CV29889,106169,Platinum,2/20/2019,Coupon 1,Computes and Home Office,1,3,4961.57,4,
CV35709,106169,Gold,1/6/2019,Coupon 3,Smart Electronics,3,1,4961.57,3,
CV35709,106169,Platinum,2/16/2019,Coupon 1,Computes and Home Office,1,2,4961.57,3,
CW12066,106171,Platinum,2/10/2019,Coupon 1,Computes and Home Office,1,1,6535.56,1,Poor description