{"metadata":{"asset_id":"dc535aee-d156-482e-85c1-6d894bc552d3","asset_attributes":["data_asset"],"name":"EDUCATION.csv","asset_type":"data_asset","created_at":"2021-09-20T22:05:10Z","description":"","origin_country":"us","owner_id":"1000331025","project_id":"3dcc0d6a-54dd-439c-b0d3-67ac49adbf7d","size":282,"tags":[],"usage":{"last_update_time":1632175511070,"last_updated_at":"2021-09-20T22:05:11Z"}},"entity":{"data_asset":{"mime_type":"text/csv","dataset":false}},"attachments":[{"id":"8085179f-4175-42b4-aeb4-0add8bd4482b","version":2,"asset_type":"data_asset","name":"EDUCATION.csv","mime":"text/csv","datasource_type":"81bafdbd-b7c6-45c5-a4fd-6ec135f66f4e","object_key":"data_asset/EDUCATION.csv","creator_id":"icp4d-dev","create_time":1632175510971,"size":282,"is_remote":false,"is_managed":false,"is_referenced":true,"is_object_key_read_only":false,"is_user_provided_path_key":true,"transfer_complete":true,"is_partitioned":false,"complete_time_ticks":1632175510971,"user_data":{},"test_doc":0,"handle":{"key":"data_asset/EDUCATION.csv","upload_id":"done","max_part_num":1},"usage":{"access_count":0,"last_accessor_id":"icp4d-dev","last_access_time":1632175510971}}]}