{"metadata":{"asset_id":"8bed0080-438e-43d1-8de4-3d42bedff8f6","asset_attributes":["data_asset"],"name":"CST_PROFILES.csv","asset_type":"data_asset","created_at":"2021-09-20T22:05:11Z","description":"","origin_country":"us","owner_id":"1000331025","project_id":"3dcc0d6a-54dd-439c-b0d3-67ac49adbf7d","size":14812921,"tags":[],"usage":{"last_update_time":1632175511892,"last_updated_at":"2021-09-20T22:05:11Z"}},"entity":{"data_asset":{"mime_type":"text/csv","dataset":false}},"attachments":[{"id":"2efd031e-bd20-4ae5-9d7b-1feb770913e3","version":2,"asset_type":"data_asset","name":"CST_PROFILES.csv","mime":"text/csv","datasource_type":"81bafdbd-b7c6-45c5-a4fd-6ec135f66f4e","object_key":"data_asset/CST_PROFILES.csv","creator_id":"icp4d-dev","create_time":1632175511761,"size":14812921,"is_remote":false,"is_managed":false,"is_referenced":true,"is_object_key_read_only":false,"is_user_provided_path_key":true,"transfer_complete":true,"is_partitioned":false,"complete_time_ticks":1632175511761,"user_data":{},"test_doc":0,"handle":{"key":"data_asset/CST_PROFILES.csv","upload_id":"done","max_part_num":1},"usage":{"access_count":0,"last_accessor_id":"icp4d-dev","last_access_time":1632175511761}}]}