{"metadata":{"asset_id":"922ada45-be44-4763-ab05-2027a0a54abe","asset_attributes":["data_asset"],"name":"UtilitiesPaymentRisk-glossary-terms.csv","asset_type":"data_asset","created_at":"2021-09-20T22:05:11Z","description":"","origin_country":"us","owner_id":"1000331025","project_id":"3dcc0d6a-54dd-439c-b0d3-67ac49adbf7d","size":39832,"tags":[],"usage":{"last_update_time":1632175511559,"last_updated_at":"2021-09-20T22:05:11Z"}},"entity":{"data_asset":{"mime_type":"text/csv","dataset":false}},"attachments":[{"id":"8eba6546-332f-4e76-ad01-37a1a979f1e2","version":2,"asset_type":"data_asset","name":"UtilitiesPaymentRisk-glossary-terms.csv","mime":"text/csv","datasource_type":"81bafdbd-b7c6-45c5-a4fd-6ec135f66f4e","object_key":"data_asset/UtilitiesPaymentRisk-glossary-terms.csv","creator_id":"icp4d-dev","create_time":1632175511436,"size":39832,"is_remote":false,"is_managed":false,"is_referenced":true,"is_object_key_read_only":false,"is_user_provided_path_key":true,"transfer_complete":true,"is_partitioned":false,"complete_time_ticks":1632175511436,"user_data":{},"test_doc":0,"handle":{"key":"data_asset/UtilitiesPaymentRisk-glossary-terms.csv","upload_id":"done","max_part_num":1},"usage":{"access_count":0,"last_accessor_id":"icp4d-dev","last_access_time":1632175511436}}]}