{"metadata":{"asset_id":"55f96fc2-780c-4784-8e5b-74a78241c61e","asset_attributes":["data_asset"],"name":"preprocessor_transformer.txt","asset_type":"data_asset","created_at":"2021-09-20T22:05:11Z","description":"","origin_country":"us","owner_id":"1000331025","project_id":"3dcc0d6a-54dd-439c-b0d3-67ac49adbf7d","size":8979,"tags":[],"usage":{"last_update_time":1632175511663,"last_updated_at":"2021-09-20T22:05:11Z"}},"entity":{"data_asset":{"mime_type":"text/plain","dataset":false}},"attachments":[{"id":"74c9d372-292a-4437-974c-a4179cfac7fc","version":2,"asset_type":"data_asset","name":"preprocessor_transformer.txt","mime":"text/plain","datasource_type":"81bafdbd-b7c6-45c5-a4fd-6ec135f66f4e","object_key":"data_asset/preprocessor_transformer.txt","creator_id":"icp4d-dev","create_time":1632175511456,"size":8979,"is_remote":false,"is_managed":false,"is_referenced":true,"is_object_key_read_only":false,"is_user_provided_path_key":true,"transfer_complete":true,"is_partitioned":false,"complete_time_ticks":1632175511456,"user_data":{},"test_doc":0,"handle":{"key":"data_asset/preprocessor_transformer.txt","upload_id":"done","max_part_num":1},"usage":{"access_count":0,"last_accessor_id":"icp4d-dev","last_access_time":1632175511456}}]}