{"metadata":{"asset_id":"5eb8a9a6-c872-45bd-9b88-1e74d93c7982","asset_attributes":["data_asset"],"name":"utilities-payment-risk-prediction-map-terms.csv","asset_type":"data_asset","created_at":"2021-09-21T00:17:19Z","description":"","origin_country":"us","owner_id":"1000331025","project_id":"3dcc0d6a-54dd-439c-b0d3-67ac49adbf7d","size":5488,"tags":[],"usage":{"last_update_time":1632183440407,"last_updated_at":"2021-09-21T00:17:20Z"}},"entity":{"data_asset":{"mime_type":"text/csv","dataset":false}},"attachments":[{"id":"907b977e-48bd-4c03-b259-2d6d679a92d8","version":2,"asset_type":"data_asset","name":"utilities-payment-risk-prediction-map-terms.csv","mime":"text/csv","datasource_type":"81bafdbd-b7c6-45c5-a4fd-6ec135f66f4e","object_key":"data_asset/utilities-payment-risk-prediction-map-terms.csv","creator_id":"1000331025","create_time":1632183440407,"size":5488,"is_remote":false,"is_managed":false,"is_referenced":true,"is_object_key_read_only":true,"is_user_provided_path_key":true,"transfer_complete":true,"is_partitioned":false,"complete_time_ticks":1632183440407,"user_data":{},"test_doc":0,"handle":{"key":"data_asset/utilities-payment-risk-prediction-map-terms.csv","upload_id":"done","max_part_num":1},"usage":{"access_count":0,"last_accessor_id":"1000331025","last_access_time":1632183440407}}]}