{"metadata":{"asset_id":"a2d3a3a1-3303-43d6-ab15-5e73f61b8200","asset_attributes":["data_asset"],"name":"acceleratorWorkflow.png","asset_type":"data_asset","created_at":"2021-09-20T22:05:11Z","description":"","origin_country":"us","owner_id":"1000331025","project_id":"3dcc0d6a-54dd-439c-b0d3-67ac49adbf7d","size":64149,"tags":[],"usage":{"last_update_time":1632175511616,"last_updated_at":"2021-09-20T22:05:11Z"}},"entity":{"data_asset":{"mime_type":"image/png","dataset":false}},"attachments":[{"id":"509eaa3f-34c2-45b2-a7b3-724e630d7c46","version":2,"asset_type":"data_asset","name":"acceleratorWorkflow.png","mime":"image/png","datasource_type":"81bafdbd-b7c6-45c5-a4fd-6ec135f66f4e","object_key":"data_asset/acceleratorWorkflow.png","creator_id":"icp4d-dev","create_time":1632175511496,"size":64149,"is_remote":false,"is_managed":false,"is_referenced":true,"is_object_key_read_only":false,"is_user_provided_path_key":true,"transfer_complete":true,"is_partitioned":false,"complete_time_ticks":1632175511496,"user_data":{},"test_doc":0,"handle":{"key":"data_asset/acceleratorWorkflow.png","upload_id":"done","max_part_num":1},"usage":{"access_count":0,"last_accessor_id":"icp4d-dev","last_access_time":1632175511496}}]}