{"metadata":{"asset_id":"09f53357-bf63-45b2-b235-a3dd77fcd028","asset_attributes":["data_asset"],"name":"Bill Payment View Creation Query.sql","asset_type":"data_asset","created_at":"2021-09-20T22:05:10Z","description":"","origin_country":"us","owner_id":"1000331025","project_id":"3dcc0d6a-54dd-439c-b0d3-67ac49adbf7d","size":1324,"tags":[],"usage":{"last_update_time":1632175511063,"last_updated_at":"2021-09-20T22:05:11Z"}},"entity":{"data_asset":{"mime_type":"application/octet-stream","dataset":false}},"attachments":[{"id":"02dd3826-1335-4b7e-b1c0-7a6a48f870b0","version":2,"asset_type":"data_asset","name":"Bill Payment View Creation Query.sql","mime":"application/octet-stream","datasource_type":"81bafdbd-b7c6-45c5-a4fd-6ec135f66f4e","object_key":"data_asset/Bill Payment View Creation Query.sql","creator_id":"icp4d-dev","create_time":1632175510956,"size":1324,"is_remote":false,"is_managed":false,"is_referenced":true,"is_object_key_read_only":false,"is_user_provided_path_key":true,"transfer_complete":true,"is_partitioned":false,"complete_time_ticks":1632175510956,"user_data":{},"test_doc":0,"handle":{"key":"data_asset/Bill Payment View Creation Query.sql","upload_id":"done","max_part_num":1},"usage":{"access_count":0,"last_accessor_id":"icp4d-dev","last_access_time":1632175510956}}]}