{"metadata":{"asset_id":"c7fa348e-24ea-4035-b5b6-3e5b5076dfb7","asset_attributes":["data_asset"],"name":"CST_SEGMENT.csv","asset_type":"data_asset","created_at":"2021-09-20T22:05:11Z","description":"","origin_country":"us","owner_id":"1000331025","project_id":"3dcc0d6a-54dd-439c-b0d3-67ac49adbf7d","size":123,"tags":[],"usage":{"last_update_time":1632175511914,"last_updated_at":"2021-09-20T22:05:11Z"}},"entity":{"data_asset":{"mime_type":"text/csv","dataset":false}},"attachments":[{"id":"0abb14c8-b3bd-41f8-af09-cbc3e47abe45","version":2,"asset_type":"data_asset","name":"CST_SEGMENT.csv","mime":"text/csv","datasource_type":"81bafdbd-b7c6-45c5-a4fd-6ec135f66f4e","object_key":"data_asset/CST_SEGMENT.csv","creator_id":"icp4d-dev","create_time":1632175511798,"size":123,"is_remote":false,"is_managed":false,"is_referenced":true,"is_object_key_read_only":false,"is_user_provided_path_key":true,"transfer_complete":true,"is_partitioned":false,"complete_time_ticks":1632175511798,"user_data":{},"test_doc":0,"handle":{"key":"data_asset/CST_SEGMENT.csv","upload_id":"done","max_part_num":1},"usage":{"access_count":0,"last_accessor_id":"icp4d-dev","last_access_time":1632175511798}}]}