{"metadata":{"asset_id":"b76ff2d3-1570-446e-bd76-5b772d15ab23","asset_attributes":["data_asset"],"name":"model output summary.csv","asset_type":"data_asset","created_at":"2021-09-20T22:05:11Z","description":"","origin_country":"us","owner_id":"1000331025","project_id":"3dcc0d6a-54dd-439c-b0d3-67ac49adbf7d","size":4516588,"tags":[],"usage":{"last_update_time":1632270009682,"last_updated_at":"2021-09-22T00:20:09Z"}},"entity":{"data_asset":{"mime_type":"text/csv","dataset":false}},"attachments":[{"id":"184a8300-7ce0-474b-9416-cedec1830fc2","version":2,"asset_type":"data_asset","name":"model output summary.csv","mime":"text/csv","datasource_type":"81bafdbd-b7c6-45c5-a4fd-6ec135f66f4e","object_key":"data_asset/model output summary.csv","creator_id":"icp4d-dev","create_time":1632175511537,"size":4516588,"is_remote":false,"is_managed":false,"is_referenced":true,"is_object_key_read_only":false,"is_user_provided_path_key":true,"transfer_complete":true,"is_partitioned":false,"complete_time_ticks":1632175511537,"user_data":{},"test_doc":0,"handle":{"key":"data_asset/model output summary.csv","upload_id":"done","max_part_num":1},"usage":{"access_count":1,"last_accessor_id":"1000331025","last_access_time":1632270009681,"last_updater_id":"1000331025","last_update_time":1632270009681}}]}