{"metadata":{"asset_id":"be7721c9-3049-49bd-b0cb-14bb148b553e","asset_attributes":["data_asset"],"name":"ACCOUNT.csv","asset_type":"data_asset","created_at":"2021-09-20T22:05:11Z","description":"","origin_country":"us","owner_id":"1000331025","project_id":"3dcc0d6a-54dd-439c-b0d3-67ac49adbf7d","size":60900,"tags":[],"usage":{"last_update_time":1632175511575,"last_updated_at":"2021-09-20T22:05:11Z"}},"entity":{"data_asset":{"mime_type":"text/csv","dataset":false}},"attachments":[{"id":"42f7fd71-a63d-4e89-84ed-b7e09c207a66","version":2,"asset_type":"data_asset","name":"ACCOUNT.csv","mime":"text/csv","datasource_type":"81bafdbd-b7c6-45c5-a4fd-6ec135f66f4e","object_key":"data_asset/ACCOUNT.csv","creator_id":"icp4d-dev","create_time":1632175511443,"size":60900,"is_remote":false,"is_managed":false,"is_referenced":true,"is_object_key_read_only":false,"is_user_provided_path_key":true,"transfer_complete":true,"is_partitioned":false,"complete_time_ticks":1632175511443,"user_data":{},"test_doc":0,"handle":{"key":"data_asset/ACCOUNT.csv","upload_id":"done","max_part_num":1},"usage":{"access_count":0,"last_accessor_id":"icp4d-dev","last_access_time":1632175511443}}]}