{"metadata":{"asset_id":"76999af0-183a-47a5-abd5-41a4d018c3b5","asset_attributes":["data_asset"],"name":"utilities-payment-risk-prediction-dashboard.zip","asset_type":"data_asset","created_at":"2021-09-20T22:05:11Z","description":"","origin_country":"us","owner_id":"1000331025","project_id":"3dcc0d6a-54dd-439c-b0d3-67ac49adbf7d","size":1151602,"tags":[],"usage":{"last_update_time":1632175511952,"last_updated_at":"2021-09-20T22:05:11Z"}},"entity":{"data_asset":{"mime_type":"application/zip","dataset":false}},"attachments":[{"id":"ff2d6957-de8f-443e-ab2e-d681b4c02de9","version":2,"asset_type":"data_asset","name":"utilities-payment-risk-prediction-dashboard.zip","mime":"application/zip","datasource_type":"81bafdbd-b7c6-45c5-a4fd-6ec135f66f4e","object_key":"data_asset/utilities-payment-risk-prediction-dashboard.zip","creator_id":"icp4d-dev","create_time":1632175511836,"size":1151602,"is_remote":false,"is_managed":false,"is_referenced":true,"is_object_key_read_only":false,"is_user_provided_path_key":true,"transfer_complete":true,"is_partitioned":false,"complete_time_ticks":1632175511836,"user_data":{},"test_doc":0,"handle":{"key":"data_asset/utilities-payment-risk-prediction-dashboard.zip","upload_id":"done","max_part_num":1},"usage":{"access_count":0,"last_accessor_id":"icp4d-dev","last_access_time":1632175511836}}]}