{"metadata":{"asset_id":"4ec5b7df-3a36-482a-8ac6-556e63e6e658","asset_attributes":["data_asset"],"name":"autoai_train_data.csv","asset_type":"data_asset","created_at":"2021-09-22T00:32:54Z","description":"","origin_country":"us","owner_id":"1000331025","project_id":"3dcc0d6a-54dd-439c-b0d3-67ac49adbf7d","size":8473772,"tags":[],"usage":{"last_update_time":1632270775381,"last_updated_at":"2021-09-22T00:32:55Z"}},"entity":{"data_asset":{"mime_type":"text/csv","dataset":false}},"attachments":[{"id":"ecaf9ffe-b0b2-46fc-8b17-6aba0541ed80","version":2,"asset_type":"data_asset","name":"autoai_train_data.csv","mime":"text/csv","datasource_type":"81bafdbd-b7c6-45c5-a4fd-6ec135f66f4e","object_key":"data_asset/autoai_train_data.csv","creator_id":"1000331025","create_time":1632270775380,"size":8473772,"is_remote":false,"is_managed":false,"is_referenced":true,"is_object_key_read_only":true,"is_user_provided_path_key":true,"transfer_complete":true,"is_partitioned":false,"complete_time_ticks":1632270775380,"user_data":{},"test_doc":0,"handle":{"key":"data_asset/autoai_train_data.csv","upload_id":"done","max_part_num":1},"usage":{"access_count":0,"last_accessor_id":"1000331025","last_access_time":1632270775380}}]}