{"metadata":{"asset_id":"90e747b3-394e-4582-9dd7-0d042bf5dcc8","asset_attributes":["job"],"name":"2-Model_Scoring_Notebook_Job","asset_type":"job","created_at":"2021-09-20T22:05:14Z","description":"","origin_country":"us","owner_id":"1000331025","project_id":"3dcc0d6a-54dd-439c-b0d3-67ac49adbf7d","size":0,"tags":[],"usage":{"last_update_time":1632175514911,"last_updated_at":"2021-09-20T22:05:14Z"}},"entity":{"job":{"asset_ref_type":"notebook","configuration":{"env_id":"jupconda37-3dcc0d6a-54dd-439c-b0d3-67ac49adbf7d","env_type":"notebook","env_variables":[]},"last_run_initiator":"None","last_run_time":"","last_run_status":"None","last_run_status_timestamp":0,"project_name":"Utilities Payment Risk","asset_ref":"7daac553-1806-41df-ba1e-865f368c181d"}}}