{"metadata":{"asset_id":"d1f96ee6-9643-4ba9-84cd-4bf7e3c325f8","asset_attributes":["notebook"],"name":"0-Map_Business_Terms_to_data_headers","asset_type":"notebook","created_at":"2021-09-22T17:36:22Z","description":"","origin_country":"us","owner_id":"1000331025","project_id":"3dcc0d6a-54dd-439c-b0d3-67ac49adbf7d","size":40005,"tags":["notebook"],"usage":{"last_update_time":1632332493511,"last_updated_at":"2021-09-22T17:41:33Z"}},"entity":{"notebook":{"kernel":{"name":"python3","display_name":"Python 3.7","language":"python"},"originates_from":{"type":"file"},"runtime":{"environment":"jupconda37oce-3dcc0d6a-54dd-439c-b0d3-67ac49adbf7d"}}},"attachments":[{"id":"f22a2f3a-e4a8-4bb5-a5e1-3305648f03d7","version":2,"asset_type":"notebook","name":"attachment for notebook d1f96ee6-9643-4ba9-84cd-4bf7e3c325f8","description":"attachment for notebook d1f96ee6-9643-4ba9-84cd-4bf7e3c325f8","mime":"application/json","datasource_type":"81bafdbd-b7c6-45c5-a4fd-6ec135f66f4e","object_key":"notebook/0-Map_Business_Terms_to_data_headers_r9nNaxfLe.ipynb","creator_id":"1000331025","create_time":1632332183287,"size":40005,"is_remote":false,"is_managed":false,"is_referenced":true,"is_object_key_read_only":false,"is_user_provided_path_key":true,"transfer_complete":true,"is_partitioned":false,"complete_time_ticks":1632332183287,"user_data":{},"test_doc":0,"handle":{"key":"notebook/0-Map_Business_Terms_to_data_headers_r9nNaxfLe.ipynb","upload_id":"done","max_part_num":1},"usage":{"access_count":0,"last_accessor_id":"1000331025","last_access_time":1632332183287}}]}