{"metadata":{"asset_id":"7daac553-1806-41df-ba1e-865f368c181d","asset_attributes":["notebook"],"name":"2-model_scoring_and_app_deployment","asset_type":"notebook","created_at":"2021-09-20T22:05:13Z","description":"","origin_country":"us","owner_id":"icp4d-dev","project_id":"3dcc0d6a-54dd-439c-b0d3-67ac49adbf7d","size":27478,"tags":["notebook"],"usage":{"last_update_time":1632270324891,"last_updated_at":"2021-09-22T00:25:24Z"}},"entity":{"notebook":{"kernel":{"name":"python3","display_name":"Python 3.7","language":"python"},"originates_from":{"type":"file"},"runtime":{"environment":"jupconda37-3dcc0d6a-54dd-439c-b0d3-67ac49adbf7d"}}},"attachments":[{"id":"c302afa4-64e5-4722-a154-2a2f4d3ca132","version":2,"asset_type":"notebook","name":"attachment for notebook 7daac553-1806-41df-ba1e-865f368c181d","description":"attachment for notebook 7daac553-1806-41df-ba1e-865f368c181d","mime":"application/json","datasource_type":"81bafdbd-b7c6-45c5-a4fd-6ec135f66f4e","object_key":"notebook/2-model_scoring_and_app_deployment_bUMPGDuH_.ipynb","creator_id":"1000331025","create_time":1632175513379,"size":27478,"is_remote":false,"is_managed":false,"is_referenced":true,"is_object_key_read_only":false,"is_user_provided_path_key":true,"transfer_complete":true,"is_partitioned":false,"complete_time_ticks":1632175513379,"user_data":{},"test_doc":0,"handle":{"key":"notebook/2-model_scoring_and_app_deployment_bUMPGDuH_.ipynb","upload_id":"done","max_part_num":1},"usage":{"access_count":0,"last_accessor_id":"1000331025","last_access_time":1632175513379}}]}