{"metadata":{"asset_id":"24df2ba5-1a78-4804-b00b-25db2d2be21c","asset_attributes":["notebook"],"name":"1-model_training","asset_type":"notebook","created_at":"2021-09-20T22:05:13Z","description":"","origin_country":"us","owner_id":"icp4d-dev","project_id":"3dcc0d6a-54dd-439c-b0d3-67ac49adbf7d","size":185297,"tags":["notebook"],"usage":{"last_update_time":1632288431709,"last_updated_at":"2021-09-22T05:27:11Z"}},"entity":{"notebook":{"kernel":{"name":"python3","display_name":"Python 3.7","language":"python"},"originates_from":{"type":"file"},"runtime":{"environment":"jupconda37oce-3dcc0d6a-54dd-439c-b0d3-67ac49adbf7d"}}},"attachments":[{"id":"be09147d-96f2-4186-aeb7-0adccd4a393f","version":2,"asset_type":"notebook","name":"attachment for notebook 24df2ba5-1a78-4804-b00b-25db2d2be21c","description":"attachment for notebook 24df2ba5-1a78-4804-b00b-25db2d2be21c","mime":"application/json","datasource_type":"81bafdbd-b7c6-45c5-a4fd-6ec135f66f4e","object_key":"notebook/1-model_training_copy_1_s7T3KUwhs.ipynb","creator_id":"1000331025","create_time":1632175513327,"size":185297,"is_remote":false,"is_managed":false,"is_referenced":true,"is_object_key_read_only":false,"is_user_provided_path_key":true,"transfer_complete":true,"is_partitioned":false,"complete_time_ticks":1632175513327,"user_data":{},"test_doc":0,"handle":{"key":"notebook/1-model_training_copy_1_s7T3KUwhs.ipynb","upload_id":"done","max_part_num":1},"usage":{"access_count":0,"last_accessor_id":"1000331025","last_access_time":1632175513327}}]}