{"metadata":{"asset_id":"0e38bc7c-4641-4bbf-9813-bdbd101b9610","asset_attributes":["wml_pipeline"],"name":"UtilitiesPaymentRiskAutoAI","asset_type":"wml_pipeline","created_at":"2021-09-22T00:36:41Z","description":"","origin_country":"us","owner_id":"1000331025","project_id":"3dcc0d6a-54dd-439c-b0d3-67ac49adbf7d","sandbox_id":"3dcc0d6a-54dd-439c-b0d3-67ac49adbf7d","size":0,"tags":["dsx-project.3dcc0d6a-54dd-439c-b0d3-67ac49adbf7d"],"usage":{"last_update_time":1632271001959,"last_updated_at":"2021-09-22T00:36:41Z"}},"entity":{"wml_pipeline":{"document":{"doc_type":"pipeline","pipelines":[{"id":"autoai","nodes":[{"id":"automl","op":"kube","parameters":{"input_file_separator":",","optimization":{"compute_pipeline_notebooks_flag":true,"daub_adaptive_subsampling_max_mem_usage":25000000000,"holdout_param":0.1,"label":"MISSED_PAYMENT","learning_type":"classification","max_num_daub_ensembles":2,"positive_label":"0.0","run_cognito_flag":true,"scorer_for_ranking":"accuracy"},"output_logs":true,"stage_flag":true},"runtime_ref":"autoai","type":"execution_node"}],"runtime_ref":"hybrid"}],"primary_pipeline":"autoai","runtimes":[{"app_data":{"wml_data":{"hardware_spec":{"base_id":"d0aa1ae8-a889-42e2-a099-041b604b9289","name":"XL"}}},"id":"autoai","name":"auto_ai.kb"}],"version":"2.0"},"ml_version":"4.0.0"}}}