{"metadata":{"asset_id":"c08148a9-c709-4501-b188-e567a2699415","asset_attributes":["wml_pipeline"],"name":"Utilities AutoAI","asset_type":"wml_pipeline","created_at":"2021-09-20T22:05:12Z","description":"","origin_country":"us","owner_id":"1000331025","project_id":"3dcc0d6a-54dd-439c-b0d3-67ac49adbf7d","sandbox_id":"3dcc0d6a-54dd-439c-b0d3-67ac49adbf7d","size":0,"tags":[],"usage":{"last_update_time":1632175512852,"last_updated_at":"2021-09-20T22:05:12Z"}},"entity":{"wml_pipeline":{"document":{"doc_type":"pipeline","pipelines":[{"id":"autoai","nodes":[{"id":"automl","op":"kube","parameters":{"input_file_separator":",","optimization":{"compute_pipeline_notebooks_flag":true,"daub_adaptive_subsampling_max_mem_usage":9000000000,"holdout_param":0.1,"label":"MISSED_PAYMENT","learning_type":"classification","max_num_daub_ensembles":2,"positive_label":"0.0","run_cognito_flag":true,"scorer_for_ranking":"accuracy"},"output_logs":true,"stage_flag":true},"runtime_ref":"autoai","type":"execution_node"}],"runtime_ref":"hybrid"}],"primary_pipeline":"autoai","runtimes":[{"app_data":{"wml_data":{"hardware_spec":{"base_id":"c076e82c-b2a7-4d20-9c0f-1f0c2fdf5a24","name":"M"}}},"id":"autoai","name":"auto_ai.kb"}],"version":"2.0"},"ml_version":"4.0.0"}}}