"ID","FULL_NAME","FIRST_NAME","LAST_NAME","STREET_ADDRESS","CITY","STATE","STATE_CODE","ZIP_CODE","EMAIL_ADDRESS","PHONE_NUMBER","GENDER","SOCIAL_SECURITY_NUMBER","EDUCATION","EMPLOYMENT_STATUS","MARITAL_STATUS"
"100679","Madelle Augie","Madelle","Augie","1420 Beaumont Avenue","Beaumont","California","CA","92223","WWQOOBFM68@mail.com","197-897-2276","Female","990-00-2053","High School or Below","Unemployed","Single"
"100537","Rosa Pays","Rosa","Pays","222 North El Dorado Street","Stockton","California","CA","95202","CEKNLHRW83@mail.com","001-622-9338","Female","868-13-4871","Bachelor","Employed","Married"
"100458","Janine Cockshot","Janine","Cockshot","12602 N Paradise Village Pkwy","Phoenix","Arizona","AZ","85032","CQXHSQVF03@hotmail","970-868-9296","Female","966-43-7072","Master","Employed","Married"
"101432","Tiphanie Paquet","Tiphanie","Paquet","1002 Dixieland Rd","Harlingen","Texas","TX","78552","VGPLRTPD09@outlook.com","139-162-9565","Female","758-96-3726","Bachelor","Unemployed","Single"
"100599","Myrvyn Morriss","Myrvyn","Morriss","15 S. PROSPECT AVE.","Park Ridge","Illinois","IL","60068","XPRRUICZ40@mail.com","566-333-2677","Male","568-96-3195","College","Employed","Married"
"100782","Gayler Haburne","Gayler","Haburne","12197 Sunset Hills Rd","Reston","Virginia","VA","20190","SVCYIYAI84@yahoo.com","221-507-5317","Male","257-37-7236","High School or Below","Unemployed","Married"
"101452","Tonnie Mashal","Tonnie","Mashal","12701 FM 1960 Rd W","Houston","Texas","TX","77065","XOMUNRMM79@yahoo.com","919-633-4252","Male","209-56-9692","High School or Below","Employed","Married"
"100494","Adolph Skitch","Adolph","Skitch","1001 W 75th Street","Woodridge","Illinois","IL","60517","RNOMJQXG34@gmail.com","660-623-9387","Male","321-04-9868","Bachelor","Employed","Married"
"100697","Wynnie Dunnett","Wynnie","Dunnett","100 Northstar Dr","Truckee","California","CA","96161","HSWWRWNI07@gmail.com","594-706-7456","Female","465-64-5020","College","Unemployed","Single"
"100423","Osmond Dunn","Osmond","Dunn","15175 Whittier Blvd.","Whittier","California","CA","90602","QAOAYDDO85@mail.com","702-214-5396","Male","784-45-3049","High School or Below","Medical Leave","Married"
"100695","Waylan Trelevan","Waylan","Trelevan","18325 Aurora Ave N","Shoreline","Washington","WA","98133","GABNVGLT04@gmail.com","550-614-7367","Male","278-62-3821","Doctor","Medical Leave","Married"
"100590","Augustina Garnall","Augustina","Garnall","1414 DS South Foothill Drive","Salt Lake City","Utah","UT","84108","HXYEROED22@gmail.com","220-727-0945","Female","585-17-1378","College","Employed","Divorced"
"100516","Brynne Jurgensen","Brynne","Jurgensen","22435 Ventura Blvd","Woodland Hills","California","CA","91367","UTUVXZRB89@outlook.com","214-445-0143","Female","126-79-5859","Master","Disabled","Divorced"
"100465","Martainn Blackledge","Martainn","Blackledge","208 LAKEWOOD CENTER MALL","Lakewood","California","CA","90712","UPXJGHRD60@gmail.com","364-359-9063","Male","924-97-4055","High School or Below","Disabled","Married"
"100625","Rodrick Jiruca","Rodrick","Jiruca","102 First Avenue","Seattle","Washington","WA","98104","QZZSUVQO50@mail.com","713-774-7420","Male","729-23-5188","High School or Below","Unemployed","Single"
"101700","Josephine Southern","Josephine","Southern","1021 Third Avenue","New York","New York","NY","10021","JKXSMTJO89@outlook.com","766-474-0690","Female","936-97-7457","Bachelor","Employed","Married"
"100350","Launce Wintour","Launce","Wintour","20 SW Second Ave","Rochester","Minnesota","MN","55902","PLRWKQDF52@mail.com","684-512-9102","Male","507-97-0709","Master","Disabled","Divorced"
"100288","Gayler Crosetti","Gayler","Crosetti","1799 Marlow Road","Santa Rosa","California","CA","95401","IHMTCGCH13@mail.com","479-924-1929","Male","814-88-9713","College","Unemployed","Married"
"101477","Fairleigh Trumpeter","Fairleigh","Trumpeter","1351 West Davis","Conroe","Texas","TX","77304","TEFCJEHR98@hotmail","395-345-6429","Male","494-40-2999","High School or Below","Disabled","Married"
"100596","Mariellen Wippermann","Mariellen","Wippermann","1406 Larimer St","Denver","Colorado","CO","80202","YUJURRNN67@gmail.com","755-966-7047","Female","396-25-5547","High School or Below","Unemployed","Married"
"100377","Abramo Everiss","Abramo","Everiss","2221 Palo Verde Ave","Long Beach","California","CA","90815","MDXFDCHZ39@mail.com","424-941-3603","Male","037-48-4148","College","Employed","Married"
"100615","Myron Bewshaw","Myron","Bewshaw","2005 North Ocean Blvd","Myrtle Beach","South Carolina","SC","29577","EUPSFJQA46@mail.com","010-821-1901","Male","788-80-4593","Bachelor","Employed","Divorced"
"100416","Dewitt Mattiello","Dewitt","Mattiello","10604 S. Eastern Avenue","Henderson","Nevada","NV","89052","EPSYWCHO09@outlook.com","869-081-0051","Male","143-58-5837","College","Unemployed","Single"
"100642","Gretta Rown","Gretta","Rown","13503 Camino Del Sol","Sun City West","Arizona","AZ","85375","TUTKYWHQ45@gmail.com","039-505-9985","Female","899-90-8712","Bachelor","Employed","Married"
"100394","Ferguson Cherrington","Ferguson","Cherrington","10300 Federal Blvd.","Federal Heights","Colorado","CO","80260","YSNXMDGW55@hotmail","787-303-4096","Male","994-84-8508","College","Employed","Married"
"100562","Penny Duckhouse","Penny","Duckhouse","16610 Valley View Avenue","La Mirada","California","CA","90638","BHJYGDNA84@hotmail","943-440-2308","Female","837-82-6568","Bachelor","Disabled","Married"
"100785","Waylan Grogona","Waylan","Grogona","1701 California Street","Denver","Colorado","CO","80202","SNNNTKQZ71@hotmail","772-402-5768","Male","656-84-5753","College","Employed","Married"
"101531","Katrine Le Brom","Katrine","Le Brom","1 Airport Rd","Manchester","New Hampshire","NH","3103","MHJBEWZS20@yahoo.com","588-582-5363","Female","478-93-9263","Bachelor","Employed","Married"
"101394","Evelin Heiss","Evelin","Heiss","2043 S. Ellsworth Road","Mesa","Arizona","AZ","85212","QWQILCWD07@mail.com","162-982-3352","Male","265-26-8708","Bachelor","Unemployed","Single"
"100505","Pernell Chansonne","Pernell","Chansonne","14903 South Robert Trail","Rosemount","Minnesota","MN","55068","LWYIYHHJ94@hotmail","445-542-5030","Male","603-57-9819","High School or Below","Medical Leave","Single"
"100384","Cornell Parsell","Cornell","Parsell","1090 State Road 28","Milford","Ohio","OH","45150","JXBIDIVJ39@hotmail","104-702-2549","Male","600-33-4583","Master","Employed","Married"
"101784","Cherrita Hammerberg","Cherrita","Hammerberg","1641 S Stapley Rd","Mesa","Arizona","AZ","85204","WKLOWICR13@gmail.com","889-006-5565","Female","756-61-8683","Bachelor","Unemployed","Married"
"100293","Marice Leyninye","Marice","Leyninye","17200 E Iliff Ave, Unit A-1","Aurora","Colorado","CO","80013","QEXQWWVA78@gmail.com","319-469-1605","Female","136-55-0456","High School or Below","Employed","Married"
"101746","Nata Hildrew","Nata","Hildrew","1983 S Santiem Hwy","Lebanon","Oregon","OR","97355","STPKRJVF76@outlook.com","127-059-2163","Female","099-11-3622","Bachelor","Employed","Married"
"100641","Gaby Verni","Gaby","Verni","1749 Main St","Longmont","Colorado","CO","80501","QNGIGWIG65@gmail.com","734-531-5005","Male","249-18-9824","Master","Employed","Married"
"101448","Farra Aronson","Farra","Aronson","1507C W Bay Area Blvd","Webster","Texas","TX","77598","PGAWUTSB84@yahoo.com","657-474-8717","Female","583-81-7506","College","Employed","Married"
"100698","Johnnie Menicomb","Johnnie","Menicomb","12262 Inwood Road","Dallas","Texas","TX","75244","VOYROBLV95@hotmail","866-358-7510","Male","103-26-4051","High School or Below","Employed","Married"
"100718","Emmott Ambrogini","Emmott","Ambrogini","125 Barrington Town Square Drive","Aurora","Ohio","OH","44202","ATNGXBVS30@yahoo.com","645-270-8085","Male","825-81-2155","College","Employed","Married"
"100703","Konstantin Tanswill","Konstantin","Tanswill","1501 Garth Brooks Blvd","Yukon","Oklahoma","OK","73085","UEBYXBXP61@mail.com","685-781-9461","Male","648-35-8103","High School or Below","Employed","Single"
"100323","Michelina Nealy","Michelina","Nealy","2225 Louisiana","Houston","Texas","TX","77002","RUYKOPES72@yahoo.com","028-605-1137","Female","734-75-2450","College","Employed","Married"
"100668","Jenifer Leborgne","Jenifer","Leborgne","1763 W. Howard St.","Chicago","Illinois","IL","60626","OJLARCFI02@mail.com","282-494-4401","Female","841-89-8940","High School or Below","Employed","Married"
"100597","Michal McCarrick","Michal","McCarrick","22855 NE Park Lane","Wood Village","Oregon","OR","97060","HEXXVEYC02@mail.com","586-195-6740","Male","073-06-3024","College","Unemployed","Married"
"100640","Chaunce Haylor","Chaunce","Haylor","2085 Hamilton Creek Pkwy","Dacula","Georgia","GA","30019","JFBLNALK65@outlook.com","217-784-7933","Male","965-44-3160","High School or Below","Employed","Married"
"100468","Doria Oldroyde","Doria","Oldroyde","1187 Polaris Parkway","Columbus","Ohio","OH","43240","NTLMLEWP81@outlook.com","994-464-7752","Female","244-36-8937","High School or Below","Employed","Married"
"100486","Lisbeth Pretsel","Lisbeth","Pretsel","13 Alpine Dr","Batesville","Indiana","IN","47006","CODFZPPN23@yahoo.com","920-299-5740","Female","181-16-7327","College","Employed","Single"
"100432","Malory Gantz","Malory","Gantz","1530 Old Alabama Road","Roswell","Georgia","GA","30076","LTBAMDGB23@mail.com","032-748-8164","Female","867-06-2757","Master","Employed","Married"
"100386","Hadley Edlestone","Hadley","Edlestone","1613 Southlake Mall Dr.","Merrillville","Indiana","IN","46410","TPYDJFBV53@outlook.com","268-816-8791","Male","017-97-1525","College","Unemployed","Married"
"101505","Cynthy Kleingrub","Cynthy","Kleingrub","201 3rd St.","San Francisco","California","CA","94103","ZJTSNVTX56@yahoo.com","900-756-1388","Female","599-49-9693","Bachelor","Unemployed","Single"
"100581","Bruce Coles","Bruce","Coles","1161 Harrison Ave.","Centralia","Washington","WA","98531","RJXKFSML48@gmail.com","411-808-2847","Male","443-14-6877","High School or Below","Employed","Married"
"101698","Roana Feilden","Roana","Feilden","1011 Market Street","San Diego","California","CA","92101","YUSXIWZO96@yahoo.com","226-186-7002","Female","758-37-3154","College","Unemployed","Single"
"100448","Weider Seint","Weider","Seint","1 North Main Street","Yardley","Pennsylvania","PA","19067","UDGWBABU30@outlook.com","122-273-7421","Male","481-37-1461","Bachelor","Employed","Married"
"100621","Quintilla Moreno","Quintilla","Moreno","1192 East Rt. 70","Cherry Hill","New Jersey","NJ","8034","KVRBCWTP47@outlook.com","072-294-2468","Female","507-55-2399","High School or Below","Unemployed","Married"
"100375","Brigit Heinrici","Brigit","Heinrici","2200 Maple Avenue","Rapid City","South Dakota","SD","57701","KOEXHWYB28@hotmail","771-085-4852","Female","620-81-8870","Doctor","Disabled","Divorced"
"100353","Sianna Kissell","Sianna","Kissell","1951 W Jefferson Ave","Naperville","Illinois","IL","60540","MCBANKHW71@mail.com","959-526-9494","Female","837-29-9853","Master","Medical Leave","Married"
"101789","Barnie MacGinlay","Barnie","MacGinlay","20516 Devonshire Street","Chatsworth","California","CA","91311","YZZNYQFI42@hotmail","223-294-5519","Male","816-99-1175","College","Employed","Married"
"100456","Leonid Elegood","Leonid","Elegood","1 Walden Avenue","Cheektowaga","New York","NY","14225","NDANFYSD91@outlook.com","518-077-3525","Male","582-64-4018","College","Employed","Married"
"100759","Skell Crates","Skell","Crates","10590 Perry Highway","Wexford","Pennsylvania","PA","15090","CWDFLFXM83@yahoo.com","782-417-4492","Male","857-75-7453","College","Unemployed","Single"
"100470","Isadore Dougher","Isadore","Dougher","1525 Cypress Creek Road","Cedar Park","Texas","TX","78613","FHPUBVXK22@gmail.com","663-908-2784","Male","104-40-0770","High School or Below","Unemployed","Single"
"101570","Sloane Thexton","Sloane","Thexton","12742 Ocean Gateway","Ocean City","Maryland","MD","21842","QQXUWUEE90@hotmail","360-356-2031","Male","421-54-0792","Bachelor","Employed","Married"
"100716","Alyse Mulderrig","Alyse","Mulderrig","210 Sixth Avenue","Pittsburgh","Pennsylvania","PA","15222","MAEXPEPP75@hotmail","516-740-7664","Female","418-65-3990","College","Disabled","Married"
"100729","Janine McCreath","Janine","McCreath","177 Route 17 South","Paramus","New Jersey","NJ","7652","MHVQQCSP86@mail.com","601-866-4080","Female","068-08-2079","High School or Below","Employed","Married"
"100443","Mordecai Lindop","Mordecai","Lindop","16500 N.E. 74th","Redmond","Washington","WA","98052","MZHWVCRP55@yahoo.com","507-366-3443","Male","410-84-6759","Bachelor","Employed","Married"
"100691","Rosanne Teenan","Rosanne","Teenan","1670 Broadway","Denver","Colorado","CO","80202","SZSVNQAJ10@outlook.com","287-741-6222","Female","134-69-7007","Bachelor","Employed","Married"
"100784","Marissa Rampling","Marissa","Rampling","1907 Gallatin Pike North","Madison","Tennessee","TN","37115","NLTBLKWY01@gmail.com","273-332-6476","Female","411-69-5939","College","Disabled","Married"
"101377","Cleo Casassa","Cleo","Casassa","1900 Aloma Ave","Winter Park","Florida","FL","32792","MVIKJTYO85@mail.com","550-010-2870","Female","843-45-6155","High School or Below","Employed","Single"
"101703","Mag Towne","Mag","Towne","12909 NE 99","Salmon Creek","Washington","WA","98686","AERYITWW44@yahoo.com","040-538-9144","Female","589-44-9428","High School or Below","Employed","Divorced"
"100292","Milicent Caveau","Milicent","Caveau","136-38 Linwood Plaza","Fort Lee","New Jersey","NJ","7024","VRHRCKRS39@gmail.com","960-653-0197","Female","811-94-5034","College","Employed","Married"
"100477","Rachel Brooks","Rachel","Brooks","208 Sepulveda Blvd.","Carson","California","CA","90749","GNVSAVCI94@outlook.com","159-324-1729","Female","328-95-3133","Bachelor","Employed","Married"
"100683","Christy Denecamp","Christy","Denecamp","2051 Gattis School Road","Round Rock","Texas","TX","78664","YGUOOQJM89@outlook.com","821-188-9004","Male","366-28-0371","College","Employed","Single"
"100650","Dita Biglin","Dita","Biglin","2200 South Bell Street","Amarillo","Texas","TX","79106","LSDWPNVS15@mail.com","769-383-4571","Female","600-73-8040","High School or Below","Employed","Single"
"100588","Granger Sambiedge","Granger","Sambiedge","1650 US Hwy 98","Daphne","Alabama","AL","36526","KHLAIXBC63@hotmail","598-469-2539","Male","063-74-7765","Bachelor","Employed","Married"
"100700","Theo Castell","Theo","Castell","199 E Cocoa Beach Causeway","Cocoa Beach","Florida","FL","32931","EWEKNIOP85@yahoo.com","326-879-2409","Female","442-63-5354","High School or Below","Employed","Married"
"100604","Ilario Boulton","Ilario","Boulton","1620 North Main Street","Logan","Utah","UT","84341","UOZEORTW87@yahoo.com","821-902-9186","Male","436-76-0062","College","Employed","Married"
"101739","Rosalia Kitson","Rosalia","Kitson","218 Como Avenue SE","Minneapolis","Minnesota","MN","55414","FDLFWFRR82@mail.com","901-066-3262","Female","201-77-5422","Bachelor","Employed","Married"
"100412","Bink Devons","Bink","Devons","1509 Wadsworth Blvd","Lakewood","Colorado","CO","80215","OAXZFVYR54@gmail.com","989-904-4866","Male","065-21-7923","Bachelor","Unemployed","Single"
"101388","Omar Fackney","Omar","Fackney","2005 Lynnhaven Parkwayl","Virginia Beach","Virginia","VA","23455","YSSPTFZK04@gmail.com","285-866-6733","Male","189-77-4996","College","Unemployed","Single"
"100521","Ahmad Nobriga","Ahmad","Nobriga","10831 Foothill Blvd.","Rancho Cucamonga","California","CA","91730","ZHSMAQGU33@gmail.com","181-926-8848","Male","657-40-5081","Bachelor","Unemployed","Single"
"101399","Sarita Giorgietto","Sarita","Giorgietto","16275 N. Scottsdale Rd.","Scottsdale","Arizona","AZ","85255","RNPJFLUF01@gmail.com","641-118-2345","Female","322-37-0846","College","Employed","Married"
"100733","Krishnah Snartt","Krishnah","Snartt","2 Fairfield Boulevard","Ponte Vedra","Florida","FL","32082","CAUGKTRR87@hotmail","469-677-0654","Male","637-19-1728","Bachelor","Employed","Married"
"100326","Robinette Tame","Robinette","Tame","2203 So. 45th Street","Rogers","Arkansas","AR","72758","FUGEYPGO52@outlook.com","218-656-9359","Female","644-39-3881","High School or Below","Unemployed","Married"
"100506","Hinda Sweeney","Hinda","Sweeney","1130 N Loop 1604 West","San Antonio","Texas","TX","78248","TJRBBMZT74@mail.com","208-466-8905","Female","479-71-3602","High School or Below","Unemployed","Single"
"100422","Jourdain Borrill","Jourdain","Borrill","1101 Peachtree Parkway","Peachtree City","Georgia","GA","30269","MYSKCWNR42@outlook.com","641-890-8070","Male","833-32-1716","High School or Below","Unemployed","Single"
"100724","Agnes Woodfield","Agnes","Woodfield","1101 E Hwy 24","Woodland Park","Colorado","CO","80863","EBVJNRQM53@yahoo.com","720-953-7491","Female","438-41-9110","High School or Below","Disabled","Single"
"100761","Jamaal Duddle","Jamaal","Duddle","102 Lemmons Lane","Gaffney","South Carolina","SC","29341","WJHRRANS90@hotmail","136-500-9560","Male","125-46-2701","Bachelor","Employed","Married"
"101468","Galven McReynold","Galven","McReynold","201 World Way","Los Angeles","California","CA","90045","JRDBSNQG03@hotmail","655-645-8255","Male","123-25-0721","High School or Below","Unemployed","Married"
"100793","Ynes Samwaye","Ynes","Samwaye","1 Crossgates Mall Road","Albany","New York","NY","12203","FAGAUPAM89@hotmail","111-865-3970","Female","135-05-3206","College","Employed","Married"
"100473","Mal Offer","Mal","Offer","1663 Branham Ln","San Jose","California","CA","95118","WQAZTEZA06@gmail.com","089-250-9481","Male","565-90-5651","College","Employed","Married"
"100510","Carolyn Gymlett","Carolyn","Gymlett","1982 Grand River Avenue","Okemos","Michigan","MI","48864","QWWQOIBU57@outlook.com","800-955-1149","Female","044-89-3460","College","Employed","Married"
"100580","Dov Gabriely","Dov","Gabriely","1655 Beacon Street","Brookline","Massachusetts","MA","2146","NZXMPVHS08@yahoo.com","020-660-1540","Male","165-98-3716","Bachelor","Employed","Married"
"101470","Raina Schoenleiter","Raina","Schoenleiter","1005 International Drive","Wilmington","North Carolina","NC","28405","JBGBUJAH20@hotmail","363-636-1414","Female","172-62-8416","High School or Below","Employed","Single"
"101353","Hube Jaskowicz","Hube","Jaskowicz","19511 I-45","Spring","Texas","TX","77388","JGJAQZMX33@outlook.com","866-287-6076","Male","702-56-4873","Master","Retired","Divorced"
"101386","Rey Copp","Rey","Copp","21001 N Tatum Blvd","Phoenix","Arizona","AZ","85050","YGQJKQFU66@yahoo.com","194-771-6396","Female","534-18-4912","Master","Employed","Divorced"
"101494","Lee Shipperbottom","Lee","Shipperbottom","102 FM 544","Murphy","Texas","TX","75094","WAKJCLQZ54@hotmail","939-075-1267","Female","581-49-2678","High School or Below","Employed","Married"
"100320","Norah Shapter","Norah","Shapter","1000 Universal Studios Plaza","Orlando","Florida","FL","32819","UMJCTHZY33@mail.com","415-904-5930","Female","410-90-2673","College","Unemployed","Married"
"101753","Twyla Sarl","Twyla","Sarl","2129 General Booth Blvd","Virginia Beach","Virginia","VA","23454","OPVIGFKN37@outlook.com","434-540-8275","Female","290-16-7392","Master","Employed","Single"
"101458","Brannon Whitley","Brannon","Whitley","1000 North Bristol St.","Newport Beach","California","CA","92660","GPXQRBPW50@hotmail","770-145-1271","Male","296-43-4328","Bachelor","Employed","Single"
"100681","Cyrus Lanham","Cyrus","Lanham","11745 IH-10 West","San Antonio","Texas","TX","78230","GUBCSVCW84@mail.com","386-728-9202","Male","101-57-1793","High School or Below","Employed","Single"
"101423","Maryjo Warratt","Maryjo","Warratt","177 Marshall Street","Syracuse","New York","NY","13210","QJKDTAAT00@mail.com","392-076-5391","Female","102-43-4744","High School or Below","Employed","Single"
"100753","Prent Colliver","Prent","Colliver","1800-19th Street","Sacramento","California","CA","95814","YEKDYFPA43@hotmail","450-899-4778","Male","661-18-8594","High School or Below","Employed","Married"
"100452","Jere Joynt","Jere","Joynt","16850 Jog Rd","Delray Beach","Florida","FL","33446","PGQCHPDQ50@yahoo.com","258-363-6878","Male","323-67-2179","College","Employed","Single"
"100493","Nyssa Besque","Nyssa","Besque","2223 N. Westshore Blvd.","Tampa","Florida","FL","33607","YJKTETAD05@gmail.com","033-957-3831","Female","182-47-3799","Doctor","Employed","Married"
"101588","Nora Sherrard","Nora","Sherrard","19555 Detroit Road","Rocky River","Ohio","OH","44116","IPOSWAEP05@mail.com","419-783-4355","Female","892-66-4628","Master","Employed","Married"
"101456","Dee dee Mugglestone","Dee","dee Mugglestone","20055 Haggerty Road","Northville","Michigan","MI","48167","LQHQTUQT78@yahoo.com","686-477-0101","Female","172-57-8374","Bachelor","Employed","Married"
"100539","Joell Mottershaw","Joell","Mottershaw","2235 Main Street","Green Bay","Wisconsin","WI","54302","NXNKJEKT32@yahoo.com","983-543-9034","Female","643-42-2389","Master","Employed","Married"
"101338","Leroy Beagles","Leroy","Beagles","1175 McVey Ave.","Lake Oswego","Oregon","OR","97035","RFZENRFN54@gmail.com","752-178-1362","Male","935-85-0172","Master","Employed","Married"
"100592","Ellerey Olorenshaw","Ellerey","Olorenshaw","12442 W Ken Caryl Ave","Littleton","Colorado","CO","80127","LJJKBFAX07@mail.com","689-497-7244","Male","264-67-0619","Doctor","Employed","Married"
"100324","Cate Walasik","Cate","Walasik","14900 Manchester Road","Ballwin","Missouri","MO","63011","EHVNNWBC65@gmail.com","078-448-7771","Female","573-72-9205","High School or Below","Employed","Married"
"100322","Tish Allebone","Tish","Allebone","2205 Longmire","College Station","Texas","TX","77845","EYDESAPV34@yahoo.com","698-787-4334","Female","851-70-5168","College","Employed","Married"
"100789","Fred Inge","Fred","Inge","1057 A MacArthur Blvd","San Leandro","California","CA","94577","YCRJDSNR80@yahoo.com","902-346-8063","Male","637-23-4902","College","Employed","Married"
"100338","Joellyn Pilgram","Joellyn","Pilgram","1437 E. Gage Avenue","Los Angeles","California","CA","90001","GOLDZQAS18@gmail.com","529-651-8231","Female","089-28-0917","High School or Below","Employed","Married"
"100587","Jamil Juris","Jamil","Juris","1350 N. Silverbell Rd.","Tucson","Arizona","AZ","85745","GUGSAKKS76@outlook.com","682-395-0937","Male","661-31-0309","High School or Below","Employed","Single"
"100758","Kessia Glasbey","Kessia","Glasbey","2270 Kalakaua Avenue #1800","Honolulu","Hawaii","HI","96815","QEHAXLFW57@hotmail","295-018-9594","Female","747-79-8183","High School or Below","Unemployed","Married"
"101599","Ari Gibling","Ari","Gibling","17901 108th Ave SE","Renton","Washington","WA","98005","HMWNIKLK98@outlook.com","856-617-7329","Male","846-77-4148","College","Employed","Married"
"101324","Florence Grimm","Florence","Grimm","15970 Los Serranos Ctry Club Drive","Chino Hills","California","CA","91709","RTZCWOYY79@hotmail","278-472-2129","Female","271-35-7417","Master","Employed","Divorced"
"101412","Amber Carman","Amber","Carman","11405 SW Beaverton-Hillsdale Hwy","Portland","Oregon","OR","97005","CRYEPPRJ75@mail.com","376-818-4266","Female","306-57-1265","Bachelor","Employed","Divorced"
"100799","Pyotr Goodchild","Pyotr","Goodchild","1152 Commerce Blvd.","Dickson City","Pennsylvania","PA","18519","IHDIVRVO33@mail.com","074-163-1418","Male","774-63-6864","Master","Employed","Single"
"100531","Dorothy Haslewood","Dorothy","Haslewood","198 W. Roosevelt Rd.","Villa Park","Illinois","IL","60181","KKFFOUZC27@gmail.com","414-531-8297","Female","783-45-7380","High School or Below","Unemployed","Single"
"100361","Corty Younghusband","Corty","Younghusband","2013 University Ave.","Oxford","Mississippi","MS","38655","NNSXWNNP40@yahoo.com","492-988-9020","Male","464-61-2065","Bachelor","Unemployed","Single"
"100746","Paulie Chasle","Paulie","Chasle","1505 W 5th Ave","Columbus","Ohio","OH","43212","QBUYAFKP06@yahoo.com","246-599-9728","Female","949-03-0220","Bachelor","Employed","Married"
"101592","Lana Pettigree","Lana","Pettigree","1745 Madison Avenue","Council Bluffs","Iowa","IA","51503","NYHRVBFE53@yahoo.com","208-495-0847","Female","075-72-1228","College","Employed","Single"
"100727","Louis McGlue","Louis","McGlue","1001 E Wooster St","Bowling Green","Ohio","OH","43403","JGOLIRGK80@yahoo.com","784-171-1312","Male","080-77-4391","High School or Below","Unemployed","Single"
"100344","Wilona Fronsek","Wilona","Fronsek","2 Massillon Marketplace Drive SW","Massillon","Ohio","OH","44646","WCJYBTQD21@mail.com","317-502-6848","Female","345-46-7650","High School or Below","Employed","Divorced"
"100645","Rowen Von Salzberg","Rowen","Von Salzberg","120 Sand Island Access Road #4","Honolulu","Hawaii","HI","96819","EUUOHZCU32@yahoo.com","305-911-1073","Male","155-66-5131","College","Retired","Married"
"101320","Sterne Patkin","Sterne","Patkin","2195 E. Shaw Ave","Clovis","California","CA","93611","BNMNLZOE81@gmail.com","188-561-7218","Male","034-61-7492","Master","Unemployed","Single"
"101716","Genevieve Hodgon","Genevieve","Hodgon","1419 S. Broadway Street","Santa Maria","California","CA","93455","AGDHMUDI04@gmail.com","190-141-4005","Female","864-26-1859","High School or Below","Unemployed","Single"
"100693","Dorian Coye","Dorian","Coye","11601 Canyon Rd East","Puyallup","Washington","WA","98373","IUFWVJEC50@yahoo.com","333-524-0017","Male","186-09-7324","Bachelor","Employed","Married"
"100409","Abigale Ingall","Abigale","Ingall","19914 Park Row","Katy","Texas","TX","77449","BETVJHPH23@mail.com","968-608-8438","Female","033-98-4911","High School or Below","Disabled","Married"
"100706","Marjie Flinders","Marjie","Flinders","101 E. Main St","St. Charles","Illinois","IL","60174","EYYASFRP24@mail.com","068-193-8863","Female","333-07-8833","Bachelor","Employed","Married"
"100378","Bette-ann Blose","Bette","ann Blose","11330 51st Ave NW","Gig Harbor","Washington","WA","98332","CXEJAMRQ40@yahoo.com","912-932-0928","Female","069-57-1159","College","Employed","Married"
"100388","Kaine Waggatt","Kaine","Waggatt","10965 Ventura Blvd","Studio City","California","CA","91604","BXIXZWFB06@outlook.com","880-258-6637","Male","098-94-4484","Doctor","Employed","Single"
"100739","Simmonds Beauly","Simmonds","Beauly","200 State Road 312","St. Augustine","Florida","FL","32084","JRNHXDXU49@mail.com","956-017-8359","Male","746-99-1510","College","Unemployed","Married"
"101580","Willamina Leathley","Willamina","Leathley","13170 Central Ave SE","Albuquerque","New Mexico","NM","87123","RDUTGBHV61@outlook.com","293-616-2042","Female","255-22-1672","Doctor","Employed","Single"
"100570","Tucky Eymor","Tucky","Eymor","1501 State Hwy 7","Hopkins","Minnesota","MN","55305","KOZCYSXT33@gmail.com","251-356-8697","Male","849-24-7977","Bachelor","Unemployed","Single"
"100399","Shani Furmenger","Shani","Furmenger","20 N. SUMMERLIN AVE","Orlando","Florida","FL","32801","YZNDJQCJ94@hotmail","388-595-7478","Female","567-34-7848","College","Employed","Married"
"101537","Hillie Devenny","Hillie","Devenny","10130 South State St","Sandy","Utah","UT","84070","SQQFJXUQ50@gmail.com","524-704-5592","Male","240-56-3078","Bachelor","Employed","Divorced"
"100522","Dexter Walcher","Dexter","Walcher","10105 224th St E","Graham","Washington","WA","98338","XCGMDIDR08@hotmail","247-579-9210","Male","377-53-7010","Bachelor","Employed","Married"
"101756","Darill Grayland","Darill","Grayland","2020 Market St.","San Francisco","California","CA","94114","OMABMAME83@yahoo.com","777-898-9848","Male","833-84-7838","Bachelor","Employed","Married"
"101354","Stephen Winstone","Stephen","Winstone","18320 NW Evergreen Pkwy","Aloha","Oregon","OR","97006","VBOYMGKR82@mail.com","047-166-5127","Male","331-59-8535","College","Unemployed","Single"
"100512","Kurtis Lergan","Kurtis","Lergan","205 N. McDowell","Petaluma","California","CA","94954","KGRTQTUY47@outlook.com","391-545-7204","Male","621-00-1064","Bachelor","Medical Leave","Married"
"101430","Winthrop Yankishin","Winthrop","Yankishin","140 W Gage","Richland","Washington","WA","99352","ONHLRASX06@gmail.com","893-080-0158","Male","859-57-0859","Doctor","Employed","Married"
"100601","Thane Hinzer","Thane","Hinzer","111 Hwy 290 West","Brenham","Texas","TX","77833","YHNAALWN13@gmail.com","719-506-4400","Male","703-16-1883","High School or Below","Employed","Married"
"101549","Dalia Butrimovich","Dalia","Butrimovich","105 B Post Office Drive","Aptos","California","CA","95033","AHINKQEJ74@hotmail","038-119-4005","Female","629-08-6354","College","Employed","Single"
"101524","Maxie Grimsdale","Maxie","Grimsdale","200 Miracle Mile","Coral Gables","Florida","FL","33134","NHYRPXZD62@outlook.com","163-264-3912","Female","339-67-1339","Master","Disabled","Divorced"
"100548","Rafael Dictus","Rafael","Dictus","1304 West University Avenue","Gainesville","Florida","FL","32601","CWRHSIYR15@hotmail","685-486-0281","Male","710-92-7775","High School or Below","Employed","Married"
"101472","Lindsey Merrydew","Lindsey","Merrydew","1702 NW Chipman Road","Lee's Summit","Missouri","MO","64081","LDZJKANZ32@mail.com","251-677-9094","Male","848-07-0265","High School or Below","Employed","Married"
"100536","Cammy Klaggeman","Cammy","Klaggeman","22815 Victory Blvd.","West Hills","California","CA","91307","UMFFKXJE50@gmail.com","357-121-1991","Male","772-41-8207","High School or Below","Unemployed","Single"
"100627","Brenna Calver","Brenna","Calver","10585 W. Indian School Rd","Avondale","Arizona","AZ","85323","FEAATHKF80@outlook.com","360-214-4791","Female","176-46-4824","Master","Employed","Single"
"101754","Elwin MacNeilly","Elwin","MacNeilly","15449 New Hampshire Ave.","Silver Spring","Maryland","MD","20904","DGNDPAGR55@hotmail","663-987-7930","Male","497-87-1097","Bachelor","Employed","Divorced"
"101749","Joy Hulls","Joy","Hulls","2225 Georgia Avenue, NW","Washington","Washington DC","DC","20001","DTKDHPIS90@outlook.com","677-131-0655","Female","675-52-5181","College","Employed","Single"
"100620","Nobe Tremain","Nobe","Tremain","2001 McHenry Ave","Modesto","California","CA","95350","KJJRIOOV35@yahoo.com","245-398-4011","Male","001-18-8016","High School or Below","Unemployed","Single"
"100569","Collin Cawood","Collin","Cawood","1050 Ken Pratt Blvd","Longmont","Colorado","CO","80501","WXTKJXWL71@gmail.com","671-995-3664","Male","223-33-4938","Bachelor","Employed","Divorced"
"100756","Idaline Venn","Idaline","Venn","1939 S Val Vista Dr","Mesa","Arizona","AZ","85204","AXIYDMYG22@outlook.com","859-772-4841","Female","608-32-0681","College","Employed","Divorced"
"100563","Rustie Risdall","Rustie","Risdall","1200 West Main St.","Peoria","Illinois","IL","61606","HQDXXUVX37@hotmail","169-077-3115","Male","420-24-2056","High School or Below","Employed","Married"
"100677","Odessa Seide","Odessa","Seide","1416 Platte River","Denver","Colorado","CO","80202","UVJXVACI33@hotmail","509-558-3189","Female","031-89-8497","Bachelor","Unemployed","Married"
"101722","Alain McIlvoray","Alain","McIlvoray","2107 East Beltline Ave","Grand Rapids","Michigan","MI","49546","ALXOOTQX72@outlook.com","090-056-1384","Male","235-77-2884","College","Unemployed","Divorced"
"100439","Dorey Miner","Dorey","Miner","1911 Boston Post Road","Milford","Connecticut","CT","6460","YYGYYOKS45@outlook.com","870-122-0846","Male","443-70-5848","Master","Employed","Single"
"101363","Arturo Scowcroft","Arturo","Scowcroft","1525 Wilson Blvd.","Arlington","Virginia","VA","22209","PDUESFVW19@yahoo.com","253-009-8081","Male","241-51-7208","High School or Below","Employed","Married"
"100325","Modestine Popland","Modestine","Popland","12850 State Rd 23","Granger","Indiana","IN","46530","QCXUFTOU94@yahoo.com","398-671-0846","Female","906-89-2832","Bachelor","Unemployed","Single"
"100532","Rossie Diche","Rossie","Diche","1515 SR-138","Conyers","Georgia","GA","30013","QKSUARVJ73@hotmail","942-896-9885","Male","216-17-3833","Bachelor","Unemployed","Divorced"
"100589","Lenna Currao","Lenna","Currao","1650 W Northern Lights Blvd","Anchorage","Alaska","AK","99503","XFSFVVXA28@yahoo.com","882-290-4914","Female","374-70-4724","College","Employed","Single"
"101764","Loren Boustead","Loren","Boustead","221 Main Street","Huntington Beach","California","CA","92648","UYSFBIKO90@mail.com","979-939-2599","Female","125-13-3467","Bachelor","Unemployed","Divorced"
"100704","Virgilio Coker","Virgilio","Coker","21 North Park Ave","Rockville Center","New York","NY","11570","BNYJHJXE05@gmail.com","912-278-2134","Male","421-08-6574","College","Employed","Married"
"100741","Rad Roan","Rad","Roan","17396 W. Center Road","Omaha","Nebraska","NE","68130","KCDLHHEW52@mail.com","473-795-4249","Male","480-63-5407","College","Employed","Married"
"100472","Gamaliel O'Shee","Gamaliel","O'Shee","10 Michael Drive","Farmingdale","New York","NY","11735","GZFWZCYT60@mail.com","179-214-7029","Male","588-36-6949","Bachelor","Employed","Divorced"
"100368","Valeria Chaney","Valeria","Chaney","202 W. McMillen","Cincinnati","Ohio","OH","45219","GRJEVREM55@hotmail","858-914-6410","Female","937-59-6276","College","Employed","Married"
"101635","Powell Pote","Powell","Pote","2045 SE Division St","Portland","Oregon","OR","97214","PZYJINQM39@hotmail","987-838-6253","Male","617-37-4466","College","Medical Leave","Married"
"100635","Britni Chilles","Britni","Chilles","2181 Wealthy SE","Grand Rapids","Michigan","MI","49506","GXZDRLJG09@outlook.com","350-795-7551","Female","279-47-6397","High School or Below","Unemployed","Single"
"100411","Shepperd Churchill","Shepperd","Churchill","1695 Hanes Mall Blvd.","Winston-Salem","North Carolina","NC","27103","IYQNTSMY72@yahoo.com","447-962-3269","Male","773-72-6002","College","Employed","Divorced"
"100530","Wilie Harman","Wilie","Harman","1574 South Bascom Ave","San Jose","California","CA","95125","TVIWHTJQ33@gmail.com","272-077-5281","Female","211-38-9172","Master","Unemployed","Married"
"100721","Laurene Mebs","Laurene","Mebs","1400 Kempsville Rd.","Chesapeake","Virginia","VA","23220","RCUUJKJK31@hotmail","605-441-8381","Female","454-31-1255","High School or Below","Employed","Married"
"100676","Any Errington","Any","Errington","1031 Helen Power Drive","Vacaville","California","CA","95687","JHHUHZPL29@yahoo.com","736-474-5466","Male","276-40-1096","College","Unemployed","Single"
"100383","Grantley holmes","Grantley","holmes","10945 State Bridge Rd","Alpharetta","Georgia","GA","30022","OBVCLEDT57@gmail.com","062-731-8507","Male","173-52-2383","Master","Employed","Married"
"100283","Verina Clemenzi","Verina","Clemenzi","140 Woodstock Square Ave","Woodstock","Georgia","GA","30189","PBZNXGVO10@hotmail","003-454-9420","Female","546-10-6700","Bachelor","Unemployed","Married"
"101694","Foster Kincade","Foster","Kincade","228 East Plaza St.","Eagle","Idaho","ID","83616","DAGCTLAG60@mail.com","884-706-3842","Male","768-60-3203","High School or Below","Unemployed","Married"
"100594","Bendite Strippel","Bendite","Strippel","216 Old Tappan Road","Old Tappan","New Jersey","NJ","7675","AFSQLPOU36@gmail.com","375-475-9777","Female","431-57-0637","College","Disabled","Married"
"100337","Odie Woolveridge","Odie","Woolveridge","1355 Junction Highway","Kerrville","Texas","TX","78028","ZEDEUPVH35@hotmail","844-989-7194","Male","441-72-1783","Bachelor","Unemployed","Single"
"100284","Hadrian Banner","Hadrian","Banner","1012 NW 21st Ave","Portland","Oregon","OR","97210","OUNNPHPS10@mail.com","896-122-8369","Male","798-81-5216","High School or Below","Unemployed","Married"
"101360","Catlee Minget","Catlee","Minget","154 Turnpike Road, Rte 9","Southborough","Massachusetts","MA","1772","SNPYRKJD28@gmail.com","216-493-0893","Female","945-96-4295","Bachelor","Unemployed","Divorced"
"100598","Duffy Wickson","Duffy","Wickson","10001 W. Bell Road","Sun City","Arizona","AZ","85351","AEZNTUHN74@mail.com","173-476-2943","Male","614-39-0167","Bachelor","Medical Leave","Married"
"100421","Garrett Tilzey","Garrett","Tilzey","1116 Robbins Rd","Grand Haven","Michigan","MI","48417","YDSHLYON36@mail.com","686-036-8719","Male","023-75-5185","Bachelor","Employed","Divorced"
"100491","Kylie Pead","Kylie","Pead","1100 Ken Pratt Boulevard","Longmont","Colorado","CO","80501","GURNKOIY72@hotmail","525-153-4158","Female","515-10-0863","Bachelor","Unemployed","Single"
"101382","Lottie Burrass","Lottie","Burrass","139 Flatbush Ave","Brooklyn","New York","NY","11217","KUNFVQNU49@yahoo.com","068-593-6076","Female","767-41-5330","College","Employed","Married"
"100382","Clayton Cleminson","Clayton","Cleminson","15824 1st Avenue South","Burien","Washington","WA","98148","PSYJGCHX30@mail.com","441-869-1189","Male","124-65-7814","High School or Below","Employed","Married"
"100633","Romonda Fedynski","Romonda","Fedynski","1701 Jackson St","Golden","Colorado","CO","80401","XGSURXYO78@outlook.com","388-136-0576","Female","564-16-5964","Master","Employed","Single"
"100535","Lilas Jarrell","Lilas","Jarrell","2171 Kent Dairy Rd","Alabaster","Alabama","AL","35007","ELPEEUWR47@outlook.com","839-600-7908","Female","888-63-1258","High School or Below","Unemployed","Single"
"101450","Hilario Hallward","Hilario","Hallward","1 Snowshoe Dr","Snowshoe","West Virginia","WV","26209","PEGKRLMZ64@hotmail","794-641-0854","Male","869-11-0342","Bachelor","Unemployed","Single"
"100567","Myrle Howey","Myrle","Howey","14276 Ocean Hwy","Pawleys Island","South Carolina","SC","29585","WJGGYLIN16@gmail.com","444-684-4756","Female","904-75-2879","Master","Employed","Divorced"
"100273","Elwyn Athridge","Elwyn","Athridge","1000 H St NW","Washington","Washington DC","DC","20001","LHXLRPYL86@mail.com","256-276-7824","Male","705-77-3209","High School or Below","Unemployed","Single"
"100454","Shep Pavluk","Shep","Pavluk","1535 Broadway","New York","New York","NY","10036","JBCVHYBX81@outlook.com","130-928-0818","Male","740-46-2808","Bachelor","Employed","Divorced"
"101405","Alleen Martyn","Alleen","Martyn","226 Westminster Drive","Carlisle","Pennsylvania","PA","17013","XMFPSXPO66@mail.com","211-523-9616","Female","389-98-0444","College","Unemployed","Single"
"100492","Kessia McSkeagan","Kessia","McSkeagan","21365 SW Baler Way","Sherwood","Oregon","OR","97140","EQSCSFFA90@gmail.com","750-559-5579","Female","553-13-3875","College","Unemployed","Single"
"100415","Caritta Whether","Caritta","Whether","1 Adobe Court","Sacramento","California","CA","95821","TDNRKPYX83@mail.com","283-303-7001","Female","714-15-9357","Bachelor","Employed","Married"
"100511","Cyb Wimpeney","Cyb","Wimpeney","20905 Southshore Blvd.","League City","Texas","TX","77573","VWAEJWCI04@outlook.com","784-785-2390","Female","372-90-3767","College","Employed","Married"
"100280","Carlin Weatherburn","Carlin","Weatherburn","200 Public Square","Cleveland","Ohio","OH","44144","SKKEAFQJ85@hotmail","594-857-9057","Female","209-84-9773","High School or Below","Employed","Divorced"
"101385","Bayard Pecht","Bayard","Pecht","110 Trinity Point Drive","Washington Township","Pennsylvania","PA","15301","MVASNFVZ01@hotmail","032-427-6281","Male","463-27-2625","Bachelor","Employed","Single"
"100485","Cob de Wilde","Cob","de Wilde","1276 Town Center Dr","Eagan","Minnesota","MN","55120","UKNPAINX78@hotmail","279-829-8986","Male","185-70-9492","Master","Employed","Divorced"
"100385","Gabi Spraggon","Gabi","Spraggon","16625 362nd Ave","Sandy","Oregon","OR","97055","OGECRDVT42@outlook.com","096-118-7120","Female","590-39-6047","High School or Below","Employed","Married"
"101798","Chrysa Stollmeier","Chrysa","Stollmeier","18730 E Hampden Ave","Aurora","Colorado","CO","80013","ABHKBEFR35@mail.com","469-055-4883","Female","764-79-9742","Master","Employed","Single"
"100279","Sarah Beed","Sarah","Beed","1400 Tuskawilla Road","Winter Springs","Florida","FL","32708","RMYYYDST24@yahoo.com","440-513-1851","Female","401-62-7723","College","Employed","Married"
"100578","Jim Toplis","Jim","Toplis","1401 East Boulevard","Charlotte","North Carolina","NC","28203","DVGTZLJN35@outlook.com","217-262-7195","Male","887-74-9498","Bachelor","Medical Leave","Married"
"101797","Deny Blouet","Deny","Blouet","11275 E Via Linda","Scottsdale","Arizona","AZ","85259","OPMDSPYF93@gmail.com","714-360-4089","Female","085-77-3119","College","Employed","Married"
"100795","Keene Hickisson","Keene","Hickisson","1 Eastridge Mall","San Jose","California","CA","95122","UKGTABLR25@gmail.com","222-427-8288","Male","733-78-8138","Bachelor","Employed","Married"
"100527","Randy Wollard","Randy","Wollard","2241 North Maize Road","Wichita","Kansas","KS","67205","SPORIUZG14@mail.com","214-614-2881","Female","070-44-2057","Bachelor","Unemployed","Single"
"100571","Karlik London","Karlik","London","19955 Katy Fwy","Katy","Texas","TX","77094","SLPBRHRZ49@outlook.com","593-330-2624","Male","541-02-9237","High School or Below","Employed","Married"
"100605","Auroora Eastup","Auroora","Eastup","15000 US 31","Grand Haven","Michigan","MI","49417","FAFYGRIJ61@gmail.com","237-455-9462","Female","988-15-5041","High School or Below","Disabled","Married"
"100533","Will Ollarenshaw","Will","Ollarenshaw","180 Goodman Road East","Southhaven","Mississippi","MS","38671","UJUIAHDF46@hotmail","413-436-3158","Male","854-80-3507","College","Unemployed","Single"
"100306","Penny Boij","Penny","Boij","110  West Lincoln Avenue","Anaheim","California","CA","92805","FITCYLXI31@yahoo.com","968-554-9359","Male","118-30-8804","High School or Below","Unemployed","Married"
"100390","Essy Kollach","Essy","Kollach","15600 Hesperian Boulevard","San Lorenzo","California","CA","94580","JTNSUFHA45@mail.com","929-294-0329","Female","063-14-8823","High School or Below","Employed","Married"
"100623","Isidoro Cootes","Isidoro","Cootes","202 Siemens Dr","Cape Girardeau","Missouri","MO","63701","XNYBLUVE93@yahoo.com","491-723-4293","Male","491-62-5873","College","Employed","Divorced"
"101696","Kathie Bilham","Kathie","Bilham","2090 S Normal","Tempe","Arizona","AZ","85287","EHDGCBFH48@yahoo.com","409-164-2405","Female","347-14-9080","High School or Below","Medical Leave","Married"
"100568","Emelda Gladdolph","Emelda","Gladdolph","17272 Saticoy Street","Van Nuys","California","CA","91406","IJHZUQIL35@mail.com","798-425-4583","Female","715-41-2784","Master","Unemployed","Married"
"101704","Joye Harrill","Joye","Harrill","1200 N Nappanee St","Elkhart","Indiana","IN","46514","LNNORYXI93@hotmail","937-413-8751","Female","382-22-7775","High School or Below","Unemployed","Divorced"
"100381","Rebe Sicely","Rebe","Sicely","1410 East Roseville Parkway","Roseville","California","CA","95661","LZJNHJGP03@yahoo.com","264-035-9169","Female","233-33-6506","High School or Below","Employed","Married"
"100603","Eunice Frampton","Eunice","Frampton","1235 East Higgins Road","Schaumburg","Illinois","IL","60173","RYORMZXF07@hotmail","152-215-8479","Female","597-67-9235","Bachelor","Medical Leave","Married"
"100345","Solomon Stair","Solomon","Stair","1935 S. Campbell","Springfield","Missouri","MO","65898","WCJATLBC71@gmail.com","837-642-7825","Male","125-93-0595","College","Employed","Married"
"100496","Marya Kyngdon","Marya","Kyngdon","1817 E. Southeast Loop 323","Tyler","Texas","TX","75701","GIHNLSOH94@outlook.com","409-626-8646","Female","494-53-3358","High School or Below","Employed","Married"
"101757","Vlad Willimont","Vlad","Willimont","189 Boston Post Road West","Marlborough","Massachusetts","MA","1752","UPWCCSSM25@gmail.com","767-038-6802","Male","045-90-1590","High School or Below","Employed","Divorced"
"101419","Durward Winslade","Durward","Winslade","1790 East Kettleson Rd.","Moses Lake","Washington","WA","98837","GEAGDDMK67@mail.com","515-246-5710","Male","942-70-7483","Master","Disabled","Divorced"
"100565","Devin Muress","Devin","Muress","1509 South Broadway","Edmond","Oklahoma","OK","73034","YGRTXKYR85@yahoo.com","148-800-6777","Male","534-51-8045","College","Employed","Married"
"101707","Elisabet Hewkin","Elisabet","Hewkin","1932 Commerce Street","Yorktown Heights","New York","NY","10598","IVPRDQSF49@mail.com","768-305-3082","Female","556-74-7140","Bachelor","Employed","Married"
"100629","Kasper Kuhn","Kasper","Kuhn","11253 Pines Blvd","Pembroke Pines","Florida","FL","33026","GNAPOYEO21@mail.com","565-246-9670","Male","509-35-8786","High School or Below","Employed","Single"
"101497","Willyt Vinecombe","Willyt","Vinecombe","1735 N Lynn St, Ste 020","Arlington","Virginia","VA","22209","FPMXANLI37@hotmail","545-936-3070","Female","238-96-8889","Doctor","Employed","Married"
"100657","Jayson Whymark","Jayson","Whymark","156 W 52nd St","New York","New York","NY","10019","LFIEBQCC77@mail.com","285-037-5019","Male","965-37-0755","Bachelor","Employed","Single"
"100490","Ernestus Hopfer","Ernestus","Hopfer","121 Tom Hill Sr. Blvd","Macon","Georgia","GA","31210","WYRIPECW50@hotmail","050-318-0709","Male","302-91-4156","College","Unemployed","Single"
"100797","Denny Magauran","Denny","Magauran","16510 Mequon Rd.","Germantown","Wisconsin","WI","53022","GMFOHJWT43@yahoo.com","111-686-1163","Male","281-31-4991","High School or Below","Employed","Married"
"100272","Ede Peacham","Ede","Peacham","1711 North Victory Place","Burbank","California","CA","91502","UPDNCJDD70@hotmail","806-850-2270","Female","484-25-7218","College","Employed","Divorced"
"101763","Heinrick Dimeloe","Heinrick","Dimeloe","10005 Grant St, Unit F","Denver","Colorado","CO","80229","NOVQCUJR06@mail.com","568-226-8171","Male","980-96-5814","Bachelor","Employed","Married"
"100488","Fawne Moniker","Fawne","Moniker","101 N Tyron St","Charlotte","North Carolina","NC","28246","PDLSWHZB05@outlook.com","257-665-8200","Female","796-46-5185","College","Employed","Married"
"100602","Ced Signorelli","Ced","Signorelli","1121 East Springcreek Parkway","Plano","Texas","TX","75074","DIHGMNEE84@gmail.com","432-686-9758","Male","292-27-0436","Bachelor","Employed","Married"
"101624","Dunstan Jay","Dunstan","Jay","12840 West Forest Hills Blvd","Wellington","Florida","FL","33414","XUYOQAFG75@gmail.com","462-489-3300","Male","026-27-5248","High School or Below","Unemployed","Married"
"100334","George Pettendrich","George","Pettendrich","18322 South Governors Highway","Homewood","Illinois","IL","60430","XXKUUIDH78@hotmail","838-084-4145","Male","322-75-0271","College","Retired","Divorced"
"100497","Sebastiano Beine","Sebastiano","Beine","201 E Jefferson Ave","Englewood","Colorado","CO","80110","BARLFOGY54@outlook.com","957-733-9082","Male","726-26-0176","Master","Employed","Married"
"100285","Shellie Bainton","Shellie","Bainton","1569 North Decatur Road","Atlanta","Georgia","GA","30307","FNSFQFCI61@hotmail","871-754-6353","Female","286-86-2669","College","Employed","Married"
"100294","Carmon Burcher","Carmon","Burcher","1 West Flatiron Circle","Broomfield","Colorado","CO","80021","FSSQBPJH99@hotmail","537-406-0031","Female","525-70-1046","Bachelor","Retired","Divorced"
"101731","Berky Malyon","Berky","Malyon","101 W. Main Street","Alhambra","California","CA","91801","HPBQBDCP65@mail.com","273-686-9145","Male","140-86-1370","High School or Below","Employed","Single"
"101453","Harvey Blinco","Harvey","Blinco","138-11 20th Avenue","Whitestone","New York","NY","11356","CUAOXXFR26@outlook.com","327-455-0119","Male","469-89-5926","College","Unemployed","Single"
"101532","Esta Clara","Esta","Clara","2171 Black Rock Turnpike","Fairfield","Connecticut","CT","6430","ZAAMMZQG68@yahoo.com","824-946-2651","Female","637-42-5536","Bachelor","Employed","Divorced"
"100449","Trish Geeves","Trish","Geeves","1045 N Hill Rd","Pickerington","Ohio","OH","43147","RTSWNDAN09@outlook.com","840-044-9379","Female","256-00-5150","Master","Employed","Divorced"
"100425","Kimmy Ecclestone","Kimmy","Ecclestone","1500 N. Green Valley Parkway","Las Vegas","Nevada","NV","89014","SUCCQXZZ52@yahoo.com","476-936-4172","Female","138-18-9400","College","Unemployed","Single"
"100760","Annalise Flacknell","Annalise","Flacknell","206 Lake Drive","Covington","Louisiana","LA","70433","FGCJKOOY03@gmail.com","789-124-2100","Female","995-75-2504","College","Employed","Married"
"101282","Obed Shovelbottom","Obed","Shovelbottom","1015 Ocean Beach Hwy","Longview","Washington","WA","98632","CSWAUAJC33@yahoo.com","099-744-8204","Male","017-08-0068","Master","Employed","Married"
"100671","Boonie Anderton","Boonie","Anderton","20111 Hwy 19","Cranberry Township","Pennsylvania","PA","16066","CMCCJROJ67@mail.com","025-381-3738","Male","566-03-4533","College","Retired","Divorced"
"101491","Rusty Millsom","Rusty","Millsom","11 Webb Place","Dover","New Hampshire","NH","3820","EFHVCCKM15@gmail.com","728-948-9886","Male","765-56-8821","Bachelor","Medical Leave","Married"
"100705","Hayley Danaher","Hayley","Danaher","1 Camino Sobrante","Orinda","California","CA","94563","SNSMUVCI91@mail.com","730-073-3002","Female","591-25-5005","Master","Unemployed","Single"
"100624","Leupold Wiersma","Leupold","Wiersma","1700 S 10th Street","McAllen","Texas","TX","78501","AKVBAMGO73@mail.com","072-867-4583","Male","470-19-0917","High School or Below","Employed","Married"
"100702","Buck Huc","Buck","Huc","2250  Monument Blvd","Concord","California","CA","94520","HRJCPFWZ63@gmail.com","069-667-9962","Male","627-49-1924","Bachelor","Unemployed","Single"
"100730","Brandice Elldred","Brandice","Elldred","130 E. Seneca Street","Ithaca","New York","NY","14850","ROMIRBSZ67@hotmail","808-572-3942","Female","974-07-7437","Doctor","Employed","Married"
"100374","Antonetta Woliter","Antonetta","Woliter","1300 Prospect Ave.","Helena","Montana","MT","59601","KECHSGII28@outlook.com","502-053-2091","Female","117-07-5727","College","Disabled","Married"
"100403","Roze Hutable","Roze","Hutable","1201 Market Street","Philadelphia","Pennsylvania","PA","19107","DPDCICUT05@mail.com","840-524-4920","Female","094-04-3511","Bachelor","Employed","Divorced"
"100389","Griff Ping","Griff","Ping","17308 Ventura Blvd.","Encino","California","CA","91316","QJOKZZGX19@hotmail","410-737-4976","Male","487-67-6497","Bachelor","Unemployed","Married"
"100369","Gavra Missenden","Gavra","Missenden","2015 W. Danforth Rd","Edmond","Oklahoma","OK","73003","ZFPCJXLG95@gmail.com","440-703-7593","Female","874-74-1707","Bachelor","Employed","Single"
"100661","Hamlin Volette","Hamlin","Volette","2100 Roswell Rd.","Marietta","Georgia","GA","30062","VKIGZSAQ90@hotmail","769-832-3683","Male","449-20-2469","Bachelor","Employed","Married"
"100754","Isidro Mathew","Isidro","Mathew","2023-25 West Roscoe Street","Chicago","Illinois","IL","60618","KPYUCGOY33@gmail.com","194-747-3994","Male","856-05-2183","Doctor","Employed","Single"
"101303","Lina Palluschek","Lina","Palluschek","100 College Avenue","Athens","Georgia","GA","30601","SYLMXUID01@hotmail","985-960-1614","Female","619-93-1365","Bachelor","Employed","Divorced"
"101383","Benito Brock","Benito","Brock","1630 Woodlawn Avenue","Charlotte","North Carolina","NC","28209","DXREECXN65@hotmail","901-404-2673","Male","099-44-2868","Bachelor","Employed","Married"
"100662","Aindrea Muehle","Aindrea","Muehle","2201-2219 South Broad Street","Philadelphia","Pennsylvania","PA","19148","YPDPRVBF31@yahoo.com","078-770-9196","Female","376-55-8001","High School or Below","Employed","Single"
"100626","Augie Lavington","Augie","Lavington","1745 South Easton Road","Doylestown","Pennsylvania","PA","18901","CZHZDXHT15@yahoo.com","950-256-1818","Male","782-94-4398","College","Employed","Married"
"100440","Hobard Dawley","Hobard","Dawley","2205 Bel Pre Road","Silver Spring","Maryland","MD","20906","KJWTFWPC09@hotmail","149-266-3375","Male","606-63-5228","College","Unemployed","Single"
"101285","Marjie Machen","Marjie","Machen","14175 W Indian Sch R","Goodyear","Arizona","AZ","85338","OVGMWGGZ12@gmail.com","544-658-4471","Female","324-85-1494","High School or Below","Unemployed","Married"
"101732","Vilhelmina Reubel","Vilhelmina","Reubel","14075 Biscayne St","Miami Beach","Florida","FL","33181","NKDFSVHF86@yahoo.com","937-513-3818","Female","946-09-5852","High School or Below","Unemployed","Single"
"101701","Maitilde Warman","Maitilde","Warman","1822 Willow Road","Northfield","Illinois","IL","60093","NAALPMNB01@outlook.com","021-650-7254","Female","070-09-2752","High School or Below","Employed","Married"
"100436","Gisela Dobbins","Gisela","Dobbins","1501 East Broad Street","Statesville","North Carolina","NC","28625","BKERPQSC71@yahoo.com","180-486-2645","Female","604-60-7369","High School or Below","Unemployed","Single"
"101672","Kania Mannix","Kania","Mannix","10716 Firestone Blvd","Norwalk","California","CA","90650","RSYXKUJW62@outlook.com","112-397-7860","Female","604-09-0967","College","Employed","Divorced"
"100696","Patrizia Doumerc","Patrizia","Doumerc","1450 Ala Moana Blvd.","Honolulu","Hawaii","HI","96814","BHOEUERF99@mail.com","456-109-1449","Female","733-08-9388","High School or Below","Retired","Single"
"100736","Robbie Grimwade","Robbie","Grimwade","1 Penn Plaza Concourse Level","New York","New York","NY","10119","DWNGHUSZ09@yahoo.com","973-451-7909","Female","665-81-1655","Bachelor","Unemployed","Single"
"101670","Nathaniel Lahy","Nathaniel","Lahy","175 N Fairview Ave","Goleta","California","CA","93117","RVEVXVCZ76@gmail.com","034-207-8996","Male","993-94-1087","Bachelor","Unemployed","Married"
"100330","Richmound Stirgess","Richmound","Stirgess","2159 West Belmont Ave.","Chicago","Illinois","IL","60618","CVVFUEUU48@outlook.com","991-377-3645","Male","552-87-1454","Bachelor","Employed","Married"
"100765","Felizio Annakin","Felizio","Annakin","2021 Collier Pkwy","Land O' Lakes","Florida","FL","34639","OSBJFYWT07@mail.com","461-353-1080","Male","053-29-1865","College","Unemployed","Single"
"101407","Rozina Goodisson","Rozina","Goodisson","105 W. Adams","Chicago","Illinois","IL","60603","TFOGMMKG08@yahoo.com","002-549-8073","Female","359-28-3317","Master","Employed","Married"
"100767","Brady Spofforth","Brady","Spofforth","1166 Avenue of the Americas","New York","New York","NY","10036","RUFBTYPO51@gmail.com","487-785-5442","Male","686-28-1693","Bachelor","Employed","Divorced"
"101760","Tabby Boram","Tabby","Boram","1214 South University Ave","Ann Arbor","Michigan","MI","48103","XMEBRNFA49@outlook.com","732-561-5559","Male","009-83-8573","Bachelor","Employed","Married"
"100766","Shelley Shilstone","Shelley","Shilstone","17539 Vierra Canyon","Anderson","California","CA","96007","FQJPGFNF92@hotmail","759-110-8222","Male","936-04-6097","College","Employed","Married"
"100796","Matilde Disley","Matilde","Disley","22000 Salamo Rd.","West Linn","Oregon","OR","97068","IXEZONVX45@yahoo.com","744-900-7775","Female","072-80-6136","Bachelor","Medical Leave","Married"
"100453","Othilia Vincent","Othilia","Vincent","22555 Mission Blvd","Hayward","California","CA","94541","ZOEIFZSM60@mail.com","806-711-1595","Female","800-51-2331","Doctor","Employed","Married"
"100442","Galven Lutwyche","Galven","Lutwyche","2 Camino Sobrante","Orinda","California","CA","94563","EOBJOUEX42@outlook.com","792-630-9880","Male","429-77-3733","Bachelor","Employed","Single"
"100561","Billye Gostall","Billye","Gostall","11400 NE 124th ST","Kirkland","Washington","WA","98034","YEESUYGC96@outlook.com","409-359-3426","Female","711-55-3075","Bachelor","Employed","Married"
"100500","Jaquenette Packman","Jaquenette","Packman","10112 N.E. HALSEY Street","Portland","Oregon","OR","97220","OXPSZRXA97@gmail.com","675-145-4183","Female","313-00-0472","College","Employed","Married"
"101512","Palmer Tytherton","Palmer","Tytherton","21 Neverland Drive","Lewis","Ohio","OH","43035","ETJDTBXI15@mail.com","420-632-2537","Male","920-71-8492","Bachelor","Unemployed","Single"
"101503","Solomon Woolstenholmes","Solomon","Woolstenholmes","1979 Airline Drive","Bossier City","Louisiana","LA","71112","ZQJTCZJR29@yahoo.com","780-714-7451","Male","551-54-1450","Bachelor","Medical Leave","Single"
"100549","Giffie Gore","Giffie","Gore","18931 Bothell Way NE","Bothell","Washington","WA","98011","FIJLRRTF42@gmail.com","232-606-5082","Male","541-45-7309","High School or Below","Employed","Married"
"100551","Farris Loughman","Farris","Loughman","111 West Port Plaza Bldg","Maryland Heights","Missouri","MO","63146","EYFOHZMN66@outlook.com","240-743-0554","Male","051-34-8191","High School or Below","Employed","Married"
"101602","Ameline Tynnan","Ameline","Tynnan","18425 NW West Union Rd","Portland","Oregon","OR","97229","XMSNBICH62@gmail.com","080-042-7589","Female","979-76-7948","Bachelor","Unemployed","Single"
"100444","Haily Wandrack","Haily","Wandrack","2000 W Dimond Blvd","Anchorage","Alaska","AK","99515","GFINUYRN86@yahoo.com","486-364-8583","Male","037-58-9966","College","Retired","Divorced"
"100414","Truman Veneur","Truman","Veneur","101 N. Veterans Parkway","Bloomington","Illinois","IL","61704","SWTVVGRE40@outlook.com","427-181-6492","Male","728-51-2650","College","Employed","Married"
"100792","Magnum Reaveley","Magnum","Reaveley","17245 17th Street","Tustin","California","CA","92780","FDNJMSEE52@gmail.com","175-919-5260","Male","224-91-1700","Bachelor","Unemployed","Single"
"101439","Bibbye Bartolomucci","Bibbye","Bartolomucci","1677 N. Farwell Street","Milwaukee","Wisconsin","WI","53202","AOBXNYLD40@yahoo.com","593-882-4117","Female","498-23-5151","College","Employed","Married"
"100343","Bartholomeo Magrannell","Bartholomeo","Magrannell","1501 Connecticut Avenue NW","Washington","Washington DC","DC","20036","BHYZBOQF80@yahoo.com","469-678-7611","Male","638-74-4807","Bachelor","Employed","Single"
"101389","Ignacio Geelan","Ignacio","Geelan","1050 Park Manor Blvd","Pittsburgh","Pennsylvania","PA","15205","YOZWREZW43@yahoo.com","171-178-1227","Male","818-78-7625","College","Employed","Married"
"100794","Beverlee Consadine","Beverlee","Consadine","16922 Main Street","Hesperia","California","CA","92345","AUJYIYDH39@yahoo.com","111-654-8096","Female","000-42-6834","High School or Below","Employed","Married"
"100579","Rogers Imrie","Rogers","Imrie","1150 South Federal Hwy","Ft. Lauderdale","Florida","FL","33316","NUZEGWOJ34@gmail.com","127-206-7705","Male","543-95-0126","College","Employed","Married"
"101347","Pip Georgeson","Pip","Georgeson","1920 Sears St","Waterloo","Iowa","IA","50702","JFAYZBYN60@gmail.com","971-337-6662","Male","479-65-7898","High School or Below","Employed","Divorced"
"101376","Karisa Strodder","Karisa","Strodder","11150 S. Twenty Mile Rd.","Parker","Colorado","CO","80134","HSRISAXV09@yahoo.com","597-748-8223","Female","208-21-2770","College","Unemployed","Divorced"
"100755","Pat Werlock","Pat","Werlock","180 County Road","Barrington","Rhode Island","Rhode","2806","AUTKQFCE36@outlook.com","065-810-1030","Female","489-39-3589","Bachelor","Disabled","Divorced"
"100424","Carmella Cavendish","Carmella","Cavendish","1783 Eatonton Rd","Madison","Georgia","GA","30650","HYYOMYNR33@yahoo.com","654-523-2199","Female","742-12-6728","Bachelor","Unemployed","Married"
"100405","Helge Spanswick","Helge","Spanswick","2192 N. Rainbow Blvd.","Las Vegas","Nevada","NV","89108","BZYGFBRB25@outlook.com","246-738-3898","Female","152-21-3668","Master","Employed","Married"
"100722","Dmitri Suttaby","Dmitri","Suttaby","100 South Hampton","Clarksville","Tennessee","TN","37040","TFMSCBUE81@hotmail","360-893-4721","Male","178-14-1670","High School or Below","Employed","Married"
"101295","Kathy Flucker","Kathy","Flucker","1050 N. Rte 83","Mundelein","Illinois","IL","60060","MZJIRAUT27@outlook.com","601-812-4906","Female","106-91-6816","Master","Employed","Married"
"100694","Bert Prestie","Bert","Prestie","1960 SE Lund St","Port Orchard","Washington","WA","98366","DAPHMYHP14@gmail.com","870-494-2907","Male","352-50-4489","College","Unemployed","Single"
"101272","Noelyn Larkby","Noelyn","Larkby","1100 Baltimore Pike","Springfield","Pennsylvania","PA","19064","UFWMMLOQ46@outlook.com","022-135-0052","Female","065-34-9437","Master","Employed","Married"
"100445","Sarge Ringrose","Sarge","Ringrose","137 West Wood Street","Palatine","Illinois","IL","60067","QFZZHQUZ98@gmail.com","748-090-4075","Male","037-15-5985","Master","Employed","Married"
"100802","Carlie Phayre","Carlie","Phayre","2104 Airport Freeway","Bedford","Texas","TX","76022","ENZMAKGF65@outlook.com","623-478-3269","Male","263-16-7818","Bachelor","Employed","Divorced"
"100665","Lanae Lashmar","Lanae","Lashmar","1545 S Kipling Ct","Lakewood","Colorado","CO","80226","MQRDSWSV85@yahoo.com","737-562-1205","Female","906-09-1325","College","Retired","Divorced"
"101802","Briano Haburne","Briano","Haburne","1767 King St","Alexandria","Virginia","VA","22314","LZLFNMSB32@outlook.com","588-704-3582","Male","013-85-5120","College","Employed","Single"
"100311","Ricky Burriss","Ricky","Burriss","1011 Hwy 21 South","Oxford","Alabama","AL","36203","SEVUSNPR93@mail.com","599-504-5887","Male","312-64-6209","College","Employed","Divorced"
"100321","Lucas Mabley","Lucas","Mabley","1205 Campbell","Baker City","Oregon","OR","97814","LOULYVLE83@gmail.com","587-845-6216","Male","614-33-4024","High School or Below","Employed","Married"
"101593","Minta Bayles","Minta","Bayles","179 Branham Ln","San Jose","California","CA","95136","IWGAHHCO96@hotmail","136-480-9604","Female","570-36-4839","College","Employed","Divorced"
"100534","Vite O'Hear","Vite","O'Hear","14620 SE McLoughlin Blvd","Milwaukie","Oregon","OR","97222","CCTNAXGB33@outlook.com","367-587-9394","Male","798-10-6191","Doctor","Employed","Single"
"100558","Raimondo Ortzen","Raimondo","Ortzen","1725 74th St","West Des Moines","Iowa","IA","50266","MASJUGOY27@hotmail","146-854-6607","Male","308-94-6117","High School or Below","Employed","Married"
"100745","Koralle Gronow","Koralle","Gronow","110 Oakwood Drive","Winston-Salem","North Carolina","NC","27103","CHANAXVC75@gmail.com","624-835-5047","Female","803-40-2342","Bachelor","Employed","Single"
"101330","Kevon Bolgar","Kevon","Bolgar","126 Broadway","Hillsdale","New Jersey","NJ","7642","ZCXUWYFN31@gmail.com","393-399-5548","Male","425-72-9976","High School or Below","Employed","Married"
"100752","Magda Cicullo","Magda","Cicullo","11 Sloan Street","South Orange","New Jersey","NJ","7079","FEGKBDZQ08@yahoo.com","075-193-7951","Female","915-63-5580","High School or Below","Employed","Married"
"100660","Ammamaria Kroin","Ammamaria","Kroin","1201 North Main St.","Suffolk","Virginia","VA","23434","NJSJGFPZ06@gmail.com","135-811-5301","Female","713-23-1334","College","Unemployed","Single"
"100737","Tawsha Eardley","Tawsha","Eardley","1202 E. Wishkah St.","Aberdeen","Washington","WA","98520","NSAFXURH15@outlook.com","476-671-6484","Female","233-78-3481","Bachelor","Employed","Married"
"100593","Rivi Toffanini","Rivi","Toffanini","201 Spear Street","San Francisco","California","CA","94105","EISQBARN83@mail.com","777-919-3584","Female","780-50-6331","Bachelor","Retired","Divorced"
"100499","Gilberto Kivlin","Gilberto","Kivlin","1621 Big Oak Road","Yardley","Pennsylvania","PA","19067","QCNWWPUJ24@gmail.com","104-595-3916","Male","151-47-2134","College","Employed","Married"
"101365","Clare Feyer","Clare","Feyer","202 Sixth Street","Pittsburgh","Pennsylvania","PA","15222","BDZBRIWS55@outlook.com","347-840-6552","Male","511-71-7303","High School or Below","Employed","Married"
"100347","Virginie Carmody","Virginie","Carmody","1601 S. University Drive","Fargo","North Dakota","ND","58103","OPPHGHKM06@outlook.com","326-643-3190","Female","174-74-6769","High School or Below","Unemployed","Single"
"100749","Ellary Valentinuzzi","Ellary","Valentinuzzi","1942 Middle Country Road","Centereach","New York","NY","11720","XVDIQUQZ62@gmail.com","509-996-3575","Male","779-49-7961","Master","Employed","Married"
"101660","Riannon Zanutti","Riannon","Zanutti","2110 W Great Neck Rd","Virginia Beach","Virginia","VA","23454","ZTFQQQLM78@hotmail","904-670-1636","Female","441-30-5703","Bachelor","Employed","Married"
"101495","Lorine Balentyne","Lorine","Balentyne","2055 W Grand River Ave","Okemos","Michigan","MI","48864","QYAOZAUB58@gmail.com","034-501-3719","Female","375-80-3442","Bachelor","Employed","Married"
"101730","Gene Cawthorn","Gene","Cawthorn","13135 Louetta","Cypress","Texas","TX","77429","NUBVRGBD23@yahoo.com","269-100-9756","Female","939-05-8730","Master","Employed","Divorced"
"100348","Standford Cloughton","Standford","Cloughton","100 Wall Street","New York","New York","NY","10005","EQZJWBPG99@yahoo.com","976-516-5028","Male","891-46-4071","Bachelor","Employed","Married"
"100622","Agnesse Petruk","Agnesse","Petruk","1750 Divisadero Street","San Francisco","California","CA","94115","BNTLYSBP58@outlook.com","161-784-5796","Female","681-73-2886","High School or Below","Employed","Married"
"101770","Denise Pescud","Denise","Pescud","10925 N. Military Trail","Palm Beach","Florida","FL","33410","IGMNODEY25@hotmail","398-663-1014","Female","500-20-8694","High School or Below","Employed","Single"
"100376","Gnni Pyrah","Gnni","Pyrah","2244 North Rock Road Court","Wichita","Kansas","KS","67226","WLOFNPJH41@hotmail","745-845-5254","Female","436-49-7916","High School or Below","Employed","Divorced"
"101334","Orly Mangeney","Orly","Mangeney","1340 Fairview Boulevard","Delran","New Jersey","NJ","8075","HIUCJPPL82@hotmail","225-781-1157","Female","328-65-4220","College","Retired","Single"
"100519","Ewen Brobyn","Ewen","Brobyn","14891 Preston Rd.","Dallas","Texas","TX","75240","RCQZIZJN66@mail.com","416-460-4781","Male","543-52-3621","High School or Below","Retired","Married"
"100524","Preston Keller","Preston","Keller","116 Lake Street South","Kirkland","Washington","WA","98033","JFXYGPXP40@mail.com","164-694-2249","Male","459-38-5106","College","Employed","Married"
"100701","Bobby Bampkin","Bobby","Bampkin","100 Expressway 83","Brownsville","Texas","TX","78520","ECTZWCLY14@hotmail","878-407-8750","Male","920-83-6798","Bachelor","Employed","Married"
"101519","Sebastian Ellgood","Sebastian","Ellgood","1304 Wildcat Drive","Portland","Texas","TX","78374","EZVWLAIP31@outlook.com","070-467-0218","Male","720-73-5446","Bachelor","Employed","Married"
"101421","Gleda Farnie","Gleda","Farnie","176W 9360N Rivercrest Drive","Menomonee Falls","Wisconsin","WI","53051","ZCQWJQDX09@yahoo.com","534-730-4574","Female","405-67-8056","Bachelor","Employed","Married"
"100790","Enrique Isenor","Enrique","Isenor","16964 Slover Ave","Fontana","California","CA","92335","DHXVYXEX36@gmail.com","003-137-7081","Male","828-06-2243","Doctor","Employed","Single"
"100595","Karena Skune","Karena","Skune","2000 Route 38","Cherry Hill","New Jersey","NJ","8002","GCBQXTDW39@gmail.com","668-725-4443","Female","761-01-4946","College","Employed","Married"
"101600","Pebrook Jeckells","Pebrook","Jeckells","1140 W Riverdale Rd","Riverdale","Utah","UT","84405","CMDOXONU45@outlook.com","707-824-2622","Male","747-98-7223","College","Employed","Married"
"100770","Miquela Foyster","Miquela","Foyster","2150 S Downing","Denver","Colorado","CO","80210","NNRPGCVU61@outlook.com","219-793-4604","Female","564-38-6379","Doctor","Employed","Married"
"100684","Tiffie Penman","Tiffie","Penman","214-216 Kings Highway","Haddonfield","New Jersey","NJ","8033","YKLXEDYA14@outlook.com","719-173-3090","Female","338-20-6098","Bachelor","Employed","Married"
"100282","Gregoor Symmers","Gregoor","Symmers","1675 W. 18th & Chambers","Eugene","Oregon","OR","97402","RDCJQSIO07@mail.com","175-227-1659","Male","664-23-1696","Bachelor","Employed","Divorced"
"101626","Archaimbaud Fidilis","Archaimbaud","Fidilis","1071 Alameda De Las Pulgas","Belmont","California","CA","94002","UEEELETP66@gmail.com","401-373-5053","Male","423-64-1459","College","Employed","Married"
"100476","Lenka Betchley","Lenka","Betchley","1428 Marion Waldo Rd","Marion","Ohio","OH","43302","MUGXTPWX40@hotmail","473-167-9964","Female","091-38-2779","Doctor","Medical Leave","Married"
"101627","Wolfy Paramor","Wolfy","Paramor","1134 NW Glisan Street","Portland","Oregon","OR","97209","DGSGHHFM79@hotmail","438-295-1045","Male","175-08-6175","College","Employed","Married"
"100402","Natale Mortlock","Natale","Mortlock","1801 Columbia Road, NW","Washington","Washington DC","DC","20016","ESDCATXJ04@hotmail","606-674-2180","Male","485-97-3147","High School or Below","Medical Leave","Married"
"100591","Beaufort Brownhill","Beaufort","Brownhill","212 New Road","Somers Point","New Jersey","NJ","8244","KMBWKKWR37@yahoo.com","181-423-5298","Male","496-17-7501","High School or Below","Unemployed","Single"
"101415","Skippy Comberbeach","Skippy","Comberbeach","2208 Coffeen Ave","Sheridian","Wyoming","WY","82801","KIZKXNFD72@yahoo.com","233-746-3154","Male","834-89-1379","College","Unemployed","Single"
"101682","Krissy Beeching","Krissy","Beeching","1901 West Street","Annapolis","Maryland","MD","21401","WGEVRIIO76@yahoo.com","964-044-7464","Female","729-00-9328","High School or Below","Employed","Married"
"100398","Lindsay Eliyahu","Lindsay","Eliyahu","2139 Summer Street","Stamford","Connecticut","CT","6904","XYFFYDBE52@gmail.com","053-520-7890","Male","164-51-6225","College","Employed","Divorced"
"100489","Norean Rosbottom","Norean","Rosbottom","222 Cambridge Street","Boston","Massachusetts","MA","2114","VWUSQMHO03@hotmail","400-418-3350","Female","157-22-7125","College","Employed","Married"
"100670","Iolanthe Stonestreet","Iolanthe","Stonestreet","16222 Nordhoff Street","North Hills","California","CA","91343","ETPAVVYN70@outlook.com","842-829-7688","Female","011-99-1943","Doctor","Disabled","Divorced"
"100352","Loren Spellicy","Loren","Spellicy","2045 N Shadeland Ave","Indianapolis","Indiana","IN","46219","KVHICDRD91@mail.com","538-131-4338","Male","308-55-1316","High School or Below","Employed","Married"
"100763","Tiffanie Marvel","Tiffanie","Marvel","2024 Freedom Blvd","Freedom","California","CA","95019","RQCGGJDB20@mail.com","455-207-5390","Female","667-47-9926","College","Employed","Married"
"100618","Marcelo Custy","Marcelo","Custy","1739 Main St","Weston","Florida","FL","33326","GGNBYQCG37@yahoo.com","837-438-2817","Male","480-13-4460","College","Employed","Married"
"100725","Wilmette Griffe","Wilmette","Griffe","101 S Palm Canyon Drive","Palm Springs","California","CA","92262","HSZEUGUM27@yahoo.com","029-745-6938","Female","468-15-8119","Bachelor","Employed","Divorced"
"100319","Ted Edgeson","Ted","Edgeson","1217 S Rangeline Rd","Carmel","Indiana","IN","46032","CIFMIXCA03@hotmail","605-894-8900","Male","587-96-1294","College","Employed","Single"
"100600","Petronille Ovitz","Petronille","Ovitz","1030 Rosecrans Avenue","Fullerton","California","CA","92635","QNAPERRE06@yahoo.com","161-474-0372","Female","245-11-2361","Doctor","Employed","Married"
"101561","Sawyere Praundlin","Sawyere","Praundlin","1011 N. State Rd 135","Greenwood","Indiana","IN","46142","DVLTRZEF92@outlook.com","324-718-8529","Male","891-17-0162","Bachelor","Employed","Single"
"100764","Kandy Hanburry","Kandy","Hanburry","100 River Rd","Tahoe City","California","CA","96145","SCRISSPX94@yahoo.com","309-014-5258","Female","623-05-6880","High School or Below","Unemployed","Married"
"101306","Waiter Mendes","Waiter","Mendes","147 E. Putnam Avenue","Cos Cob","Connecticut","CT","6807","JVNPNRXK75@hotmail","757-923-8473","Male","597-88-3409","College","Disabled","Divorced"
"100798","Pippy Beckensall","Pippy","Beckensall","1605 Mansell Place Rd","Alpharetta","Georgia","GA","30201","CRBJJLHI36@yahoo.com","636-408-7720","Female","838-27-2214","Master","Employed","Married"
"100418","Maryrose Bestall","Maryrose","Bestall","1342 2nd St., NE","Hickory","North Carolina","NC","28601","YVAOSFIY03@mail.com","250-303-8873","Female","345-66-7917","Bachelor","Employed","Married"
"100732","Irving Simcox","Irving","Simcox","1470 Roberts St. South","West St. Paul","Minnesota","MN","55118","EOEGPEWR09@gmail.com","520-188-7614","Male","091-77-1186","College","Medical Leave","Single"
"101578","Bernelle Ionn","Bernelle","Ionn","1075 Vine Street","Healdsburg","California","CA","95448","VNKBVJHU93@outlook.com","553-216-1453","Female","278-53-0716","College","Unemployed","Married"
"100672","Kristian Fydoe","Kristian","Fydoe","2075 Westminster","Houston","Texas","TX","77098","WPLBOBOG98@gmail.com","747-211-3693","Male","651-80-1188","College","Employed","Married"
"101492","Hernando Dodgshun","Hernando","Dodgshun","1850 SW Skyline Blvd","Portland","Oregon","OR","97221","UTUERIMF21@gmail.com","572-487-6308","Male","048-63-1994","Bachelor","Unemployed","Married"
"100450","Tabbie Dermot","Tabbie","Dermot","20035 Ashbrook Commons Plaza","Ashburn","Virginia","VA","20147","FVPZGUXB31@yahoo.com","463-787-2868","Female","701-07-0079","College","Retired","Single"
"100373","Fremont Tothacot","Fremont","Tothacot","11475 E Via Linda","Scottsdale","Arizona","AZ","85259","XYYSZZOY91@mail.com","316-836-9028","Male","670-63-7765","College","Employed","Married"
"100566","Dreddy Dykas","Dreddy","Dykas","1723 South 72nd Street","Tacoma","Washington","WA","98408","OMJRSYUA43@yahoo.com","279-352-7218","Female","265-65-7807","College","Employed","Married"
"100346","Winthrop Mander","Winthrop","Mander","1 S.W. Columbia Street","Portland","Oregon","OR","97258","EJHQKNTS49@yahoo.com","723-185-8279","Male","185-59-5170","College","Employed","Married"
"100451","Shauna Ollivier","Shauna","Ollivier","20355 Yorba Linda Blvd","Yorba Linda","California","CA","92886","SSRPKQDF31@yahoo.com","076-205-1987","Female","807-28-2100","Bachelor","Employed","Married"
"100688","Isahella Potteridge","Isahella","Potteridge","2003 W. Monroe","Springfield","Illinois","IL","62704","SPFCJHHB02@gmail.com","917-458-7791","Female","396-47-1827","High School or Below","Employed","Divorced"
"100731","Anna-diana Tofanini","Anna","diana Tofanini","10300 W Colonial Dr","Ocoee","Florida","FL","34761","OZDQJLCV19@yahoo.com","440-072-5825","Female","629-75-5239","Master","Employed","Married"
"100529","Esma Baggally","Esma","Baggally","16470 Pacific Coast Hwy","Huntington Beach","California","CA","92649","YPEQQREC85@hotmail","113-571-1178","Female","406-17-7215","Bachelor","Medical Leave","Divorced"
"100430","Ingmar Lodevick","Ingmar","Lodevick","102 Westwood Avenue","Westwood","New Jersey","NJ","7675","OYKVPBUT15@outlook.com","552-526-7998","Male","960-39-9386","High School or Below","Employed","Married"
"101720","Hallie Timperley","Hallie","Timperley","1121 N. Circle Dr.","Colorado Springs","Colorado","CO","80909","IDNDKSHK72@hotmail","660-873-3228","Female","360-16-0094","High School or Below","Unemployed","Married"
"101280","Stacie Faier","Stacie","Faier","10616 Providence Road","Charlotte","North Carolina","NC","28277","BODRZQKY63@yahoo.com","937-985-1437","Female","132-90-5727","Bachelor","Employed","Married"
"101598","Prentiss Poyser","Prentiss","Poyser","1223 SW Wanamaker Road","Topeka","Kansas","KS","66604","KBYVUMIO64@hotmail","106-546-8264","Male","176-12-8690","High School or Below","Employed","Married"
"101684","Wald Paradine","Wald","Paradine","12200 W Ox Road","Fairfax","Virginia","VA","22033","OCOWHBVD25@outlook.com","135-753-0426","Male","007-07-4872","High School or Below","Employed","Married"
"100630","Hillary Petz","Hillary","Petz","1550 Grand Pkwy","Katy","Texas","TX","77493","WBSPLPRR96@yahoo.com","202-163-6410","Female","748-30-9082","College","Employed","Married"
"100768","Zebadiah McCall","Zebadiah","McCall","16707 Coronado Road","Eagle River","Alaska","AK","99577","HEMNZVWC68@yahoo.com","485-326-0246","Male","713-35-2078","College","Unemployed","Single"
"100363","Syd Frewer","Syd","Frewer","1153 N. Military Highway","Norfolk","Virginia","VA","23502","XWWKMKCG05@hotmail","843-617-8787","Male","936-20-6656","High School or Below","Employed","Divorced"
"101676","Edmon Glancey","Edmon","Glancey","1233 S Sage Dr","Cedar City","Utah","UT","84720","GTMDDNAZ34@gmail.com","470-355-8053","Male","949-66-7145","College","Employed","Married"
"100407","Robbie Sarsons","Robbie","Sarsons","1504 OLD COUNTRY RD","Westbury","New York","NY","11590","DTFKOJKY87@hotmail","776-617-7361","Female","815-25-9617","College","Employed","Single"
"101414","Lennie Tattersdill","Lennie","Tattersdill","1 Penn Plaza","New York","New York","NY","10119","BNRUJDKP82@hotmail","718-469-4169","Male","551-27-1678","Master","Employed","Married"
"100360","Raimondo Stone Fewings","Raimondo","Stone Fewings","1134 N. Miller Street","Wenatchee","Washington","WA","98801","HBYDRRNI74@gmail.com","614-296-8430","Male","274-90-4368","College","Medical Leave","Married"
"100329","Hamilton Champerlen","Hamilton","Champerlen","115 Broadway","New York","New York","NY","10006","JSDLYKUT78@outlook.com","562-494-8851","Male","881-26-0877","College","Employed","Married"
"100728","Ikey MacAlister","Ikey","MacAlister","200 Columbus Blvd","Hartford","Connecticut","CT","6106","YMPGHXWG89@hotmail","535-883-7177","Male","169-80-5838","Bachelor","Unemployed","Married"
"100303","Tristan Kissack","Tristan","Kissack","2072 Burlington Town Ctr","Burlington","Vermont","VT","5402","ZWTHPUEN25@mail.com","869-111-9315","Male","596-13-0442","High School or Below","Unemployed","Divorced"
"100495","Dew Stileman","Dew","Stileman","1720 Epps Bridge Road","Athens","Georgia","GA","30606","PNVMEVUL45@outlook.com","479-429-6507","Male","862-65-9091","High School or Below","Unemployed","Married"
"100781","Dori Ulyet","Dori","Ulyet","13851 S. John Young Parkway","Orlando","Florida","FL","32837","GVNDHSKI79@gmail.com","116-816-8856","Female","507-67-1204","High School or Below","Unemployed","Single"
"100417","Meryl Smead","Meryl","Smead","200 Main Street","White Plains","New York","NY","10601","SBTMMRDS11@outlook.com","075-173-4701","Female","314-58-3250","High School or Below","Unemployed","Single"
"101737","Verna Dinan","Verna","Dinan","195 Broadway","New York","New York","NY","10007","FSLGSORL95@outlook.com","714-390-9551","Female","823-60-2888","Master","Unemployed","Married"
"100419","Katerina Ammer","Katerina","Ammer","155 E Ontario","Chicago","Illinois","IL","60611","OOAPSQZO47@outlook.com","468-195-7951","Female","054-96-7618","High School or Below","Employed","Married"
"100585","Alair Fetherstonhaugh","Alair","Fetherstonhaugh","2000 Bonker Lake Blvd NW","Andover","Minnesota","MN","55304","FMCVNASI30@hotmail","060-649-2190","Male","670-47-7945","Bachelor","Employed","Married"
"100720","Othelia Pauncefort","Othelia","Pauncefort","1390 Fordham Drive","Virginia Beach","Virginia","VA","23464","PMUOJKFT52@outlook.com","153-337-5526","Female","212-10-3870","High School or Below","Employed","Single"
"100342","Shepard Mallatratt","Shepard","Mallatratt","1 E Main St","Madison","Wisconsin","WI","53703","RAAGCQJO22@gmail.com","545-663-3392","Male","158-27-4783","Master","Employed","Married"
"100295","Aleksandr Adlington","Aleksandr","Adlington","10 Gurnet Drive","Brunswick","Maine","ME","4011","HIEMVSBJ72@mail.com","523-267-9147","Male","886-06-7520","High School or Below","Employed","Married"
"101325","Nicoline Booley","Nicoline","Booley","11479 South State Street","Draper","Utah","UT","84020","GFSZYWZM34@hotmail","185-619-0678","Female","310-46-0447","High School or Below","Retired","Married"
"100310","Zuzana Dory","Zuzana","Dory","2 Ritz Carlton Drive","Dana Point","California","CA","92629","FNSYUNKB11@yahoo.com","896-361-1819","Female","416-41-3792","High School or Below","Unemployed","Married"
"100682","Hermione Glaserman","Hermione","Glaserman","1841 Broadway","New York","New York","NY","10023","RYEBRQQD90@outlook.com","893-040-3507","Female","310-25-0428","Bachelor","Employed","Divorced"
"100586","Domingo Klimontovich","Domingo","Klimontovich","1064 Emerald Bay Road","South Lake Tahoe","California","CA","96150","XSCMCVOT68@mail.com","587-361-8196","Male","104-00-3869","High School or Below","Unemployed","Married"
"100523","Wendy Lodin","Wendy","Lodin","10301 S. Cicero","Oak Lawn","Illinois","IL","60453","DOLDVMSB66@yahoo.com","177-137-3586","Female","160-95-1724","Bachelor","Unemployed","Single"
"100769","Gianina Casebourne","Gianina","Casebourne","13637 N. Tatum Blvd.","Phoenix","Arizona","AZ","85032","IQTXIFUE16@hotmail","151-039-0433","Female","975-55-7412","High School or Below","Medical Leave","Married"
"100367","Skelly Huie","Skelly","Huie","1720 Commercial Avenue","Anacortes","Washington","WA","98221","MOGDELCG88@hotmail","853-039-0221","Male","956-24-0246","College","Unemployed","Single"
"100614","Johan Rochester","Johan","Rochester","1512 Larimer Street","Denver","Colorado","CO","80202","YDURAOZK04@outlook.com","896-178-0848","Male","256-15-1583","College","Employed","Single"
"100503","Rosamond Studdal","Rosamond","Studdal","1950 E County Line Rd","Highlands Ranch","Colorado","CO","80126","SDJQGNMD06@hotmail","410-097-1700","Female","682-80-5926","College","Employed","Single"
"100664","Jedidiah Ronci","Jedidiah","Ronci","1510 NE Broadway","Portland","Oregon","OR","97232","EYOAXIKD65@outlook.com","816-050-3014","Male","352-87-2023","Doctor","Employed","Married"
"100666","Clayson Coules","Clayson","Coules","1603 County Road","Burnsville","Minnesota","MN","55337","KKHLOVZI43@mail.com","957-608-6232","Male","983-16-9963","High School or Below","Employed","Married"
"101793","Delcine Fockes","Delcine","Fockes","1821 E. Broadway Blvd.","Tucson","Arizona","AZ","85719","HBAJPYSV44@gmail.com","582-185-2066","Female","086-77-3724","Master","Unemployed","Divorced"
"100707","Augy Sulley","Augy","Sulley","11720 Medlock Bridge Rd","Suwanee","Georgia","GA","30097","GIKQGAJP13@hotmail","778-912-4151","Male","600-36-0618","College","Employed","Single"
"101551","Prue Keling","Prue","Keling","21035 Hawthorne Blvd","Torrance","California","CA","90503","EXDEUGDN16@hotmail","775-214-8808","Female","257-14-7876","Bachelor","Employed","Married"
"100757","Linnie Cholomin","Linnie","Cholomin","1301 I-27 North","Plainview","Texas","TX","79072","YGBOPJVR13@outlook.com","904-958-7320","Female","301-05-0080","High School or Below","Employed","Married"
"100526","Sarge Wasielewski","Sarge","Wasielewski","1000 Palisades Center Drive","West Nyack","New York","NY","10995","AZTXBQUE68@hotmail","395-154-6535","Male","170-76-1714","College","Unemployed","Single"
"100396","Courtney Jannaway","Courtney","Jannaway","1278-80 North Avenue","New Rochelle","New York","NY","10804","QWQNBEBX90@hotmail","442-331-2945","Male","895-63-6585","College","Unemployed","Single"
"100365","Zonda Arbuckel","Zonda","Arbuckel","1426 E. Route 66","Flagstaff","Arizona","AZ","86001","KVJWXHTO82@outlook.com","084-170-7173","Female","493-12-1945","College","Employed","Married"
"100379","Tamra Fairhurst","Tamra","Fairhurst","1335 Avenue of the Americas","New York","New York","NY","10019","LUWFVDNJ40@hotmail","624-438-4946","Female","604-16-5679","Bachelor","Retired","Married"
"100507","Elinor Armatage","Elinor","Armatage","21181 Newport Coast Dr","Newport","California","CA","92657","DLFWEGHY34@hotmail","087-191-3685","Female","103-15-9677","College","Medical Leave","Single"
"101664","Virgina Bulman","Virgina","Bulman","100 14th St","Jersey City","New Jersey","NJ","7310","LGNTYHMU98@gmail.com","470-141-3072","Female","274-96-1061","Doctor","Employed","Married"
"100628","Wes Fleis","Wes","Fleis","1696 Newport Blvd.","Costa Mesa","California","CA","92627","JECMUJBI48@gmail.com","221-684-7027","Male","887-20-3272","Master","Employed","Married"
"100715","Tonie Cottis","Tonie","Cottis","14500 W Colfax Ave","Lakewood","Colorado","CO","80401","OTCERPEN77@outlook.com","124-118-2644","Female","949-68-5685","Bachelor","Unemployed","Single"
"100487","Ynes Dodworth","Ynes","Dodworth","2120 N. Rampart","Las Vegas","Nevada","NV","89128","YJUOCYXC41@outlook.com","283-637-3274","Female","353-87-6798","College","Medical Leave","Divorced"
"100354","Kelvin Boyland","Kelvin","Boyland","2027 Camden Ave.","San Jose","California","CA","95124","UJCCGRNF87@yahoo.com","550-275-9312","Male","829-19-4813","Bachelor","Employed","Married"
