{"metadata":{"asset_id":"71f92b5c-37c3-42dd-8b6d-2824f7497f6a","asset_attributes":["data_asset"],"name":"new_claim_cases.csv","asset_type":"data_asset","created_at":"2021-05-26T11:49:08Z","description":"","origin_country":"us","owner_id":"1000331026","project_id":"8c3de4f0-a5b8-4d4e-bdf9-eb9909e9b186","size":7961,"tags":[],"usage":{"last_update_time":1622029748761,"last_updated_at":"2021-05-26T11:49:08Z"}},"entity":{"data_asset":{"mime_type":"text/csv","dataset":false}},"attachments":[{"id":"a9337bf4-9d0d-4471-8bde-32c28108a6c7","version":2,"asset_type":"data_asset","name":"new_claim_cases.csv","mime":"text/csv","datasource_type":"81bafdbd-b7c6-45c5-a4fd-6ec135f66f4e","object_key":"data_asset/new_claim_cases.csv","creator_id":"icp4d-dev","create_time":1622029748635,"size":7961,"is_remote":false,"is_managed":false,"is_referenced":true,"is_object_key_read_only":false,"is_user_provided_path_key":true,"transfer_complete":true,"is_partitioned":false,"complete_time_ticks":1622029748635,"user_data":{},"test_doc":0,"handle":{"key":"data_asset/new_claim_cases.csv","upload_id":"done","max_part_num":1},"usage":{"access_count":0,"last_accessor_id":"icp4d-dev","last_access_time":1622029748635}}]}