{"metadata":{"asset_id":"b9cb72f6-9f6b-4189-9519-823d7f32d69f","asset_attributes":["data_asset"],"name":"app.zip","asset_type":"data_asset","created_at":"2021-05-26T11:49:08Z","description":"","origin_country":"us","owner_id":"1000331026","project_id":"8c3de4f0-a5b8-4d4e-bdf9-eb9909e9b186","size":231649,"tags":[],"usage":{"last_update_time":1622029748816,"last_updated_at":"2021-05-26T11:49:08Z"}},"entity":{"data_asset":{"mime_type":"application/zip","dataset":false}},"attachments":[{"id":"6d430014-b18d-44e5-987e-9fa8a1693618","version":2,"asset_type":"data_asset","name":"app.zip","mime":"application/zip","datasource_type":"81bafdbd-b7c6-45c5-a4fd-6ec135f66f4e","object_key":"data_asset/app.zip","creator_id":"icp4d-dev","create_time":1622029748644,"size":231649,"is_remote":false,"is_managed":false,"is_referenced":true,"is_object_key_read_only":false,"is_user_provided_path_key":true,"transfer_complete":true,"is_partitioned":false,"complete_time_ticks":1622029748644,"user_data":{},"test_doc":0,"handle":{"key":"data_asset/app.zip","upload_id":"done","max_part_num":1},"usage":{"access_count":0,"last_accessor_id":"icp4d-dev","last_access_time":1622029748644}}]}