{"metadata":{"asset_id":"c66e18f9-8185-4d6f-a983-9532e9d287ad","asset_attributes":["data_asset"],"name":"claims_leakage.csv","asset_type":"data_asset","created_at":"2021-05-26T11:49:08Z","description":"","origin_country":"us","owner_id":"1000331026","project_id":"8c3de4f0-a5b8-4d4e-bdf9-eb9909e9b186","size":84986,"tags":[],"usage":{"last_update_time":1622029748953,"last_updated_at":"2021-05-26T11:49:08Z"}},"entity":{"data_asset":{"mime_type":"text/csv","dataset":false}},"attachments":[{"id":"921223b7-dc99-423d-9f9b-c385ca41403f","version":2,"asset_type":"data_asset","name":"claims_leakage.csv","mime":"text/csv","datasource_type":"81bafdbd-b7c6-45c5-a4fd-6ec135f66f4e","object_key":"data_asset/claims_leakage.csv","creator_id":"icp4d-dev","create_time":1622029748828,"size":84986,"is_remote":false,"is_managed":false,"is_referenced":true,"is_object_key_read_only":false,"is_user_provided_path_key":true,"transfer_complete":true,"is_partitioned":false,"complete_time_ticks":1622029748828,"user_data":{},"test_doc":0,"handle":{"key":"data_asset/claims_leakage.csv","upload_id":"done","max_part_num":1},"usage":{"access_count":0,"last_accessor_id":"icp4d-dev","last_access_time":1622029748828}}]}