{"metadata":{"asset_id":"214c647a-77a5-4cdf-ac4f-833ccaa59d02","asset_attributes":["data_asset"],"name":"handler_list.csv","asset_type":"data_asset","created_at":"2021-05-26T11:49:08Z","description":"","origin_country":"us","owner_id":"1000331026","project_id":"8c3de4f0-a5b8-4d4e-bdf9-eb9909e9b186","size":844,"tags":[],"usage":{"last_update_time":1622029748811,"last_updated_at":"2021-05-26T11:49:08Z"}},"entity":{"data_asset":{"mime_type":"text/csv","dataset":false}},"attachments":[{"id":"65145783-1887-4ae5-b85d-b449a08dfa45","version":2,"asset_type":"data_asset","name":"handler_list.csv","mime":"text/csv","datasource_type":"81bafdbd-b7c6-45c5-a4fd-6ec135f66f4e","object_key":"data_asset/handler_list.csv","creator_id":"icp4d-dev","create_time":1622029748676,"size":844,"is_remote":false,"is_managed":false,"is_referenced":true,"is_object_key_read_only":false,"is_user_provided_path_key":true,"transfer_complete":true,"is_partitioned":false,"complete_time_ticks":1622029748676,"user_data":{},"test_doc":0,"handle":{"key":"data_asset/handler_list.csv","upload_id":"done","max_part_num":1},"usage":{"access_count":0,"last_accessor_id":"icp4d-dev","last_access_time":1622029748676}}]}