{"metadata":{"asset_id":"0ac2babf-c559-4a9a-a42e-c7b3aae326ee","asset_attributes":["notebook"],"name":"step5_ run_and_deploy_DO_model","asset_type":"notebook","created_at":"2021-05-26T12:01:28Z","description":"","origin_country":"us","owner_id":"1000331026","project_id":"8c3de4f0-a5b8-4d4e-bdf9-eb9909e9b186","size":26773,"tags":["notebook"],"usage":{"last_update_time":1622030488908,"last_updated_at":"2021-05-26T12:01:28Z"}},"entity":{"notebook":{"kernel":"","originates_from":{"type":"file"},"runtime":{"environment":"jupconda37oce-8c3de4f0-a5b8-4d4e-bdf9-eb9909e9b186"}}},"attachments":[{"id":"f3cde4a2-0096-4a55-948b-4cc77d7ebabc","version":2,"asset_type":"notebook","name":"attachment for notebook 0ac2babf-c559-4a9a-a42e-c7b3aae326ee","description":"attachment for notebook 0ac2babf-c559-4a9a-a42e-c7b3aae326ee","mime":"application/json","datasource_type":"81bafdbd-b7c6-45c5-a4fd-6ec135f66f4e","object_key":"notebook/step5__run_and_deploy_DO_model_iZ7yvFDEo.ipynb","creator_id":"1000331026","create_time":1622030488907,"size":26773,"is_remote":false,"is_managed":false,"is_referenced":true,"is_object_key_read_only":false,"is_user_provided_path_key":true,"transfer_complete":true,"is_partitioned":false,"complete_time_ticks":1622030488907,"user_data":{},"test_doc":0,"handle":{"key":"notebook/step5__run_and_deploy_DO_model_iZ7yvFDEo.ipynb","upload_id":"done","max_part_num":1},"usage":{"access_count":0,"last_accessor_id":"1000331026","last_access_time":1622030488907}}]}