{"metadata":{"asset_id":"00ae7db9-3500-4e67-868b-c85e847c2d79","asset_attributes":["notebook"],"name":"step4_create_DO_model_and_write_file_to_zip","asset_type":"notebook","created_at":"2021-05-26T12:01:00Z","description":"","origin_country":"us","owner_id":"1000331026","project_id":"8c3de4f0-a5b8-4d4e-bdf9-eb9909e9b186","size":15868,"tags":["notebook"],"usage":{"last_update_time":1622030493503,"last_updated_at":"2021-05-26T12:01:33Z"}},"entity":{"notebook":{"kernel":{"name":"python3","display_name":"Python 3.7","language":"python"},"originates_from":{"type":"file"},"runtime":{"environment":"jupconda37oce-8c3de4f0-a5b8-4d4e-bdf9-eb9909e9b186"}}},"attachments":[{"id":"779bf8fd-4b86-4fa7-8aed-fe11af3b1e5f","version":2,"asset_type":"notebook","name":"attachment for notebook 00ae7db9-3500-4e67-868b-c85e847c2d79","description":"attachment for notebook 00ae7db9-3500-4e67-868b-c85e847c2d79","mime":"application/json","datasource_type":"81bafdbd-b7c6-45c5-a4fd-6ec135f66f4e","object_key":"notebook/step4_create_DO_model_and_write_file_to_zip_Ymrio5Ufj.ipynb","creator_id":"1000331026","create_time":1622030460811,"size":15868,"is_remote":false,"is_managed":false,"is_referenced":true,"is_object_key_read_only":false,"is_user_provided_path_key":true,"transfer_complete":true,"is_partitioned":false,"complete_time_ticks":1622030460811,"user_data":{},"test_doc":0,"handle":{"key":"notebook/step4_create_DO_model_and_write_file_to_zip_Ymrio5Ufj.ipynb","upload_id":"done","max_part_num":1},"usage":{"access_count":0,"last_accessor_id":"1000331026","last_access_time":1622030460811}}]}