{"metadata":{"asset_id":"add414cd-cf5b-474e-b49c-c03a6856c961","asset_attributes":["notebook"],"name":"step3_scoring_AutoAI","asset_type":"notebook","created_at":"2021-05-26T12:00:29Z","description":"","origin_country":"us","owner_id":"1000331026","project_id":"8c3de4f0-a5b8-4d4e-bdf9-eb9909e9b186","size":31222,"tags":["notebook"],"usage":{"last_update_time":1622030429794,"last_updated_at":"2021-05-26T12:00:29Z"}},"entity":{"notebook":{"kernel":"","originates_from":{"type":"file"},"runtime":{"environment":"jupconda37oce-8c3de4f0-a5b8-4d4e-bdf9-eb9909e9b186"}}},"attachments":[{"id":"d58392d0-1cb1-43d7-8607-511667d5b662","version":2,"asset_type":"notebook","name":"attachment for notebook add414cd-cf5b-474e-b49c-c03a6856c961","description":"attachment for notebook add414cd-cf5b-474e-b49c-c03a6856c961","mime":"application/json","datasource_type":"81bafdbd-b7c6-45c5-a4fd-6ec135f66f4e","object_key":"notebook/step3_scoring_AutoAI_VUaE3h0je.ipynb","creator_id":"1000331026","create_time":1622030429794,"size":31222,"is_remote":false,"is_managed":false,"is_referenced":true,"is_object_key_read_only":false,"is_user_provided_path_key":true,"transfer_complete":true,"is_partitioned":false,"complete_time_ticks":1622030429794,"user_data":{},"test_doc":0,"handle":{"key":"notebook/step3_scoring_AutoAI_VUaE3h0je.ipynb","upload_id":"done","max_part_num":1},"usage":{"access_count":0,"last_accessor_id":"1000331026","last_access_time":1622030429794}}]}