{"metadata":{"asset_id":"add158e6-0272-4a09-9e7d-2d1f741ea04b","asset_attributes":["notebook"],"name":"step1_optional_prepare_autoAI_data","asset_type":"notebook","created_at":"2021-05-26T11:57:46Z","description":"","origin_country":"us","owner_id":"1000331026","project_id":"8c3de4f0-a5b8-4d4e-bdf9-eb9909e9b186","size":7666,"tags":["notebook"],"usage":{"last_update_time":1622030266419,"last_updated_at":"2021-05-26T11:57:46Z"}},"entity":{"notebook":{"kernel":"","originates_from":{"type":"file"},"runtime":{"environment":"jupconda37oce-8c3de4f0-a5b8-4d4e-bdf9-eb9909e9b186"}}},"attachments":[{"id":"703a1666-71eb-49bd-9d05-56486e54ccb3","version":2,"asset_type":"notebook","name":"attachment for notebook add158e6-0272-4a09-9e7d-2d1f741ea04b","description":"attachment for notebook add158e6-0272-4a09-9e7d-2d1f741ea04b","mime":"application/json","datasource_type":"81bafdbd-b7c6-45c5-a4fd-6ec135f66f4e","object_key":"notebook/step1_optional_prepare_autoAI_data_SQPHKSaxA.ipynb","creator_id":"1000331026","create_time":1622030266418,"size":7666,"is_remote":false,"is_managed":false,"is_referenced":true,"is_object_key_read_only":false,"is_user_provided_path_key":true,"transfer_complete":true,"is_partitioned":false,"complete_time_ticks":1622030266418,"user_data":{},"test_doc":0,"handle":{"key":"notebook/step1_optional_prepare_autoAI_data_SQPHKSaxA.ipynb","upload_id":"done","max_part_num":1},"usage":{"access_count":0,"last_accessor_id":"1000331026","last_access_time":1622030266418}}]}