{"metadata":{"asset_id":"d4d9934f-9c90-409a-a512-81f3547ef53c","asset_attributes":["notebook"],"name":"step6_deploy_shiny","asset_type":"notebook","created_at":"2021-05-26T12:01:55Z","description":"","origin_country":"us","owner_id":"1000331026","project_id":"8c3de4f0-a5b8-4d4e-bdf9-eb9909e9b186","size":12448,"tags":["notebook"],"usage":{"last_update_time":1622030515794,"last_updated_at":"2021-05-26T12:01:55Z"}},"entity":{"notebook":{"kernel":"","originates_from":{"type":"file"},"runtime":{"environment":"jupconda37oce-8c3de4f0-a5b8-4d4e-bdf9-eb9909e9b186"}}},"attachments":[{"id":"4dfcc472-3796-4615-8e06-e7f4c3ee10a3","version":2,"asset_type":"notebook","name":"attachment for notebook d4d9934f-9c90-409a-a512-81f3547ef53c","description":"attachment for notebook d4d9934f-9c90-409a-a512-81f3547ef53c","mime":"application/json","datasource_type":"81bafdbd-b7c6-45c5-a4fd-6ec135f66f4e","object_key":"notebook/step6_deploy_shiny_Aa-_tgKSD.ipynb","creator_id":"1000331026","create_time":1622030515794,"size":12448,"is_remote":false,"is_managed":false,"is_referenced":true,"is_object_key_read_only":false,"is_user_provided_path_key":true,"transfer_complete":true,"is_partitioned":false,"complete_time_ticks":1622030515794,"user_data":{},"test_doc":0,"handle":{"key":"notebook/step6_deploy_shiny_Aa-_tgKSD.ipynb","upload_id":"done","max_part_num":1},"usage":{"access_count":0,"last_accessor_id":"1000331026","last_access_time":1622030515794}}]}