{"metadata":{"asset_id":"19cd2132-8776-4869-8d05-7ff8b0659225","asset_attributes":["notebook"],"name":"step2_AutoAI_experiment","asset_type":"notebook","created_at":"2021-05-26T11:58:57Z","description":"","origin_country":"us","owner_id":"1000331026","project_id":"8c3de4f0-a5b8-4d4e-bdf9-eb9909e9b186","size":62633,"tags":["notebook"],"usage":{"last_update_time":1622030338598,"last_updated_at":"2021-05-26T11:58:58Z"}},"entity":{"notebook":{"kernel":"","originates_from":{"type":"file"},"runtime":{"environment":"jupconda37oce-8c3de4f0-a5b8-4d4e-bdf9-eb9909e9b186"}}},"attachments":[{"id":"0ad1376d-5ed9-4233-a95e-f076edd213b0","version":2,"asset_type":"notebook","name":"attachment for notebook 19cd2132-8776-4869-8d05-7ff8b0659225","description":"attachment for notebook 19cd2132-8776-4869-8d05-7ff8b0659225","mime":"application/json","datasource_type":"81bafdbd-b7c6-45c5-a4fd-6ec135f66f4e","object_key":"notebook/step2_AutoAI_experiment_kZLDdIb5P.ipynb","creator_id":"1000331026","create_time":1622030338597,"size":62633,"is_remote":false,"is_managed":false,"is_referenced":true,"is_object_key_read_only":false,"is_user_provided_path_key":true,"transfer_complete":true,"is_partitioned":false,"complete_time_ticks":1622030338597,"user_data":{},"test_doc":0,"handle":{"key":"notebook/step2_AutoAI_experiment_kZLDdIb5P.ipynb","upload_id":"done","max_part_num":1},"usage":{"access_count":0,"last_accessor_id":"1000331026","last_access_time":1622030338597}}]}