[
  {
    "type": "ENUM",
    "artifact_types": [
      "glossary_term"
    ],
    "related_artifact_types": [],
    "category_artifact_ids": [],
    "related_category_artifact_ids": [],
    "multiple_values": false,
    "hidden": false,
    "required": false,
    "read_only": false,
    "searchable": true,
    "elements": [
      {
        "artifact_id": "a460a770-108a-4e0a-9616-7d1ab8f0a5cc",
        "name": "Human Resources",
        "description": "The human resources department is responsible for all business terms related to employees of the company."
      },
      {
        "artifact_id": "5cf51326-2479-4abc-b042-6ff86d7a8327",
        "name": "Fulfillment Center",
        "description": "The fulfillment center is responsible for all business terms related to order fulfillment which includes the picking, packaging and shipping of goods from the warehouse to customers and the management of warehouse shifts, staff and staffing."
      }
    ],
    "artifact_id": "cb5d0459-4632-470b-8f10-0692bbb467e0",
    "name": "Department",
    "description": "Department within the company that is the owner of the business term and responsible for its definition and maintenance."
  }
]