Name,Artifact Type,Category,Description,Tags,Classifications,Stewards,Related Terms,Secondary Categories
All Birth Dates Must be Protected,rule,Business >> Data Privacy,"All constructs of an individuals date of birth must be protected to ensure that those who should not be able to view the information are not allowed to. The information must be masked (obfuscated) where the original format and validity of the date format is preserved but the value is fictionalized. This is to ensure that application testing and data analysis, where this value is typically validated is not affected. This includes the entire date: YYYY-MM-DD and not just a portion of the date.",PII,Personally Identifiable Information,,Business >> Employee >> Birth Date,Business >> Employee
,,,,Sensitive,,, , 
All National Identifiers Must be Protected,rule,Business >> Data Privacy,"All National Identifiers, for all countries, must be protected to ensure that those who should not be able to view the information are not allowed to. The information must be masked (obfuscated) where the original format and validity of the number is preserved but the value is fictionalized. This is to ensure that application testing and data analysis, where this value is typically used as a key or unique identifier of a person, is not affected. This includes the entire number and not just a portion of the identifier.",PII,Personally Identifiable Information,,Business >> Employee >> SSN,Business >> Employee
,,,,Sensitve,,, , 
All Email Addresses Must be Protected,rule,Business >> Data Privacy,"All Email Addresses must be protected to ensure that those who should not be able to view the information are not allowed to. The information must be masked (obfuscated) where the original format and validity of the email address is preserved but the value is fictionalized. This is to ensure that application testing and data analysis, where this value is typically needed is not affected. This includes the entire email address and not just the domain.",PII,Personally Identifiable Information,,Business >> Employee >> Email,Business >> Employee
,,,,Sensitve,,,, 
All Phone Numbers Must be Protected,rule,Business >> Data Privacy,"All Phone Numbers (Home, Work, Cellular etc.) must be protected to ensure that those who should not be able to view the information are not allowed to. The information must be masked (obfuscated) where the original format and validity of the number is preserved but the value is fictionalized. This is to ensure that application testing and data analysis, where this value is typically needed is not affected. This includes the entire number and not just the area code. Although, if possible, the area code can be preserved to identify a more accurate location if needed.",PII,Personally Identifiable Information,,Business >> Employee >> Work Phone,Business >> Employee
,,,,Sensitve,,,, 