{"description":"Data integration job","fields":[],"relationships":[],"properties":{"ext_attributes":{"type":"object","description":"Vendor specific attributes","readonly":true,"validated":false,"displayInChild":false,"label":{"default":"Attributes","en":"Attributes"}}},"localized_metadata_attributes":{"name":{"default":"Data integration job","en":"Data integration job","de":"Datenintegrationsjob","es":"Trabajo de integración de datos","fr":"Travail d'intégration de données","it":"Lavoro di integrazione dati","ja":"データ統合ジョブ","ko":"데이터 통합 작업","pt":"Tarefa de integração de dados.","ru":"Задание интеграции данных","sv":"Dataintegreringsjobb","zh":"数据集成作业","zh-TW":"資料整合工作"}},"identity":{"strategy":"DUPLICATE_DETECTION_BY_RESOURCE_KEY"},"global_search_searchable":[],"attribute_only":false,"is_column_custom_attribute":false,"can_have_image":false,"version":1,"name":"data_integration_job","scope":"GLOBAL","allow_decorators":true}