{"description":"An asset that represents a table structure in the physical data model","fields":[],"relationships":[],"properties":{"description":{"type":"string","description":"Text description of the table used as a comment","validated":false,"displayInChild":false},"notes":{"type":"string","description":"Free form textual notes that a user can add","validated":false,"displayInChild":false}},"localized_metadata_attributes":{"name":{"default":"Physical model table","en":"Physical model table","de":"Tabelle des physischen Modells","es":"Tabla de modelo físico","fr":"Table du modèle physique","it":"Tabella del modello fisico","ja":"物理モデル・テーブル","ko":"물리적 모델 테이블","pt":"Tabela do modelo físico","ru":"Таблица физической модели","sv":"Fysisk modelltabell","zh":"物理模型表","zh_TW":"實體模型表格"}},"global_search_searchable":[],"attribute_only":false,"is_column_custom_attribute":false,"can_have_image":false,"version":1,"name":"ibm_physical_model_table","scope":"GLOBAL","allow_decorators":true}