{"description":"The asset type to represent non wml models.","fields":[{"key":"name","type":"string","facet":false,"is_array":false,"search_path":"metadata.name","is_searchable_across_types":false},{"key":"model_id","type":"string","facet":false,"is_array":false,"search_path":"model_id","is_searchable_across_types":false}],"external_asset_preview":{},"relationships":[],"properties":{"model_id":{"type":"string","description":"id of the model","placeholder":"id of the model","is_array":false,"required":true,"hidden":false,"readonly":true,"validated":false,"displayInChild":false,"default_value":"None","label":{"default":"Model id","en":"Model id"}},"schemas":{"type":"object","description":"schema","placeholder":"Put a value here","is_array":false,"required":false,"hidden":true,"readonly":true,"validated":false,"displayInChild":false,"properties":{"input":{"type":"object","description":"Input schema of the model","placeholder":"Input schema of the model","is_array":true,"required":false,"hidden":true,"readonly":true,"validated":false,"displayInChild":false,"default_value":"None","label":{"default":"Input schema","en":"Input schema"}},"output":{"type":"object","description":"Output schema of the model","placeholder":"Output schema of the model","is_array":true,"required":false,"hidden":true,"readonly":true,"validated":false,"displayInChild":false,"default_value":"None","label":{"default":"Output schema","en":"Output schema"}}}},"training_data_references":{"type":"object","description":"schema","placeholder":"Put a value here","is_array":false,"required":false,"hidden":true,"readonly":true,"validated":false,"displayInChild":false,"properties":{"schema":{"type":"object","description":"Training data schema of the model","placeholder":"Training data schema of the model","is_array":true,"required":false,"hidden":true,"readonly":true,"validated":false,"displayInChild":false,"default_value":"None","label":{"default":"Training data schema","en":"Training data schema"}}}},"deployment_details":{"type":"object","description":"deployment details","is_array":true,"required":false,"hidden":true,"readonly":true,"validated":false,"displayInChild":false,"properties":{"id":{"type":"string","description":"deployment id","is_array":false,"required":false,"hidden":true,"readonly":true,"validated":false,"displayInChild":false},"name":{"type":"string","description":"deployment name","is_array":false,"required":false,"hidden":true,"readonly":true,"validated":false,"displayInChild":false},"is_deleted":{"type":"bool","description":"is deployment deleted","is_array":false,"required":false,"hidden":true,"readonly":true,"validated":false,"displayInChild":false,"default_value":false},"type":{"type":"string","description":"deployment type of the model","is_array":false,"required":false,"hidden":true,"readonly":true,"validated":false,"displayInChild":false},"scoring_endpoint":{"type":"string","description":"scoring endpoint of the model deployment","is_array":false,"required":false,"hidden":false,"readonly":true,"validated":false,"displayInChild":false,"label":{"default":"Deployment scoring endpoint","en":"Deployment scoring endpoint"}}}}},"localized_metadata_attributes":{"name":{"default":"External model","en":"External model"}},"global_search_searchable":["model_id"],"attribute_only":false,"is_column_custom_attribute":false,"can_have_image":false,"version":1,"name":"model_stub","scope":"GLOBAL","allow_decorators":true}