{"metadata":{"asset_id":"9994a95f-7605-4371-a827-52963c68fa33","asset_attributes":["data_asset"],"name":"autoai_records_2019.csv","asset_type":"data_asset","created_at":"2021-04-21T17:43:00Z","description":"","origin_country":"us","owner_id":"1000330999","project_id":"763e1dcd-0c17-41d2-be9f-738dd8ae7fca","size":9652,"tags":[],"usage":{"last_update_time":1619026980957,"last_updated_at":"2021-04-21T17:43:00Z"}},"entity":{"data_asset":{"mime_type":"text/csv","dataset":false}},"attachments":[{"id":"1ad457a3-7f27-4920-9b71-ed28b3418abd","version":2,"asset_type":"data_asset","name":"autoai_records_2019.csv","mime":"text/csv","datasource_type":"81bafdbd-b7c6-45c5-a4fd-6ec135f66f4e","object_key":"data_asset/autoai_records_2019.csv","creator_id":"icp4d-dev","create_time":1619026980872,"size":9652,"is_remote":false,"is_managed":false,"is_referenced":true,"is_object_key_read_only":false,"is_user_provided_path_key":true,"transfer_complete":true,"is_partitioned":false,"complete_time_ticks":1619026980872,"user_data":{},"test_doc":0,"handle":{"key":"data_asset/autoai_records_2019.csv","upload_id":"done","max_part_num":1},"usage":{"access_count":0,"last_accessor_id":"icp4d-dev","last_access_time":1619026980872}}]}