{"metadata":{"asset_id":"4f5281de-e8d9-4329-a409-0c100512bfc8","asset_attributes":["data_asset"],"name":"autoai_records_2020.csv","asset_type":"data_asset","created_at":"2021-03-29T19:20:53Z","description":"","origin_country":"us","owner_id":"1000330999","project_id":"c4b7c9c1-5270-4a6f-971c-b86806ace02b","size":19020,"tags":[],"usage":{"last_update_time":1617045654401,"last_updated_at":"2021-03-29T19:20:54Z"}},"entity":{"data_asset":{"mime_type":"text/csv","dataset":false}},"attachments":[{"id":"702c4513-317d-4038-9106-2f36bd90080e","version":2,"asset_type":"data_asset","name":"autoai_records_2020.csv","mime":"text/csv","datasource_type":"81bafdbd-b7c6-45c5-a4fd-6ec135f66f4e","object_key":"data_asset/autoai_records_2020.csv","creator_id":"1000330999","create_time":1617045654401,"size":19020,"is_remote":false,"is_managed":false,"is_referenced":true,"is_object_key_read_only":true,"is_user_provided_path_key":true,"transfer_complete":true,"is_partitioned":false,"complete_time_ticks":1617045654401,"user_data":{},"test_doc":0,"handle":{"key":"data_asset/autoai_records_2020.csv","upload_id":"done","max_part_num":1},"usage":{"access_count":0,"last_accessor_id":"1000330999","last_access_time":1617045654401}}]}