{"metadata":{"asset_id":"76686516-24ac-422f-a956-39ba00f336e5","asset_attributes":["data_asset"],"name":"autoai_records_2019.csv","asset_type":"data_asset","created_at":"2021-03-29T17:54:41Z","description":"","origin_country":"us","owner_id":"1000330999","project_id":"c4b7c9c1-5270-4a6f-971c-b86806ace02b","size":9652,"tags":[],"usage":{"last_update_time":1617040482411,"last_updated_at":"2021-03-29T17:54:42Z"}},"entity":{"data_asset":{"mime_type":"text/csv","dataset":false}},"attachments":[{"id":"dba09b0b-4501-4cc4-9e55-aabb45697ad9","version":2,"asset_type":"data_asset","name":"autoai_records_2019.csv","mime":"text/csv","datasource_type":"81bafdbd-b7c6-45c5-a4fd-6ec135f66f4e","object_key":"data_asset/autoai_records_2019.csv","creator_id":"1000330999","create_time":1617040482411,"size":9652,"is_remote":false,"is_managed":false,"is_referenced":true,"is_object_key_read_only":true,"is_user_provided_path_key":true,"transfer_complete":true,"is_partitioned":false,"complete_time_ticks":1617040482411,"user_data":{},"test_doc":0,"handle":{"key":"data_asset/autoai_records_2019.csv","upload_id":"done","max_part_num":1},"usage":{"access_count":0,"last_accessor_id":"1000330999","last_access_time":1617040482411}}]}