{"metadata":{"asset_id":"3f9af0a0-f913-4e1e-8450-5cdef7c2404e","asset_attributes":["data_asset"],"name":"feed_data_2020.csv","asset_type":"data_asset","created_at":"2021-03-29T19:20:53Z","description":"","origin_country":"us","owner_id":"1000330999","project_id":"c4b7c9c1-5270-4a6f-971c-b86806ace02b","size":55360,"tags":[],"usage":{"last_update_time":1617045654385,"last_updated_at":"2021-03-29T19:20:54Z"}},"entity":{"data_asset":{"mime_type":"text/csv","dataset":false}},"attachments":[{"id":"1e9df80c-b00a-4342-8d99-e8a6ad24bf98","version":2,"asset_type":"data_asset","name":"feed_data_2020.csv","mime":"text/csv","datasource_type":"81bafdbd-b7c6-45c5-a4fd-6ec135f66f4e","object_key":"data_asset/feed_data_2020.csv","creator_id":"1000330999","create_time":1617045654385,"size":55360,"is_remote":false,"is_managed":false,"is_referenced":true,"is_object_key_read_only":true,"is_user_provided_path_key":true,"transfer_complete":true,"is_partitioned":false,"complete_time_ticks":1617045654385,"user_data":{},"test_doc":0,"handle":{"key":"data_asset/feed_data_2020.csv","upload_id":"done","max_part_num":1},"usage":{"access_count":0,"last_accessor_id":"1000330999","last_access_time":1617045654385}}]}