{"metadata":{"asset_id":"625dd07e-3430-4f35-af10-f5b49232e462","asset_attributes":["data_asset"],"name":"autoai_records_2019.csv","asset_type":"data_asset","created_at":"2021-04-23T19:30:48Z","description":"","origin_country":"us","owner_id":"1000330999","project_id":"7562bb36-fd30-456d-9027-f80f1a61a4c6","size":9652,"tags":[],"usage":{"last_update_time":1619206249077,"last_updated_at":"2021-04-23T19:30:49Z"}},"entity":{"data_asset":{"mime_type":"text/csv","dataset":false}},"attachments":[{"id":"2eb9dba4-db5b-4e5e-a46d-072febe967f8","version":2,"asset_type":"data_asset","name":"autoai_records_2019.csv","mime":"text/csv","datasource_type":"81bafdbd-b7c6-45c5-a4fd-6ec135f66f4e","object_key":"data_asset/autoai_records_2019.csv","creator_id":"icp4d-dev","create_time":1619206248974,"size":9652,"is_remote":false,"is_managed":false,"is_referenced":true,"is_object_key_read_only":false,"is_user_provided_path_key":true,"transfer_complete":true,"is_partitioned":false,"complete_time_ticks":1619206248974,"user_data":{},"test_doc":0,"handle":{"key":"data_asset/autoai_records_2019.csv","upload_id":"done","max_part_num":1},"usage":{"access_count":0,"last_accessor_id":"icp4d-dev","last_access_time":1619206248974}}]}