{"metadata":{"asset_id":"a57e8b77-1796-4249-b81a-3a1de53720d5","asset_attributes":["data_asset"],"name":"autoai_records_2020.csv","asset_type":"data_asset","created_at":"2021-04-21T17:43:00Z","description":"","origin_country":"us","owner_id":"1000330999","project_id":"763e1dcd-0c17-41d2-be9f-738dd8ae7fca","size":19020,"tags":[],"usage":{"last_update_time":1619026980974,"last_updated_at":"2021-04-21T17:43:00Z"}},"entity":{"data_asset":{"mime_type":"text/csv","dataset":false}},"attachments":[{"id":"68074855-b400-4cec-98dc-bb18851f336e","version":2,"asset_type":"data_asset","name":"autoai_records_2020.csv","mime":"text/csv","datasource_type":"81bafdbd-b7c6-45c5-a4fd-6ec135f66f4e","object_key":"data_asset/autoai_records_2020.csv","creator_id":"icp4d-dev","create_time":1619026980880,"size":19020,"is_remote":false,"is_managed":false,"is_referenced":true,"is_object_key_read_only":false,"is_user_provided_path_key":true,"transfer_complete":true,"is_partitioned":false,"complete_time_ticks":1619026980880,"user_data":{},"test_doc":0,"handle":{"key":"data_asset/autoai_records_2020.csv","upload_id":"done","max_part_num":1},"usage":{"access_count":0,"last_accessor_id":"icp4d-dev","last_access_time":1619026980880}}]}