{"metadata":{"asset_id":"285354fe-aef4-463c-803e-1a69b18adb42","asset_attributes":["job"],"name":"Feed 2020 data to 2018 model","asset_type":"job","created_at":"2021-03-30T20:47:44Z","description":"","origin_country":"us","owner_id":"1000330999","project_id":"c4b7c9c1-5270-4a6f-971c-b86806ace02b","size":0,"tags":[],"usage":{"last_update_time":1617137264902,"last_updated_at":"2021-03-30T20:47:44Z"}},"entity":{"job":{"asset_ref_type":"notebook","configuration":{"env_id":"jupconda37-c4b7c9c1-5270-4a6f-971c-b86806ace02b","env_type":"notebook","env_variables":[]},"schedule":"20 * * * *","schedule_info":{"startOn":1617138000000,"repeat":true},"last_run_initiator":"None","last_run_time":"","last_run_status":"None","last_run_status_timestamp":0,"project_name":"Outcomes Runbook","asset_ref":"038dceb1-5c3b-469b-8ea1-673b33337609"}}}