{"metadata":{"asset_id":"600efae3-fc56-4edb-bc65-6a711b1f76e0","asset_attributes":["job"],"name":"Feed 2020 data to 2018 model","asset_type":"job","created_at":"2021-04-21T17:43:03Z","description":"","origin_country":"us","owner_id":"1000330999","project_id":"763e1dcd-0c17-41d2-be9f-738dd8ae7fca","size":0,"tags":[],"usage":{"last_update_time":1619026983283,"last_updated_at":"2021-04-21T17:43:03Z"}},"entity":{"job":{"asset_ref_type":"notebook","configuration":{"env_id":"jupconda37-763e1dcd-0c17-41d2-be9f-738dd8ae7fca","env_type":"notebook","env_variables":[]},"last_run_initiator":"None","last_run_time":"","last_run_status":"None","last_run_status_timestamp":0,"project_name":"Outcomes Runbook","asset_ref":"c54ed844-e664-4dc1-b5f9-7d233b429d56"}}}