{"metadata":{"asset_id":"9c53087b-438a-4e4d-8484-c3d2666f760a","asset_attributes":["job"],"name":"Mortgage feed job","asset_type":"job","created_at":"2021-04-21T17:43:03Z","description":"","origin_country":"us","owner_id":"1000330999","project_id":"763e1dcd-0c17-41d2-be9f-738dd8ae7fca","size":0,"tags":[],"usage":{"last_update_time":1619026983333,"last_updated_at":"2021-04-21T17:43:03Z"}},"entity":{"job":{"asset_ref_type":"notebook","configuration":{"env_id":"jupconda37-763e1dcd-0c17-41d2-be9f-738dd8ae7fca","env_type":"notebook","env_variables":[]},"last_run_initiator":"None","last_run_time":"","last_run_status":"None","last_run_status_timestamp":0,"project_name":"Outcomes Runbook","asset_ref":"2ec63bfc-72aa-4a0d-86a4-3f92ac084183"}}}