{"metadata":{"asset_id":"960f270e-42da-4ecb-a9d6-4c06f05d735e","asset_attributes":["job"],"name":"Mortgage feed job","asset_type":"job","created_at":"2021-04-23T19:30:51Z","description":"","origin_country":"us","owner_id":"1000330999","project_id":"7562bb36-fd30-456d-9027-f80f1a61a4c6","size":0,"tags":[],"usage":{"last_update_time":1619206251375,"last_updated_at":"2021-04-23T19:30:51Z"}},"entity":{"job":{"asset_ref_type":"notebook","configuration":{"env_id":"jupconda37-7562bb36-fd30-456d-9027-f80f1a61a4c6","env_type":"notebook","env_variables":[]},"last_run_initiator":"None","last_run_time":"","last_run_status":"None","last_run_status_timestamp":0,"project_name":"Outcomes Runbook","asset_ref":"a73b4698-ce36-4c5b-844b-0796a6675e89"}}}