{"metadata":{"asset_id":"4c21c95f-882b-40fb-9116-51afc2e9a288","asset_attributes":["job"],"name":"Mortgage feed job","asset_type":"job","created_at":"2021-04-14T22:48:13Z","description":"","origin_country":"us","owner_id":"1000330999","project_id":"c4b7c9c1-5270-4a6f-971c-b86806ace02b","size":0,"tags":[],"usage":{"last_update_time":1618440493236,"last_updated_at":"2021-04-14T22:48:13Z"}},"entity":{"job":{"asset_ref_type":"notebook","configuration":{"env_id":"jupconda37-c4b7c9c1-5270-4a6f-971c-b86806ace02b","env_type":"notebook","env_variables":[]},"schedule":"30 * * * *","schedule_info":{"startOn":1618443000000,"repeat":true},"last_run_initiator":"None","last_run_time":"","last_run_status":"None","last_run_status_timestamp":0,"project_name":"Outcomes Runbook","asset_ref":"4eeb674b-8cf8-4b9a-824f-1deabd295f73"}}}