{"metadata":{"asset_id":"f765bf98-ef7c-4c22-ab65-51b4beb98bc0","asset_attributes":["job"],"name":"Feed 2020 data to 2018 model","asset_type":"job","created_at":"2021-04-23T19:30:51Z","description":"","origin_country":"us","owner_id":"1000330999","project_id":"7562bb36-fd30-456d-9027-f80f1a61a4c6","size":0,"tags":[],"usage":{"last_update_time":1619206251422,"last_updated_at":"2021-04-23T19:30:51Z"}},"entity":{"job":{"asset_ref_type":"notebook","configuration":{"env_id":"jupconda37-7562bb36-fd30-456d-9027-f80f1a61a4c6","env_type":"notebook","env_variables":[]},"last_run_initiator":"None","last_run_time":"","last_run_status":"None","last_run_status_timestamp":0,"project_name":"Outcomes Runbook","asset_ref":"106811a3-e37c-4006-a433-b3947a1578ad"}}}