{"metadata":{"asset_id":"2ec63bfc-72aa-4a0d-86a4-3f92ac084183","asset_attributes":["notebook"],"name":"Mortgage model feed","asset_type":"notebook","created_at":"2021-04-21T17:43:01Z","description":"","origin_country":"us","owner_id":"icp4d-dev","project_id":"763e1dcd-0c17-41d2-be9f-738dd8ae7fca","size":11955,"tags":["notebook"],"usage":{"last_update_time":1619026981643,"last_updated_at":"2021-04-21T17:43:01Z"}},"entity":{"notebook":{"kernel":{"name":"python3","display_name":"Python 3.7","language":"python"},"originates_from":{"type":"file"},"runtime":{"environment":"jupconda37-763e1dcd-0c17-41d2-be9f-738dd8ae7fca"}}},"attachments":[{"id":"77795d35-dae6-4951-a20f-ca7f8c53c1db","version":2,"asset_type":"notebook","name":"attachment for notebook 2ec63bfc-72aa-4a0d-86a4-3f92ac084183","description":"attachment for notebook 2ec63bfc-72aa-4a0d-86a4-3f92ac084183","mime":"application/json","datasource_type":"81bafdbd-b7c6-45c5-a4fd-6ec135f66f4e","object_key":"notebook/Mortgage_model_feed_MzJI0maTY.ipynb","creator_id":"1000330999","create_time":1619026981642,"size":11955,"is_remote":false,"is_managed":false,"is_referenced":true,"is_object_key_read_only":false,"is_user_provided_path_key":true,"transfer_complete":true,"is_partitioned":false,"complete_time_ticks":1619026981642,"user_data":{},"test_doc":0,"handle":{"key":"notebook/Mortgage_model_feed_MzJI0maTY.ipynb","upload_id":"done","max_part_num":1},"usage":{"access_count":0,"last_accessor_id":"1000330999","last_access_time":1619026981642}}]}