{"metadata":{"asset_id":"26821bf5-8dc0-4bff-a6b6-dfe127ce1751","asset_attributes":["notebook"],"name":"Mortgage Default model creation and config","asset_type":"notebook","created_at":"2021-04-21T17:43:01Z","description":"","origin_country":"us","owner_id":"icp4d-dev","project_id":"763e1dcd-0c17-41d2-be9f-738dd8ae7fca","size":21459,"tags":["notebook"],"usage":{"last_update_time":1619027076131,"last_updated_at":"2021-04-21T17:44:36Z"}},"entity":{"notebook":{"kernel":{"name":"python3","display_name":"Python 3.7","language":"python"},"originates_from":{"type":"file"},"runtime":{"environment":"jupconda37-763e1dcd-0c17-41d2-be9f-738dd8ae7fca"}}},"attachments":[{"id":"6f734c67-5c1c-4687-8d69-f6b3f80f942f","version":2,"asset_type":"notebook","name":"attachment for notebook 26821bf5-8dc0-4bff-a6b6-dfe127ce1751","description":"attachment for notebook 26821bf5-8dc0-4bff-a6b6-dfe127ce1751","mime":"application/json","datasource_type":"81bafdbd-b7c6-45c5-a4fd-6ec135f66f4e","object_key":"notebook/Mortgage_Default_model_creation_and_config_-4Gloy00t.ipynb","creator_id":"1000330999","create_time":1619026981667,"size":21459,"is_remote":false,"is_managed":false,"is_referenced":true,"is_object_key_read_only":false,"is_user_provided_path_key":true,"transfer_complete":true,"is_partitioned":false,"complete_time_ticks":1619026981667,"user_data":{},"test_doc":0,"handle":{"key":"notebook/Mortgage_Default_model_creation_and_config_-4Gloy00t.ipynb","upload_id":"done","max_part_num":1},"usage":{"access_count":0,"last_accessor_id":"1000330999","last_access_time":1619026981667}}]}