{"metadata":{"asset_id":"20032f6d-2661-4be7-8a4d-c6afc54f60b5","asset_attributes":["notebook"],"name":"Mortgage Default model creation and config","asset_type":"notebook","created_at":"2021-04-14T15:34:08Z","description":"","origin_country":"us","owner_id":"1000330999","project_id":"c4b7c9c1-5270-4a6f-971c-b86806ace02b","size":21030,"tags":["notebook"],"usage":{"last_update_time":1618866382210,"last_updated_at":"2021-04-19T21:06:22Z"}},"entity":{"notebook":{"kernel":{"name":"python3","display_name":"Python 3.7","language":"python"},"originates_from":{"url":"https://raw.githubusercontent.com/ericmartens/mortgage-default/master/cp4d_model_creation_and_openscale_config.ipynb","type":"url"},"runtime":{"environment":"jupconda37-c4b7c9c1-5270-4a6f-971c-b86806ace02b"}}},"attachments":[{"id":"494be65a-816d-482e-a80f-7c968a5775f3","version":2,"asset_type":"notebook","name":"attachment for notebook 20032f6d-2661-4be7-8a4d-c6afc54f60b5","description":"attachment for notebook 20032f6d-2661-4be7-8a4d-c6afc54f60b5","mime":"application/json","datasource_type":"81bafdbd-b7c6-45c5-a4fd-6ec135f66f4e","object_key":"notebook/Mortgage_Default_model_creation_and_config_-4Gloy00t.ipynb","creator_id":"1000330999","create_time":1618414448323,"size":21030,"is_remote":false,"is_managed":false,"is_referenced":true,"is_object_key_read_only":false,"is_user_provided_path_key":true,"transfer_complete":true,"is_partitioned":false,"complete_time_ticks":1618414448323,"user_data":{},"test_doc":0,"handle":{"key":"notebook/Mortgage_Default_model_creation_and_config_-4Gloy00t.ipynb","upload_id":"done","max_part_num":1},"usage":{"access_count":0,"last_accessor_id":"1000330999","last_access_time":1618414448323}}]}