{"metadata":{"asset_id":"4a4dcb35-a2f0-45f8-9e73-7fdd19a33edb","asset_attributes":["notebook"],"name":"Using AutoAI Model","asset_type":"notebook","created_at":"2021-04-23T19:30:49Z","description":"","origin_country":"us","owner_id":"icp4d-dev","project_id":"7562bb36-fd30-456d-9027-f80f1a61a4c6","size":13087,"tags":["notebook"],"usage":{"last_update_time":1619206249815,"last_updated_at":"2021-04-23T19:30:49Z"}},"entity":{"notebook":{"kernel":{"name":"python3","display_name":"Python 3.7","language":"python"},"originates_from":{"type":"file"},"runtime":{"environment":"jupconda37-7562bb36-fd30-456d-9027-f80f1a61a4c6"}}},"attachments":[{"id":"e04b5665-5e19-4e78-98ac-fd89934787bc","version":2,"asset_type":"notebook","name":"attachment for notebook 4a4dcb35-a2f0-45f8-9e73-7fdd19a33edb","description":"attachment for notebook 4a4dcb35-a2f0-45f8-9e73-7fdd19a33edb","mime":"application/json","datasource_type":"81bafdbd-b7c6-45c5-a4fd-6ec135f66f4e","object_key":"notebook/Using_AutoAI_Model_oOElf5v7P.ipynb","creator_id":"1000330999","create_time":1619206249814,"size":13087,"is_remote":false,"is_managed":false,"is_referenced":true,"is_object_key_read_only":false,"is_user_provided_path_key":true,"transfer_complete":true,"is_partitioned":false,"complete_time_ticks":1619206249814,"user_data":{},"test_doc":0,"handle":{"key":"notebook/Using_AutoAI_Model_oOElf5v7P.ipynb","upload_id":"done","max_part_num":1},"usage":{"access_count":0,"last_accessor_id":"1000330999","last_access_time":1619206249814}}]}