{"metadata":{"asset_id":"05af2d0b-d96c-4fd5-9ccf-c09e6ddb14af","asset_attributes":["notebook"],"name":"Mortgage Default model creation and config","asset_type":"notebook","created_at":"2021-04-23T19:30:49Z","description":"","origin_country":"us","owner_id":"icp4d-dev","project_id":"7562bb36-fd30-456d-9027-f80f1a61a4c6","size":21391,"tags":["notebook"],"usage":{"last_update_time":1619207393011,"last_updated_at":"2021-04-23T19:49:53Z"}},"entity":{"notebook":{"kernel":{"name":"python3","display_name":"Python 3.7","language":"python"},"originates_from":{"type":"file"},"runtime":{"environment":"jupconda37-7562bb36-fd30-456d-9027-f80f1a61a4c6"}}},"attachments":[{"id":"d9a1697e-5687-46f3-91fc-c98476e04291","version":2,"asset_type":"notebook","name":"attachment for notebook 05af2d0b-d96c-4fd5-9ccf-c09e6ddb14af","description":"attachment for notebook 05af2d0b-d96c-4fd5-9ccf-c09e6ddb14af","mime":"application/json","datasource_type":"81bafdbd-b7c6-45c5-a4fd-6ec135f66f4e","object_key":"notebook/Mortgage_Default_model_creation_and_config_-4Gloy00t.ipynb","creator_id":"1000330999","create_time":1619206249766,"size":21391,"is_remote":false,"is_managed":false,"is_referenced":true,"is_object_key_read_only":false,"is_user_provided_path_key":true,"transfer_complete":true,"is_partitioned":false,"complete_time_ticks":1619206249766,"user_data":{},"test_doc":0,"handle":{"key":"notebook/Mortgage_Default_model_creation_and_config_-4Gloy00t.ipynb","upload_id":"done","max_part_num":1},"usage":{"access_count":0,"last_accessor_id":"1000330999","last_access_time":1619206249766}}]}