{"metadata":{"asset_id":"b00d25a8-119d-48a9-ba50-a05b916c606a","asset_attributes":["notebook"],"name":"Configure 2018 attrition model in OpenScale","asset_type":"notebook","created_at":"2021-04-23T19:30:49Z","description":"","origin_country":"us","owner_id":"icp4d-dev","project_id":"7562bb36-fd30-456d-9027-f80f1a61a4c6","size":30463,"tags":["notebook"],"usage":{"last_update_time":1619206249868,"last_updated_at":"2021-04-23T19:30:49Z"}},"entity":{"notebook":{"kernel":{"name":"python3","display_name":"Python 3.7","language":"python"},"originates_from":{"type":"file"},"runtime":{"environment":"jupconda37-7562bb36-fd30-456d-9027-f80f1a61a4c6"}}},"attachments":[{"id":"64b23fbe-a492-454f-85cd-2ab57359c531","version":2,"asset_type":"notebook","name":"attachment for notebook b00d25a8-119d-48a9-ba50-a05b916c606a","description":"attachment for notebook b00d25a8-119d-48a9-ba50-a05b916c606a","mime":"application/json","datasource_type":"81bafdbd-b7c6-45c5-a4fd-6ec135f66f4e","object_key":"notebook/Configure_2018_attrition_model_in_OpenScale_LgKJff7C1.ipynb","creator_id":"1000330999","create_time":1619206249867,"size":30463,"is_remote":false,"is_managed":false,"is_referenced":true,"is_object_key_read_only":false,"is_user_provided_path_key":true,"transfer_complete":true,"is_partitioned":false,"complete_time_ticks":1619206249867,"user_data":{},"test_doc":0,"handle":{"key":"notebook/Configure_2018_attrition_model_in_OpenScale_LgKJff7C1.ipynb","upload_id":"done","max_part_num":1},"usage":{"access_count":0,"last_accessor_id":"1000330999","last_access_time":1619206249867}}]}