{"metadata":{"asset_id":"de232dfc-3b65-49dd-a749-a2b8eb6da43e","asset_attributes":["notebook"],"name":"Configure 2018 attrition model in OpenScale","asset_type":"notebook","created_at":"2021-03-29T23:04:35Z","description":"","origin_country":"us","owner_id":"1000330999","project_id":"c4b7c9c1-5270-4a6f-971c-b86806ace02b","size":207,"tags":["notebook"],"usage":{"last_update_time":1618866322151,"last_updated_at":"2021-04-19T21:05:22Z"}},"entity":{"notebook":{"kernel":{"name":"python3","display_name":"Python 3.7","language":"python"},"originates_from":{"type":"blank"},"runtime":{"environment":"jupconda37-c4b7c9c1-5270-4a6f-971c-b86806ace02b"}}},"attachments":[{"id":"95ec1bd9-51aa-45f2-b674-e4aa0b4a786e","version":2,"asset_type":"notebook","name":"attachment for notebook de232dfc-3b65-49dd-a749-a2b8eb6da43e","description":"attachment for notebook de232dfc-3b65-49dd-a749-a2b8eb6da43e","mime":"application/json","datasource_type":"81bafdbd-b7c6-45c5-a4fd-6ec135f66f4e","object_key":"notebook/Configure_2018_attrition_model_in_OpenScale_LgKJff7C1.ipynb","creator_id":"1000330999","create_time":1617059076066,"size":207,"is_remote":false,"is_managed":false,"is_referenced":true,"is_object_key_read_only":false,"is_user_provided_path_key":true,"transfer_complete":true,"is_partitioned":false,"complete_time_ticks":1617059076066,"user_data":{},"test_doc":0,"handle":{"key":"notebook/Configure_2018_attrition_model_in_OpenScale_LgKJff7C1.ipynb","upload_id":"done","max_part_num":1},"usage":{"access_count":0,"last_accessor_id":"1000330999","last_access_time":1617059076066}}]}