{"metadata":{"asset_id":"038dceb1-5c3b-469b-8ea1-673b33337609","asset_attributes":["notebook"],"name":"Feed 2020 data to 2018 model","asset_type":"notebook","created_at":"2021-03-29T19:21:31Z","description":"","origin_country":"us","owner_id":"1000330999","project_id":"c4b7c9c1-5270-4a6f-971c-b86806ace02b","size":207,"tags":["notebook"],"usage":{"last_update_time":1618866289269,"last_updated_at":"2021-04-19T21:04:49Z"}},"entity":{"notebook":{"kernel":{"name":"python3","display_name":"Python 3.7","language":"python"},"originates_from":{"type":"blank"},"runtime":{"environment":"jupconda37-c4b7c9c1-5270-4a6f-971c-b86806ace02b"}}},"attachments":[{"id":"51c38704-87a6-4311-aee8-0ce23efa53a0","version":2,"asset_type":"notebook","name":"attachment for notebook 038dceb1-5c3b-469b-8ea1-673b33337609","description":"attachment for notebook 038dceb1-5c3b-469b-8ea1-673b33337609","mime":"application/json","datasource_type":"81bafdbd-b7c6-45c5-a4fd-6ec135f66f4e","object_key":"notebook/Feed_2020_data_to_2018_model_VQMCBSxe9.ipynb","creator_id":"1000330999","create_time":1617045691447,"size":207,"is_remote":false,"is_managed":false,"is_referenced":true,"is_object_key_read_only":false,"is_user_provided_path_key":true,"transfer_complete":true,"is_partitioned":false,"complete_time_ticks":1617045691447,"user_data":{},"test_doc":0,"handle":{"key":"notebook/Feed_2020_data_to_2018_model_VQMCBSxe9.ipynb","upload_id":"done","max_part_num":1},"usage":{"access_count":0,"last_accessor_id":"1000330999","last_access_time":1617045691447}}]}