{"metadata":{"asset_id":"c54ed844-e664-4dc1-b5f9-7d233b429d56","asset_attributes":["notebook"],"name":"Feed 2020 data to 2018 model","asset_type":"notebook","created_at":"2021-04-21T17:43:01Z","description":"","origin_country":"us","owner_id":"icp4d-dev","project_id":"763e1dcd-0c17-41d2-be9f-738dd8ae7fca","size":27796,"tags":["notebook"],"usage":{"last_update_time":1619026981703,"last_updated_at":"2021-04-21T17:43:01Z"}},"entity":{"notebook":{"kernel":{"name":"python3","display_name":"Python 3.7","language":"python"},"originates_from":{"type":"file"},"runtime":{"environment":"jupconda37-763e1dcd-0c17-41d2-be9f-738dd8ae7fca"}}},"attachments":[{"id":"2e28b142-baaa-4dc7-897a-747579fd107f","version":2,"asset_type":"notebook","name":"attachment for notebook c54ed844-e664-4dc1-b5f9-7d233b429d56","description":"attachment for notebook c54ed844-e664-4dc1-b5f9-7d233b429d56","mime":"application/json","datasource_type":"81bafdbd-b7c6-45c5-a4fd-6ec135f66f4e","object_key":"notebook/Feed_2020_data_to_2018_model_VQMCBSxe9.ipynb","creator_id":"1000330999","create_time":1619026981703,"size":27796,"is_remote":false,"is_managed":false,"is_referenced":true,"is_object_key_read_only":false,"is_user_provided_path_key":true,"transfer_complete":true,"is_partitioned":false,"complete_time_ticks":1619026981703,"user_data":{},"test_doc":0,"handle":{"key":"notebook/Feed_2020_data_to_2018_model_VQMCBSxe9.ipynb","upload_id":"done","max_part_num":1},"usage":{"access_count":0,"last_accessor_id":"1000330999","last_access_time":1619026981703}}]}