{"metadata":{"asset_id":"106811a3-e37c-4006-a433-b3947a1578ad","asset_attributes":["notebook"],"name":"Feed 2020 data to 2018 model","asset_type":"notebook","created_at":"2021-04-23T19:30:49Z","description":"","origin_country":"us","owner_id":"icp4d-dev","project_id":"7562bb36-fd30-456d-9027-f80f1a61a4c6","size":27796,"tags":["notebook"],"usage":{"last_update_time":1619206249831,"last_updated_at":"2021-04-23T19:30:49Z"}},"entity":{"notebook":{"kernel":{"name":"python3","display_name":"Python 3.7","language":"python"},"originates_from":{"type":"file"},"runtime":{"environment":"jupconda37-7562bb36-fd30-456d-9027-f80f1a61a4c6"}}},"attachments":[{"id":"b6914967-9bfc-4453-b714-d5fa453bd84d","version":2,"asset_type":"notebook","name":"attachment for notebook 106811a3-e37c-4006-a433-b3947a1578ad","description":"attachment for notebook 106811a3-e37c-4006-a433-b3947a1578ad","mime":"application/json","datasource_type":"81bafdbd-b7c6-45c5-a4fd-6ec135f66f4e","object_key":"notebook/Feed_2020_data_to_2018_model_VQMCBSxe9.ipynb","creator_id":"1000330999","create_time":1619206249830,"size":27796,"is_remote":false,"is_managed":false,"is_referenced":true,"is_object_key_read_only":false,"is_user_provided_path_key":true,"transfer_complete":true,"is_partitioned":false,"complete_time_ticks":1619206249830,"user_data":{},"test_doc":0,"handle":{"key":"notebook/Feed_2020_data_to_2018_model_VQMCBSxe9.ipynb","upload_id":"done","max_part_num":1},"usage":{"access_count":0,"last_accessor_id":"1000330999","last_access_time":1619206249830}}]}