{"metadata":{"asset_id":"80a334a3-951e-47c3-9316-493c75d6befd","asset_attributes":["notebook"],"name":"Using AutoAI Model","asset_type":"notebook","created_at":"2021-04-21T17:43:01Z","description":"","origin_country":"us","owner_id":"icp4d-dev","project_id":"763e1dcd-0c17-41d2-be9f-738dd8ae7fca","size":13087,"tags":["notebook"],"usage":{"last_update_time":1619026981685,"last_updated_at":"2021-04-21T17:43:01Z"}},"entity":{"notebook":{"kernel":{"name":"python3","display_name":"Python 3.7","language":"python"},"originates_from":{"type":"file"},"runtime":{"environment":"jupconda37-763e1dcd-0c17-41d2-be9f-738dd8ae7fca"}}},"attachments":[{"id":"9c535dfe-c9c9-425e-bd09-ae0c43db355c","version":2,"asset_type":"notebook","name":"attachment for notebook 80a334a3-951e-47c3-9316-493c75d6befd","description":"attachment for notebook 80a334a3-951e-47c3-9316-493c75d6befd","mime":"application/json","datasource_type":"81bafdbd-b7c6-45c5-a4fd-6ec135f66f4e","object_key":"notebook/Using_AutoAI_Model_oOElf5v7P.ipynb","creator_id":"1000330999","create_time":1619026981684,"size":13087,"is_remote":false,"is_managed":false,"is_referenced":true,"is_object_key_read_only":false,"is_user_provided_path_key":true,"transfer_complete":true,"is_partitioned":false,"complete_time_ticks":1619026981684,"user_data":{},"test_doc":0,"handle":{"key":"notebook/Using_AutoAI_Model_oOElf5v7P.ipynb","upload_id":"done","max_part_num":1},"usage":{"access_count":0,"last_accessor_id":"1000330999","last_access_time":1619026981684}}]}