{"metadata":{"asset_id":"4eeb674b-8cf8-4b9a-824f-1deabd295f73","asset_attributes":["notebook"],"name":"Mortgage model feed","asset_type":"notebook","created_at":"2021-04-14T22:31:46Z","description":"","origin_country":"us","owner_id":"1000330999","project_id":"c4b7c9c1-5270-4a6f-971c-b86806ace02b","size":7586,"tags":["notebook"],"usage":{"last_update_time":1618866420603,"last_updated_at":"2021-04-19T21:07:00Z"}},"entity":{"notebook":{"kernel":{"name":"python3","display_name":"Python 3.7","language":"python"},"originates_from":{"url":"https://raw.githubusercontent.com/ericmartens/mortgage-default/master/mortgage_model_feed.ipynb","type":"url"},"runtime":{"environment":"jupconda37-c4b7c9c1-5270-4a6f-971c-b86806ace02b"}}},"attachments":[{"id":"f3a83acd-2c10-4bd1-8213-dea00eb48bf2","version":2,"asset_type":"notebook","name":"attachment for notebook 4eeb674b-8cf8-4b9a-824f-1deabd295f73","description":"attachment for notebook 4eeb674b-8cf8-4b9a-824f-1deabd295f73","mime":"application/json","datasource_type":"81bafdbd-b7c6-45c5-a4fd-6ec135f66f4e","object_key":"notebook/Mortgage_model_feed_MzJI0maTY.ipynb","creator_id":"1000330999","create_time":1618439507608,"size":7586,"is_remote":false,"is_managed":false,"is_referenced":true,"is_object_key_read_only":false,"is_user_provided_path_key":true,"transfer_complete":true,"is_partitioned":false,"complete_time_ticks":1618439507608,"user_data":{},"test_doc":0,"handle":{"key":"notebook/Mortgage_model_feed_MzJI0maTY.ipynb","upload_id":"done","max_part_num":1},"usage":{"access_count":0,"last_accessor_id":"1000330999","last_access_time":1618439507608}}]}