{"metadata":{"asset_id":"f250cad8-fcba-4f93-8ce3-c9320162806b","asset_attributes":["notebook"],"name":"Using AutoAI Model","asset_type":"notebook","created_at":"2021-04-06T17:54:40Z","description":"","origin_country":"us","owner_id":"1000330999","project_id":"c4b7c9c1-5270-4a6f-971c-b86806ace02b","size":11976,"tags":["notebook"],"usage":{"last_update_time":1617731839585,"last_updated_at":"2021-04-06T17:57:19Z"}},"entity":{"notebook":{"kernel":{"name":"python3","display_name":"Python 3.7","language":"python"},"originates_from":{"type":"file"},"runtime":{"environment":"jupconda37-c4b7c9c1-5270-4a6f-971c-b86806ace02b"}}},"attachments":[{"id":"a6d510dc-fb60-4027-a327-c53d837fc32d","version":2,"asset_type":"notebook","name":"attachment for notebook f250cad8-fcba-4f93-8ce3-c9320162806b","description":"attachment for notebook f250cad8-fcba-4f93-8ce3-c9320162806b","mime":"application/json","datasource_type":"81bafdbd-b7c6-45c5-a4fd-6ec135f66f4e","object_key":"notebook/Using_AutoAI_Model_oOElf5v7P.ipynb","creator_id":"1000330999","create_time":1617731681369,"size":11976,"is_remote":false,"is_managed":false,"is_referenced":true,"is_object_key_read_only":false,"is_user_provided_path_key":true,"transfer_complete":true,"is_partitioned":false,"complete_time_ticks":1617731681369,"user_data":{},"test_doc":0,"handle":{"key":"notebook/Using_AutoAI_Model_oOElf5v7P.ipynb","upload_id":"done","max_part_num":1},"usage":{"access_count":0,"last_accessor_id":"1000330999","last_access_time":1617731681369}}]}