{"metadata":{"asset_id":"64ec0c13-62d3-4f94-90c4-bfc039a29680","asset_attributes":["notebook"],"name":"Attrition model deployment and OpenScale config","asset_type":"notebook","created_at":"2021-04-27T02:33:01Z","description":"","origin_country":"us","owner_id":"1000330999","project_id":"7562bb36-fd30-456d-9027-f80f1a61a4c6","size":207,"tags":["notebook"],"usage":{"last_update_time":1619494619003,"last_updated_at":"2021-04-27T03:36:59Z"}},"entity":{"notebook":{"kernel":{"name":"python3","display_name":"Python 3.7","language":"python"},"originates_from":{"type":"blank"},"runtime":{"environment":"jupconda37-7562bb36-fd30-456d-9027-f80f1a61a4c6"}}},"attachments":[{"id":"9c243446-d4de-497d-a0c8-0de9da2bdcda","version":2,"asset_type":"notebook","name":"attachment for notebook 64ec0c13-62d3-4f94-90c4-bfc039a29680","description":"attachment for notebook 64ec0c13-62d3-4f94-90c4-bfc039a29680","mime":"application/json","datasource_type":"81bafdbd-b7c6-45c5-a4fd-6ec135f66f4e","object_key":"notebook/Attrition_model_deployment_and_OpenScale_config_jBWpqTYQj.ipynb","creator_id":"1000330999","create_time":1619490781952,"size":207,"is_remote":false,"is_managed":false,"is_referenced":true,"is_object_key_read_only":false,"is_user_provided_path_key":true,"transfer_complete":true,"is_partitioned":false,"complete_time_ticks":1619490781952,"user_data":{},"test_doc":0,"handle":{"key":"notebook/Attrition_model_deployment_and_OpenScale_config_jBWpqTYQj.ipynb","upload_id":"done","max_part_num":1},"usage":{"access_count":0,"last_accessor_id":"1000330999","last_access_time":1619490781952}}]}