{"metadata":{"asset_id":"a73b4698-ce36-4c5b-844b-0796a6675e89","asset_attributes":["notebook"],"name":"Mortgage model feed","asset_type":"notebook","created_at":"2021-04-23T19:30:49Z","description":"","origin_country":"us","owner_id":"icp4d-dev","project_id":"7562bb36-fd30-456d-9027-f80f1a61a4c6","size":11955,"tags":["notebook"],"usage":{"last_update_time":1619207420243,"last_updated_at":"2021-04-23T19:50:20Z"}},"entity":{"notebook":{"kernel":{"name":"python3","display_name":"Python 3.7","language":"python"},"originates_from":{"type":"file"},"runtime":{"environment":"jupconda37-7562bb36-fd30-456d-9027-f80f1a61a4c6"}}},"attachments":[{"id":"83879c5a-c729-4e54-925f-60327f6616d1","version":2,"asset_type":"notebook","name":"attachment for notebook a73b4698-ce36-4c5b-844b-0796a6675e89","description":"attachment for notebook a73b4698-ce36-4c5b-844b-0796a6675e89","mime":"application/json","datasource_type":"81bafdbd-b7c6-45c5-a4fd-6ec135f66f4e","object_key":"notebook/Mortgage_model_feed_MzJI0maTY.ipynb","creator_id":"1000330999","create_time":1619206249830,"size":11955,"is_remote":false,"is_managed":false,"is_referenced":true,"is_object_key_read_only":false,"is_user_provided_path_key":true,"transfer_complete":true,"is_partitioned":false,"complete_time_ticks":1619206249830,"user_data":{},"test_doc":0,"handle":{"key":"notebook/Mortgage_model_feed_MzJI0maTY.ipynb","upload_id":"done","max_part_num":1},"usage":{"access_count":0,"last_accessor_id":"1000330999","last_access_time":1619206249830}}]}