{"metadata":{"asset_id":"61ffc5c4-ff48-4978-bcfe-45f4c4830a8c","asset_attributes":["notebook"],"name":"Configure 2018 attrition model in OpenScale","asset_type":"notebook","created_at":"2021-04-21T17:43:01Z","description":"","origin_country":"us","owner_id":"icp4d-dev","project_id":"763e1dcd-0c17-41d2-be9f-738dd8ae7fca","size":30463,"tags":["notebook"],"usage":{"last_update_time":1619026981672,"last_updated_at":"2021-04-21T17:43:01Z"}},"entity":{"notebook":{"kernel":{"name":"python3","display_name":"Python 3.7","language":"python"},"originates_from":{"type":"file"},"runtime":{"environment":"jupconda37-763e1dcd-0c17-41d2-be9f-738dd8ae7fca"}}},"attachments":[{"id":"7b09773d-63ab-4b2a-9d49-8d0be804be61","version":2,"asset_type":"notebook","name":"attachment for notebook 61ffc5c4-ff48-4978-bcfe-45f4c4830a8c","description":"attachment for notebook 61ffc5c4-ff48-4978-bcfe-45f4c4830a8c","mime":"application/json","datasource_type":"81bafdbd-b7c6-45c5-a4fd-6ec135f66f4e","object_key":"notebook/Configure_2018_attrition_model_in_OpenScale_LgKJff7C1.ipynb","creator_id":"1000330999","create_time":1619026981671,"size":30463,"is_remote":false,"is_managed":false,"is_referenced":true,"is_object_key_read_only":false,"is_user_provided_path_key":true,"transfer_complete":true,"is_partitioned":false,"complete_time_ticks":1619026981671,"user_data":{},"test_doc":0,"handle":{"key":"notebook/Configure_2018_attrition_model_in_OpenScale_LgKJff7C1.ipynb","upload_id":"done","max_part_num":1},"usage":{"access_count":0,"last_accessor_id":"1000330999","last_access_time":1619026981671}}]}