{"metadata":{"asset_id":"a12a2bd4-d324-4e29-95b2-7c9201cb321c","asset_attributes":["wml_pipeline"],"name":"Attrition 2018 Experiment","asset_type":"wml_pipeline","created_at":"2021-03-29T17:57:54Z","description":"","origin_country":"us","owner_id":"1000330999","project_id":"c4b7c9c1-5270-4a6f-971c-b86806ace02b","sandbox_id":"c4b7c9c1-5270-4a6f-971c-b86806ace02b","size":0,"tags":["dsx-project.c4b7c9c1-5270-4a6f-971c-b86806ace02b"],"usage":{"last_update_time":1617040674313,"last_updated_at":"2021-03-29T17:57:54Z"}},"entity":{"wml_pipeline":{"document":{"doc_type":"pipeline","pipelines":[{"id":"autoai","nodes":[{"id":"automl","op":"kube","parameters":{"input_file_separator":",","optimization":{"compute_pipeline_notebooks_flag":true,"daub_adaptive_subsampling_max_mem_usage":9000000000,"holdout_param":0.1,"label":"ATTRITION","learning_type":"classification","max_num_daub_ensembles":2,"positive_label":1,"run_cognito_flag":true,"scorer_for_ranking":"accuracy"},"output_logs":true,"stage_flag":true},"runtime_ref":"autoai","type":"execution_node"}],"runtime_ref":"hybrid"}],"primary_pipeline":"autoai","runtimes":[{"app_data":{"wml_data":{"hardware_spec":{"base_id":"c076e82c-b2a7-4d20-9c0f-1f0c2fdf5a24","name":"M"}}},"id":"autoai","name":"auto_ai.kb"}],"version":"2.0"},"ml_version":"4.0.0"}}}