{"metadata":{"asset_id":"af9ff08b-335b-49d9-9dde-13426892d839","asset_attributes":["notebook"],"name":"04-Deploy function lab","asset_type":"notebook","created_at":"2023-07-26T18:52:45Z","description":"This lab shows how to create and deploy a Python function. It depends on a previous step in the overall lab where the `attrition challenger - spark` model was deployed.","origin_country":"us","owner_id":"IBMid-120000A2MS","project_id":"23e92fe8-2627-474c-8779-232752cbdeb3","size":10164,"tags":["notebook"],"usage":{"last_update_time":1690412136948,"last_updated_at":"2023-07-26T22:55:36Z"}},"entity":{"notebook":{"kernel":{"name":"python3","display_name":"Python 3.10","language":"python"},"originates_from":{"type":"file"},"runtime":{"environment":"rt222pys1-23e92fe8-2627-474c-8779-232752cbdeb3"}},"location_definition":{"physical_location_code":"DAL","physical_location_code_assigned_by":"IBMid-120000A2MS","physical_location_code_rds_id":"c57cb90f-2126-3800-9c9f-9eab82021cdf","physical_location_code_rds_version":"00002022-0503-4211-8958-635137000000_2","physical_location_code_assignment_method":"INFERRED","physical_location_code_added_on":"1690397556992"}},"attachments":[{"id":"0a95c18e-1b78-49af-9f43-eb88e76023b5","version":2,"asset_type":"notebook","name":"attachment for notebook af9ff08b-335b-49d9-9dde-13426892d839","description":"attachment for notebook af9ff08b-335b-49d9-9dde-13426892d839","mime":"application/json","datasource_type":"193a97c1-4475-4a19-b90c-295c4fdc6517","object_key":"notebook/04-Deploy_function_lab_iOxp6QoMS.ipynb","creator_id":"IBMid-120000A2MS","create_time":1690397566264,"size":10164,"is_remote":false,"is_managed":false,"is_referenced":true,"is_object_key_read_only":false,"is_user_provided_path_key":true,"transfer_complete":true,"is_partitioned":false,"complete_time_ticks":1690397566264,"user_data":{},"test_doc":0,"handle":{"bucket":"xxx-donotdelete-pr-r02sfowdkmnmz8","location":"us-south","type":"bluemix_cos","key":"notebook/04-Deploy_function_lab_iOxp6QoMS.ipynb","upload_id":"done","max_part_num":1},"usage":{"access_count":1,"last_accessor_id":"IBMid-120000A2MS","last_access_time":1690412136947,"last_updater_id":"IBMid-120000A2MS","last_update_time":1690412136947}}]}
