{"metadata":{"asset_id":"4c047876-1a30-43b7-b586-18d55eda5d26","asset_attributes":["notebook"],"name":"01-Data access lab","asset_type":"notebook","created_at":"2023-07-26T16:24:58Z","description":"Notebook for the data access portion of the lab.","origin_country":"us","owner_id":"IBMid-120000A2MS","project_id":"4db0d413-d911-48e3-bb16-027d5973f541","size":9358,"tags":["notebook"],"usage":{"last_update_time":1690388910458,"last_updated_at":"2023-07-26T16:28:30Z"}},"entity":{"notebook":{"kernel":{"name":"python3","display_name":"Python 3.10","language":"python","version":"3.10"},"originates_from":{"type":"file"},"runtime":{"environment":"rt222pys1-4db0d413-d911-48e3-bb16-027d5973f541"}},"location_definition":{"physical_location_code":"DAL","physical_location_code_assigned_by":"IBMid-120000A2MS","physical_location_code_rds_id":"c57cb90f-2126-3800-9c9f-9eab82021cdf","physical_location_code_rds_version":"00002022-0503-4211-8958-635137000000_2","physical_location_code_assignment_method":"INFERRED","physical_location_code_added_on":"1690388688832"}},"attachments":[{"id":"e6b9f54e-537f-496c-bbad-c25eeafa04ef","version":2,"asset_type":"notebook","name":"attachment for notebook 4c047876-1a30-43b7-b586-18d55eda5d26","description":"attachment for notebook 4c047876-1a30-43b7-b586-18d55eda5d26","mime":"application/json","datasource_type":"193a97c1-4475-4a19-b90c-295c4fdc6517","object_key":"notebook/01-Data_access_lab_7vhTbh0X2.ipynb","creator_id":"IBMid-120000A2MS","create_time":1690388699548,"size":9358,"is_remote":false,"is_managed":false,"is_referenced":true,"is_object_key_read_only":false,"is_user_provided_path_key":true,"transfer_complete":true,"is_partitioned":false,"complete_time_ticks":1690388699548,"user_data":{},"test_doc":0,"handle":{"bucket":"trustedail3techlab-donotdelete-pr-o9knzdzuwnxfsz","location":"us-south","type":"bluemix_cos","key":"notebook/01-Data_access_lab_7vhTbh0X2.ipynb","upload_id":"done","max_part_num":1},"usage":{"access_count":0,"last_accessor_id":"IBMid-120000A2MS","last_access_time":1690388699548}}]}
