{"metadata":{"asset_id":"e99adf49-2e3c-4754-91b7-c8f9cf59705b","asset_attributes":["notebook"],"name":"01-Data access lab","asset_type":"notebook","created_at":"2023-07-26T18:52:45Z","description":"Notebook for the data access portion of the lab.","origin_country":"us","owner_id":"IBMid-120000A2MS","project_id":"23e92fe8-2627-474c-8779-232752cbdeb3","size":10180,"tags":["notebook"],"usage":{"last_update_time":1690411002485,"last_updated_at":"2023-07-26T22:36:42Z"}},"entity":{"notebook":{"kernel":{"name":"python3","display_name":"Python 3.10","language":"python"},"originates_from":{"type":"file"},"runtime":{"environment":"rt222pys1-23e92fe8-2627-474c-8779-232752cbdeb3"}},"location_definition":{"physical_location_code":"DAL","physical_location_code_assigned_by":"IBMid-120000A2MS","physical_location_code_rds_id":"c57cb90f-2126-3800-9c9f-9eab82021cdf","physical_location_code_rds_version":"00002022-0503-4211-8958-635137000000_2","physical_location_code_assignment_method":"INFERRED","physical_location_code_added_on":"1690397556992"}},"attachments":[{"id":"3569f909-d681-4391-820c-a0a68c5935e4","version":2,"asset_type":"notebook","name":"attachment for notebook e99adf49-2e3c-4754-91b7-c8f9cf59705b","description":"attachment for notebook e99adf49-2e3c-4754-91b7-c8f9cf59705b","mime":"application/json","datasource_type":"193a97c1-4475-4a19-b90c-295c4fdc6517","object_key":"notebook/01-Data_access_lab_7vhTbh0X2.ipynb","creator_id":"IBMid-120000A2MS","create_time":1690397566372,"size":10180,"is_remote":false,"is_managed":false,"is_referenced":true,"is_object_key_read_only":false,"is_user_provided_path_key":true,"transfer_complete":true,"is_partitioned":false,"complete_time_ticks":1690397566372,"user_data":{},"test_doc":0,"handle":{"bucket":"xxx-donotdelete-pr-r02sfowdkmnmz8","location":"us-south","type":"bluemix_cos","key":"notebook/01-Data_access_lab_7vhTbh0X2.ipynb","upload_id":"done","max_part_num":1},"usage":{"access_count":22,"last_accessor_id":"IBMid-120000A2MS","last_access_time":1690411002481,"last_updater_id":"IBMid-120000A2MS","last_update_time":1690411002481}}]}
