{"metadata":{"asset_id":"b85a2292-a028-4c5c-bdc2-a97637e99ed7","asset_attributes":["notebook"],"name":"04-Deploy function lab","asset_type":"notebook","created_at":"2023-07-26T16:24:58Z","description":"This lab shows how to create and deploy a Python function. It depends on a previous step in the overall lab where the `attrition challenger - spark` model was deployed.","origin_country":"us","owner_id":"IBMid-120000A2MS","project_id":"4db0d413-d911-48e3-bb16-027d5973f541","size":10163,"tags":["notebook"],"usage":{"last_update_time":1690388897765,"last_updated_at":"2023-07-26T16:28:17Z"}},"entity":{"notebook":{"kernel":{"name":"python3","display_name":"Python 3.10","language":"python","version":"3.10"},"originates_from":{"type":"file"},"runtime":{"environment":"rt222pys1-4db0d413-d911-48e3-bb16-027d5973f541"}},"location_definition":{"physical_location_code":"DAL","physical_location_code_assigned_by":"IBMid-120000A2MS","physical_location_code_rds_id":"c57cb90f-2126-3800-9c9f-9eab82021cdf","physical_location_code_rds_version":"00002022-0503-4211-8958-635137000000_2","physical_location_code_assignment_method":"INFERRED","physical_location_code_added_on":"1690388688832"}},"attachments":[{"id":"419f5a64-0fcd-4c8d-b117-78c8fd499bfd","version":2,"asset_type":"notebook","name":"attachment for notebook b85a2292-a028-4c5c-bdc2-a97637e99ed7","description":"attachment for notebook b85a2292-a028-4c5c-bdc2-a97637e99ed7","mime":"application/json","datasource_type":"193a97c1-4475-4a19-b90c-295c4fdc6517","object_key":"notebook/04-Deploy_function_lab_iOxp6QoMS.ipynb","creator_id":"IBMid-120000A2MS","create_time":1690388699681,"size":10163,"is_remote":false,"is_managed":false,"is_referenced":true,"is_object_key_read_only":false,"is_user_provided_path_key":true,"transfer_complete":true,"is_partitioned":false,"complete_time_ticks":1690388699681,"user_data":{},"test_doc":0,"handle":{"bucket":"trustedail3techlab-donotdelete-pr-o9knzdzuwnxfsz","location":"us-south","type":"bluemix_cos","key":"notebook/04-Deploy_function_lab_iOxp6QoMS.ipynb","upload_id":"done","max_part_num":1},"usage":{"access_count":0,"last_accessor_id":"IBMid-120000A2MS","last_access_time":1690388699681}}]}
