{"metadata":{"asset_id":"38723e65-9d48-49f7-92da-9954d63ff0df","asset_attributes":["wml_pipeline"],"name":"attrition challenger - spark_6knuLJLO","asset_type":"wml_pipeline","created_at":"2023-07-26T18:37:04Z","origin_country":"us","owner_id":"IBMid-120000A2MS","project_id":"4db0d413-d911-48e3-bb16-027d5973f541","sandbox_id":"4db0d413-d911-48e3-bb16-027d5973f541","size":0,"usage":{"last_update_time":1690396624831,"last_updated_at":"2023-07-26T18:37:04Z"}},"entity":{"wml_pipeline":{"document":{"doc_type":"pipeline","pipelines":[{"id":"dlaas_only","nodes":[{"id":"repository","inputs":[],"outputs":[],"parameters":{"model_definition":{"id":"0c08701f-84f3-48ce-916e-2dba5129a377"}},"type":"model_node"}],"runtime_ref":"spark"}],"primary_pipeline":"dlaas_only","runtimes":[],"version":"2.0"},"model_definition_dependencies":["0c08701f-84f3-48ce-916e-2dba5129a377"],"ml_version":"4.0.5"}}}
