{"metadata":{"asset_id":"a60cbd1b-93bd-415b-979c-04baf71eb7a2","asset_attributes":["wml_pipeline"],"name":"attrition challenger - spark_6knuLJLO","asset_type":"wml_pipeline","created_at":"2023-07-26T18:52:44Z","origin_country":"us","owner_id":"IBMid-120000A2MS","project_id":"23e92fe8-2627-474c-8779-232752cbdeb3","sandbox_id":"23e92fe8-2627-474c-8779-232752cbdeb3","size":0,"usage":{"last_update_time":1690397565008,"last_updated_at":"2023-07-26T18:52:45Z"}},"entity":{"wml_pipeline":{"document":{"doc_type":"pipeline","pipelines":[{"id":"dlaas_only","nodes":[{"id":"repository","inputs":[],"outputs":[],"parameters":{"model_definition":{"id":"c378eb2a-cca9-4051-aff3-faf7a8470f5d"}},"type":"model_node"}],"runtime_ref":"spark"}],"primary_pipeline":"dlaas_only","runtimes":[],"version":"2.0"},"model_definition_dependencies":["c378eb2a-cca9-4051-aff3-faf7a8470f5d"],"ml_version":"4.0.5"}}}
