{"metadata":{"asset_id":"30bd20da-ab92-4b0e-9fe0-1bf3a1ea3dc2","asset_attributes":["wml_model","modelfacts_system","modelfacts_user","location_definition"],"name":"attrition challenger - spark","asset_type":"wml_model","created_at":"2023-07-26T18:52:45Z","origin_country":"us","owner_id":"IBMid-120000A2MS","project_id":"23e92fe8-2627-474c-8779-232752cbdeb3","sandbox_id":"23e92fe8-2627-474c-8779-232752cbdeb3","size":37655,"usage":{"last_update_time":1690397566509,"last_updated_at":"2023-07-26T18:52:46Z"}},"entity":{"wml_model":{"hybrid_pipeline_software_specs":[],"training_data_references":[{"connection":{},"id":"attrition","location":{"path":"modeling_records_2022.csv"},"schema":{"fields":[{"metadata":{},"name":"POSITION_CODE","nullable":true,"type":"double"},{"metadata":{},"name":"DEPARTMENT_CODE","nullable":true,"type":"double"},{"metadata":{},"name":"DAYS_WITH_COMPANY","nullable":true,"type":"double"},{"metadata":{},"name":"COMMUTE_TIME","nullable":true,"type":"double"},{"metadata":{},"name":"AGE_BEGIN_PERIOD","nullable":true,"type":"double"},{"metadata":{},"name":"GENDER_CODE","nullable":true,"type":"double"},{"metadata":{},"name":"PERIOD_TOTAL_DAYS","nullable":true,"type":"double"},{"metadata":{},"name":"STARTING_SALARY","nullable":true,"type":"double"},{"metadata":{},"name":"ENDING_SALARY","nullable":true,"type":"double"},{"metadata":{},"name":"NB_INCREASES","nullable":true,"type":"double"},{"metadata":{},"name":"BONUS","nullable":true,"type":"double"},{"metadata":{},"name":"NB_BONUS","nullable":true,"type":"double"},{"metadata":{},"name":"VACATION_DAYS_TAKEN","nullable":true,"type":"double"},{"metadata":{},"name":"SICK_DAYS_TAKEN","nullable":true,"type":"double"},{"metadata":{},"name":"PROMOTIONS","nullable":true,"type":"double"},{"metadata":{},"name":"NB_MANAGERS","nullable":true,"type":"double"},{"metadata":{},"name":"DAYS_IN_POSITION","nullable":true,"type":"double"},{"metadata":{},"name":"DAYS_SINCE_LAST_RAISE","nullable":true,"type":"double"},{"metadata":{},"name":"RANKING_CODE","nullable":true,"type":"double"},{"metadata":{},"name":"OVERTIME","nullable":true,"type":"double"},{"metadata":{},"name":"DBLOVERTIME","nullable":true,"type":"double"},{"metadata":{},"name":"TRAVEL","nullable":true,"type":"double"}],"id":"training_schema"},"type":"container"}],"label_column":"ATTRITION","software_spec":{"base_id":"d11f2434-4fc7-58b7-8a62-755da64fdaf8","name":"spark-mllib_3.3"},"pipeline":{"id":"a60cbd1b-93bd-415b-979c-04baf71eb7a2"},"ml_version":"4.0.19","type":"mllib_3.3","schemas":{"input":[{"fields":[{"metadata":{},"name":"POSITION_CODE","nullable":true,"type":"double"},{"metadata":{},"name":"DEPARTMENT_CODE","nullable":true,"type":"double"},{"metadata":{},"name":"DAYS_WITH_COMPANY","nullable":true,"type":"double"},{"metadata":{},"name":"COMMUTE_TIME","nullable":true,"type":"double"},{"metadata":{},"name":"AGE_BEGIN_PERIOD","nullable":true,"type":"double"},{"metadata":{},"name":"GENDER_CODE","nullable":true,"type":"double"},{"metadata":{},"name":"PERIOD_TOTAL_DAYS","nullable":true,"type":"double"},{"metadata":{},"name":"STARTING_SALARY","nullable":true,"type":"double"},{"metadata":{},"name":"ENDING_SALARY","nullable":true,"type":"double"},{"metadata":{},"name":"NB_INCREASES","nullable":true,"type":"double"},{"metadata":{},"name":"BONUS","nullable":true,"type":"double"},{"metadata":{},"name":"NB_BONUS","nullable":true,"type":"double"},{"metadata":{},"name":"VACATION_DAYS_TAKEN","nullable":true,"type":"double"},{"metadata":{},"name":"SICK_DAYS_TAKEN","nullable":true,"type":"double"},{"metadata":{},"name":"PROMOTIONS","nullable":true,"type":"double"},{"metadata":{},"name":"NB_MANAGERS","nullable":true,"type":"double"},{"metadata":{},"name":"DAYS_IN_POSITION","nullable":true,"type":"double"},{"metadata":{},"name":"DAYS_SINCE_LAST_RAISE","nullable":true,"type":"double"},{"metadata":{},"name":"RANKING_CODE","nullable":true,"type":"double"},{"metadata":{},"name":"OVERTIME","nullable":true,"type":"double"},{"metadata":{},"name":"DBLOVERTIME","nullable":true,"type":"double"},{"metadata":{},"name":"TRAVEL","nullable":true,"type":"double"}],"id":"1","type":"struct"}],"output":[]}},"modelfacts_system":{"model_information":{"model_type":"mllib_3.3","model_description":"","input_type":"","algorithm":"","prediction_type":"","software_spec":"spark-mllib_3.3","software_spec_id":"d11f2434-4fc7-58b7-8a62-755da64fdaf8","asset_type":"wml_model","label_column":"ATTRITION"},"training_information":{"project_name":"xxx","training_data_references":[{"training_data":"modeling_records_2022.csv","training_data_href":"https://cloud.ibm.com/objectstorage/crn%3Av1%3Abluemix%3Apublic%3Acloud-object-storage%3Aglobal%3Aa%2Fe46675b7f1bf89b09b5badfb3bd4a7b5%3Af4a37e7b-459c-4faa-8b0c-eeeb172a28a7%3A%3A/?bucket=xxx-donotdelete-pr-r02sfowdkmnmz8&bucketRegion=us&endpoint=https://s3.us-south.cloud-object-storage.appdomain.cloud&paneId=bucket_overview","source_type":"Cloud Object Storage","source":"","source_href":"","source_path":"","training_data_exists":true,"source_exists":true,"type":"External data asset (Container)"}],"hyper_parameters":"","hybrid_pipeline":[],"features":22},"model_identity_information":{"model_identity_key":"06f7c8a1-e638-4f5c-a88c-3a71f1502c4d"}},"modelfacts_user":{},"location_definition":{"physical_location_code":"DAL","physical_location_code_assigned_by":"IBMid-120000A2MS","physical_location_code_rds_id":"c57cb90f-2126-3800-9c9f-9eab82021cdf","physical_location_code_rds_version":"00002022-0503-4211-8958-635137000000_2","physical_location_code_assignment_method":"INFERRED","physical_location_code_added_on":"1690388688832"}},"attachments":[{"id":"7be601e4-15e3-4df9-93ae-181c409fcb07","version":2,"asset_type":"wml_model","datasource_type":"193a97c1-4475-4a19-b90c-295c4fdc6517","object_key":"496dfa62-ac97-4d3e-92d2-c1ba4eedc540/598f87e3-d978-45cd-bcf1-65cea72141e3/487a13ae-5c3a-4291-a56b-141346bb11e7","creator_id":"iam-ServiceId-f49c5558-c247-4983-a04f-7d3c7a3d55da","create_time":1690397565501,"size":37655,"is_remote":false,"is_managed":false,"is_referenced":true,"is_object_key_read_only":false,"is_user_provided_path_key":true,"transfer_complete":true,"is_partitioned":false,"complete_time_ticks":1690397565501,"user_data":{"content_format":"native"},"test_doc":0,"handle":{"bucket":"xxx-donotdelete-pr-r02sfowdkmnmz8","location":"us-south","type":"bluemix_cos","key":"496dfa62-ac97-4d3e-92d2-c1ba4eedc540/598f87e3-d978-45cd-bcf1-65cea72141e3/487a13ae-5c3a-4291-a56b-141346bb11e7","upload_id":"done","max_part_num":1},"usage":{"access_count":0,"last_accessor_id":"iam-ServiceId-f49c5558-c247-4983-a04f-7d3c7a3d55da","last_access_time":1690397565501}}]}
