{"metadata":{"asset_id":"0c08701f-84f3-48ce-916e-2dba5129a377","asset_attributes":["wml_model_definition"],"name":"attrition challenger - spark_d1lj0hnn","asset_type":"wml_model_definition","created_at":"2023-07-26T18:37:01Z","origin_country":"us","owner_id":"IBMid-120000A2MS","project_id":"4db0d413-d911-48e3-bb16-027d5973f541","sandbox_id":"4db0d413-d911-48e3-bb16-027d5973f541","size":1668,"tags":["generated_tag_319d820f-b9ee-4a58-b3a4-5a06c7c52076"],"usage":{"last_update_time":1690396623988,"last_updated_at":"2023-07-26T18:37:03Z"}},"entity":{"wml_model_definition":{"ml_version":"4.0.0","version":"1.0","platform":{"name":"python","versions":["3.6"]}},"location_definition":{"physical_location_code":"DAL","physical_location_code_assigned_by":"IBMid-120000A2MS","physical_location_code_rds_id":"c57cb90f-2126-3800-9c9f-9eab82021cdf","physical_location_code_rds_version":"00002022-0503-4211-8958-635137000000_2","physical_location_code_assignment_method":"INFERRED","physical_location_code_added_on":"1690388688832"}},"attachments":[{"id":"bd78693b-c8f2-42d1-adb0-d846d4168a7a","version":2,"asset_type":"wml_model_definition","name":"model_definition_attachment","datasource_type":"193a97c1-4475-4a19-b90c-295c4fdc6517","creator_id":"IBMid-120000A2MS","create_time":1690396622198,"size":1668,"is_remote":false,"is_managed":true,"is_referenced":false,"is_object_key_read_only":false,"is_user_provided_path_key":false,"transfer_complete":true,"is_partitioned":false,"complete_time_ticks":1690396623986,"user_data":{},"test_doc":0,"handle":{"bucket":"trustedail3techlab-donotdelete-pr-o9knzdzuwnxfsz","location":"us-south","type":"bluemix_cos","key":"496dfa62-ac97-4d3e-92d2-c1ba4eedc540/0c08701f-84f3-48ce-916e-2dba5129a377/bd78693b-c8f2-42d1-adb0-d846d4168a7a","upload_id":"done","max_part_num":1},"usage":{"access_count":0,"last_accessor_id":"IBMid-120000A2MS","last_access_time":1690396622198}}]}
