{"metadata":{"asset_id":"c378eb2a-cca9-4051-aff3-faf7a8470f5d","asset_attributes":["wml_model_definition","location_definition"],"name":"attrition challenger - spark_d1lj0hnn","asset_type":"wml_model_definition","created_at":"2023-07-26T18:52:43Z","origin_country":"us","owner_id":"IBMid-120000A2MS","project_id":"23e92fe8-2627-474c-8779-232752cbdeb3","sandbox_id":"23e92fe8-2627-474c-8779-232752cbdeb3","size":1668,"tags":["generated_tag_319d820f-b9ee-4a58-b3a4-5a06c7c52076"],"usage":{"last_update_time":1690397564784,"last_updated_at":"2023-07-26T18:52:44Z"}},"entity":{"wml_model_definition":{"ml_version":"4.0.0","version":"1.0","platform":{"name":"python","versions":["3.6"]}},"location_definition":{"physical_location_code":"DAL","physical_location_code_assigned_by":"IBMid-120000A2MS","physical_location_code_rds_id":"c57cb90f-2126-3800-9c9f-9eab82021cdf","physical_location_code_rds_version":"00002022-0503-4211-8958-635137000000_2","physical_location_code_assignment_method":"INFERRED","physical_location_code_added_on":"1690388688832"}},"attachments":[{"id":"41b9fab3-e2f4-48fa-8c43-afd4abc4df18","version":2,"asset_type":"wml_model_definition","name":"model_definition_attachment","datasource_type":"193a97c1-4475-4a19-b90c-295c4fdc6517","object_key":"496dfa62-ac97-4d3e-92d2-c1ba4eedc540/0c08701f-84f3-48ce-916e-2dba5129a377/bd78693b-c8f2-42d1-adb0-d846d4168a7a","creator_id":"iam-ServiceId-f49c5558-c247-4983-a04f-7d3c7a3d55da","create_time":1690397564688,"size":1668,"is_remote":false,"is_managed":false,"is_referenced":true,"is_object_key_read_only":false,"is_user_provided_path_key":true,"transfer_complete":true,"is_partitioned":false,"complete_time_ticks":1690397564688,"user_data":{},"test_doc":0,"handle":{"bucket":"xxx-donotdelete-pr-r02sfowdkmnmz8","location":"us-south","type":"bluemix_cos","key":"496dfa62-ac97-4d3e-92d2-c1ba4eedc540/0c08701f-84f3-48ce-916e-2dba5129a377/bd78693b-c8f2-42d1-adb0-d846d4168a7a","upload_id":"done","max_part_num":1},"usage":{"access_count":0,"last_accessor_id":"iam-ServiceId-f49c5558-c247-4983-a04f-7d3c7a3d55da","last_access_time":1690397564688}}]}
