{"metadata":{"asset_id":"929df7c3-789f-4b16-b8be-d8f89162abe6","asset_attributes":["notebook"],"name":"02-Open source lab","asset_type":"notebook","created_at":"2022-08-26T14:14:57Z","description":"","origin_country":"us","owner_id":"IBMid-110000B3QC","project_id":"c530e5e3-da0a-4f0c-8a75-f3a2f926dd7a","size":20340,"tags":["notebook"],"usage":{"last_update_time":1661525479605,"last_updated_at":"2022-08-26T14:51:19Z"}},"entity":{"notebook":{"kernel":{"name":"python39","display_name":"Python 3.9 with Spark","language":"python3"},"originates_from":{"type":"blank"},"runtime":{"environment":"spark32py39-c530e5e3-da0a-4f0c-8a75-f3a2f926dd7a"}},"location_definition":{"physical_location_code":"DAL","physical_location_code_assigned_by":"IBMid-120000A2MS","physical_location_code_rds_id":"c57cb90f-2126-3800-9c9f-9eab82021cdf","physical_location_code_rds_version":"93703e8d-71ac-45fc-84bc-45b31b2133e4_0","physical_location_code_assignment_method":"INFERRED","physical_location_code_added_on":"1659464074939"}},"attachments":[{"id":"ce2a935b-33b4-4945-a294-4d90e08a8a8b","version":2,"asset_type":"notebook","name":"attachment for notebook 929df7c3-789f-4b16-b8be-d8f89162abe6","description":"attachment for notebook 929df7c3-789f-4b16-b8be-d8f89162abe6","mime":"application/json","datasource_type":"193a97c1-4475-4a19-b90c-295c4fdc6517","object_key":"notebook/notebook_build_VfS55Kwk1.ipynb","creator_id":"IBMid-110000B3QC","create_time":1661523298703,"size":20340,"is_remote":false,"is_managed":false,"is_referenced":true,"is_object_key_read_only":false,"is_user_provided_path_key":true,"transfer_complete":true,"is_partitioned":false,"complete_time_ticks":1661523298703,"user_data":{},"test_doc":0,"handle":{"bucket":"trustedail3techlab-donotdelete-pr-h8osbpficxeadv","location":"us-geo","type":"bluemix_cos","key":"notebook/notebook_build_VfS55Kwk1.ipynb","upload_id":"done","max_part_num":1},"usage":{"access_count":11,"last_accessor_id":"IBMid-110000B3QC","last_access_time":1661525479604,"last_updater_id":"IBMid-110000B3QC","last_update_time":1661525479604}}]}
