Artifact Type,Id,Artifact ID,Asset Version Id,Asset Type,Name,Comment,Workflow Status,Action Id,Log Status,Created,Modified,Modifier,Asset Ancestor Id,Property Name,Property Type,Old Value,New Value,Details Modified,Details Modifier,Additional Info,Action,Modification Id
development_log,0a134734-6346-43bc-8a5c-b4bdab02fa58,faeffe8c-39a9-4d63-b278-96f0b6f8bf4d,cfce0fc0-c0a1-4caa-bc60-25a3129c7e3e_2,policy,Protection of Personal and Sensitive Information,,PUBLISHED,Publish,STATUS_CHANGED,2024-07-02 21:50:41,2024-07-02 21:50:41,1000330999,cfce0fc0-c0a1-4caa-bc60-25a3129c7e3e_1,related,Relationship,,"{""value"":""All Phone Numbers Must be Protected"",""path"":[""Person"",""Privacy""]}",2024-07-02 21:50:41,1000330999,rule,Added,9da2a75b-751b-4559-904f-47150b6abfbd
"",,,,,,,,,,,,,,related,Relationship,,"{""value"":""All Credit Card Information Must be Protected"",""path"":[""Person"",""Privacy""]}",2024-07-02 21:50:41,1000330999,rule,Added,9da2a75b-751b-4559-904f-47150b6abfbd
"",,,,,,,,,,,,,,related,Relationship,,"{""value"":""All Email Addresses Must be Protected"",""path"":[""Person"",""Privacy""]}",2024-07-02 21:50:41,1000330999,rule,Added,9da2a75b-751b-4559-904f-47150b6abfbd
"",,,,,,,,,,,,,,related,Relationship,,"{""value"":""All National Identifiers Must be Protected"",""path"":[""Person"",""Privacy""]}",2024-07-02 21:50:41,1000330999,rule,Added,9da2a75b-751b-4559-904f-47150b6abfbd
development_log,bc4993b1-6d18-4ef1-8fb2-0f6d6da6da31,faeffe8c-39a9-4d63-b278-96f0b6f8bf4d,cfce0fc0-c0a1-4caa-bc60-25a3129c7e3e_1,policy,Protection of Personal and Sensitive Information,,PUBLISHED,Publish,STATUS_CHANGED,2024-07-02 21:45:27,2024-07-02 21:45:27,1000330999,cfce0fc0-c0a1-4caa-bc60-25a3129c7e3e_0,related,Relationship,,"{""value"":""Sensitive Personal Information"",""path"":[""[uncategorized]""]}",2024-07-02 21:45:28,1000330999,classification,Added,78430c39-7aea-43eb-8035-73836910564e
"",,,,,,,,,,,,,,related,Relationship,,"{""value"":""Personal Information"",""path"":[""[uncategorized]""]}",2024-07-02 21:45:28,1000330999,classification,Added,78430c39-7aea-43eb-8035-73836910564e
"",,,,,,,,,,,,,,related,Relationship,,"{""value"":""Personally Identifiable Information"",""path"":[""[uncategorized]""]}",2024-07-02 21:45:28,1000330999,classification,Added,78430c39-7aea-43eb-8035-73836910564e
development_log,49275506-7961-40d6-b49a-4238bcabe455,faeffe8c-39a9-4d63-b278-96f0b6f8bf4d,cfce0fc0-c0a1-4caa-bc60-25a3129c7e3e_0,policy,Protection of Personal and Sensitive Information,,PUBLISHED,Publish,STATUS_CHANGED,2024-07-02 21:42:05,2024-07-02 21:42:05,1000330999,,name,String,,Protection of Personal and Sensitive Information,2024-07-02 21:42:05,1000330999,,Added,
"",,,,,,,,,,,,,,longDescription,String,,"This policy governs data classified as sensitive, personal or personally identifiable information (PII) as defined by government and industry regulations as designated by the Office of Data Governance. It pertains to protecting the data privacy of customers, partners, employees or any individual associated with the business. It defines the data that is classified as personal or sensitive and outlines the business policies and governance and protection rules that must be implemented and enforced to control access and visibility of private information to only those who have the authorization to do so.",2024-07-02 21:42:05,1000330999,,Added,
"",,,,,,,,,,,,,,tags,Collection,,"[PCI, PII, Sensitive]",2024-07-02 21:42:05,1000330999,,Added,2a80a723-f051-4421-9462-82d9c3098553
"",,,,,,,,,,,,,,related,Relationship,,"{""value"":""Email"",""path"":[""Person""]}",2024-07-02 21:42:05,1000330999,glossary_term,Added,2d8ad4f8-dd12-4952-a53e-71221f315d81
"",,,,,,,,,,,,,,related,Relationship,,"{""value"":""Credit Card Number"",""path"":[""Person""]}",2024-07-02 21:42:05,1000330999,glossary_term,Added,2d8ad4f8-dd12-4952-a53e-71221f315d81
"",,,,,,,,,,,,,,related,Relationship,,"{""value"":""Phone Number"",""path"":[""Person""]}",2024-07-02 21:42:05,1000330999,glossary_term,Added,2d8ad4f8-dd12-4952-a53e-71221f315d81
"",,,,,,,,,,,,,,related,Relationship,,"{""value"":""Credit Card Expiration Date"",""path"":[""Person""]}",2024-07-02 21:42:05,1000330999,glossary_term,Added,2d8ad4f8-dd12-4952-a53e-71221f315d81
"",,,,,,,,,,,,,,related,Relationship,,"{""value"":""Credit Card Validation Number"",""path"":[""Person""]}",2024-07-02 21:42:05,1000330999,glossary_term,Added,2d8ad4f8-dd12-4952-a53e-71221f315d81
"",,,,,,,,,,,,,,related,Relationship,,"{""value"":""US Social Security Number"",""path"":[""Person""]}",2024-07-02 21:42:05,1000330999,glossary_term,Added,2d8ad4f8-dd12-4952-a53e-71221f315d81
"",,,,,,,,,,,,,,parent_category,Relationship,,"{""value"":""Privacy"",""path"":[""Person""]}",2024-07-02 21:42:05,1000330999,category,Added,a21d0105-9709-4e7a-b272-624ebb9a882e
"",,,,,,,,,,,,,,grouped_by_category,Relationship,,"{""value"":""Employee"",""path"":[""Person""]}",2024-07-02 21:42:05,1000330999,category,Added,974cdd8e-2d3e-451b-91b0-809ba9d45d23
"",,,,,,,,,,,,,,grouped_by_category,Relationship,,"{""value"":""Person""}",2024-07-02 21:42:05,1000330999,category,Added,974cdd8e-2d3e-451b-91b0-809ba9d45d23
