{"metadata":{"asset_id":"8e94d461-5d71-44e6-8e70-55d12064c6e3","asset_attributes":["data_asset"],"name":"acceleratorWorkflow.png","asset_type":"data_asset","created_at":"2021-05-17T14:19:02Z","description":"","origin_country":"us","owner_id":"1000330999","project_id":"eae88abe-d409-4a52-974c-def5e97cb6d6","size":64149,"tags":[],"usage":{"last_update_time":1621261142653,"last_updated_at":"2021-05-17T14:19:02Z"}},"entity":{"data_asset":{"mime_type":"image/png","dataset":false}},"attachments":[{"id":"c1ea5c3a-6501-4eec-8e8a-f131f802409e","version":2,"asset_type":"data_asset","name":"acceleratorWorkflow.png","mime":"image/png","datasource_type":"81bafdbd-b7c6-45c5-a4fd-6ec135f66f4e","object_key":"data_asset/acceleratorWorkflow.png","creator_id":"icp4d-dev","create_time":1621261142534,"size":64149,"is_remote":false,"is_managed":false,"is_referenced":true,"is_object_key_read_only":false,"is_user_provided_path_key":true,"transfer_complete":true,"is_partitioned":false,"complete_time_ticks":1621261142534,"user_data":{},"test_doc":0,"handle":{"key":"data_asset/acceleratorWorkflow.png","upload_id":"done","max_part_num":1},"usage":{"access_count":0,"last_accessor_id":"icp4d-dev","last_access_time":1621261142534}}]}