{"metadata":{"asset_id":"a130479e-aa9d-4c5a-a876-2854c9d37b4a","asset_attributes":["data_asset"],"name":"customer_product_summary.csv","asset_type":"data_asset","created_at":"2021-05-17T14:19:02Z","description":"","origin_country":"us","owner_id":"1000330999","project_id":"eae88abe-d409-4a52-974c-def5e97cb6d6","size":1240222,"tags":[],"usage":{"last_update_time":1621261142600,"last_updated_at":"2021-05-17T14:19:02Z"}},"entity":{"data_asset":{"mime_type":"text/csv","dataset":false}},"attachments":[{"id":"343c4037-2ead-469f-9d8e-12e448bf330f","version":2,"asset_type":"data_asset","name":"customer_product_summary.csv","mime":"text/csv","datasource_type":"81bafdbd-b7c6-45c5-a4fd-6ec135f66f4e","object_key":"data_asset/customer_product_summary.csv","creator_id":"icp4d-dev","create_time":1621261142494,"size":1240222,"is_remote":false,"is_managed":false,"is_referenced":true,"is_object_key_read_only":false,"is_user_provided_path_key":true,"transfer_complete":true,"is_partitioned":false,"complete_time_ticks":1621261142494,"user_data":{},"test_doc":0,"handle":{"key":"data_asset/customer_product_summary.csv","upload_id":"done","max_part_num":1},"usage":{"access_count":0,"last_accessor_id":"icp4d-dev","last_access_time":1621261142494}}]}