{"metadata":{"asset_id":"3d52530a-e88d-4124-98a2-001832698f2a","asset_attributes":["data_asset"],"name":"CUSTOMER_PRODUCT_HISTORY.sql","asset_type":"data_asset","created_at":"2021-05-17T14:19:02Z","description":"","origin_country":"us","owner_id":"1000330999","project_id":"eae88abe-d409-4a52-974c-def5e97cb6d6","size":32245,"tags":[],"usage":{"last_update_time":1621261142639,"last_updated_at":"2021-05-17T14:19:02Z"}},"entity":{"data_asset":{"mime_type":"application/octet-stream","dataset":false}},"attachments":[{"id":"b9f9ef5e-f9f6-40ee-af01-c29b38882301","version":2,"asset_type":"data_asset","name":"CUSTOMER_PRODUCT_HISTORY.sql","mime":"application/octet-stream","datasource_type":"81bafdbd-b7c6-45c5-a4fd-6ec135f66f4e","object_key":"data_asset/CUSTOMER_PRODUCT_HISTORY.sql","creator_id":"icp4d-dev","create_time":1621261142521,"size":32245,"is_remote":false,"is_managed":false,"is_referenced":true,"is_object_key_read_only":false,"is_user_provided_path_key":true,"transfer_complete":true,"is_partitioned":false,"complete_time_ticks":1621261142521,"user_data":{},"test_doc":0,"handle":{"key":"data_asset/CUSTOMER_PRODUCT_HISTORY.sql","upload_id":"done","max_part_num":1},"usage":{"access_count":0,"last_accessor_id":"icp4d-dev","last_access_time":1621261142521}}]}