{"metadata":{"asset_id":"83abb5c7-af19-4706-bdc6-7aaa93b4f6cc","asset_attributes":["data_asset"],"name":"customer.csv","asset_type":"data_asset","created_at":"2021-05-17T14:19:02Z","description":"","origin_country":"us","owner_id":"1000330999","project_id":"eae88abe-d409-4a52-974c-def5e97cb6d6","size":1273147,"tags":[],"usage":{"last_update_time":1621261142638,"last_updated_at":"2021-05-17T14:19:02Z"}},"entity":{"data_asset":{"mime_type":"text/csv","dataset":false}},"attachments":[{"id":"ac6ae9ef-84d9-4210-9a49-c0179dca1a36","version":2,"asset_type":"data_asset","name":"customer.csv","mime":"text/csv","datasource_type":"81bafdbd-b7c6-45c5-a4fd-6ec135f66f4e","object_key":"data_asset/customer.csv","creator_id":"icp4d-dev","create_time":1621261142536,"size":1273147,"is_remote":false,"is_managed":false,"is_referenced":true,"is_object_key_read_only":false,"is_user_provided_path_key":true,"transfer_complete":true,"is_partitioned":false,"complete_time_ticks":1621261142536,"user_data":{},"test_doc":0,"handle":{"key":"data_asset/customer.csv","upload_id":"done","max_part_num":1},"usage":{"access_count":0,"last_accessor_id":"icp4d-dev","last_access_time":1621261142536}}]}