{"metadata":{"asset_id":"f8f8ef0c-78ae-421d-88cb-0c2f97c86747","asset_attributes":["data_asset"],"name":"customerProductHistory.csv","asset_type":"data_asset","created_at":"2021-05-17T14:19:02Z","description":"","origin_country":"us","owner_id":"1000330999","project_id":"eae88abe-d409-4a52-974c-def5e97cb6d6","size":31445084,"tags":[],"usage":{"last_update_time":1621261142582,"last_updated_at":"2021-05-17T14:19:02Z"}},"entity":{"data_asset":{"mime_type":"text/csv","dataset":false}},"attachments":[{"id":"5aa2e019-e748-4467-88e2-90dfbe3d7124","version":2,"asset_type":"data_asset","name":"customerProductHistory.csv","mime":"text/csv","datasource_type":"81bafdbd-b7c6-45c5-a4fd-6ec135f66f4e","object_key":"data_asset/customerProductHistory.csv","creator_id":"icp4d-dev","create_time":1621261142495,"size":31445084,"is_remote":false,"is_managed":false,"is_referenced":true,"is_object_key_read_only":false,"is_user_provided_path_key":true,"transfer_complete":true,"is_partitioned":false,"complete_time_ticks":1621261142495,"user_data":{},"test_doc":0,"handle":{"key":"data_asset/customerProductHistory.csv","upload_id":"done","max_part_num":1},"usage":{"access_count":0,"last_accessor_id":"icp4d-dev","last_access_time":1621261142495}}]}