{"metadata":{"asset_id":"1ee56f0d-104c-4d71-aa4d-3cdecede452b","asset_attributes":["data_asset"],"name":"training_user_inputs_and_prepped_column_names_and_means.json","asset_type":"data_asset","created_at":"2021-05-17T14:19:02Z","description":"","origin_country":"us","owner_id":"1000330999","project_id":"eae88abe-d409-4a52-974c-def5e97cb6d6","size":8897,"tags":[],"usage":{"last_update_time":1621261142696,"last_updated_at":"2021-05-17T14:19:02Z"}},"entity":{"data_asset":{"mime_type":"application/json","dataset":false}},"attachments":[{"id":"99425f01-fb6d-4732-abbd-b8b60964e0a9","version":2,"asset_type":"data_asset","name":"training_user_inputs_and_prepped_column_names_and_means.json","mime":"application/json","datasource_type":"81bafdbd-b7c6-45c5-a4fd-6ec135f66f4e","object_key":"data_asset/training_user_inputs_and_prepped_column_names_and_means.json","creator_id":"icp4d-dev","create_time":1621261142564,"size":8897,"is_remote":false,"is_managed":false,"is_referenced":true,"is_object_key_read_only":false,"is_user_provided_path_key":true,"transfer_complete":true,"is_partitioned":false,"complete_time_ticks":1621261142564,"user_data":{},"test_doc":0,"handle":{"key":"data_asset/training_user_inputs_and_prepped_column_names_and_means.json","upload_id":"done","max_part_num":1},"usage":{"access_count":0,"last_accessor_id":"icp4d-dev","last_access_time":1621261142564}}]}