{"metadata":{"asset_id":"6c479638-0806-4a06-b8a8-9f4c2e7800dc","asset_attributes":["data_asset"],"name":"offer_affinity_prep.py","asset_type":"data_asset","created_at":"2021-05-17T14:19:02Z","description":"","origin_country":"us","owner_id":"1000330999","project_id":"eae88abe-d409-4a52-974c-def5e97cb6d6","size":22279,"tags":[],"usage":{"last_update_time":1621261142638,"last_updated_at":"2021-05-17T14:19:02Z"}},"entity":{"data_asset":{"mime_type":"text/x-script.phyton","dataset":false}},"attachments":[{"id":"857b2928-a757-43c0-ac73-076ffd5fd7e6","version":2,"asset_type":"data_asset","name":"offer_affinity_prep.py","mime":"text/x-script.phyton","datasource_type":"81bafdbd-b7c6-45c5-a4fd-6ec135f66f4e","object_key":"data_asset/offer_affinity_prep.py","creator_id":"icp4d-dev","create_time":1621261142514,"size":22279,"is_remote":false,"is_managed":false,"is_referenced":true,"is_object_key_read_only":false,"is_user_provided_path_key":true,"transfer_complete":true,"is_partitioned":false,"complete_time_ticks":1621261142514,"user_data":{},"test_doc":0,"handle":{"key":"data_asset/offer_affinity_prep.py","upload_id":"done","max_part_num":1},"usage":{"access_count":0,"last_accessor_id":"icp4d-dev","last_access_time":1621261142514}}]}