{"metadata":{"asset_id":"ec028c92-bcd9-4cf7-b12e-1d5434c33231","asset_attributes":["job"],"name":"2-Model_Scoring_Notebook_Job","asset_type":"job","created_at":"2021-05-17T14:19:04Z","description":"","origin_country":"us","owner_id":"1000330999","project_id":"eae88abe-d409-4a52-974c-def5e97cb6d6","size":0,"tags":[],"usage":{"last_update_time":1621261144566,"last_updated_at":"2021-05-17T14:19:04Z"}},"entity":{"job":{"asset_ref_type":"notebook","configuration":{"env_id":"jupconda37-eae88abe-d409-4a52-974c-def5e97cb6d6","env_type":"notebook","env_variables":[]},"last_run_initiator":"None","last_run_time":"","last_run_status":"None","last_run_status_timestamp":0,"project_name":"OfferAffinity-project","asset_ref":"75209eae-44e9-404c-ae22-66ca2ad31d5b"}}}