{"metadata":{"asset_id":"403256c8-cad5-4ff1-8258-ce3e377a4a02","asset_attributes":["notebook"],"name":"README","asset_type":"notebook","created_at":"2021-05-17T14:19:03Z","description":"","origin_country":"us","owner_id":"icp4d-dev","project_id":"eae88abe-d409-4a52-974c-def5e97cb6d6","size":93960,"tags":["notebook"],"usage":{"last_update_time":1621261143196,"last_updated_at":"2021-05-17T14:19:03Z"}},"entity":{"notebook":{"kernel":{"name":"python3","display_name":"Python 3.7","language":"python"},"originates_from":{"type":"file"},"runtime":{"environment":"jupconda37-eae88abe-d409-4a52-974c-def5e97cb6d6"}}},"attachments":[{"id":"a5ae3ef0-b526-42d3-b485-8cf0d1d14ecf","version":2,"asset_type":"notebook","name":"attachment for notebook 403256c8-cad5-4ff1-8258-ce3e377a4a02","description":"attachment for notebook 403256c8-cad5-4ff1-8258-ce3e377a4a02","mime":"application/json","datasource_type":"81bafdbd-b7c6-45c5-a4fd-6ec135f66f4e","object_key":"notebook/README_YcHE8dABG.ipynb","creator_id":"1000330999","create_time":1621261143195,"size":93960,"is_remote":false,"is_managed":false,"is_referenced":true,"is_object_key_read_only":false,"is_user_provided_path_key":true,"transfer_complete":true,"is_partitioned":false,"complete_time_ticks":1621261143195,"user_data":{},"test_doc":0,"handle":{"key":"notebook/README_YcHE8dABG.ipynb","upload_id":"done","max_part_num":1},"usage":{"access_count":0,"last_accessor_id":"1000330999","last_access_time":1621261143195}}]}