{"metadata":{"asset_id":"5d3ab43b-ac28-400c-bfd3-47c5a0e8c66d","asset_attributes":["notebook"],"name":"0-Map_Business_Terms_to_data_headers","asset_type":"notebook","created_at":"2021-05-17T14:19:03Z","description":"","origin_country":"us","owner_id":"icp4d-dev","project_id":"eae88abe-d409-4a52-974c-def5e97cb6d6","size":54632,"tags":["notebook"],"usage":{"last_update_time":1621261143188,"last_updated_at":"2021-05-17T14:19:03Z"}},"entity":{"notebook":{"kernel":{"name":"python3","display_name":"Python 3.7","language":"python"},"originates_from":{"type":"file"},"runtime":{"environment":"jupconda37-eae88abe-d409-4a52-974c-def5e97cb6d6"}}},"attachments":[{"id":"445c2c66-67c6-4ec6-9925-942dc36b0667","version":2,"asset_type":"notebook","name":"attachment for notebook 5d3ab43b-ac28-400c-bfd3-47c5a0e8c66d","description":"attachment for notebook 5d3ab43b-ac28-400c-bfd3-47c5a0e8c66d","mime":"application/json","datasource_type":"81bafdbd-b7c6-45c5-a4fd-6ec135f66f4e","object_key":"notebook/0-Map_Business_Terms_to_data_headers_SjBB4oWP2.ipynb","creator_id":"1000330999","create_time":1621261143187,"size":54632,"is_remote":false,"is_managed":false,"is_referenced":true,"is_object_key_read_only":false,"is_user_provided_path_key":true,"transfer_complete":true,"is_partitioned":false,"complete_time_ticks":1621261143187,"user_data":{},"test_doc":0,"handle":{"key":"notebook/0-Map_Business_Terms_to_data_headers_SjBB4oWP2.ipynb","upload_id":"done","max_part_num":1},"usage":{"access_count":0,"last_accessor_id":"1000330999","last_access_time":1621261143187}}]}