{"metadata":{"asset_id":"b1b7cce0-ce6e-4ad4-bb2d-ba0b2cfbff03","asset_attributes":["notebook"],"name":"1-model-training","asset_type":"notebook","created_at":"2021-05-17T14:19:03Z","description":"","origin_country":"us","owner_id":"icp4d-dev","project_id":"eae88abe-d409-4a52-974c-def5e97cb6d6","size":572602,"tags":["notebook"],"usage":{"last_update_time":1621261373679,"last_updated_at":"2021-05-17T14:22:53Z"}},"entity":{"notebook":{"kernel":{"name":"python3","display_name":"Python 3.7","language":"python"},"originates_from":{"type":"file"},"runtime":{"environment":"jupconda37-eae88abe-d409-4a52-974c-def5e97cb6d6"}}},"attachments":[{"id":"470d61e8-a00d-484d-8fc8-116f85af2a9d","version":2,"asset_type":"notebook","name":"attachment for notebook b1b7cce0-ce6e-4ad4-bb2d-ba0b2cfbff03","description":"attachment for notebook b1b7cce0-ce6e-4ad4-bb2d-ba0b2cfbff03","mime":"application/json","datasource_type":"81bafdbd-b7c6-45c5-a4fd-6ec135f66f4e","object_key":"notebook/1-model-training_lN2L2bshw.ipynb","creator_id":"1000330999","create_time":1621261143189,"size":572602,"is_remote":false,"is_managed":false,"is_referenced":true,"is_object_key_read_only":false,"is_user_provided_path_key":true,"transfer_complete":true,"is_partitioned":false,"complete_time_ticks":1621261143189,"user_data":{},"test_doc":0,"handle":{"key":"notebook/1-model-training_lN2L2bshw.ipynb","upload_id":"done","max_part_num":1},"usage":{"access_count":0,"last_accessor_id":"1000330999","last_access_time":1621261143189}}]}