{"metadata":{"asset_id":"75209eae-44e9-404c-ae22-66ca2ad31d5b","asset_attributes":["notebook"],"name":"2-model_score_and_app_deployment","asset_type":"notebook","created_at":"2021-05-17T14:19:03Z","description":"","origin_country":"us","owner_id":"icp4d-dev","project_id":"eae88abe-d409-4a52-974c-def5e97cb6d6","size":29707,"tags":["notebook"],"usage":{"last_update_time":1621261143194,"last_updated_at":"2021-05-17T14:19:03Z"}},"entity":{"notebook":{"kernel":{"name":"python3","display_name":"Python 3.7","language":"python"},"originates_from":{"type":"file"},"runtime":{"environment":"jupconda37-eae88abe-d409-4a52-974c-def5e97cb6d6"}}},"attachments":[{"id":"5999e43d-d814-46f8-96c3-160963474bd8","version":2,"asset_type":"notebook","name":"attachment for notebook 75209eae-44e9-404c-ae22-66ca2ad31d5b","description":"attachment for notebook 75209eae-44e9-404c-ae22-66ca2ad31d5b","mime":"application/json","datasource_type":"81bafdbd-b7c6-45c5-a4fd-6ec135f66f4e","object_key":"notebook/2-model_score_and_app_deployment_ac0hDm2EO.ipynb","creator_id":"1000330999","create_time":1621261143193,"size":29707,"is_remote":false,"is_managed":false,"is_referenced":true,"is_object_key_read_only":false,"is_user_provided_path_key":true,"transfer_complete":true,"is_partitioned":false,"complete_time_ticks":1621261143193,"user_data":{},"test_doc":0,"handle":{"key":"notebook/2-model_score_and_app_deployment_ac0hDm2EO.ipynb","upload_id":"done","max_part_num":1},"usage":{"access_count":0,"last_accessor_id":"1000330999","last_access_time":1621261143193}}]}