{"metadata":{"asset_id":"f15a2270-399a-4a9d-93ca-9cdfd44461d2","asset_attributes":["shiny_asset"],"name":"customer-offer-affinity-analytics-dashboard","asset_type":"shiny_asset","created_at":"2021-05-17T14:19:02Z","description":"Shiny asset created in RStudio and pulled via git","origin_country":"us","owner_id":"1000330999","project_id":"eae88abe-d409-4a52-974c-def5e97cb6d6","size":282036,"tags":[],"usage":{"last_update_time":1621261143081,"last_updated_at":"2021-05-17T14:19:03Z"}},"entity":{},"attachments":[{"id":"1a14e2f0-6b31-41f6-b65e-dd6a0a16da59","version":2,"asset_type":"shiny_asset","name":"customer-offer-affinity-analytics-dashboard","datasource_type":"81bafdbd-b7c6-45c5-a4fd-6ec135f66f4e","object_key":"shiny_app/customer-offer-affinity-analytics-dashboard.zip","creator_id":"icp4d-dev","create_time":1621261142984,"size":282036,"is_remote":false,"is_managed":false,"is_referenced":true,"is_object_key_read_only":false,"is_user_provided_path_key":true,"transfer_complete":true,"is_partitioned":false,"complete_time_ticks":1621261142984,"user_data":{},"test_doc":0,"handle":{"key":"shiny_app/customer-offer-affinity-analytics-dashboard.zip","upload_id":"done","max_part_num":1},"usage":{"access_count":0,"last_accessor_id":"icp4d-dev","last_access_time":1621261142984}}]}