{"metadata":{"asset_id":"c4fa3d05-29d1-41d4-9073-4fd1943ab7c1","asset_type":"connection","creator_id":"1000330999"},"entity":{"datasource_type":"e1c23729-99d8-4407-b3df-336e33ffdc82","description":"Data store that contains third party data needed by the business for analytics and AI.","name":"Third Party Data","origin_country":"us","properties":{"database":"3RDPARTY","password":"C!oudP@k4DataDem0s","port":"31128","query_timeout":"300","host":"85331fa6-6b56-4355-935e-290f3ac8aa8c.8117147f814b4b2ea643610826cd2046.databases.appdomain.cloud","ssl":"true","username":"cpdemo"}}}