{"metadata":{"asset_id":"eac1ab75-36da-4ddd-9fec-4c678983274c","asset_type":"connection","creator_id":"1000330999"},"entity":{"datasource_type":"c6fb9293-51eb-4f2b-b20c-4dafa3136744","description":"Data store that contains documents needed by the business for analytics and AI.","name":"Document Store","origin_country":"us","properties":{"password":"C!oudP@k4DataDem0s","database":"DOCUMENT","port":"32725","host":"80491636-d896-440f-9e3e-ed6f3e9b7957-0.c4n4trid0tl3n7uvrtlg.databases.appdomain.cloud","auth_database":"admin","ssl":"true","username":"cpdemo"}}}