{"metadata":{"asset_id":"31d36e5b-bd49-4bd0-9019-f76284f5e4c1","asset_type":"connection","creator_id":"1000330999"},"entity":{"datasource_type":"8c1a4480-1c29-4b33-9086-9cb799d7b157","description":"Database that contains enterprise data needed by the business for analytics and AI.","name":"Data Warehouse","origin_country":"us","properties":{"database":"BLUDB","password":"C!oudP@k4DataDem0s","username_password_security":"default","port":"50001","host":"db2w-ovqfeqq.us-south.db2w.cloud.ibm.com","username_password_encryption":"default","ssl":"true","username":"cpdemo"}}}