[{"metadata":{"asset_id":"30e3b745-7845-4935-9e41-87994c2a06c4","asset_type":"data_intg_flow","catalog_id":"60055c4b-891c-4d8f-a901-0317160defe3","create_time":"2023-08-09T19:16:11.000Z","creator_id":"1000330999","name":"ELT_Pushdown","origin_country":"us","size":35239,"project_id":"c147bc4d-5b42-457c-aa59-cb2b0c06425f","resource_key":"c147bc4d-5b42-457c-aa59-cb2b0c06425f/data_intg_flow/ELT_Pushdown","description":"","usage":{"last_update_time":"2023-08-21T20:05:19.974Z","last_updated_at":"2023-08-21T20:05:19Z","last_updater_id":"1000330999","access_count":0,"last_accessed_at":"2023-08-21T20:05:19Z","last_accessor_id":"1000330999","last_access_time":"2023-08-21T20:05:19.974Z"}},"entity":{"data_intg_flow":{"mime_type":"application/json","dataset":false}},"attachments":[{"test_doc":0,"object_key":"data_intg_flow/c147bc4d-5b42-457c-aa59-cb2b0c06425f30e3b745-7845-4935-9e41-87994c2a06c4","create_time":1691608769271,"complete_time_ticks":1691608769271,"mime":"application/json","usage":{"access_count":0,"last_accessor_id":"1000330999","last_access_time":1691608769271},"is_remote":false,"handle":{"max_part_num":1,"upload_id":"done","type":"assetfiles","key":"data_intg_flow/c147bc4d-5b42-457c-aa59-cb2b0c06425f30e3b745-7845-4935-9e41-87994c2a06c4"},"is_user_provided_path_key":true,"user_data":{},"version":2,"size":20294,"is_partitioned":false,"datasource_type":"81bafdbd-b7c6-45c5-a4fd-6ec135f66f4e","transfer_complete":true,"asset_type":"data_intg_flow","name":"data_intg_flows","creator_id":"1000330999","id":"e33630b7-6f2b-4ca2-8f27-b313bf58b128","is_referenced":true,"is_managed":false,"is_object_key_read_only":false},{"test_doc":0,"object_key":"data_intg_flow/c147bc4d-5b42-457c-aa59-cb2b0c06425f30e3b745-7845-4935-9e41-87994c2a06c4px_executables","create_time":1692648319973,"complete_time_ticks":1692648319973,"mime":"application/octet-stream","usage":{"access_count":0,"last_accessor_id":"1000330999","last_access_time":1692648319973},"is_remote":false,"handle":{"max_part_num":1,"upload_id":"done","type":"assetfiles","key":"data_intg_flow/c147bc4d-5b42-457c-aa59-cb2b0c06425f30e3b745-7845-4935-9e41-87994c2a06c4px_executables"},"is_user_provided_path_key":true,"user_data":{},"version":2,"size":14945,"is_partitioned":false,"datasource_type":"81bafdbd-b7c6-45c5-a4fd-6ec135f66f4e","transfer_complete":true,"asset_type":"data_intg_flow","name":"px_executables","creator_id":"1000330999","id":"004f2e5b-6991-4c53-b45f-c4c5d464a0bf","is_referenced":true,"is_managed":false,"is_object_key_read_only":false}]}]