{"metadata":{"asset_id":"1833526e-a593-44cb-a1e6-871a07eff24f","asset_attributes":["data_asset"],"name":"CandidateSurvey.json","asset_type":"data_asset","created_at":"2023-11-30T19:17:11Z","origin_country":"us","owner_id":"1000330999","project_id":"ba5914ce-8abd-467e-bff2-ff5bd31d92ab","size":18325,"usage":{"last_update_time":1701371832271,"last_updated_at":"2023-11-30T19:17:12Z"}},"entity":{"data_asset":{"mime_type":"application/json","dataset":false}},"attachments":[{"id":"a01c191c-b6a6-4bd6-8ec4-05641c4b2cf3","version":2,"asset_type":"data_asset","name":"CandidateSurvey.json","mime":"application/json","datasource_type":"81bafdbd-b7c6-45c5-a4fd-6ec135f66f4e","object_key":"data_asset/CandidateSurvey.json","creator_id":"icp4d-dev","create_time":1701371832128,"size":18325,"is_remote":false,"is_managed":false,"is_referenced":true,"is_object_key_read_only":true,"is_user_provided_path_key":true,"transfer_complete":true,"is_partitioned":false,"complete_time_ticks":1701371832128,"user_data":{},"test_doc":0,"handle":{"type":"assetfiles","key":"data_asset/CandidateSurvey.json","upload_id":"done","max_part_num":1},"usage":{"access_count":0,"last_accessor_id":"icp4d-dev","last_access_time":1701371832128}}]}