{"metadata":{"asset_id":"b11642dd-4286-4ab1-be8f-9c6a62b78cba","asset_attributes":["data_asset"],"name":"MarchNewHires.csv","asset_type":"data_asset","created_at":"2023-08-09T15:50:31Z","origin_country":"us","owner_id":"1000330999","project_id":"c147bc4d-5b42-457c-aa59-cb2b0c06425f","size":252,"usage":{"last_update_time":1691596231793,"last_updated_at":"2023-08-09T15:50:31Z"}},"entity":{"data_asset":{"mime_type":"text/csv","dataset":false}},"attachments":[{"id":"bd259f24-df2f-470b-87bc-21cad164b869","version":2,"asset_type":"data_asset","name":"MarchNewHires.csv","mime":"text/csv","datasource_type":"81bafdbd-b7c6-45c5-a4fd-6ec135f66f4e","object_key":"data_asset/MarchNewHires.csv","creator_id":"icp4d-dev","create_time":1691596231702,"size":252,"is_remote":false,"is_managed":false,"is_referenced":true,"is_object_key_read_only":true,"is_user_provided_path_key":true,"transfer_complete":true,"is_partitioned":false,"complete_time_ticks":1691596231702,"user_data":{},"test_doc":0,"handle":{"type":"assetfiles","key":"data_asset/MarchNewHires.csv","upload_id":"done","max_part_num":1},"usage":{"access_count":0,"last_accessor_id":"icp4d-dev","last_access_time":1691596231702}}]}