{"metadata":{"asset_id":"1955a1cc-8a25-4356-a913-b5cc366f5eed","asset_attributes":["data_asset"],"name":"CandidateSurvey.json","asset_type":"data_asset","created_at":"2023-08-09T15:50:31Z","origin_country":"us","owner_id":"1000330999","project_id":"c147bc4d-5b42-457c-aa59-cb2b0c06425f","size":18325,"usage":{"last_update_time":1691596231776,"last_updated_at":"2023-08-09T15:50:31Z"}},"entity":{"data_asset":{"mime_type":"application/json","dataset":false}},"attachments":[{"id":"55176d2d-181d-4983-b5d1-50a39db48d13","version":2,"asset_type":"data_asset","name":"CandidateSurvey.json","mime":"application/json","datasource_type":"81bafdbd-b7c6-45c5-a4fd-6ec135f66f4e","object_key":"data_asset/CandidateSurvey.json","creator_id":"icp4d-dev","create_time":1691596231534,"size":18325,"is_remote":false,"is_managed":false,"is_referenced":true,"is_object_key_read_only":true,"is_user_provided_path_key":true,"transfer_complete":true,"is_partitioned":false,"complete_time_ticks":1691596231534,"user_data":{},"test_doc":0,"handle":{"type":"assetfiles","key":"data_asset/CandidateSurvey.json","upload_id":"done","max_part_num":1},"usage":{"access_count":0,"last_accessor_id":"icp4d-dev","last_access_time":1691596231534}}]}