[{"metadata":{"asset_id":"f1bb6bd8-bc73-4ed3-bde3-c28521b875b0","asset_type":"data_intg_flow","catalog_id":"60055c4b-891c-4d8f-a901-0317160defe3","create_time":"2023-08-09T15:50:36.000Z","creator_id":"1000330999","name":"FebEmployeeNumber","origin_country":"us","size":12324,"project_id":"c147bc4d-5b42-457c-aa59-cb2b0c06425f","resource_key":"c147bc4d-5b42-457c-aa59-cb2b0c06425f/data_intg_flow/FebEmployeeNumber","usage":{"last_update_time":"2023-08-09T15:50:38.420Z","last_updated_at":"2023-08-09T15:50:38Z","last_updater_id":"icp4d-dev","access_count":0,"last_accessed_at":"2023-08-09T15:50:38Z","last_accessor_id":"icp4d-dev","last_access_time":"2023-08-09T15:50:38.420Z"}},"entity":{"data_intg_flow":{"mime_type":"application/json","dataset":false}},"attachments":[{"test_doc":0,"object_key":"data_intg_flow/85ab36ed-aa5a-4656-a04f-0788b172b64fcc7b1f26-2ff7-4c73-beaa-e5bddd8f15c9px_executables","create_time":1691596236750,"complete_time_ticks":1691596236750,"mime":"application/octet-stream","usage":{"access_count":0,"last_accessor_id":"icp4d-dev","last_access_time":1691596236750},"is_remote":false,"description":"","handle":{"max_part_num":1,"upload_id":"done","type":"assetfiles","key":"data_intg_flow/85ab36ed-aa5a-4656-a04f-0788b172b64fcc7b1f26-2ff7-4c73-beaa-e5bddd8f15c9px_executables"},"is_user_provided_path_key":true,"user_data":{},"version":2,"size":1718,"is_partitioned":false,"datasource_type":"81bafdbd-b7c6-45c5-a4fd-6ec135f66f4e","transfer_complete":true,"asset_type":"data_intg_flow","name":"px_executables","creator_id":"icp4d-dev","id":"55449ed7-9fa4-4350-80bb-c7a448f0ed9c","is_referenced":true,"is_managed":false,"is_object_key_read_only":false},{"test_doc":0,"object_key":"data_intg_flow/c147bc4d-5b42-457c-aa59-cb2b0c06425ff1bb6bd8-bc73-4ed3-bde3-c28521b875b0","create_time":1691596238418,"complete_time_ticks":1691596238418,"mime":"application/json","usage":{"access_count":0,"last_accessor_id":"icp4d-dev","last_access_time":1691596238418},"is_remote":false,"handle":{"max_part_num":1,"upload_id":"done","type":"assetfiles","key":"data_intg_flow/c147bc4d-5b42-457c-aa59-cb2b0c06425ff1bb6bd8-bc73-4ed3-bde3-c28521b875b0"},"is_user_provided_path_key":true,"user_data":{},"version":2,"size":10606,"is_partitioned":false,"datasource_type":"81bafdbd-b7c6-45c5-a4fd-6ec135f66f4e","transfer_complete":true,"asset_type":"data_intg_flow","name":"data_intg_flows","creator_id":"icp4d-dev","id":"379954b7-1eb7-4631-b2ec-68fb610d3ea5","is_referenced":true,"is_managed":false,"is_object_key_read_only":false}]}]