[{"metadata":{"asset_id":"15520c94-5c4d-40b4-b578-8db6a0ce86dc","asset_type":"data_intg_flow","catalog_id":"60055c4b-891c-4d8f-a901-0317160defe3","create_time":"2023-08-09T15:50:36.000Z","creator_id":"1000330999","name":"JanEmployeeNumber","origin_country":"us","size":12913,"project_id":"c147bc4d-5b42-457c-aa59-cb2b0c06425f","resource_key":"c147bc4d-5b42-457c-aa59-cb2b0c06425f/data_intg_flow/JanEmployeeNumber","usage":{"last_update_time":"2023-08-09T15:50:38.408Z","last_updated_at":"2023-08-09T15:50:38Z","last_updater_id":"icp4d-dev","access_count":0,"last_accessed_at":"2023-08-09T15:50:38Z","last_accessor_id":"icp4d-dev","last_access_time":"2023-08-09T15:50:38.408Z"}},"entity":{"data_intg_flow":{"mime_type":"application/json","dataset":false}},"attachments":[{"test_doc":0,"object_key":"data_intg_flow/85ab36ed-aa5a-4656-a04f-0788b172b64f25e22ad9-abf0-4c77-8bd4-974b002ad1acpx_executables","create_time":1691596236652,"complete_time_ticks":1691596236652,"mime":"application/octet-stream","usage":{"access_count":0,"last_accessor_id":"icp4d-dev","last_access_time":1691596236652},"is_remote":false,"description":"","handle":{"max_part_num":1,"upload_id":"done","type":"assetfiles","key":"data_intg_flow/85ab36ed-aa5a-4656-a04f-0788b172b64f25e22ad9-abf0-4c77-8bd4-974b002ad1acpx_executables"},"is_user_provided_path_key":true,"user_data":{},"version":2,"size":1829,"is_partitioned":false,"datasource_type":"81bafdbd-b7c6-45c5-a4fd-6ec135f66f4e","transfer_complete":true,"asset_type":"data_intg_flow","name":"px_executables","creator_id":"icp4d-dev","id":"3601e8f2-2491-405d-9b02-d3ec2354a4ef","is_referenced":true,"is_managed":false,"is_object_key_read_only":false},{"test_doc":0,"object_key":"data_intg_flow/c147bc4d-5b42-457c-aa59-cb2b0c06425f15520c94-5c4d-40b4-b578-8db6a0ce86dc","create_time":1691596238407,"complete_time_ticks":1691596238407,"mime":"application/json","usage":{"access_count":0,"last_accessor_id":"icp4d-dev","last_access_time":1691596238407},"is_remote":false,"handle":{"max_part_num":1,"upload_id":"done","type":"assetfiles","key":"data_intg_flow/c147bc4d-5b42-457c-aa59-cb2b0c06425f15520c94-5c4d-40b4-b578-8db6a0ce86dc"},"is_user_provided_path_key":true,"user_data":{},"version":2,"size":11084,"is_partitioned":false,"datasource_type":"81bafdbd-b7c6-45c5-a4fd-6ec135f66f4e","transfer_complete":true,"asset_type":"data_intg_flow","name":"data_intg_flows","creator_id":"icp4d-dev","id":"c1d872a1-adc0-4edb-aa90-f9daf11a5d2f","is_referenced":true,"is_managed":false,"is_object_key_read_only":false}]}]