{"metadata":{"asset_id":"bcbaef66-cdd4-454e-bcb1-0035e04682a7","asset_attributes":["data_asset"],"name":"CandidateSurvey.json","asset_type":"data_asset","created_at":"2023-12-05T18:24:33Z","origin_country":"us","owner_id":"1000330999","project_id":"ba5914ce-8abd-467e-bff2-ff5bd31d92ab","size":18425,"usage":{"last_update_time":1701806478917,"last_updated_at":"2023-12-05T20:01:18Z"}},"entity":{"data_asset":{"mime_type":"application/json","dataset":false}},"attachments":[{"id":"b9d68948-952f-4aee-bea9-6d3328e98584","version":2,"asset_type":"data_asset","name":"CandidateSurvey.json","mime":"application/json","datasource_type":"81bafdbd-b7c6-45c5-a4fd-6ec135f66f4e","object_key":"data_asset/CandidateSurvey.json","creator_id":"1000330999","create_time":1701806478705,"size":18425,"is_remote":false,"is_managed":false,"is_referenced":true,"is_object_key_read_only":true,"is_user_provided_path_key":true,"transfer_complete":true,"is_partitioned":false,"complete_time_ticks":1701806478705,"user_data":{},"test_doc":0,"handle":{"type":"assetfiles","key":"data_asset/CandidateSurvey.json","upload_id":"done","max_part_num":1},"usage":{"access_count":0,"last_accessor_id":"1000330999","last_access_time":1701806478705}}]}