[{"metadata":{"asset_id":"7307332a-9594-4dea-86a2-ba8deafaeb87","asset_type":"data_intg_flow","catalog_id":"b3a7422a-9f83-49ae-a7d6-829da5164b91","create_time":"2023-12-01T15:25:39.000Z","creator_id":"1000330999","name":"Candidate Offers","origin_country":"us","size":0,"project_id":"ba5914ce-8abd-467e-bff2-ff5bd31d92ab","resource_key":"ba5914ce-8abd-467e-bff2-ff5bd31d92ab/data_intg_flow/Candidate Offers","description":"This flow combines 3 disparate datasets that contain data pertaining to candidate offers and performs some salary calculations and produces a single dataset that will be used by the HR department&amp;amp;amp;amp;amp;amp;#39;s analytics team.","usage":{"last_update_time":"2023-12-04T19:17:34.309Z","last_updated_at":"2023-12-04T19:17:34Z","last_updater_id":"1000330999","access_count":0,"last_accessed_at":"2023-12-04T19:17:34Z","last_accessor_id":"1000330999","last_access_time":"2023-12-04T19:17:34.309Z"}},"entity":{"data_intg_flow":{"mime_type":"application/json","dataset":false}},"attachments":[]}]