{"metadata":{"asset_id":"0037268d-e96e-4339-bf12-c7ecbb83a56b","asset_attributes":["data_asset"],"name":"FebruaryNewHires.csv","asset_type":"data_asset","created_at":"2023-08-09T15:50:31Z","origin_country":"us","owner_id":"1000330999","project_id":"c147bc4d-5b42-457c-aa59-cb2b0c06425f","size":330,"usage":{"last_update_time":1691596231610,"last_updated_at":"2023-08-09T15:50:31Z"}},"entity":{"data_asset":{"mime_type":"text/csv","dataset":false}},"attachments":[{"id":"f9250053-2ffe-4853-bbdb-729f1ab722bc","version":2,"asset_type":"data_asset","name":"FebruaryNewHires.csv","mime":"text/csv","datasource_type":"81bafdbd-b7c6-45c5-a4fd-6ec135f66f4e","object_key":"data_asset/FebruaryNewHires.csv","creator_id":"icp4d-dev","create_time":1691596231424,"size":330,"is_remote":false,"is_managed":false,"is_referenced":true,"is_object_key_read_only":true,"is_user_provided_path_key":true,"transfer_complete":true,"is_partitioned":false,"complete_time_ticks":1691596231424,"user_data":{},"test_doc":0,"handle":{"type":"assetfiles","key":"data_asset/FebruaryNewHires.csv","upload_id":"done","max_part_num":1},"usage":{"access_count":0,"last_accessor_id":"icp4d-dev","last_access_time":1691596231424}}]}