{"metadata":[{"metadata":{"create_time":"2023-12-05T18:25:59.000Z","created":1701800759431,"owner_id":"1000330999","usage":{"last_update_time":"2023-12-05T18:47:49.566Z","last_updated_at":"2023-12-05T18:47:49Z","last_updater_id":"1000330999","access_count":0,"last_accessed_at":"2023-12-05T18:47:49Z","last_accessor_id":"1000330999","last_access_time":"2023-12-05T18:47:49.566Z"},"rating":0,"description":"JSON XSD libary","created_at":"2023-12-05T18:25:59Z","asset_id":"1755a234-14a6-48db-8a8e-c417af1c8219","version":2,"origin_country":"us","catalog_id":"b3a7422a-9f83-49ae-a7d6-829da5164b91","asset_category":"USER","total_ratings":0,"size":2135,"project_id":"ba5914ce-8abd-467e-bff2-ff5bd31d92ab","resource_key":"ds_xml_schema_library/Candidate Survey","asset_attributes":["ds_xml_schema_library"],"asset_state":"available","sandbox_id":"ba5914ce-8abd-467e-bff2-ff5bd31d92ab","rov":{"mode":0,"member_roles":{"1000330999":{"roles":["OWNER"],"user_iam_id":"1000330999"}},"collaborator_ids":{}},"name":"Candidate Survey","asset_type":"ds_xml_schema_library","creator_id":"1000330999"},"attachments":[{"test_doc":0,"object_key":"ds_xml_schema_library/Candidate Survey_1755a234-14a6-48db-8a8e-c417af1c8219/schema.zip","create_time":1701802069358,"complete_time_ticks":1701802069358,"mime":"application/octet-stream","usage":{"access_count":0,"last_accessor_id":"1000330999","last_access_time":1701802069358},"is_remote":false,"handle":{"max_part_num":1,"upload_id":"done","type":"assetfiles","key":"ds_xml_schema_library/Candidate Survey_1755a234-14a6-48db-8a8e-c417af1c8219/schema.zip"},"is_user_provided_path_key":true,"user_data":{},"version":2,"size":1448,"is_partitioned":false,"datasource_type":"81bafdbd-b7c6-45c5-a4fd-6ec135f66f4e","transfer_complete":true,"asset_type":"ds_xml_schema_library","name":"schema.zip","creator_id":"1000330999","id":"8cface6c-5ccb-4338-8721-1eea4d948d5b","is_referenced":true,"is_managed":false,"is_object_key_read_only":false},{"test_doc":0,"object_key":"ds_xml_schema_library/Candidate Survey_1755a234-14a6-48db-8a8e-c417af1c8219/asset.zip","create_time":1701802069476,"complete_time_ticks":1701802069476,"mime":"application/octet-stream","usage":{"access_count":0,"last_accessor_id":"1000330999","last_access_time":1701802069476},"is_remote":false,"handle":{"max_part_num":1,"upload_id":"done","type":"assetfiles","key":"ds_xml_schema_library/Candidate Survey_1755a234-14a6-48db-8a8e-c417af1c8219/asset.zip"},"is_user_provided_path_key":true,"user_data":{},"version":2,"size":687,"is_partitioned":false,"datasource_type":"81bafdbd-b7c6-45c5-a4fd-6ec135f66f4e","transfer_complete":true,"asset_type":"ds_xml_schema_library","name":"asset.zip","creator_id":"1000330999","id":"3adbe144-c58a-4122-96df-3ceadcef3a49","is_referenced":true,"is_managed":false,"is_object_key_read_only":false}],"href":"/v2/assets/1755a234-14a6-48db-8a8e-c417af1c8219?project_id=ba5914ce-8abd-467e-bff2-ff5bd31d92ab","entity":{"ds_xml_schema_library":{"attachments":[{"create_by":"1000330999","last_modified_on":"1701802069543","size":2265,"name":"Candidate Survey.json.xsd","create_on":"1701802069543","description":"not stored by DirectoryBasedModelServices","last_modified_by":"1000330999","type":"XML","uri":"urn|library|Candidate Survey|resource|Candidate Survey.json.xsd"}],"parse_status":"OK","version":"1.4"}}}],"attachments":["ds_xml_schema_library/Candidate Survey_1755a234-14a6-48db-8a8e-c417af1c8219/schema.zip","ds_xml_schema_library/Candidate Survey_1755a234-14a6-48db-8a8e-c417af1c8219/asset.zip"]}