{"metadata":[{"metadata":{"create_time":"2023-08-09T15:50:31.000Z","created":1691596231853,"owner_id":"1000330999","usage":{"last_update_time":"2023-08-09T15:50:32.582Z","last_updated_at":"2023-08-09T15:50:32Z","last_updater_id":"icp4d-dev","access_count":0,"last_accessed_at":"2023-08-09T15:50:32Z","last_accessor_id":"icp4d-dev","last_access_time":"2023-08-09T15:50:32.582Z"},"rating":0,"description":"","created_at":"2023-08-09T15:50:31Z","asset_id":"d24d2d37-d885-4dd0-89ad-73baf793836c","version":2,"origin_country":"us","catalog_id":"60055c4b-891c-4d8f-a901-0317160defe3","asset_category":"USER","total_ratings":0,"size":2130,"project_id":"c147bc4d-5b42-457c-aa59-cb2b0c06425f","resource_key":"ds_xml_schema_library/Candidate Survey","asset_attributes":["ds_xml_schema_library"],"asset_state":"available","sandbox_id":"c147bc4d-5b42-457c-aa59-cb2b0c06425f","rov":{"mode":0,"member_roles":{"1000330999":{"roles":["OWNER"],"user_iam_id":"1000330999"}},"collaborator_ids":{}},"name":"Candidate Survey","asset_type":"ds_xml_schema_library","creator_id":"1000330999"},"attachments":[{"test_doc":0,"object_key":"ds_xml_schema_library/Candidate Survey_f6317e7d-cabe-4956-b39a-a222a7b4196b/schema.zip","create_time":1691596232343,"complete_time_ticks":1691596232343,"usage":{"access_count":0,"last_accessor_id":"icp4d-dev","last_access_time":1691596232343},"is_remote":false,"handle":{"max_part_num":1,"upload_id":"done","type":"assetfiles","key":"ds_xml_schema_library/Candidate Survey_f6317e7d-cabe-4956-b39a-a222a7b4196b/schema.zip"},"is_user_provided_path_key":true,"user_data":{},"version":2,"size":1446,"is_partitioned":false,"datasource_type":"81bafdbd-b7c6-45c5-a4fd-6ec135f66f4e","transfer_complete":true,"asset_type":"ds_xml_schema_library","name":"schema.zip","creator_id":"icp4d-dev","id":"cda4c655-6dba-475d-b202-85df1fc4573b","is_referenced":true,"is_managed":false,"is_object_key_read_only":false},{"test_doc":0,"object_key":"ds_xml_schema_library/Candidate Survey_f6317e7d-cabe-4956-b39a-a222a7b4196b/asset.zip","create_time":1691596232490,"complete_time_ticks":1691596232490,"usage":{"access_count":0,"last_accessor_id":"icp4d-dev","last_access_time":1691596232490},"is_remote":false,"handle":{"max_part_num":1,"upload_id":"done","type":"assetfiles","key":"ds_xml_schema_library/Candidate Survey_f6317e7d-cabe-4956-b39a-a222a7b4196b/asset.zip"},"is_user_provided_path_key":true,"user_data":{},"version":2,"size":684,"is_partitioned":false,"datasource_type":"81bafdbd-b7c6-45c5-a4fd-6ec135f66f4e","transfer_complete":true,"asset_type":"ds_xml_schema_library","name":"asset.zip","creator_id":"icp4d-dev","id":"2adc71eb-457f-4ef1-8238-3cdd23c3d714","is_referenced":true,"is_managed":false,"is_object_key_read_only":false}],"href":"/v2/assets/d24d2d37-d885-4dd0-89ad-73baf793836c?project_id=c147bc4d-5b42-457c-aa59-cb2b0c06425f","entity":{"ds_xml_schema_library":{"attachments":[{"create_by":"1000330999","last_modified_on":"1691525617463","size":2264,"name":"CandidateSurvey.json.xsd","create_on":"1691525617463","description":"not stored by DirectoryBasedModelServices","last_modified_by":"1000330999","type":"XML","uri":"urn|library|Candidate Survey|resource|CandidateSurvey.json.xsd"}],"parse_status":"OK","version":"1.4"}}}],"attachments":["ds_xml_schema_library/Candidate Survey_f6317e7d-cabe-4956-b39a-a222a7b4196b/schema.zip","ds_xml_schema_library/Candidate Survey_f6317e7d-cabe-4956-b39a-a222a7b4196b/asset.zip"]}