{"metadata":[{"metadata":{"create_time":"2024-08-05T22:31:35.000Z","created":1722897095228,"owner_id":"1000330999","usage":{"last_update_time":"2024-08-05T22:31:35.579Z","last_updated_at":"2024-08-05T22:31:35Z","last_updater_id":"icp4d-dev","access_count":0,"last_accessed_at":"2024-08-05T22:31:35Z","last_accessor_id":"icp4d-dev","last_access_time":"2024-08-05T22:31:35.579Z"},"rating":0,"description":"JSON XSD libary","created_at":"2024-08-05T22:31:35Z","asset_id":"5e49a3e6-27f0-4c1b-a3d9-091022df8c35","version":2,"origin_country":"us","catalog_id":"f00f6fa8-eb1e-4f1e-8cb4-6895e1e44fb3","asset_category":"USER","total_ratings":0,"size":2135,"project_id":"aa2a8b0a-bd19-41c1-8cd8-4eef0ea39105","resource_key":"ds_xml_schema_library/Candidate Survey","asset_attributes":["ds_xml_schema_library"],"asset_state":"available","sandbox_id":"aa2a8b0a-bd19-41c1-8cd8-4eef0ea39105","rov":{"mode":0,"member_roles":{"1000330999":{"roles":["OWNER"],"user_iam_id":"1000330999"}},"collaborator_ids":{}},"name":"Candidate Survey","asset_type":"ds_xml_schema_library","creator_id":"1000330999"},"attachments":[{"test_doc":0,"object_key":"ds_xml_schema_library/Candidate Survey_1755a234-14a6-48db-8a8e-c417af1c8219/schema.zip","create_time":1722897095348,"complete_time_ticks":1722897095348,"usage":{"access_count":0,"last_accessor_id":"icp4d-dev","last_access_time":1722897095348},"is_remote":false,"handle":{"max_part_num":1,"upload_id":"done","type":"assetfiles","key":"ds_xml_schema_library/Candidate Survey_1755a234-14a6-48db-8a8e-c417af1c8219/schema.zip"},"is_user_provided_path_key":true,"user_data":{},"version":2,"size":1448,"is_partitioned":false,"datasource_type":"81bafdbd-b7c6-45c5-a4fd-6ec135f66f4e","transfer_complete":true,"asset_type":"ds_xml_schema_library","name":"schema.zip","creator_id":"icp4d-dev","id":"fbcba36f-3804-4619-9e07-e3c9eedbde85","is_referenced":true,"is_managed":false,"is_object_key_read_only":false},{"test_doc":0,"object_key":"ds_xml_schema_library/Candidate Survey_1755a234-14a6-48db-8a8e-c417af1c8219/asset.zip","create_time":1722897095475,"complete_time_ticks":1722897095475,"usage":{"access_count":0,"last_accessor_id":"icp4d-dev","last_access_time":1722897095475},"is_remote":false,"handle":{"max_part_num":1,"upload_id":"done","type":"assetfiles","key":"ds_xml_schema_library/Candidate Survey_1755a234-14a6-48db-8a8e-c417af1c8219/asset.zip"},"is_user_provided_path_key":true,"user_data":{},"version":2,"size":687,"is_partitioned":false,"datasource_type":"81bafdbd-b7c6-45c5-a4fd-6ec135f66f4e","transfer_complete":true,"asset_type":"ds_xml_schema_library","name":"asset.zip","creator_id":"icp4d-dev","id":"bdba50a4-c9b8-435a-98a0-1cb3d7c57c23","is_referenced":true,"is_managed":false,"is_object_key_read_only":false}],"href":"/v2/assets/5e49a3e6-27f0-4c1b-a3d9-091022df8c35?project_id=aa2a8b0a-bd19-41c1-8cd8-4eef0ea39105","entity":{"ds_xml_schema_library":{"attachments":[{"create_by":"1000330999","last_modified_on":"1701802069543","size":2265,"name":"Candidate Survey.json.xsd","create_on":"1701802069543","description":"not stored by DirectoryBasedModelServices","last_modified_by":"1000330999","type":"XML","uri":"urn|library|Candidate Survey|resource|Candidate Survey.json.xsd"}],"parse_status":"OK","version":"1.4"}}}],"attachments":["ds_xml_schema_library/Candidate Survey_1755a234-14a6-48db-8a8e-c417af1c8219/schema.zip","ds_xml_schema_library/Candidate Survey_1755a234-14a6-48db-8a8e-c417af1c8219/asset.zip"]}