{"metadata":[{"metadata":{"create_time":"2023-11-30T19:17:12.000Z","created":1701371832174,"owner_id":"1000330999","usage":{"last_update_time":"2023-11-30T19:17:12.665Z","last_updated_at":"2023-11-30T19:17:12Z","last_updater_id":"icp4d-dev","access_count":0,"last_accessed_at":"2023-11-30T19:17:12Z","last_accessor_id":"icp4d-dev","last_access_time":"2023-11-30T19:17:12.665Z"},"rating":0,"description":"","created_at":"2023-11-30T19:17:12Z","asset_id":"bf236006-2d2b-465c-81dd-9ea10c697a2d","version":2,"origin_country":"us","catalog_id":"b3a7422a-9f83-49ae-a7d6-829da5164b91","asset_category":"USER","total_ratings":0,"size":2130,"project_id":"ba5914ce-8abd-467e-bff2-ff5bd31d92ab","resource_key":"ds_xml_schema_library/Candidate Survey","asset_attributes":["ds_xml_schema_library"],"asset_state":"available","sandbox_id":"ba5914ce-8abd-467e-bff2-ff5bd31d92ab","rov":{"mode":0,"member_roles":{"1000330999":{"roles":["OWNER"],"user_iam_id":"1000330999"}},"collaborator_ids":{}},"name":"Candidate Survey","asset_type":"ds_xml_schema_library","creator_id":"1000330999"},"attachments":[{"test_doc":0,"object_key":"ds_xml_schema_library/Candidate Survey_f6317e7d-cabe-4956-b39a-a222a7b4196b/schema.zip","create_time":1701371832385,"complete_time_ticks":1701371832385,"usage":{"access_count":0,"last_accessor_id":"icp4d-dev","last_access_time":1701371832385},"is_remote":false,"handle":{"max_part_num":1,"upload_id":"done","type":"assetfiles","key":"ds_xml_schema_library/Candidate Survey_f6317e7d-cabe-4956-b39a-a222a7b4196b/schema.zip"},"is_user_provided_path_key":true,"user_data":{},"version":2,"size":1446,"is_partitioned":false,"datasource_type":"81bafdbd-b7c6-45c5-a4fd-6ec135f66f4e","transfer_complete":true,"asset_type":"ds_xml_schema_library","name":"schema.zip","creator_id":"icp4d-dev","id":"69c0c769-0b8f-49ef-b79d-4630517b83e4","is_referenced":true,"is_managed":false,"is_object_key_read_only":false},{"test_doc":0,"object_key":"ds_xml_schema_library/Candidate Survey_f6317e7d-cabe-4956-b39a-a222a7b4196b/asset.zip","create_time":1701371832553,"complete_time_ticks":1701371832553,"usage":{"access_count":0,"last_accessor_id":"icp4d-dev","last_access_time":1701371832553},"is_remote":false,"handle":{"max_part_num":1,"upload_id":"done","type":"assetfiles","key":"ds_xml_schema_library/Candidate Survey_f6317e7d-cabe-4956-b39a-a222a7b4196b/asset.zip"},"is_user_provided_path_key":true,"user_data":{},"version":2,"size":684,"is_partitioned":false,"datasource_type":"81bafdbd-b7c6-45c5-a4fd-6ec135f66f4e","transfer_complete":true,"asset_type":"ds_xml_schema_library","name":"asset.zip","creator_id":"icp4d-dev","id":"d430b8d9-6845-4d01-bfb1-d35b23609707","is_referenced":true,"is_managed":false,"is_object_key_read_only":false}],"href":"/v2/assets/bf236006-2d2b-465c-81dd-9ea10c697a2d?project_id=ba5914ce-8abd-467e-bff2-ff5bd31d92ab","entity":{"ds_xml_schema_library":{"attachments":[{"create_by":"1000330999","last_modified_on":"1691525617463","size":2264,"name":"CandidateSurvey.json.xsd","create_on":"1691525617463","description":"not stored by DirectoryBasedModelServices","last_modified_by":"1000330999","type":"XML","uri":"urn|library|Candidate Survey|resource|CandidateSurvey.json.xsd"}],"parse_status":"OK","version":"1.4"}}}],"attachments":["ds_xml_schema_library/Candidate Survey_f6317e7d-cabe-4956-b39a-a222a7b4196b/schema.zip","ds_xml_schema_library/Candidate Survey_f6317e7d-cabe-4956-b39a-a222a7b4196b/asset.zip"]}