{"metadata":{"asset_id":"d3fae7a4-11f1-4b20-b802-85c912ac765e","asset_attributes":["environment"],"name":"default_datastage_px","asset_type":"environment","created_at":"2024-08-05T22:31:35Z","origin_country":"us","owner_id":"icp4d-dev","project_id":"aa2a8b0a-bd19-41c1-8cd8-4eef0ea39105","sandbox_id":"aa2a8b0a-bd19-41c1-8cd8-4eef0ea39105","size":0,"tags":["dsx"],"usage":{"last_update_time":1722897095703,"last_updated_at":"2024-08-05T22:31:35Z"}},"entity":{"environment":{"sub_type":"datastage","display_name":"Default DataStage PX","hardware_specification":{"datastage":{"num_conductors":1,"instance":"ds-px-default","conductor":{"cpu":{"units":"1","model":""},"mem":{"size":"4Gi"}},"num_computes":2,"compute":{"cpu":{"units":"3","model":""},"mem":{"size":"12Gi"}}},"built_in":false},"software_specification":{},"tools_specification":{"runtime_root_folder":"/DataStage/"}}}}