{"metadata":{"asset_id":"4e251d3a-957d-46ab-86f0-d91d5c6595c2","asset_attributes":["environment"],"name":"default_datastage_px","asset_type":"environment","created_at":"2023-11-30T19:17:12Z","origin_country":"us","owner_id":"icp4d-dev","project_id":"ba5914ce-8abd-467e-bff2-ff5bd31d92ab","sandbox_id":"ba5914ce-8abd-467e-bff2-ff5bd31d92ab","size":0,"tags":["dsx"],"usage":{"last_update_time":1701371832818,"last_updated_at":"2023-11-30T19:17:12Z"}},"entity":{"environment":{"sub_type":"datastage","display_name":"Default DataStage PX","hardware_specification":{"datastage":{"num_conductors":1,"instance":"ds-px-default","conductor":{"cpu":{"units":"1","model":""},"mem":{"size":"4Gi"}},"num_computes":2,"compute":{"cpu":{"units":"3","model":""},"mem":{"size":"12Gi"}}},"built_in":false},"software_specification":{},"tools_specification":{"runtime_root_folder":"/DataStage/"}}}}