{"metadata":{"asset_id":"379f8727-13a7-4c9c-a44a-f9d63d3de31f","asset_attributes":["environment"],"name":"default_datastage_px","asset_type":"environment","created_at":"2023-08-09T15:50:32Z","origin_country":"us","owner_id":"icp4d-dev","project_id":"c147bc4d-5b42-457c-aa59-cb2b0c06425f","sandbox_id":"c147bc4d-5b42-457c-aa59-cb2b0c06425f","size":0,"tags":["dsx"],"usage":{"last_update_time":1691596232774,"last_updated_at":"2023-08-09T15:50:32Z"}},"entity":{"environment":{"sub_type":"datastage","display_name":"Default DataStage PX","hardware_specification":{"datastage":{"num_conductors":1,"instance":"ds-px-default","conductor":{"cpu":{"units":"1","model":""},"mem":{"size":"4Gi"}},"num_computes":2,"compute":{"cpu":{"units":"3","model":""},"mem":{"size":"12Gi"}}},"built_in":false},"software_specification":{},"tools_specification":{"runtime_root_folder":"/DataStage/"}}}}