{"metadata":{"asset_id":"cd49bcac-a662-442c-89a5-612dd79cbc6d","asset_attributes":["job"],"name":"ELT_Pushdown.DataStage job 1","asset_type":"job","created_at":"2023-08-09T19:19:59Z","origin_country":"us","owner_id":"1000330999","project_id":"c147bc4d-5b42-457c-aa59-cb2b0c06425f","size":0,"usage":{"last_update_time":1691608799592,"last_updated_at":"2023-08-09T19:19:59Z"}},"entity":{"job":{"asset_ref_type":"data_intg_flow","configuration":{"env_variables":[],"flow_limits":{"warn_limit":100},"runPriorityQueue":"Medium","env_id":"379f8727-13a7-4c9c-a44a-f9d63d3de31f","env_type":"datastage"},"last_run_initiator":"deprecated field","last_run_time":"deprecated field","last_run_status":"deprecated field","last_run_status_timestamp":0,"future_scheduled_runs":[],"enable_notifications":true,"project_name":"Next Generation DataStage","asset_ref":"30e3b745-7845-4935-9e41-87994c2a06c4","parameter_sets":[],"schedule_id":"","schedule_creator_id":""}}}