{"metadata":{"asset_id":"6cd8cee3-aedd-4a3a-8f18-73633291c361","asset_attributes":["job"],"name":"MarEmployeeNumber.DataStage job","asset_type":"job","created_at":"2023-08-09T15:50:40Z","origin_country":"us","owner_id":"1000330999","project_id":"c147bc4d-5b42-457c-aa59-cb2b0c06425f","size":0,"usage":{"last_update_time":1691596240964,"last_updated_at":"2023-08-09T15:50:40Z"}},"entity":{"job":{"asset_ref_type":"data_intg_flow","configuration":{"env_id":"379f8727-13a7-4c9c-a44a-f9d63d3de31f","env_type":"datastage","env_variables":[]},"last_run_initiator":"deprecated field","last_run_time":"deprecated field","last_run_status":"deprecated field","last_run_status_timestamp":0,"future_scheduled_runs":[],"enable_notifications":true,"project_name":"Next Generation DataStage","asset_ref":"56f81db4-74fd-4fc6-8878-b2e841c82140","schedule_id":"","schedule_creator_id":""}}}