Artifact Type,Id,Artifact ID,Asset Version Id,Asset Type,Name,Comment,Workflow Status,Action Id,Log Status,Created,Modified,Modifier,Asset Ancestor Id,Property Name,Property Type,Old Value,New Value,Details Modified,Details Modifier,Additional Info,Action,Modification Id
development_log,fabe8cbd-fe8d-40eb-a585-d560bbe5e6e2,574305fc-a79b-4e76-8f22-03bfad7b605f,876f3502-1903-4ccc-9551-793bc1952d69_1,rule,All Credit Card Information Must be Protected,,,,MODIFIED,2024-07-02 21:50:41,2024-07-02 21:50:41,1000330999,876f3502-1903-4ccc-9551-793bc1952d69_0,related,Relationship,,"{""value"":""Protection of Personal and Sensitive Information"",""path"":[""Person"",""Privacy""]}",2024-07-02 21:50:41,1000330999,policy,Added,4242a63f-5177-48e6-9d68-cedb140a8e71
development_log,9b81d02d-d0f6-4fc2-a2b2-f103dd0406f7,574305fc-a79b-4e76-8f22-03bfad7b605f,876f3502-1903-4ccc-9551-793bc1952d69_1,rule,All Credit Card Information Must be Protected,,PUBLISHED,Publish,STATUS_CHANGED,2024-07-02 21:47:59,2024-07-02 21:47:59,1000330999,876f3502-1903-4ccc-9551-793bc1952d69_0,related,Relationship,,"{""value"":""Sensitive Personal Information"",""path"":[""[uncategorized]""]}",2024-07-02 21:48:00,1000330999,classification,Added,b7db9467-83f2-4f5c-936d-faff4d6a3161
development_log,dad0cbbe-a879-4551-bca6-b64955b1513b,574305fc-a79b-4e76-8f22-03bfad7b605f,876f3502-1903-4ccc-9551-793bc1952d69_0,rule,All Credit Card Information Must be Protected,,PUBLISHED,Publish,STATUS_CHANGED,2024-07-02 21:42:50,2024-07-02 21:42:50,1000330999,,type,String,,Governance,2024-07-02 21:42:50,1000330999,,Added,
"",,,,,,,,,,,,,,name,String,,All Credit Card Information Must be Protected,2024-07-02 21:42:50,1000330999,,Added,
"",,,,,,,,,,,,,,longDescription,String,,"All constructs of a credit card must be protected to ensure that those who should not be able to view the information are not allowed to. The information can be redacted since it typically is not used as a unique identifier. This includes the Credit Card Number, Expiration Date and Credit Validation Number, also known as the Credit Card Verification Number or Security Code of CVV.",2024-07-02 21:42:50,1000330999,,Added,
"",,,,,,,,,,,,,,tags,Collection,,"[PCI, Sensitive]",2024-07-02 21:42:50,1000330999,,Added,b34e57c5-c5ce-40ad-8423-a69ee9a1534a
"",,,,,,,,,,,,,,related,Relationship,,"{""value"":""Credit Card Number"",""path"":[""Person""]}",2024-07-02 21:42:50,1000330999,glossary_term,Added,df67dab6-03fe-49e0-afba-c5f5d0b6c2fa
"",,,,,,,,,,,,,,grouped_by_category,Relationship,,"{""value"":""Person""}",2024-07-02 21:42:50,1000330999,category,Added,01ee2800-3278-4e47-b142-bbb754b42320
"",,,,,,,,,,,,,,parent_category,Relationship,,"{""value"":""Privacy"",""path"":[""Person""]}",2024-07-02 21:42:50,1000330999,category,Added,c1d5b834-2741-4780-8ffd-9f72150c2c3a
"",,,,,,,,,,,,,,related,Relationship,,"{""value"":""Credit Card Validation Number"",""path"":[""Person""]}",2024-07-02 21:42:50,1000330999,glossary_term,Added,df67dab6-03fe-49e0-afba-c5f5d0b6c2fa
"",,,,,,,,,,,,,,related,Relationship,,"{""value"":""Credit Card Expiration Date"",""path"":[""Person""]}",2024-07-02 21:42:50,1000330999,glossary_term,Added,df67dab6-03fe-49e0-afba-c5f5d0b6c2fa
development_log,9fcee9ab-38ff-49f5-aeb9-d3bdb3bec758,57bea019-22ea-4880-b9d6-951dbd5b0692,285475ef-1c93-4266-9812-a6d93acd58e2_1,rule,All Email Addresses Must be Protected,,,,MODIFIED,2024-07-02 21:50:41,2024-07-02 21:50:41,1000330999,285475ef-1c93-4266-9812-a6d93acd58e2_0,related,Relationship,,"{""value"":""Protection of Personal and Sensitive Information"",""path"":[""Person"",""Privacy""]}",2024-07-02 21:50:41,1000330999,policy,Added,68b52b61-0704-4b05-8f1b-00249563fc98
development_log,d744a1b6-79e9-4f64-adb6-e24823aa3456,57bea019-22ea-4880-b9d6-951dbd5b0692,285475ef-1c93-4266-9812-a6d93acd58e2_1,rule,All Email Addresses Must be Protected,,PUBLISHED,Publish,STATUS_CHANGED,2024-07-02 21:48:38,2024-07-02 21:48:38,1000330999,285475ef-1c93-4266-9812-a6d93acd58e2_0,related,Relationship,,"{""value"":""Personally Identifiable Information"",""path"":[""[uncategorized]""]}",2024-07-02 21:48:38,1000330999,classification,Added,ec307a84-ac46-4880-93a6-f71cc92107f8
development_log,c1fc7748-7cde-4a57-8ec4-b74153983970,57bea019-22ea-4880-b9d6-951dbd5b0692,285475ef-1c93-4266-9812-a6d93acd58e2_0,rule,All Email Addresses Must be Protected,,PUBLISHED,Publish,STATUS_CHANGED,2024-07-02 21:42:50,2024-07-02 21:42:50,1000330999,,type,String,,Governance,2024-07-02 21:42:50,1000330999,,Added,
"",,,,,,,,,,,,,,name,String,,All Email Addresses Must be Protected,2024-07-02 21:42:50,1000330999,,Added,
"",,,,,,,,,,,,,,longDescription,String,,"All Email Addresses must be protected to ensure that those who should not be able to view the information are not allowed to. The information must be masked (obfuscated) where the original format and validity of the email address is preserved but the value is fictionalized. This is to ensure that application testing and data analysis, where this value is typically needed is not affected. This includes the entire email address and not just the domain.",2024-07-02 21:42:50,1000330999,,Added,
"",,,,,,,,,,,,,,tags,Collection,,"[PII, Sensitve]",2024-07-02 21:42:50,1000330999,,Added,a2fd1d77-a2b7-4598-9f34-9ebf61ea5edd
"",,,,,,,,,,,,,,related,Relationship,,"{""value"":""Email"",""path"":[""Person""]}",2024-07-02 21:42:50,1000330999,glossary_term,Added,b77237df-6986-4d27-8ab7-b62379932ae3
"",,,,,,,,,,,,,,parent_category,Relationship,,"{""value"":""Privacy"",""path"":[""Person""]}",2024-07-02 21:42:50,1000330999,category,Added,26cb7c8a-e420-4edd-945d-4b29aafb5f37
"",,,,,,,,,,,,,,grouped_by_category,Relationship,,"{""value"":""Employee"",""path"":[""Person""]}",2024-07-02 21:42:50,1000330999,category,Added,52f499d9-55fa-473a-bc66-23804277bc28
"",,,,,,,,,,,,,,grouped_by_category,Relationship,,"{""value"":""Person""}",2024-07-02 21:42:50,1000330999,category,Added,52f499d9-55fa-473a-bc66-23804277bc28
development_log,9d3e6cdd-7757-4d65-8bb7-99b3f34e2454,60ea4a24-6ba9-4e52-ae46-05c7a6ab23b6,3188f3b4-5113-439c-8716-d2746722753f_1,rule,All Phone Numbers Must be Protected,,,,MODIFIED,2024-07-02 21:50:41,2024-07-02 21:50:41,1000330999,3188f3b4-5113-439c-8716-d2746722753f_0,related,Relationship,,"{""value"":""Protection of Personal and Sensitive Information"",""path"":[""Person"",""Privacy""]}",2024-07-02 21:50:41,1000330999,policy,Added,cbefa9b4-5f7c-485c-b0cf-08489b7b0748
development_log,7a2d1d50-fc37-45d3-94cd-ed0548c43b73,60ea4a24-6ba9-4e52-ae46-05c7a6ab23b6,3188f3b4-5113-439c-8716-d2746722753f_1,rule,All Phone Numbers Must be Protected,,PUBLISHED,Publish,STATUS_CHANGED,2024-07-02 21:49:59,2024-07-02 21:49:59,1000330999,3188f3b4-5113-439c-8716-d2746722753f_0,related,Relationship,,"{""value"":""Personally Identifiable Information"",""path"":[""[uncategorized]""]}",2024-07-02 21:49:59,1000330999,classification,Added,bde3d8d7-8a21-4e13-ae71-c8fd6b92ba35
development_log,879a5a04-7ecf-4002-b28b-ad2069b5c646,60ea4a24-6ba9-4e52-ae46-05c7a6ab23b6,3188f3b4-5113-439c-8716-d2746722753f_0,rule,All Phone Numbers Must be Protected,,PUBLISHED,Publish,STATUS_CHANGED,2024-07-02 21:42:50,2024-07-02 21:42:50,1000330999,,type,String,,Governance,2024-07-02 21:42:50,1000330999,,Added,
"",,,,,,,,,,,,,,name,String,,All Phone Numbers Must be Protected,2024-07-02 21:42:50,1000330999,,Added,
"",,,,,,,,,,,,,,longDescription,String,,"All Phone Numbers (Home, Work, Cellular etc.) must be protected to ensure that those who should not be able to view the information are not allowed to. The information must be masked (obfuscated) where the original format and validity of the number is preserved but the value is fictionalized. This is to ensure that application testing and data analysis, where this value is typically needed is not affected. This includes the entire number and not just the area code. Although, if possible, the area code can be preserved to identify a more accurate location if needed.",2024-07-02 21:42:50,1000330999,,Added,
"",,,,,,,,,,,,,,tags,Collection,,"[PII, Sensitve]",2024-07-02 21:42:50,1000330999,,Added,076bb8d0-bae4-440b-be99-4c779ca7b318
"",,,,,,,,,,,,,,grouped_by_category,Relationship,,"{""value"":""Person""}",2024-07-02 21:42:50,1000330999,category,Added,19dedd0d-718c-401b-81b1-e03ab419e142
"",,,,,,,,,,,,,,grouped_by_category,Relationship,,"{""value"":""Employee"",""path"":[""Person""]}",2024-07-02 21:42:50,1000330999,category,Added,19dedd0d-718c-401b-81b1-e03ab419e142
"",,,,,,,,,,,,,,related,Relationship,,"{""value"":""Phone Number"",""path"":[""Person""]}",2024-07-02 21:42:50,1000330999,glossary_term,Added,8760180c-692a-4f5d-bca6-4826858a3130
"",,,,,,,,,,,,,,parent_category,Relationship,,"{""value"":""Privacy"",""path"":[""Person""]}",2024-07-02 21:42:50,1000330999,category,Added,14c3def3-a9f1-4478-a0c3-63e4703149fb
development_log,b0557736-2e50-4f3d-9039-59f3e8da326d,c42ab970-9136-483b-9b56-184c27e8c7bf,23576f39-aee1-45b9-836c-0b068c66bee5_1,rule,All National Identifiers Must be Protected,,,,MODIFIED,2024-07-02 21:50:41,2024-07-02 21:50:41,1000330999,23576f39-aee1-45b9-836c-0b068c66bee5_0,related,Relationship,,"{""value"":""Protection of Personal and Sensitive Information"",""path"":[""Person"",""Privacy""]}",2024-07-02 21:50:41,1000330999,policy,Added,d6de2b1d-9a85-43df-b755-8ee4e61582b2
development_log,4a34ec3a-9bf8-4fb4-985e-01a045ab60b4,c42ab970-9136-483b-9b56-184c27e8c7bf,23576f39-aee1-45b9-836c-0b068c66bee5_1,rule,All National Identifiers Must be Protected,,PUBLISHED,Publish,STATUS_CHANGED,2024-07-02 21:49:39,2024-07-02 21:49:39,1000330999,23576f39-aee1-45b9-836c-0b068c66bee5_0,related,Relationship,,"{""value"":""Personally Identifiable Information"",""path"":[""[uncategorized]""]}",2024-07-02 21:49:39,1000330999,classification,Added,118d5681-e440-45ab-9cbf-dfc1e309d768
development_log,9d4c9529-d0cc-4f04-a597-abd0edf0a3bf,c42ab970-9136-483b-9b56-184c27e8c7bf,23576f39-aee1-45b9-836c-0b068c66bee5_0,rule,All National Identifiers Must be Protected,,PUBLISHED,Publish,STATUS_CHANGED,2024-07-02 21:42:50,2024-07-02 21:42:50,1000330999,,type,String,,Governance,2024-07-02 21:42:50,1000330999,,Added,
"",,,,,,,,,,,,,,name,String,,All National Identifiers Must be Protected,2024-07-02 21:42:50,1000330999,,Added,
"",,,,,,,,,,,,,,longDescription,String,,"All National Identifiers, for all countries, must be protected to ensure that those who should not be able to view the information are not allowed to. The information must be masked (obfuscated) where the original format and validity of the number is preserved but the value is fictionalized. This is to ensure that application testing and data analysis, where this value is typically used as a key or unique identifier of a person, is not affected. This includes the entire number and not just a portion of the identifier.",2024-07-02 21:42:50,1000330999,,Added,
"",,,,,,,,,,,,,,tags,Collection,,"[PII, Sensitve]",2024-07-02 21:42:50,1000330999,,Added,34378220-ac36-4453-9725-3aeb0304f011
"",,,,,,,,,,,,,,grouped_by_category,Relationship,,"{""value"":""Person""}",2024-07-02 21:42:50,1000330999,category,Added,bfe29357-a2e0-44db-a810-8f69f08fe7fd
"",,,,,,,,,,,,,,related,Relationship,,"{""value"":""US Social Security Number"",""path"":[""Person""]}",2024-07-02 21:42:50,1000330999,glossary_term,Added,b6a9cfd6-f249-4e01-ab39-891b531ebd8d
"",,,,,,,,,,,,,,parent_category,Relationship,,"{""value"":""Privacy"",""path"":[""Person""]}",2024-07-02 21:42:50,1000330999,category,Added,925ad9d8-a372-4106-b597-73d4e4810b8d
"",,,,,,,,,,,,,,grouped_by_category,Relationship,,"{""value"":""Employee"",""path"":[""Person""]}",2024-07-02 21:42:50,1000330999,category,Added,bfe29357-a2e0-44db-a810-8f69f08fe7fd
