{"metadata":{"asset_id":"c5c9446c-7c7f-41cf-85d9-3d82d5641491","asset_attributes":["data_asset","location_definition"],"name":"modeling_records_2022.csv","asset_type":"data_asset","created_at":"2023-08-09T17:49:54Z","origin_country":"us","owner_id":"IBMid-110000B3QC","project_id":"76ffa431-f3e1-45f8-b2f6-0a2a9baba245","size":20334,"usage":{"last_update_time":1691603395501,"last_updated_at":"2023-08-09T17:49:55Z"}},"entity":{"data_asset":{"mime_type":"text/csv","dataset":false},"location_definition":{"physical_location_code":"DAL","physical_location_code_assigned_by":"IBMid-120000A2MS","physical_location_code_rds_id":"c57cb90f-2126-3800-9c9f-9eab82021cdf","physical_location_code_rds_version":"93703e8d-71ac-45fc-84bc-45b31b2133e4_0","physical_location_code_assignment_method":"INFERRED","physical_location_code_added_on":"1659464074939"}},"attachments":[{"id":"66c10aad-1b55-4099-997d-72bee85d5918","version":2,"asset_type":"data_asset","name":"modeling_records_2022.csv","mime":"text/csv","datasource_type":"193a97c1-4475-4a19-b90c-295c4fdc6517","object_key":"modeling_records_2022.csv","creator_id":"iam-ServiceId-f49c5558-c247-4983-a04f-7d3c7a3d55da","create_time":1691603395420,"size":20334,"is_remote":false,"is_managed":false,"is_referenced":true,"is_object_key_read_only":false,"is_user_provided_path_key":true,"transfer_complete":true,"is_partitioned":false,"complete_time_ticks":1691603395420,"user_data":{},"test_doc":0,"handle":{"bucket":"aigovernancel3techlab-donotdelete-pr-qrtjytjs5yytqe","location":"us-south","type":"bluemix_cos","key":"modeling_records_2022.csv","upload_id":"done","max_part_num":1},"usage":{"access_count":0,"last_accessor_id":"iam-ServiceId-f49c5558-c247-4983-a04f-7d3c7a3d55da","last_access_time":1691603395420}}]}
