HIRED,Age,BusinessTravel,Education,RelevantEducationLevel,JobLevel,MaritalStatus,NumCompaniesWorked,OverTime,InterviewScore,ResumeScore,RequestedBenefits,TotalWorkingYears,PreferredSkills,YearsAtCurrentCompany,RelevantExperience,JobType,SalaryExpectation,IsFemale
1,33,2,3,3,0,0,1,1,2,2,0,8,2,8,7,1,0,1
1,32,2,2,3,0,1,0,0,3,2,0,8,1,7,7,0,1,0
1,35,1,1,4,0,0,0,0,1,2,1,6,1,5,4,1,1,0
1,29,1,3,4,2,2,1,0,0,2,1,10,0,10,9,1,0,1
1,34,1,3,3,2,1,0,0,1,2,0,13,2,12,6,1,2,1
1,53,1,1,3,2,2,4,0,2,3,1,26,2,14,13,0,0,1
1,42,1,3,3,1,0,0,0,1,3,1,10,1,9,7,0,0,0
1,30,1,2,2,0,1,1,0,2,0,0,10,1,10,0,1,1,0
1,43,1,2,4,0,2,1,0,2,3,0,6,2,5,3,1,2,1
1,27,2,1,3,2,1,1,0,2,3,0,9,0,9,8,1,1,0
0,30,2,2,3,1,1,1,0,3,3,0,12,1,12,8,1,2,1
1,37,1,2,3,0,0,4,0,1,0,0,8,0,1,0,0,2,0
1,46,2,3,3,1,1,4,1,3,2,0,14,2,9,6,1,2,0
1,33,2,2,3,2,1,1,1,3,2,0,15,0,15,14,0,1,1
1,50,1,2,2,2,2,5,1,2,3,1,29,1,27,3,0,1,1
1,36,2,1,2,1,1,1,0,1,2,0,6,2,6,5,0,1,0
1,59,2,0,2,1,1,7,0,2,3,0,20,1,4,3,0,0,1
1,32,1,1,3,1,0,1,0,1,1,0,10,2,10,4,1,2,0
0,31,1,3,3,1,1,1,0,3,3,0,11,1,11,7,1,2,1
1,46,1,2,3,1,2,8,1,1,3,1,16,1,4,2,1,2,0
1,30,1,0,2,1,0,1,1,3,2,0,10,0,10,8,1,1,0
0,38,0,1,1,1,2,7,1,3,3,1,17,2,13,11,1,2,1
1,34,1,2,3,1,0,1,0,1,2,0,5,1,5,2,1,1,0
1,56,1,1,1,2,1,4,0,3,0,0,37,2,6,4,1,0,0
1,30,1,1,2,1,0,1,0,3,0,1,11,2,11,10,1,2,0
1,46,1,2,2,2,1,1,0,3,3,0,9,2,9,8,1,1,0
1,51,1,3,3,1,1,0,1,3,3,0,11,1,10,7,1,2,0
0,30,1,2,2,1,2,1,1,1,1,1,11,2,11,8,1,2,1
1,32,1,3,3,1,1,1,0,2,0,0,12,0,11,8,1,1,0
1,24,1,2,3,1,0,0,0,2,0,1,4,1,3,2,1,2,1
1,28,0,1,3,1,0,1,0,2,1,0,5,2,5,4,1,1,0
1,34,1,3,3,1,1,1,0,2,2,0,16,2,16,13,1,1,1
1,34,2,1,1,1,1,1,1,2,3,0,9,2,9,7,1,2,0
1,24,1,0,3,0,0,0,0,2,2,1,6,1,5,3,0,1,0
1,37,1,1,3,2,1,2,0,3,0,0,12,2,5,3,1,1,0
1,33,0,2,3,1,0,0,0,1,0,1,8,1,7,7,1,1,0
0,56,1,3,3,0,0,9,1,1,0,1,7,1,5,4,1,2,1
1,31,1,3,1,1,0,4,1,2,1,0,12,2,7,7,1,2,0
0,26,1,1,2,0,0,1,0,1,2,0,5,2,5,4,1,2,1
0,39,1,3,2,1,0,4,0,2,2,1,17,0,15,11,1,2,1
1,25,1,1,2,1,0,2,0,2,3,0,6,2,2,2,1,2,0
1,30,1,1,3,1,0,0,1,3,3,0,12,1,11,9,1,2,0
1,45,1,1,3,0,1,5,0,3,1,0,9,1,6,5,1,1,0
1,30,1,1,3,0,1,1,0,2,2,0,5,2,5,4,1,2,1
1,32,2,2,1,1,2,0,0,3,3,1,9,1,8,7,1,2,0
1,35,1,4,3,2,0,1,0,1,0,0,10,2,10,8,1,1,0
1,53,1,2,3,1,0,2,1,2,3,1,13,2,7,7,1,2,0
1,45,1,1,3,1,2,8,0,1,2,1,20,1,17,9,1,2,0
1,27,0,1,3,0,2,6,0,1,3,1,6,0,2,2,1,2,0
1,57,1,2,4,2,2,3,1,3,1,1,12,1,5,3,1,1,0
1,50,1,1,3,2,1,3,0,1,1,0,21,1,5,4,1,2,1
1,41,1,1,3,0,2,4,0,2,0,1,13,1,9,8,1,1,0
1,30,1,1,3,2,0,2,0,3,2,1,12,1,10,9,1,1,1
1,32,1,4,3,0,1,3,0,2,0,0,8,1,5,4,1,2,0
1,27,1,1,3,0,0,0,1,1,3,1,6,2,5,2,1,1,0
1,36,2,2,3,0,1,4,0,1,2,0,13,2,8,7,1,1,0
1,40,1,0,3,2,0,1,0,2,1,1,21,1,20,8,1,1,1
1,34,2,0,2,1,0,1,0,2,2,0,10,1,10,9,1,2,0
1,51,1,1,3,2,1,3,0,1,2,0,21,1,7,7,1,2,1
0,27,1,1,3,0,1,1,0,1,3,0,7,1,7,7,0,2,1
1,35,1,2,2,1,0,3,1,2,0,0,8,0,1,0,0,1,0
1,35,2,1,3,1,1,5,0,1,3,0,10,1,6,2,0,0,1
1,42,0,2,3,1,2,2,0,2,1,1,11,1,5,3,1,1,1
1,38,1,1,3,1,0,3,0,3,0,1,9,2,7,7,1,2,0
1,34,2,3,3,0,2,1,1,2,3,1,5,2,5,3,0,2,0
1,40,1,2,3,1,0,8,1,3,2,1,15,1,7,2,0,1,0
0,29,1,1,3,2,0,1,0,3,3,1,10,2,10,4,0,2,1
1,22,1,1,4,0,2,1,1,1,0,1,4,1,4,2,1,1,0
1,32,1,3,1,2,0,1,0,3,2,0,14,1,14,8,1,0,0
1,30,0,0,2,2,1,1,0,2,2,0,12,1,11,8,1,2,0
1,27,2,1,3,1,1,1,0,2,3,0,7,1,7,7,1,1,1
1,51,1,3,2,2,0,5,0,1,3,0,16,1,10,9,1,1,0
1,29,1,1,3,0,1,0,0,2,3,0,7,0,6,2,1,1,0
0,45,0,1,2,2,1,6,0,3,3,0,23,1,19,7,1,2,1
1,36,1,2,3,1,1,8,0,1,3,0,16,2,13,11,0,1,0
1,31,0,3,1,1,0,0,0,2,3,1,6,1,5,4,1,1,0
1,29,2,0,3,2,0,1,0,3,3,1,11,1,11,10,1,1,1
1,35,2,1,3,2,1,1,0,2,0,0,10,2,10,7,0,1,1
1,50,1,3,3,2,2,3,0,3,2,1,32,2,7,0,1,0,1
1,33,1,1,3,0,0,5,1,3,2,1,8,1,5,4,1,1,0
1,43,1,1,3,2,0,5,1,3,2,1,22,2,17,13,1,2,1
1,32,1,2,3,0,0,2,0,1,0,1,6,1,4,3,1,0,1
0,39,2,3,3,2,1,0,0,2,3,0,20,0,19,6,1,2,1
1,29,1,1,3,0,1,1,0,3,0,0,6,0,6,5,1,2,0
1,38,0,2,2,1,0,3,0,3,3,1,13,0,8,7,1,2,0
1,46,1,1,1,2,0,3,1,1,1,1,28,1,7,7,1,1,1
1,36,1,1,3,0,0,0,0,3,2,1,16,2,15,13,1,0,0
0,37,0,3,3,2,2,2,1,3,0,0,15,1,5,2,1,2,1
0,26,2,1,3,1,2,1,0,1,0,1,6,1,6,5,1,2,1
1,50,1,0,3,2,2,3,0,1,0,0,28,2,10,4,1,1,0
1,53,1,3,3,2,0,3,1,2,3,1,21,1,5,3,1,1,0
1,42,1,0,3,1,0,1,0,2,2,0,20,2,20,16,0,2,0
1,29,2,2,3,1,1,1,0,3,0,0,10,2,10,7,1,2,0
1,55,1,2,3,1,0,3,1,3,3,1,12,2,10,7,1,2,0
1,36,1,1,3,1,1,4,0,1,3,0,10,1,8,0,1,1,0
1,42,2,1,3,2,0,5,0,1,3,1,23,1,20,4,1,1,1
1,35,1,1,3,2,0,0,0,1,2,0,12,2,11,9,1,1,0
1,51,1,1,1,1,2,5,0,1,3,1,13,2,4,1,1,2,0
1,31,1,1,4,1,0,4,0,3,1,1,10,2,8,7,1,0,0
1,39,1,1,4,2,2,0,0,3,0,1,19,1,18,10,1,2,0
0,36,0,3,3,1,0,7,0,1,2,1,11,2,9,8,0,2,1
1,32,1,1,2,1,0,1,0,2,2,1,13,2,13,8,0,1,0
0,38,1,2,2,2,0,3,0,1,2,1,19,1,10,8,0,2,1
1,33,2,3,3,2,0,6,0,1,1,0,12,1,10,6,1,0,1
1,43,2,3,3,0,1,0,0,3,0,0,9,1,8,7,1,2,1
1,49,1,2,2,2,1,7,1,2,3,0,25,1,7,1,0,1,1
1,52,1,3,2,1,0,2,0,1,0,0,11,2,8,2,0,1,0
1,31,1,1,3,1,2,4,0,3,3,1,13,2,7,7,1,1,0
1,32,1,3,4,1,1,7,0,3,2,0,10,0,7,7,0,1,1
1,30,1,2,3,1,0,1,0,3,3,0,11,1,10,8,1,1,1
0,31,2,2,2,2,0,1,0,2,0,1,10,1,10,9,1,2,1
1,39,2,2,2,2,0,1,0,3,0,1,21,1,21,9,1,1,0
1,27,0,0,3,1,0,0,1,1,3,1,6,0,5,4,1,1,0
1,45,1,3,3,1,0,9,0,3,0,0,12,2,10,9,1,1,0
1,37,1,2,3,1,2,7,0,3,2,0,8,1,6,2,1,1,0
1,38,1,2,2,2,2,0,1,3,1,1,12,2,11,10,1,1,0
1,31,1,3,3,2,1,1,1,3,2,0,11,1,11,9,0,1,1
1,29,1,0,2,1,2,1,1,1,0,0,7,1,7,7,1,1,1
1,35,1,3,3,2,1,0,0,1,3,0,17,1,16,6,0,1,0
1,29,0,1,3,1,0,1,0,2,0,1,4,2,4,3,1,1,0
1,32,1,1,3,0,0,1,0,1,2,1,8,2,8,0,1,1,1
1,26,1,1,3,1,0,1,0,2,1,1,8,2,8,7,1,2,0
1,36,2,3,2,2,0,4,0,3,0,1,16,1,13,9,0,0,0
1,40,1,3,4,0,0,3,1,2,2,1,10,2,7,7,1,2,1
1,33,1,1,3,0,1,1,1,2,1,0,1,1,1,0,1,1,1
1,41,2,1,3,1,1,1,0,1,2,0,8,1,8,7,0,2,0
1,40,1,2,2,1,0,2,1,2,0,0,8,1,6,4,0,1,0
1,27,1,2,3,0,2,1,0,1,1,1,5,1,5,2,0,1,0
1,49,1,1,2,2,1,8,0,2,2,0,26,1,5,2,1,2,0
0,51,1,2,3,1,0,4,0,3,2,1,18,1,7,7,1,2,1
1,55,1,1,3,2,1,2,1,3,2,0,30,1,5,4,0,2,1
1,22,1,1,3,0,0,1,0,1,3,1,2,0,2,1,1,2,1
1,36,1,2,2,2,0,1,0,2,1,0,10,1,10,9,1,1,0
1,40,1,2,3,1,2,7,0,1,2,0,8,1,5,4,1,1,1
1,37,1,3,3,1,1,2,1,1,3,0,18,1,1,0,1,1,0
1,31,1,2,3,1,0,1,0,0,1,1,13,1,13,10,1,1,1
1,25,1,2,2,1,1,1,1,3,1,0,5,2,5,4,0,2,1
1,37,0,4,3,1,0,3,1,2,0,0,15,1,13,11,0,1,1
1,52,1,1,2,2,0,2,1,2,2,0,28,2,5,4,1,1,0
1,52,1,2,3,2,0,2,0,3,3,0,31,1,5,2,1,1,1
1,42,2,2,3,1,2,2,0,2,1,1,19,2,5,4,1,0,1
1,46,1,1,3,1,2,2,0,2,2,1,19,1,10,7,1,1,1
1,24,1,0,3,0,1,1,1,1,1,0,6,2,5,3,1,1,1
1,40,1,3,3,2,0,0,0,2,3,0,21,1,20,15,0,2,1
1,30,0,1,3,0,0,4,0,3,2,1,9,2,5,3,1,1,0
1,29,1,3,2,2,0,1,0,2,2,0,10,1,10,2,0,2,0
0,30,0,1,3,0,1,0,0,3,2,0,12,1,11,7,0,2,1
1,47,1,2,3,1,2,5,0,3,2,1,20,1,5,0,1,1,1
1,35,1,1,1,0,1,0,0,2,2,0,6,1,5,4,1,1,0
1,31,1,0,3,2,2,1,0,1,3,1,13,1,13,8,1,2,0
1,34,2,1,3,2,2,9,1,0,2,1,11,1,3,2,0,1,1
1,41,0,2,3,1,1,7,0,3,3,0,16,2,14,3,1,1,0
1,35,1,1,3,1,0,9,0,2,2,0,15,1,11,9,0,0,0
1,39,2,0,3,0,0,1,0,2,0,1,8,2,8,3,1,0,1
1,26,2,3,3,0,2,0,1,2,1,1,8,1,7,7,1,0,1
1,41,0,3,2,1,1,2,1,2,0,0,10,2,8,7,1,2,1
1,35,1,1,3,1,1,1,0,2,3,0,5,2,5,4,1,1,1
1,34,1,3,4,1,1,1,0,3,3,0,10,2,10,7,1,1,0
0,37,1,1,3,2,1,4,0,3,3,0,12,2,6,5,1,2,1
1,52,1,2,3,1,2,3,1,0,1,0,18,2,10,9,0,1,0
1,24,1,1,4,0,0,1,1,3,1,0,6,2,6,5,1,0,0
1,26,1,2,3,1,0,1,0,1,3,0,6,1,5,3,0,2,0
1,25,1,0,3,0,0,1,0,2,2,0,7,0,7,4,1,1,0
0,24,2,1,3,0,0,1,1,2,3,1,6,2,6,3,0,2,1
1,30,2,3,2,0,0,1,0,0,2,1,1,1,1,0,1,2,0
1,34,1,2,2,0,0,1,1,3,3,1,6,2,6,5,1,1,0
1,20,1,1,2,0,1,1,0,1,3,0,1,0,1,0,1,1,1
1,42,1,3,3,1,0,1,0,3,1,0,10,2,10,2,1,1,1
1,43,2,4,3,1,2,3,1,2,1,1,10,2,8,7,1,1,0
1,34,1,1,3,0,2,1,1,2,3,0,8,2,8,2,1,2,1
1,27,1,0,3,0,2,0,0,0,1,1,5,2,4,3,1,1,0
1,33,1,3,3,1,2,0,0,2,3,0,6,2,5,0,1,1,0
0,30,2,1,3,0,2,1,0,2,2,1,1,1,1,0,1,2,1
1,34,1,4,3,0,0,1,0,3,3,1,10,2,10,9,1,1,0
1,37,1,1,3,2,0,1,0,2,2,1,10,1,10,7,1,1,0
1,29,1,2,3,1,0,1,0,2,0,1,6,1,6,0,0,2,1
1,35,1,3,1,1,1,1,0,3,1,0,17,2,17,11,0,1,0
1,33,2,1,3,1,2,3,0,3,2,1,15,1,13,11,1,2,0
1,54,1,3,3,2,0,2,0,1,2,1,16,0,9,7,1,1,0
1,20,1,0,3,0,1,1,1,2,3,0,1,1,1,0,0,1,0
1,35,0,1,2,0,0,1,0,2,2,0,1,2,1,0,1,2,0
0,38,1,3,2,1,1,0,0,3,0,0,8,1,7,7,1,2,1
0,27,2,0,4,1,2,1,1,3,1,0,6,2,6,5,1,2,1
1,50,1,0,4,0,0,1,1,2,2,1,20,2,20,8,1,0,0
1,34,1,1,2,2,1,1,0,1,1,0,9,2,8,7,1,1,1
1,39,1,3,2,1,1,1,0,2,0,0,20,2,20,7,1,2,1
1,32,1,1,3,1,1,1,0,3,3,0,10,1,10,7,1,1,0
1,38,1,3,4,1,1,0,0,3,2,0,10,2,9,7,1,1,1
1,32,1,2,3,2,1,3,0,3,3,0,10,1,7,7,1,2,1
1,53,1,1,4,2,0,3,0,2,2,0,32,2,5,1,1,2,0
1,41,1,1,2,2,0,1,0,2,1,1,22,2,22,7,1,1,0
1,28,1,2,1,0,1,7,1,1,3,0,10,2,7,7,1,1,1
1,30,1,4,3,1,2,7,0,3,3,1,10,1,8,7,1,2,0
1,56,1,1,3,2,0,7,0,3,2,0,30,0,10,7,1,0,0
1,45,1,2,1,1,1,0,0,2,0,0,9,2,8,7,1,1,0
1,47,2,2,4,1,1,4,1,2,3,0,8,1,5,4,1,1,1
1,55,1,1,3,2,0,5,1,0,3,1,24,1,5,2,1,1,0
1,36,0,3,2,2,1,1,0,0,1,0,10,0,10,7,1,1,0
1,29,1,1,3,1,0,4,0,2,0,1,11,2,8,7,1,1,1
0,38,2,3,4,1,1,6,1,0,3,0,17,1,15,7,0,2,1
1,34,1,3,2,0,1,1,0,0,2,0,6,2,6,5,1,0,1
0,40,2,2,4,1,0,1,0,1,3,1,8,1,8,7,1,2,1
1,42,2,1,3,2,2,1,0,3,1,1,24,2,24,7,1,1,0
1,24,0,1,2,0,2,1,0,1,2,1,1,2,1,0,1,0,0
0,29,1,2,2,0,0,1,1,0,3,1,1,0,1,0,1,2,1
1,33,1,1,3,2,0,0,0,2,3,0,14,2,13,9,1,1,0
1,47,1,2,3,2,0,1,1,3,2,1,26,2,26,14,1,0,1
1,36,1,1,3,1,0,0,0,1,0,1,10,1,9,7,1,2,1
1,36,1,1,3,0,0,4,0,1,1,1,8,1,5,2,1,1,0
1,34,2,3,2,0,1,1,0,3,2,0,6,2,5,2,1,1,1
0,49,1,1,3,2,0,1,0,3,0,0,9,2,9,8,0,2,1
1,27,1,0,2,2,2,1,1,3,1,1,9,2,9,8,1,1,0
1,26,2,2,2,0,0,1,1,2,0,1,8,1,8,7,0,1,1
1,44,1,1,3,1,1,9,0,1,3,0,10,1,5,2,1,1,0
1,36,1,2,3,1,0,1,1,3,3,1,18,0,18,14,1,1,0
1,32,1,3,3,1,2,2,0,3,2,1,8,2,5,2,1,0,0
0,53,1,2,2,2,0,7,1,3,3,1,35,2,5,2,1,2,1
1,32,1,2,4,1,0,5,0,2,2,1,9,2,5,3,1,1,1
1,28,1,2,2,0,2,1,0,3,3,1,6,1,5,1,1,1,0
1,25,1,0,3,1,0,1,1,0,3,0,5,2,5,3,1,2,0
0,35,2,3,3,0,2,1,1,1,0,1,10,2,10,2,1,2,1
1,25,1,0,2,1,0,1,0,0,0,0,5,0,5,2,1,1,0
1,24,0,0,2,0,0,0,0,3,3,0,6,1,5,2,1,2,0
1,32,2,2,3,1,0,1,0,1,3,1,10,2,10,8,1,1,0
1,31,1,3,3,0,0,3,1,3,1,1,8,1,6,4,1,2,0
1,35,1,1,2,2,0,3,0,1,0,0,16,1,13,10,0,1,0
0,53,1,3,3,2,1,6,0,3,2,0,33,0,12,9,1,2,1
1,43,2,1,3,1,0,4,0,3,1,1,12,1,5,2,1,2,1
0,47,1,2,3,1,0,0,1,3,0,1,8,1,7,6,1,2,1
1,37,0,2,3,2,1,1,1,1,3,0,10,1,10,0,0,1,0
1,39,1,1,2,1,0,8,0,3,2,0,13,1,5,4,1,0,1
1,33,1,2,3,0,2,3,1,1,2,1,7,2,4,3,1,1,0
1,36,1,0,3,1,0,0,1,3,0,1,17,1,16,8,1,2,0
1,39,1,1,3,0,0,7,1,0,3,0,8,1,2,2,1,2,0
1,42,1,2,2,1,1,7,0,2,0,0,10,1,5,4,0,2,1
1,33,1,3,2,0,1,3,1,0,1,0,6,0,3,2,1,0,0
1,58,1,1,2,2,2,2,1,1,3,1,24,2,6,0,1,1,1
1,31,1,3,2,0,0,3,0,2,1,0,13,1,7,7,1,1,0
1,31,0,2,3,1,0,1,0,2,3,1,9,1,9,8,1,2,1
1,36,1,3,3,0,1,2,0,3,2,0,8,1,6,2,1,2,0
1,26,2,1,2,1,1,1,0,0,1,0,7,1,7,7,0,1,0
1,41,1,1,3,0,1,2,1,0,2,0,20,2,18,13,1,1,0
1,36,1,3,3,0,1,4,0,2,2,0,16,1,11,8,1,2,0
1,19,1,1,2,0,1,1,1,1,1,0,1,2,1,0,0,1,0
1,31,1,1,3,1,0,0,1,3,2,0,10,1,9,7,1,0,1
1,37,1,3,2,2,0,5,0,2,2,0,17,1,14,1,1,1,0
1,45,0,2,3,1,0,1,0,1,1,0,9,1,9,7,1,1,0
1,52,1,2,3,2,0,2,0,3,1,1,26,1,9,8,0,1,0
1,53,1,2,3,2,2,6,0,2,2,1,22,2,17,13,0,1,0
1,39,1,4,4,2,1,0,0,2,3,0,9,2,8,7,1,2,0
1,33,2,3,4,1,0,1,1,1,0,1,6,1,6,5,1,1,1
1,41,2,1,3,2,2,2,0,2,1,1,21,1,18,16,1,2,0
0,47,1,2,3,1,1,1,1,3,2,0,9,0,9,0,1,2,1
1,50,1,1,3,2,0,3,1,2,3,1,22,1,12,11,1,2,0
1,46,1,2,3,2,2,6,0,2,1,1,13,2,8,7,1,1,0
1,35,1,3,3,2,2,1,1,2,2,1,16,2,16,10,1,2,1
1,26,1,2,4,1,0,1,0,3,1,0,8,1,8,7,0,1,0
1,22,1,0,1,0,0,1,0,0,0,1,4,2,4,3,0,1,0
1,48,1,3,2,2,1,7,0,2,1,0,27,2,15,11,1,1,0
1,44,1,1,4,2,0,3,1,3,2,1,23,1,12,11,1,2,1
0,50,0,1,3,1,0,0,0,2,0,1,19,2,18,7,1,2,1
1,36,1,3,4,0,1,1,0,0,2,0,18,0,17,13,0,1,1
1,45,1,2,3,2,0,3,0,3,1,1,26,2,9,3,1,1,1
1,34,1,3,4,1,2,0,0,3,3,1,16,1,15,1,0,1,0
1,59,1,2,3,2,0,3,1,3,2,1,14,0,6,4,1,1,0
1,53,2,1,2,2,0,2,0,1,0,1,30,1,15,7,0,1,1
1,36,1,1,3,1,2,7,0,2,1,1,9,2,1,0,1,1,0
1,50,1,3,3,2,0,2,1,2,3,1,29,1,8,1,1,0,0
1,26,2,0,2,0,2,1,0,2,2,0,5,1,5,3,1,1,1
0,56,2,1,3,0,0,2,0,2,1,1,18,2,5,4,1,2,1
1,36,1,4,2,2,1,0,0,3,1,0,15,1,14,8,0,0,1
1,51,1,3,3,0,0,9,1,2,2,1,18,1,10,0,0,1,0
1,28,0,2,2,2,1,1,0,0,0,0,10,1,10,7,1,1,0
1,28,1,1,3,1,1,3,0,2,3,0,10,2,8,7,1,1,1
1,44,1,2,2,2,0,9,0,0,3,1,24,0,20,6,1,1,0
0,33,2,3,2,1,1,1,0,2,1,0,14,2,13,7,0,2,1
1,34,2,0,3,1,1,0,0,3,2,0,7,0,6,2,1,2,0
1,25,1,0,3,0,0,1,1,3,1,1,7,2,7,7,1,1,0
0,29,1,3,3,0,2,4,0,3,0,1,11,0,7,5,1,2,1
1,39,2,1,3,2,2,7,0,3,3,1,21,2,18,7,1,0,0
1,40,1,1,2,2,1,1,0,2,0,0,21,1,20,7,1,1,0
1,39,0,1,3,1,1,9,0,1,2,0,9,1,5,4,0,1,0
1,36,0,3,3,1,1,2,0,3,0,0,18,0,11,9,1,2,0
1,28,1,0,2,0,0,0,0,1,0,0,6,1,5,3,1,2,0
1,29,1,0,2,1,0,1,1,3,2,1,10,1,10,7,1,1,0
1,26,1,3,4,0,0,1,0,3,1,1,8,1,8,7,1,2,0
1,30,1,1,2,1,0,1,0,2,0,1,10,2,10,3,1,2,0
1,34,2,1,2,1,1,0,0,0,2,0,14,2,13,9,1,2,0
1,32,0,0,3,0,2,1,0,0,2,1,1,2,1,0,0,1,1
1,56,1,3,3,2,2,4,0,0,3,1,28,1,5,2,1,1,1
1,29,1,0,3,0,0,1,0,3,0,1,10,1,10,8,1,1,1
1,33,1,1,3,0,0,1,0,2,3,1,5,1,5,4,1,1,0
0,33,2,1,3,1,0,1,0,2,0,1,10,2,10,7,1,2,1
1,36,1,3,1,0,2,1,0,2,2,1,7,2,7,7,1,1,0
1,30,1,3,3,1,2,1,0,2,0,1,10,2,10,7,1,1,0
1,46,1,3,3,1,2,2,0,3,2,1,12,2,6,3,1,1,0
1,60,1,3,4,1,2,0,1,3,1,1,12,2,11,7,1,2,0
1,33,1,1,3,0,0,0,0,3,1,1,15,1,14,10,1,1,0
1,30,1,1,3,0,0,0,1,1,0,1,12,1,11,9,0,2,0
0,35,0,2,2,2,0,4,1,3,1,1,16,1,13,2,1,2,1
1,44,1,0,4,0,0,1,0,3,3,1,10,1,10,5,1,1,1
1,54,1,1,3,2,0,3,0,3,0,0,36,1,10,9,1,1,0
0,59,1,1,2,1,1,5,0,3,3,0,13,1,6,1,1,2,1
1,43,1,1,1,2,0,3,0,3,1,1,25,1,8,7,1,1,0
1,29,1,1,3,1,2,1,1,3,1,0,6,1,6,0,1,1,0
1,45,1,1,1,2,1,2,1,1,0,0,26,1,24,10,1,1,1
1,46,1,2,2,2,0,2,0,1,2,1,26,1,11,4,1,1,1
0,34,1,1,3,1,1,0,1,0,3,0,4,2,3,2,1,2,1
1,51,2,1,3,2,2,4,1,1,0,1,31,1,29,10,1,2,0
1,34,2,1,2,1,0,4,0,1,3,0,14,1,10,9,1,1,0
1,43,1,3,2,2,1,3,0,3,3,0,23,2,21,7,1,1,1
1,36,1,3,3,1,1,9,1,1,3,0,18,1,16,14,1,0,1
1,44,1,1,3,2,0,1,0,3,3,1,10,1,10,7,1,2,1
0,30,0,2,3,1,1,7,1,2,2,0,10,2,8,4,1,2,1
1,29,1,1,3,0,2,3,1,2,0,0,10,1,7,7,1,2,1
1,32,1,1,4,1,0,1,0,3,2,0,10,2,10,7,1,1,0
1,58,1,3,3,0,2,1,0,2,3,0,2,2,2,2,1,1,0
1,46,1,2,3,0,1,6,0,0,2,0,10,2,7,6,1,2,1
1,28,0,1,1,1,0,0,0,3,0,1,10,1,9,8,1,0,1
1,40,1,3,2,2,1,2,1,1,2,0,9,1,5,4,1,1,0
1,52,1,1,3,2,1,9,1,1,2,0,10,1,8,7,1,2,0
1,31,0,3,3,2,2,1,1,2,0,1,10,1,10,8,1,2,1
1,42,0,0,3,2,0,0,1,2,3,0,21,2,20,8,1,1,0
1,56,1,3,3,2,1,6,0,1,0,0,36,2,7,3,1,1,0
1,34,1,1,3,2,2,0,0,3,3,1,10,0,9,7,0,0,0
1,35,2,3,3,1,1,1,1,2,1,0,9,2,9,6,1,0,0
0,34,1,2,3,1,1,1,0,0,3,0,10,1,10,8,1,2,1
1,48,1,1,3,2,1,1,0,3,2,0,11,1,10,9,1,0,0
1,27,2,0,1,1,1,3,0,3,1,0,8,2,6,2,1,2,0
1,55,1,3,4,2,1,6,1,2,2,0,24,1,19,7,1,2,0
1,56,1,1,3,2,0,4,1,1,0,1,33,0,19,16,1,1,0
0,34,0,0,2,0,2,1,0,2,2,1,5,1,5,4,1,2,1
1,40,1,0,4,1,2,5,0,2,1,1,15,0,12,11,1,2,1
1,34,1,1,3,1,0,4,0,2,0,0,10,0,8,7,1,1,0
0,34,1,3,3,1,1,1,0,3,3,0,14,1,14,11,0,2,1
1,31,1,3,3,1,0,1,1,2,3,0,10,2,10,2,1,1,0
1,39,1,3,2,1,0,3,1,3,3,0,8,1,5,4,0,1,0
1,41,2,1,3,1,2,3,1,3,0,0,12,2,6,2,0,1,1
1,37,1,0,3,0,0,7,1,2,3,0,8,1,6,4,1,1,0
1,33,2,0,3,1,0,6,0,3,0,0,8,1,5,4,1,1,0
1,27,1,1,2,1,0,1,1,3,3,0,6,2,6,2,1,0,1
1,27,1,3,3,0,1,1,1,2,3,0,8,1,8,2,1,2,1
1,42,1,1,3,2,0,0,0,0,2,1,21,1,20,7,1,1,1
1,29,1,1,2,2,1,1,0,0,0,0,10,2,10,9,1,1,0
1,29,2,0,3,2,1,0,1,3,0,0,9,0,8,7,1,2,1
0,54,1,1,3,2,1,6,0,3,3,0,29,2,20,7,1,2,1
0,58,1,1,3,2,0,3,1,0,2,1,32,2,9,8,1,2,1
1,55,1,3,4,2,2,2,0,3,3,0,31,2,7,7,1,1,0
1,36,1,3,2,1,1,1,0,3,2,0,10,1,10,4,1,1,0
1,36,1,3,2,1,0,4,0,0,0,0,11,2,3,2,1,2,1
1,47,1,1,3,0,0,7,0,3,2,1,17,1,6,5,1,1,0
1,37,0,2,4,0,1,0,0,2,0,0,7,1,6,5,1,1,0
1,47,1,3,3,2,0,3,0,2,1,0,26,1,20,17,1,2,1
1,34,1,1,2,0,0,5,0,1,0,1,7,1,5,4,1,2,1
1,31,1,2,3,2,2,1,0,3,0,1,13,1,13,7,1,2,0
1,46,1,1,3,2,2,4,0,3,0,1,28,0,7,7,1,0,0
1,31,2,4,4,2,1,1,0,1,0,0,10,1,10,8,1,0,1
1,53,1,1,4,2,1,4,0,1,1,0,35,1,9,8,1,1,0
1,40,1,1,3,0,2,2,0,2,2,1,8,2,3,1,1,1,0
1,44,1,1,3,0,1,1,0,1,2,0,6,2,5,2,1,1,0
1,42,2,2,3,0,1,1,0,3,2,0,12,2,12,9,1,1,1
0,29,2,1,3,1,1,5,0,1,0,0,7,2,5,3,1,2,1
0,34,1,3,2,1,1,0,1,1,2,0,16,1,15,9,1,2,1
1,29,1,1,2,1,2,1,0,2,2,0,10,2,10,7,0,1,0
1,30,1,1,3,0,2,0,0,2,0,1,6,2,5,3,1,2,0
1,33,1,3,2,0,0,8,0,1,3,0,8,1,5,4,0,0,1
1,47,1,1,3,1,0,3,1,2,2,1,11,2,5,4,0,2,1
1,28,1,1,2,0,2,1,0,2,3,1,1,1,1,0,1,1,0
0,49,1,2,2,1,0,4,0,0,0,1,10,2,3,2,1,2,1
1,32,1,1,3,2,1,2,0,3,1,0,10,1,5,2,1,2,0
1,54,2,3,3,2,2,3,0,3,0,1,26,1,14,9,1,2,1
1,46,1,1,3,2,0,8,0,1,3,1,23,1,13,12,1,1,1
0,31,2,1,3,0,1,1,0,2,0,0,7,1,7,2,1,2,1
1,34,1,2,3,0,0,0,1,2,1,1,12,2,11,10,1,2,0
1,37,1,1,3,1,0,1,0,3,0,0,10,1,10,8,1,2,0
1,33,1,1,2,1,1,1,0,1,3,0,5,1,5,3,1,1,0
1,45,1,1,3,0,0,4,0,3,3,1,8,2,5,4,1,2,0
1,42,2,1,3,2,0,2,1,3,2,1,24,2,20,8,1,1,0
1,40,1,2,3,1,0,0,0,0,3,0,9,1,8,4,1,1,0
1,33,1,3,3,1,0,1,1,2,1,1,15,2,15,14,1,1,0
1,45,1,3,3,2,2,1,0,1,0,1,10,2,10,8,1,1,0
1,35,1,3,2,0,0,0,0,2,0,0,6,1,5,3,0,2,1
1,32,1,2,2,1,0,3,0,1,0,1,12,1,7,1,1,2,1
1,33,1,3,3,1,0,2,0,0,3,1,8,1,2,2,0,1,0
1,38,2,3,3,1,0,3,0,2,2,0,10,1,6,3,1,1,0
1,38,1,1,3,1,0,4,0,1,0,0,7,1,5,2,0,1,0
1,35,1,3,3,1,1,3,1,2,2,0,10,2,5,2,1,1,1
1,35,1,1,4,1,0,1,0,2,3,0,10,2,10,9,1,2,0
1,43,1,1,4,0,2,5,0,1,2,1,8,0,6,4,1,1,0
1,30,1,1,2,0,0,1,0,1,1,1,6,2,6,4,1,1,0
1,45,1,4,1,1,1,1,1,0,0,0,10,2,10,7,1,2,1
1,45,0,1,2,1,0,1,0,0,0,1,10,1,10,7,1,1,0
1,35,1,4,4,1,0,1,0,0,3,0,16,1,16,15,1,1,0
1,39,1,2,2,1,2,0,0,2,3,1,11,2,10,8,1,1,0
1,35,0,3,3,1,0,1,0,2,3,1,15,1,14,11,0,2,1
0,45,1,2,2,1,2,1,0,3,0,0,10,2,10,7,1,2,1
1,35,1,1,2,2,0,9,0,0,2,0,15,2,13,12,1,2,0
1,44,2,4,3,1,0,4,1,3,2,0,14,2,10,7,1,0,0
1,24,2,0,3,0,1,1,1,3,2,0,6,1,6,3,1,1,1
0,36,1,3,3,2,0,4,0,0,2,0,9,1,3,2,1,2,1
1,34,1,1,3,1,2,1,0,1,2,1,11,1,11,8,1,1,1
0,49,1,0,2,2,0,2,1,2,1,1,30,2,15,11,1,2,1
1,43,1,2,2,2,0,1,0,2,0,1,14,2,14,10,1,2,0
1,35,2,3,3,1,1,3,1,3,0,0,13,1,11,9,1,2,0
1,38,2,1,3,1,0,7,0,3,3,0,19,2,13,11,1,1,0
1,29,1,1,2,1,2,1,1,1,1,1,10,2,10,0,0,1,0
1,31,1,3,3,1,0,1,0,3,0,0,10,1,10,0,1,0,1
1,49,1,1,3,2,1,4,0,2,0,0,23,1,8,7,1,1,0
1,41,1,2,3,2,1,3,1,2,3,0,21,1,2,0,0,1,0
1,20,1,0,3,0,1,1,0,0,0,0,2,2,2,2,1,0,0
1,33,0,1,3,1,2,1,1,3,2,1,7,1,6,5,1,2,1
1,48,2,2,3,0,0,2,1,2,2,0,19,2,9,7,0,2,1
1,26,0,1,3,0,1,1,0,3,2,0,7,1,7,7,1,2,0
1,33,1,1,4,0,0,1,0,1,3,1,14,1,14,11,1,2,0
1,37,2,3,1,1,2,1,0,3,2,0,6,1,6,3,1,1,0
1,34,1,1,2,0,0,1,0,3,1,0,10,2,10,9,1,2,1
1,35,2,3,2,0,1,0,1,3,2,0,6,1,5,4,0,1,0
1,43,1,1,3,1,0,1,1,3,0,1,10,2,10,9,1,2,0
1,24,1,1,4,0,0,1,0,2,3,1,5,0,5,3,1,1,0
1,41,1,1,3,2,1,1,0,2,1,0,10,2,10,8,1,1,0
1,45,0,0,2,2,0,3,0,2,3,1,25,2,23,15,0,2,0
1,31,1,3,3,0,0,1,0,2,3,1,6,1,5,2,1,1,0
1,24,1,0,3,0,2,1,0,0,1,1,6,1,6,2,1,1,0
1,46,1,3,3,1,1,6,0,1,3,0,19,2,10,7,1,1,0
1,30,1,0,3,0,0,1,0,3,1,1,10,1,10,0,1,1,0
1,46,1,1,3,2,2,4,1,3,1,1,13,1,10,6,1,1,0
1,40,1,3,3,2,1,1,0,1,1,0,21,2,21,8,1,1,0
0,45,1,1,1,2,0,4,0,2,2,0,9,1,5,0,0,2,1
1,27,1,1,3,0,1,1,0,3,2,0,6,1,6,2,1,2,1
1,29,2,1,4,1,1,8,1,2,3,0,10,1,3,2,1,1,0
1,33,0,1,3,1,1,8,0,1,3,0,13,1,11,7,1,2,1
0,38,2,2,2,0,0,4,0,1,1,1,9,2,6,1,1,2,1
1,30,1,1,4,1,0,3,0,2,2,1,10,2,7,0,0,1,0
1,34,0,1,3,1,2,1,1,2,2,1,15,2,15,14,1,1,0
1,43,1,1,3,0,1,0,0,3,1,0,10,1,9,7,1,1,0
1,31,1,3,2,1,0,1,0,3,0,0,13,2,12,7,1,2,1
1,37,1,2,2,1,0,1,0,1,0,0,5,1,5,2,1,1,0
1,36,1,1,3,2,0,7,1,0,3,1,15,0,12,8,1,1,0
1,44,2,2,3,0,2,1,1,1,2,1,6,1,5,3,0,1,0
1,35,1,1,3,1,1,1,1,3,3,0,10,1,10,7,0,2,0
1,33,1,3,4,0,0,6,0,0,1,1,14,0,10,8,1,2,0
1,28,1,1,3,0,0,1,0,3,2,1,5,1,5,3,0,1,0
1,42,1,1,4,1,0,5,0,0,2,0,10,1,0,0,1,2,0
1,35,0,2,3,1,2,2,0,3,2,1,15,1,7,7,0,1,0
1,38,0,1,3,0,2,5,0,1,3,1,13,2,11,10,0,1,0
1,37,1,3,3,1,1,1,0,0,1,0,10,2,10,3,1,1,0
1,41,1,1,4,1,1,3,0,1,0,0,11,2,3,2,1,1,0
0,46,1,2,3,1,0,4,0,1,3,1,13,1,9,7,1,2,1
1,34,1,2,4,1,0,1,0,2,2,0,10,1,10,8,0,2,0
1,58,0,1,3,2,2,4,0,1,3,1,37,0,16,9,1,2,0
1,35,1,3,1,0,0,0,0,2,1,1,6,1,5,4,1,1,0
0,45,0,3,3,1,0,4,0,2,1,0,10,2,8,7,1,2,1
1,43,2,3,3,1,0,1,0,3,2,1,7,1,7,7,1,2,0
1,27,2,2,3,0,1,0,1,3,2,0,6,2,5,4,1,1,1
1,29,2,0,3,0,0,1,0,3,1,0,11,2,11,8,1,1,0
1,42,0,3,3,0,0,3,0,2,1,0,10,0,6,3,1,2,0
0,46,1,1,3,2,0,5,0,1,2,1,14,1,8,7,0,2,1
0,27,2,1,2,0,0,0,0,0,3,1,8,1,7,6,1,2,1
0,36,1,3,2,1,0,1,1,2,0,1,10,2,10,9,1,2,1
1,31,1,1,3,1,2,1,0,2,0,1,10,1,10,8,1,1,0
1,45,1,2,2,1,0,0,0,3,3,0,10,1,9,8,0,1,1
1,42,1,1,3,2,0,9,0,0,1,1,18,2,13,7,1,1,0
1,31,1,2,3,1,2,2,1,3,3,1,8,1,5,2,0,0,1
1,31,1,1,4,0,2,8,0,2,1,1,4,0,2,2,1,1,1
1,26,2,1,4,0,0,0,0,3,0,1,8,2,7,7,1,2,0
1,33,1,3,3,1,1,1,0,2,1,0,10,1,10,4,1,1,0
1,27,1,3,3,0,0,1,0,1,2,1,6,2,5,3,1,0,0
1,34,2,3,2,1,0,1,1,3,1,0,16,2,15,10,1,1,0
1,56,1,4,2,1,0,4,0,0,2,1,6,2,0,0,1,1,1
1,38,2,1,2,1,2,1,1,1,2,1,20,2,20,11,0,1,1
1,35,1,3,3,1,0,0,0,0,3,1,6,1,5,3,1,1,0
1,28,0,1,3,0,1,1,0,2,2,0,5,2,5,3,1,1,0
1,34,1,1,3,2,1,1,0,3,0,0,14,2,14,8,1,2,0
0,32,0,3,3,1,2,5,0,3,1,1,9,1,5,1,1,2,1
1,31,2,1,1,1,0,1,0,0,1,0,10,1,10,8,1,2,0
1,27,1,1,3,1,1,1,0,3,0,0,7,1,7,7,1,1,0
1,31,2,3,3,1,0,1,1,3,2,0,10,2,10,7,0,1,0
1,55,1,3,4,2,0,4,1,1,0,1,35,0,10,9,0,2,0
1,42,0,2,2,1,1,1,0,2,3,0,20,1,20,9,1,1,0
0,31,0,1,3,2,0,4,0,2,2,1,13,1,11,7,1,2,1
0,40,2,1,3,1,0,1,0,2,0,1,10,1,10,9,1,2,1
1,40,1,2,3,1,0,3,0,1,2,1,15,2,11,8,1,1,1
1,30,1,2,3,0,0,1,0,1,2,0,12,1,12,8,1,1,0
1,47,1,1,3,2,1,2,0,2,1,0,25,2,17,14,1,2,0
1,38,1,3,3,1,0,0,0,1,0,0,16,2,15,13,1,1,0
0,47,0,0,3,2,0,0,0,1,0,0,14,2,13,8,1,2,1
1,33,1,2,3,1,0,0,1,3,0,1,10,1,9,7,0,1,1
1,39,1,0,3,1,1,7,0,3,0,0,18,1,7,7,1,1,0
1,38,1,1,1,2,0,3,0,2,0,1,20,2,18,16,1,2,1
1,32,1,3,3,2,0,1,0,3,2,0,14,2,14,10,0,2,1
0,37,1,1,4,2,0,1,1,3,0,1,16,1,16,11,0,2,1
1,52,0,3,3,0,2,2,0,3,1,0,16,2,9,8,1,1,0
1,36,1,1,2,2,0,0,0,3,2,0,10,1,9,7,1,2,1
1,56,0,3,3,1,2,1,0,2,0,1,13,1,13,12,1,2,0
1,42,1,1,3,2,0,5,0,2,0,0,24,1,22,6,0,1,0
1,56,1,2,3,0,0,8,0,2,3,1,14,2,10,9,1,0,0
1,41,1,3,2,2,0,0,0,1,2,1,21,2,20,7,1,2,1
1,41,1,1,2,1,2,2,0,1,2,1,14,1,5,4,1,1,0
1,35,1,3,3,2,1,1,1,3,2,0,9,1,9,0,1,2,1
1,50,2,3,3,1,2,7,0,2,3,0,12,2,6,3,1,1,0
1,36,1,3,2,1,0,4,0,3,0,1,8,1,6,3,1,1,1
1,40,1,3,2,0,1,2,0,2,3,0,8,1,2,2,1,1,0
1,35,2,3,3,1,0,1,1,2,3,0,10,1,10,2,0,1,0
1,39,1,0,2,2,0,0,0,3,0,1,21,1,20,9,0,0,1
1,34,1,1,4,1,0,2,0,2,0,0,6,2,4,3,1,1,0
0,41,1,2,3,1,1,8,1,0,0,0,8,0,0.3,4,1,0,1
0,49,2,0,2,1,0,1,0,0,3,1,10,2,10,7,1,2,0
0,37,1,2,2,0,1,6,1,0,1,0,7,2,0,0,0,1,0
0,27,1,0,3,0,0,9,0,0,3,1,6,2,2,2,1,1,0
0,59,1,1,4,0,0,4,1,0,0,1,12,2,1,0,1,2,1
0,30,1,0,3,0,2,1,0,0,1,1,1,1,1,0,1,2,0
0,38,2,1,2,2,1,0,0,2,1,0,10,1,9,7,1,2,1
0,36,1,1,3,1,0,6,0,0,1,0,17,2,7,7,1,1,0
0,29,1,2,2,1,1,0,1,0,3,0,10,2,9,5,1,2,1
0,31,1,0,3,0,2,1,0,0,3,1,5,0,5,2,0,2,1
0,34,1,2,3,0,2,0,0,3,2,1,3,1,2,2,1,0,0
0,28,1,1,2,0,1,5,1,2,1,0,6,2,4,2,1,1,0
0,32,1,2,4,0,2,0,1,0,3,0,7,1,6,2,1,1,0
0,22,0,2,4,0,2,1,1,0,1,0,1,1,1,0,1,2,1
0,53,1,3,2,2,0,2,0,0,2,0,31,2,25,8,1,2,1
0,38,1,1,3,0,1,5,1,0,2,0,6,2,3,2,0,0,0
0,24,0,2,4,1,2,0,0,0,3,1,5,1,4,2,1,2,1
0,36,1,3,2,0,1,7,0,0,1,0,10,2,5,3,1,2,0
0,21,1,2,3,0,1,1,0,0,3,0,0,1,0,0,1,2,1
0,34,1,0,3,0,1,2,0,0,2,0,8,1,4,2,0,0,0
0,32,2,0,1,0,1,1,1,0,1,0,10,1,10,2,1,2,1
0,44,1,3,2,2,0,3,0,0,3,1,24,2,22,6,1,2,1
0,46,1,3,3,2,1,3,0,0,3,0,22,1,2,2,1,2,1
0,33,1,1,3,0,1,4,0,3,3,0,7,2,1,1,0,0,1
0,44,1,3,3,1,0,2,1,3,3,0,9,1,4,2,0,1,0
0,39,1,1,3,1,0,3,0,0,2,1,19,1,1,0,0,1,0
0,24,1,1,3,0,0,2,1,0,0,1,6,1,2,0,1,1,1
0,50,1,2,2,0,0,1,1,0,2,0,3,1,3,2,1,1,0
0,35,1,1,3,0,0,1,0,3,0,0,2,2,2,2,1,1,1
0,36,1,3,2,0,0,9,1,0,3,1,6,2,1,1,1,1,1
0,33,2,1,4,1,0,2,0,0,0,0,10,2,5,3,1,2,1
0,35,1,2,3,0,2,1,0,0,2,1,1,2,1,0,1,1,0
0,27,1,3,3,0,2,1,0,0,3,1,1,1,1,0,1,1,1
0,26,1,1,1,0,1,1,0,0,2,0,1,1,1,0,0,1,0
0,41,1,1,3,2,0,1,0,0,3,0,23,0,22,15,1,1,1
0,34,0,3,3,1,1,0,0,2,2,0,10,1,9,5,1,2,1
0,35,1,0,4,0,0,1,0,0,3,0,1,1,1,0,1,2,1
0,48,1,2,2,2,1,9,1,0,3,0,23,1,1,0,1,1,0
0,28,1,3,3,0,1,1,1,0,2,0,2,2,2,2,1,2,1
0,44,1,4,3,1,2,5,1,0,2,1,9,1,4,3,1,2,1
0,35,0,2,2,2,0,2,1,0,2,1,10,2,4,0,1,1,0
0,26,1,1,2,1,0,7,1,0,2,1,5,1,2,2,1,2,1
0,35,2,4,3,2,0,1,0,0,3,1,9,2,9,8,1,2,1
0,35,1,3,3,0,0,3,1,0,2,1,4,2,2,2,1,2,1
0,31,1,3,3,1,2,3,0,0,3,1,10,2,7,7,1,2,1
0,37,1,3,2,1,2,1,0,0,2,1,7,1,7,5,1,2,1
0,32,1,1,3,1,0,1,1,3,1,1,9,2,9,8,1,2,1
0,38,2,4,3,1,1,1,0,0,3,0,10,1,0.6,3,1,0,1
0,59,1,1,3,2,1,7,0,0,3,0,28,2,21,16,0,0,1
0,36,1,1,3,2,2,1,0,0,1,1,17,1,17,14,0,1,1
0,55,1,1,3,2,2,2,1,0,2,1,21,1,5,0,0,1,1
0,45,1,1,3,2,2,2,0,0,2,1,25,1,1,0,1,2,0
0,35,2,1,3,0,0,4,0,0,3,1,5,1,3,2,0,2,1
0,36,1,1,2,0,0,0,1,0,0,1,2,0,1,0,1,2,1
0,29,1,1,3,0,0,0,0,0,3,1,6,2,5,4,0,2,0
0,31,1,3,3,0,1,1,0,0,1,0,1,2,1,1,1,2,0
0,36,1,1,4,0,0,3,0,0,1,0,5,2,1,0,1,1,1
0,35,1,3,2,1,1,0,0,0,1,0,16,1,15,13,1,2,1
0,45,1,3,3,2,0,4,1,0,1,0,17,2,0,0,0,1,0
0,37,1,3,3,2,1,4,0,0,0,0,16,2,5,2,1,1,0
0,35,1,1,2,0,1,1,0,0,0,0,6,2,6,4,1,2,1
0,55,1,2,3,2,0,3,0,0,3,1,24,2,1,0,1,2,1
0,23,1,0,3,0,2,3,0,0,2,1,3,2,0,0,1,1,0
0,51,1,3,3,0,0,3,0,0,1,0,10,2,4,2,1,2,1
0,40,2,3,2,2,0,1,0,0,3,1,22,2,22,3,1,2,0
0,46,2,1,2,2,0,2,1,0,2,1,21,1,10,9,1,1,0
0,54,1,3,3,2,0,9,0,0,0,1,16,1,4,3,1,1,1
0,58,1,3,3,2,1,0,0,0,2,0,38,0,37,10,0,1,0
0,44,0,1,3,1,0,4,0,0,2,1,17,2,3,2,0,1,0
0,37,1,3,3,0,2,4,1,0,3,0,7,2,3,2,1,2,0
0,32,1,0,3,0,1,1,0,0,3,0,1,1,1,0,1,1,0
0,20,2,1,2,0,1,1,1,0,1,0,1,1,1,0,1,2,1
0,37,0,2,2,1,2,5,0,0,3,1,17,1,1,0,1,1,0
0,59,0,3,2,2,0,9,0,3,3,1,30,2,3,2,1,2,1
0,35,2,1,3,2,0,3,1,0,0,0,28,0,0,3,1,2,1
0,25,1,1,2,1,1,1,1,2,3,0,6,0,6,4,1,0,0
0,25,1,0,2,0,0,1,0,0,2,0,2,1,2,2,1,0,0
0,22,1,1,3,0,1,1,0,3,2,0,1,1,0,0,1,1,1
0,51,2,3,2,2,1,3,0,0,2,0,23,0,13,12,1,2,1
0,54,0,1,4,2,1,2,1,0,2,0,23,2,0.3,3,0,2,1
0,34,1,3,2,1,2,6,0,0,2,1,12,2,1,0,1,1,1
0,34,1,1,2,2,1,2,0,0,3,0,14,1,11,10,1,1,1
0,36,2,2,3,2,0,0,0,0,2,1,10,1,9,7,1,1,1
0,36,1,2,3,0,2,5,0,3,0,1,7,1,1,0,1,2,1
0,43,2,2,3,2,0,1,1,0,3,0,25,2,25,12,1,2,1
0,30,2,1,1,0,2,1,0,0,2,1,10,1,10,7,1,2,0
0,51,1,1,3,2,1,7,0,0,2,0,23,1,20,18,0,1,0
0,58,1,3,3,2,0,1,0,0,3,1,40,2,40,10,1,2,1
0,19,1,0,3,0,1,1,1,0,3,0,0,1,0,0,1,2,0
0,22,1,0,3,0,0,0,0,3,2,1,3,1,2,1,1,1,0
0,49,1,3,3,1,0,1,0,0,2,0,16,1,0.6,11,1,1,1
0,43,2,1,4,0,1,4,0,0,3,0,18,1,3,2,1,2,1
0,50,2,1,3,2,1,4,0,0,3,0,16,2,2,2,1,0,1
0,31,1,1,1,1,0,3,1,0,2,1,4,1,2,2,1,0,1
0,41,1,0,3,2,2,3,1,2,2,1,12,1,9,7,1,2,1
0,26,1,0,3,0,0,1,0,0,3,1,8,2,8,7,1,2,1
0,36,1,2,3,1,2,6,0,0,3,0,7,0,3,2,1,2,0
0,51,2,3,1,2,1,2,0,0,3,0,18,1,4,2,1,2,1
0,32,1,1,3,0,1,7,0,0,0,0,10,1,5,4,1,2,1
0,38,1,4,3,1,1,3,1,0,1,0,19,1,0.6,2,1,2,1
0,30,1,1,3,0,2,5,0,0,3,1,8,2,3,2,1,1,1
0,30,1,0,2,0,1,0,0,0,3,0,6,2,5,3,1,1,0
0,41,2,1,2,2,2,4,0,0,1,1,21,1,7,6,0,1,0
0,41,1,3,3,0,0,2,0,0,3,1,7,1,5,0,1,2,1
0,19,1,0,3,0,1,1,0,0,3,0,1,2,1,0,1,2,1
0,40,2,1,3,1,2,1,0,0,0,1,20,1,20,7,1,0,1
0,32,2,1,3,2,1,1,0,3,3,0,9,1,9,8,1,1,1
0,29,0,0,3,1,0,1,0,0,0,1,10,0,10,7,1,1,0
0,51,1,3,2,1,0,2,0,0,2,0,10,1,1,0,1,2,0
0,58,1,1,2,0,0,4,1,0,1,1,9,2,1,0,1,2,1
0,40,1,3,2,2,0,7,0,0,0,1,15,1,12,11,1,0,0
0,34,2,3,3,0,0,6,0,0,3,1,6,2,4,3,1,2,1
0,22,1,0,3,0,0,1,0,0,0,0,2,1,2,2,1,2,1
0,28,1,1,3,0,0,1,0,3,2,1,5,1,5,2,1,0,0
0,27,0,1,2,0,2,1,1,0,3,1,1,1,1,1,1,1,0
0,38,1,3,2,1,1,4,0,0,2,0,12,1,8,3,1,2,1
0,19,2,0,1,0,1,0,0,0,0,0,1,1,0,0,1,2,1
0,30,0,1,3,1,2,1,0,0,2,0,12,2,12,9,1,0,0
0,45,1,2,3,1,2,4,1,0,0,1,9,2,5,4,1,0,1
0,35,1,1,3,0,2,4,1,0,2,1,19,2,2,2,1,2,1
0,33,1,1,3,0,1,0,0,0,0,0,4,1,3,1,0,1,0
0,19,1,1,2,0,1,1,0,0,2,0,1,2,1,0,1,2,1
0,46,1,2,3,2,2,1,0,0,2,1,24,1,24,13,1,2,1
0,38,1,2,3,0,1,1,0,0,2,0,2,2,0.3,2,1,1,1
0,31,1,0,3,0,0,8,1,0,2,1,7,0,4,2,1,2,1
0,34,1,2,3,0,1,2,0,0,3,0,9,2,3,2,0,1,1
0,41,1,2,3,0,1,1,1,1,3,0,4,1,4,3,1,2,1
0,50,1,1,2,0,0,2,0,2,3,1,5,1,3,2,0,1,0
0,53,1,2,4,1,2,1,0,0,2,0,5,2,4,2,1,0,1
0,33,1,1,3,0,0,1,0,0,3,1,8,1,8,7,1,2,1
0,55,1,3,4,2,1,8,0,0,3,0,36,2,24,15,1,0,0
0,52,1,3,2,2,0,0,0,0,0,1,34,1,33,18,1,2,1
0,43,0,1,4,0,2,4,0,3,3,1,7,2,5,4,1,1,0
0,45,0,2,2,2,0,9,0,0,3,1,22,0,20,8,0,2,1
0,37,1,1,4,0,0,1,1,0,0,1,8,2,8,7,0,2,1
0,38,1,3,3,1,0,9,0,0,1,0,14,2,1,0,0,1,0
0,27,2,0,2,1,0,5,0,0,2,1,6,0,2,2,0,2,1
0,49,0,3,3,1,2,1,1,3,0,0,7,0,7,7,0,1,0
0,38,1,0,3,1,0,7,1,0,1,0,17,1,1,0,1,2,1
0,36,2,0,3,0,1,1,0,0,0,0,8,1,8,1,0,1,1
0,40,0,4,2,1,0,9,0,3,3,1,5,1,3,2,1,1,0
0,46,1,3,3,2,2,7,0,0,2,1,17,2,4,2,1,1,0
0,30,1,1,3,0,1,5,1,0,2,0,8,1,0,2,1,0,1
0,32,1,1,3,2,1,3,1,0,2,0,16,2,1,0,0,2,1
0,30,2,3,2,1,1,5,0,0,2,0,9,1,0,3,1,2,1
0,54,1,1,3,1,0,2,0,0,3,1,16,2,6,2,1,1,1
0,33,1,3,2,0,0,6,0,0,3,0,7,2,3,2,0,2,1
0,37,2,1,3,2,2,1,1,0,2,1,10,0,10,8,1,1,0
0,38,1,1,3,2,2,0,0,2,2,0,17,1,16,10,1,1,0
0,59,1,1,2,0,0,3,0,3,0,1,7,1,1,0,1,2,1
0,37,2,3,3,0,2,4,0,0,2,1,13,1,9,8,1,2,0
0,29,1,0,2,0,1,1,1,3,2,0,4,2,4,3,1,1,0
0,52,1,1,2,0,1,7,0,0,1,0,6,2,0.3,2,1,2,1
0,42,1,2,3,2,0,1,0,0,3,0,22,2,22,17,1,2,1
0,59,1,2,3,0,0,8,0,2,3,0,7,1,2,2,0,2,0
0,33,1,2,3,0,0,7,0,0,0,0,13,2,9,7,1,2,1
0,52,0,3,2,2,1,1,1,2,3,0,33,1,33,7,0,2,0
0,32,1,1,2,0,1,0,1,2,3,0,4,1,3,2,1,1,0
0,39,1,3,3,0,2,7,0,0,2,1,7,0,3,2,1,1,1
0,32,0,3,3,1,0,0,0,3,0,0,4,1,3,2,1,2,0
0,41,1,2,3,1,2,2,0,0,0,0,17,1,1,0,1,1,0
0,40,1,2,3,1,2,1,0,0,0,0,9,2,9,8,1,2,0
0,45,1,1,4,2,0,0,0,3,2,1,25,1,24,0,1,0,0
0,31,2,3,3,2,2,9,0,0,0,1,9,2,2,2,0,1,0
0,33,1,3,2,0,0,1,0,0,2,1,2,1,2,2,1,1,1
0,34,1,3,2,1,0,6,0,0,1,1,13,2,11,9,1,2,1
0,37,1,2,2,0,0,2,0,0,0,1,17,1,3,1,0,2,1
0,45,2,3,4,1,0,4,0,0,3,1,9,0,3,2,1,2,0
0,37,2,1,3,2,2,6,0,0,1,0,17,1,1,0,1,2,1
0,42,1,2,4,1,1,3,1,0,2,0,10,0,0.3,2,0,1,1
0,29,1,2,3,1,2,2,0,3,3,1,10,1,3,2,1,1,0
0,25,1,1,3,1,0,0,0,0,3,0,5,2,4,2,0,2,1
0,42,1,1,2,0,2,0,1,0,2,1,10,2,9,6,1,0,1
0,40,1,2,3,2,2,0,0,0,3,1,22,1,21,7,0,2,1
0,51,1,1,3,0,0,1,0,0,1,0,1,0,1,0,1,0,0
0,31,2,2,2,0,1,0,0,0,1,0,6,1,5,4,1,2,1
0,32,2,1,4,0,0,1,0,0,2,0,5,2,5,1,0,2,1
0,32,1,0,2,1,1,4,0,0,3,0,9,1,6,2,0,2,1
0,28,1,3,3,0,1,2,0,0,2,0,5,1,0,0,0,0,0
0,29,1,1,2,1,0,2,0,1,1,0,10,1,0,0,0,2,0
0,31,1,1,2,1,0,0,0,3,1,1,10,1,9,0,1,2,0
0,25,0,2,4,1,2,1,0,0,3,0,6,1,6,3,1,1,0
0,45,1,2,3,2,0,0,1,0,1,0,21,1,20,7,1,1,0
0,55,1,1,3,2,1,0,1,0,2,0,37,1,36,10,1,2,1
0,47,0,3,3,2,0,1,1,0,3,1,10,1,10,7,1,1,0
0,28,1,1,3,0,0,1,0,0,3,1,5,2,5,2,1,2,0
0,37,1,3,3,1,0,4,0,0,1,1,7,1,5,4,1,1,0
0,21,1,2,2,0,1,1,0,2,0,0,3,2,3,2,1,2,1
0,35,1,1,4,2,2,7,0,1,1,1,10,1,7,7,1,2,1
0,38,1,2,4,1,2,1,1,0,2,1,8,2,0.6,0,1,2,1
0,26,2,2,3,1,0,1,1,0,2,1,5,2,5,3,1,1,0
0,37,1,1,3,0,1,1,0,3,1,0,17,2,17,12,1,1,1
0,44,2,1,3,0,2,3,1,0,3,1,19,0,1,0,1,2,0
0,38,1,3,3,1,2,9,0,3,1,1,10,1,2,2,1,1,0
0,26,1,3,3,0,2,2,1,0,3,1,5,1,3,2,1,1,0
0,28,1,2,3,0,1,1,0,3,3,0,5,2,5,3,1,2,1
0,49,2,3,3,2,1,9,1,0,3,0,22,2,3,2,1,0,1
0,31,2,1,3,0,2,1,0,0,2,1,2,1,2,2,1,0,1
0,26,1,3,2,1,1,1,1,3,1,0,8,0,8,7,1,1,0
0,37,2,1,3,0,0,1,1,0,2,1,4,2,4,2,1,1,0
0,18,1,1,3,0,1,1,0,0,2,0,0,1,0,0,1,1,0
0,36,2,3,4,0,0,4,0,0,3,0,4,1,1,0,0,2,0
0,41,1,3,3,2,1,1,0,0,1,0,22,1,22,10,1,2,1
0,18,1,1,2,0,1,1,0,0,0,0,0,1,0,0,0,2,1
0,28,1,2,4,1,1,0,0,0,2,0,9,1,8,3,1,2,0
0,58,0,3,1,1,2,2,1,0,3,1,12,1,5,3,1,2,1
0,31,1,3,3,0,0,0,1,0,2,1,6,2,5,2,0,1,0
0,31,1,1,2,1,0,3,0,0,3,0,9,0,2,2,1,1,0
0,45,2,1,3,2,2,1,0,0,0,1,24,1,24,9,1,2,1
0,31,1,3,3,0,2,0,1,0,1,1,3,1,2,2,1,2,1
0,39,1,0,3,2,0,1,1,0,3,0,21,2,21,9,0,1,0
0,27,1,1,3,0,1,1,1,0,1,0,4,1,4,3,1,2,1
0,32,1,2,2,1,0,1,1,0,3,0,13,1,0,12,0,0,1
0,27,1,1,3,1,1,1,1,0,0,0,5,2,5,4,1,0,0
0,28,1,3,1,0,0,5,1,0,3,0,5,2,3,2,1,1,0
0,39,1,2,3,1,0,4,1,0,0,0,12,2,1,0,1,2,1
0,33,2,1,2,1,1,3,0,3,2,0,9,1,7,7,1,1,0
0,47,1,4,3,2,0,4,0,0,1,1,21,1,3,2,1,0,0
0,43,2,3,2,1,2,1,0,0,1,1,9,2,9,7,1,0,1
0,54,2,3,3,1,1,3,0,2,3,0,20,2,4,3,1,1,1
0,43,1,1,3,2,0,8,0,0,0,1,10,0,1,0,0,1,1
0,40,1,2,1,1,0,2,1,3,2,1,6,1,4,3,1,2,0
0,29,1,3,1,0,0,1,1,0,3,0,7,2,7,7,1,2,1
0,29,1,4,2,0,1,0,0,0,2,0,4,1,3,2,1,2,0
0,30,1,1,2,1,2,1,0,0,2,1,10,1,10,9,0,2,1
0,27,1,3,3,1,0,1,0,0,0,1,8,2,8,7,0,2,1
0,23,1,0,3,0,2,1,0,0,2,0,4,1,4,2,0,1,0
0,41,1,1,2,1,1,6,1,0,3,0,8,2,5,4,0,1,0
0,47,2,0,3,1,1,3,0,0,0,0,5,2,0,0,1,2,0
0,42,1,4,3,2,1,2,0,0,1,0,16,1,1,0,1,2,1
0,42,1,0,3,0,2,0,1,0,2,1,4,1,3,2,1,0,0
0,48,1,0,3,2,0,3,0,0,1,1,15,2,0,0,1,2,1
0,37,1,1,4,1,2,4,1,0,0,0,13,1,7,7,1,2,1
0,30,0,2,3,1,0,7,1,0,1,1,4,1,2,2,1,2,1
0,42,1,3,2,1,1,3,0,0,1,0,14,1,1,0,1,2,0
0,21,2,0,2,0,1,1,1,0,2,0,3,2,0.6,2,1,0,1
0,36,0,4,3,1,1,4,0,0,1,0,7,1,1,0,0,1,1
0,57,1,3,3,1,0,2,0,0,2,0,15,1,3,2,1,2,1
0,21,0,2,3,0,1,1,0,0,2,0,3,2,3,2,1,2,1
0,37,1,1,3,0,0,6,0,0,1,1,17,2,5,4,1,2,1
0,46,0,3,3,1,0,2,0,0,2,0,7,1,1,0,0,2,1
0,50,1,1,2,2,1,6,0,0,3,0,20,1,4,3,1,2,1
0,31,1,3,2,0,1,0,1,0,3,0,3,1,2,2,1,1,0
0,21,1,1,4,0,1,1,0,0,3,0,1,0,1,0,1,1,1
0,29,1,1,3,0,1,9,0,0,3,0,6,2,3,2,1,1,0
0,35,1,3,2,1,1,9,0,0,2,0,10,1,1,1,1,2,0
0,28,1,3,3,1,1,1,0,0,3,0,7,0,7,5,1,1,0
0,36,1,1,3,0,0,4,0,0,1,1,6,2,2,2,1,2,1
0,34,0,1,4,1,1,8,1,0,1,0,9,2,5,2,1,2,1
0,24,1,3,3,1,2,1,1,0,3,1,5,1,5,2,1,1,1
0,30,1,0,3,0,0,1,0,1,0,1,1,2,1,0,1,2,1
0,26,2,0,3,0,1,0,0,0,2,0,7,1,6,4,1,2,0
0,30,2,1,3,0,1,9,1,3,2,0,3,2,1,0,1,2,1
0,37,1,1,3,0,2,1,0,0,2,1,18,1,18,7,0,2,1
0,42,1,3,3,0,2,3,0,0,1,1,8,1,5,2,1,1,1
0,43,1,1,2,2,2,1,0,0,2,1,25,2,25,10,1,2,1
0,40,1,1,2,1,0,6,0,0,1,1,20,2,1,0,1,2,1
0,54,1,2,3,2,0,4,0,0,2,1,24,2,4,2,1,0,0
0,34,0,3,3,1,0,9,0,0,0,1,6,2,0.3,2,1,1,1
0,43,2,1,3,0,0,7,0,0,0,1,8,0,3,2,1,2,0
0,43,1,3,3,1,2,4,1,2,3,0,8,2,5,2,0,1,1
0,31,1,2,2,0,0,1,0,0,2,1,4,2,4,2,1,1,0
0,39,2,0,3,2,2,1,1,0,2,1,21,2,21,8,1,1,0
0,56,2,1,4,2,0,9,0,0,3,1,36,0,7,7,1,0,1
0,30,1,1,3,1,1,0,0,2,1,0,6,1,5,4,1,0,1
0,41,1,1,4,2,0,1,0,0,2,1,10,1,10,7,1,1,0
0,28,1,2,3,1,2,1,0,0,3,1,10,1,10,0,1,1,0
0,25,1,1,3,0,0,5,0,0,2,1,6,1,2,2,1,1,0
0,45,1,2,3,0,0,3,0,0,3,0,8,2,2,2,1,2,0
0,30,1,1,1,1,1,2,0,3,2,0,11,1,5,4,1,2,1
0,60,1,1,3,2,0,5,0,0,3,0,33,1,29,8,1,0,1
0,42,2,3,2,1,0,0,0,0,3,1,7,2,6,5,1,0,1
0,34,2,2,1,0,2,0,0,0,3,1,3,2,2,2,1,1,1
0,38,2,2,3,0,0,1,1,0,2,1,1,2,1,0,1,2,0
0,26,1,1,3,0,2,1,0,0,1,0,3,2,3,2,1,2,1
0,29,1,4,2,0,0,5,0,0,1,0,6,1,0.6,2,1,1,1
0,19,1,2,2,0,1,1,0,0,2,0,1,2,1,0,1,1,0
0,30,0,3,3,2,0,0,0,0,2,0,10,2,0.6,8,1,0,1
0,57,1,1,2,2,2,3,0,0,2,1,32,2,1,0,1,1,0
0,50,1,3,2,2,0,0,0,0,1,1,28,1,27,10,0,1,0
0,60,2,1,2,2,0,4,0,0,3,0,22,1,18,13,0,2,1
0,46,1,1,3,2,0,6,0,0,2,0,26,1,3,2,1,1,0
0,54,1,3,3,1,1,7,0,2,2,0,19,2,1,0,1,0,1
0,34,1,3,2,0,2,3,0,2,2,1,14,2,7,3,1,1,0
0,46,1,1,2,2,0,2,1,3,2,1,15,2,3,2,1,2,1
0,33,1,0,3,2,0,7,1,0,3,0,15,1,7,6,1,1,0
0,33,1,0,1,0,2,7,0,0,0,1,8,1,4,3,1,1,0
0,30,1,0,3,0,1,0,0,0,0,0,4,2,3,2,1,1,0
0,35,1,1,3,2,0,4,1,0,2,0,10,1,8,7,1,1,0
0,31,2,1,3,2,0,3,0,2,0,0,12,1,1,0,1,2,1
0,42,2,2,3,0,0,4,0,0,3,1,8,2,2,2,1,2,1
0,36,0,3,3,2,1,1,0,3,3,0,10,2,10,3,1,1,0
0,22,2,0,2,0,1,5,0,0,2,0,4,2,2,2,1,2,1
0,48,1,4,3,1,0,2,0,0,0,1,14,1,0,7,1,2,1
0,55,1,4,3,2,1,3,0,0,3,0,37,1,10,9,1,2,1
0,40,1,1,3,2,1,7,0,0,2,0,22,2,20,6,1,1,1
0,31,1,0,3,1,1,4,1,3,2,0,10,1,6,5,1,1,0
0,42,1,1,3,2,0,1,1,0,3,1,10,1,10,9,1,2,0
0,45,1,1,3,1,0,0,0,0,1,1,9,2,8,7,0,2,0
0,29,1,1,3,1,2,4,0,0,1,0,8,1,3,2,1,1,0
0,33,1,4,4,2,2,4,0,2,2,1,10,1,6,1,1,2,1
0,31,1,1,2,2,2,9,0,3,2,1,10,2,5,4,0,2,0
0,18,2,1,3,0,1,1,1,0,3,0,0,2,0,0,1,1,0
0,40,0,1,1,2,2,3,0,0,2,1,20,1,1,0,1,1,0
0,26,1,2,3,1,2,5,0,0,0,0,8,1,0,0,1,1,1
0,26,1,1,1,0,1,1,1,0,1,0,1,2,1,0,1,2,0
0,46,2,0,3,2,0,5,0,0,3,0,28,2,2,2,1,0,1
0,41,1,4,3,2,0,7,0,0,1,1,22,1,0.3,16,1,1,1
0,37,0,3,3,2,2,1,0,0,3,1,9,1,9,5,0,1,0
0,32,0,3,4,1,0,8,0,0,3,0,6,1,4,2,1,1,0
0,24,2,1,3,0,0,0,0,0,2,0,3,2,2,2,1,2,1
0,38,1,1,3,1,0,3,0,0,2,1,18,2,1,0,1,2,1
0,37,1,3,3,1,0,6,0,0,1,1,8,1,6,5,0,1,1
0,49,1,3,2,2,2,1,1,0,2,1,31,1,31,9,0,2,0
0,24,1,2,2,0,0,1,0,0,3,1,1,1,1,0,0,2,0
0,50,2,1,3,2,0,1,0,0,2,1,32,1,32,5,1,2,1
0,31,1,3,3,1,2,2,0,0,2,0,9,1,3,1,1,2,1
0,35,1,2,2,1,1,4,0,3,3,0,9,2,3,2,1,1,0
0,31,1,3,4,1,2,4,0,0,3,0,13,2,7,7,0,2,1
0,27,1,3,2,0,2,0,0,0,2,0,6,1,5,3,1,1,1
0,37,1,1,3,1,0,4,1,0,2,1,17,2,3,0,1,0,0
0,43,1,3,2,2,2,4,1,0,2,1,21,2,1,0,1,1,0
0,38,1,0,3,0,1,3,0,0,3,0,8,2,0,0,1,2,1
0,48,1,3,2,2,0,7,0,0,0,1,21,2,3,2,1,0,1
0,44,1,3,2,1,1,4,0,2,1,0,10,0,2,2,1,0,1
0,21,1,0,3,0,1,1,0,0,2,0,3,1,3,2,1,0,0
0,44,1,3,3,2,0,4,1,3,0,1,26,1,2,2,1,1,0
0,22,1,0,3,0,0,0,0,0,3,0,3,2,2,2,1,2,0
0,32,1,3,3,1,0,1,1,0,3,1,6,1,6,4,1,2,1
0,53,1,0,3,1,1,7,0,0,3,0,18,1,14,7,1,2,1
0,45,2,3,3,1,0,2,0,0,3,0,5,2,1,1,1,1,1
0,26,1,1,3,0,0,1,1,0,2,1,3,1,3,2,1,1,1
0,36,1,2,2,1,2,2,1,0,2,1,13,1,3,2,0,2,1
0,27,1,3,2,0,1,0,0,0,3,0,5,0,4,2,1,1,0
0,33,2,1,3,0,1,1,1,0,0,0,10,2,10,8,1,0,0
0,23,1,1,4,0,0,2,0,0,0,1,5,2,3,2,1,1,0
0,25,1,1,4,1,0,0,0,0,2,1,4,2,3,2,1,2,0
0,29,2,3,1,0,2,1,0,3,3,1,10,1,10,7,1,2,1
0,48,1,0,4,1,0,3,0,0,3,0,12,2,2,2,0,1,0
0,37,1,2,4,0,1,3,0,0,0,0,4,1,1,0,0,2,0
0,24,1,2,3,1,1,9,0,0,0,0,4,2,2,2,1,1,1
0,50,2,2,3,1,0,3,1,0,0,1,18,2,4,3,0,1,0
0,27,1,2,3,2,0,1,0,0,3,0,9,2,0.6,7,1,0,1
0,47,1,3,3,1,1,2,0,0,3,0,20,1,7,7,1,1,0
0,40,2,3,2,2,0,5,1,0,2,1,20,1,18,13,1,2,0
0,41,1,3,2,2,2,3,0,0,1,1,23,1,21,6,0,1,0
0,60,1,3,3,1,1,8,0,0,3,0,10,0,2,2,1,1,0
0,27,2,2,3,2,2,1,0,0,2,0,9,2,9,7,1,2,1
0,50,1,3,3,0,0,7,0,0,3,1,4,1,2,2,0,2,1
0,36,0,1,4,2,0,9,0,0,0,1,10,1,8,7,1,2,1
0,38,1,1,3,2,1,4,1,2,3,0,10,2,1,0,1,1,1
0,44,0,1,1,0,1,2,0,0,2,0,9,1,5,2,1,1,0
0,47,2,1,3,2,2,9,1,0,3,0,28,1,0,2,1,1,1
0,29,1,1,3,0,1,1,0,0,2,0,1,1,1,0,0,0,1
0,42,2,1,4,0,2,6,1,0,3,0,7,1,2,2,1,1,0
0,43,2,1,2,1,0,3,0,3,2,1,7,1,2,2,0,2,1
0,34,1,2,3,1,1,3,0,0,3,0,10,1,5,1,1,0,1
0,23,1,0,3,0,0,1,0,0,3,1,5,1,4,3,1,2,1
0,39,1,1,4,1,0,9,0,1,2,1,12,2,8,3,1,1,1
0,40,1,0,2,0,1,0,1,3,3,0,5,1,0.6,2,0,2,1
0,27,1,1,2,1,1,8,0,0,0,0,9,1,0.3,6,1,2,1
0,29,1,1,3,0,2,1,0,0,3,0,2,1,2,2,0,1,0
0,53,1,1,3,1,1,2,0,3,3,0,19,2,2,2,0,2,1
0,35,0,3,3,1,2,2,0,0,0,1,16,1,1,0,1,0,1
0,32,2,3,3,1,0,1,0,3,3,0,10,1,10,8,1,1,0
0,38,1,4,3,0,0,6,1,0,1,1,6,0,1,0,1,1,0
0,34,1,4,3,1,2,3,0,0,2,1,7,2,0,0,1,2,1
0,52,1,3,2,2,0,1,0,0,0,0,34,2,34,6,1,0,0
0,33,1,3,3,0,1,1,1,0,2,0,10,1,10,9,1,1,0
0,25,1,0,3,1,1,1,0,0,1,0,6,1,6,5,1,2,1
0,23,1,0,4,0,1,1,0,0,3,0,2,2,2,2,1,2,1
0,34,1,1,3,1,1,1,0,0,2,0,6,1,6,5,1,2,0
0,52,0,3,3,0,0,0,0,3,0,1,5,2,4,3,1,2,0
0,26,2,2,1,0,2,3,0,3,0,1,5,1,2,2,0,2,1
0,26,1,1,2,1,1,6,0,0,2,0,6,1,4,3,0,2,0
0,34,1,3,4,0,1,2,0,0,2,0,10,1,4,2,1,2,1
0,54,1,3,3,1,2,9,1,0,1,0,9,2,5,3,1,0,1
0,27,2,0,3,1,0,0,0,3,1,1,5,2,4,2,1,2,0
0,37,1,0,3,0,2,0,1,0,1,0,6,2,5,3,0,1,1
0,35,1,3,3,0,0,1,0,3,1,1,3,0,3,2,1,1,1
0,30,1,1,1,0,0,3,0,0,2,0,7,1,2,2,1,2,0
0,34,1,2,3,1,0,5,0,0,1,1,6,0,3,2,1,2,1
0,23,1,1,4,0,0,1,1,0,2,0,1,1,0,0,1,2,0
0,52,1,3,3,1,0,8,0,0,1,1,9,2,5,2,1,2,1
0,50,1,1,3,2,0,5,0,0,3,0,30,2,4,3,1,2,1
0,33,1,1,3,1,1,5,0,0,2,0,6,2,3,2,0,1,1
0,29,1,2,4,0,0,1,0,0,2,1,10,2,10,7,1,2,0
0,58,1,3,3,2,1,7,1,0,3,0,40,1,31,15,1,1,0
0,35,1,3,4,0,1,3,0,0,2,0,7,0,2,2,1,2,1
0,42,1,2,2,1,0,9,1,0,3,1,8,2,4,3,1,1,1
0,28,1,3,3,0,1,6,0,2,3,0,5,2,2,2,1,2,0
0,32,1,1,2,1,0,1,0,0,2,1,14,2,14,13,1,2,1
0,40,2,3,2,1,1,6,0,0,3,0,10,1,1,0,1,1,0
0,30,1,1,2,1,1,5,1,0,1,0,12,2,0,0,0,2,1
0,45,1,1,2,0,1,1,0,0,3,0,1,2,1,0,1,1,1
0,42,1,1,3,1,0,1,0,0,3,1,10,2,9,8,1,1,0
0,38,2,1,2,1,2,2,0,0,2,1,13,2,4,3,1,1,0
0,55,1,0,3,1,1,4,0,0,2,0,12,2,9,7,1,2,1
0,43,1,2,3,2,0,6,0,0,2,1,22,2,4,1,1,2,0
0,35,1,1,3,2,1,3,0,0,1,0,17,2,8,5,1,2,0
0,28,1,3,3,1,0,1,1,0,0,0,8,1,0.6,7,1,2,1
0,34,1,2,3,0,0,0,0,3,2,1,4,0,3,2,1,2,0
0,27,0,1,3,0,0,1,0,3,2,1,0,1,0,0,1,2,1
0,51,1,3,3,2,0,2,0,2,2,1,29,1,20,6,1,2,1
0,25,1,0,4,0,1,7,0,0,2,0,6,2,4,3,1,2,1
0,33,1,1,4,1,2,1,0,0,0,1,9,1,9,8,0,2,1
0,35,1,0,2,0,1,1,0,0,3,0,6,2,0,5,0,0,1
0,30,2,3,2,0,2,9,0,0,1,1,10,2,5,4,0,1,0
0,45,1,1,3,2,2,4,1,0,2,1,18,1,5,4,1,2,1
0,32,2,3,2,2,0,3,0,3,2,0,31,2,0.3,8,1,2,1
0,37,1,3,2,1,2,4,0,0,3,0,9,1,1,0,1,2,1
0,22,1,2,2,1,0,6,0,3,0,0,4,1,2,2,0,2,0
0,44,1,3,4,0,0,2,1,0,2,1,10,1,3,2,1,2,0
0,42,2,0,3,0,1,5,1,0,3,0,8,1,2,1,1,1,0
0,36,1,1,2,0,0,0,0,0,2,0,6,2,5,4,0,2,0
0,35,1,1,2,2,0,1,1,0,1,1,17,1,17,14,0,2,1
0,32,0,1,3,0,2,0,0,0,1,1,4,1,3,0,1,1,0
0,49,1,1,3,0,0,2,0,0,1,1,7,1,4,2,0,2,1
0,38,1,1,2,0,0,0,0,0,3,1,3,2,2,2,1,2,0
0,42,1,1,4,1,0,2,1,0,1,1,17,0,5,3,1,2,1
0,29,1,1,2,0,2,6,1,0,2,1,5,2,3,2,1,2,1
0,53,1,1,3,2,0,5,0,3,2,1,28,2,2,0,1,1,0
0,37,2,2,3,0,0,5,0,0,1,1,10,2,0.3,4,1,1,1
0,50,0,3,3,2,2,1,0,0,3,1,31,2,31,6,1,2,1
0,32,1,3,3,0,1,1,1,0,2,0,1,1,1,0,1,2,1
0,29,1,0,2,0,2,6,0,3,2,1,8,1,4,3,1,1,1
0,44,1,2,3,0,0,1,1,0,3,0,8,0,8,7,1,2,1
0,28,1,3,3,1,1,1,0,0,1,0,4,2,4,2,1,1,0
0,58,2,0,2,0,2,9,1,3,3,1,3,2,1,0,0,2,1
0,43,1,1,3,1,2,4,0,1,2,1,4,1,1,0,1,2,1
0,20,1,1,2,0,1,1,0,0,3,0,2,2,2,2,0,1,1
0,21,1,0,3,0,1,1,0,0,0,0,1,2,1,0,1,2,1
0,47,1,3,2,0,1,1,1,0,0,0,3,2,3,2,1,2,1
0,22,1,0,3,1,0,0,1,0,0,1,4,2,3,2,0,2,1
0,41,1,3,1,0,2,4,1,0,2,1,10,0,7,7,0,1,1
0,28,1,1,3,0,2,5,0,0,1,1,6,1,2,2,1,2,1
0,27,1,1,3,0,1,1,0,0,2,0,1,1,1,1,1,2,1
0,34,1,1,3,0,2,1,0,0,1,0,1,2,1,0,1,1,0
0,35,1,0,3,1,0,1,1,0,3,1,10,1,0,6,0,2,1
0,49,1,2,3,2,0,4,0,0,2,1,29,2,0.6,9,1,0,1
0,48,1,3,3,0,0,4,0,0,0,0,13,1,0,0,1,2,0
0,38,1,1,3,2,0,1,0,0,1,1,15,2,15,12,1,1,1
0,32,0,1,2,0,0,6,0,0,2,0,5,2,0,0,1,2,1
0,25,1,2,2,0,0,1,1,0,2,1,1,1,1,0,1,2,1
0,40,1,3,2,2,2,2,0,0,1,1,11,1,1,0,1,1,0
0,20,1,1,3,0,1,1,0,0,1,0,1,1,1,0,1,2,0
0,40,2,3,3,0,2,8,1,0,3,1,3,1,1,1,1,1,0
0,32,1,3,3,1,0,1,0,0,2,1,8,1,8,7,1,1,1
0,36,1,0,2,2,0,1,1,0,0,1,16,1,16,7,1,2,1
0,33,1,1,2,1,1,0,0,3,0,0,6,2,0.3,0,1,1,1
0,29,2,1,3,0,0,1,0,0,1,1,3,1,3,1,1,1,1
0,35,1,1,3,1,0,1,0,0,1,0,5,2,5,2,1,1,1
0,58,1,1,3,0,1,4,0,0,0,0,7,2,1,0,1,2,1
0,30,1,2,3,2,2,5,0,0,0,1,10,1,8,4,1,0,0
0,38,0,1,3,1,1,1,1,3,1,0,6,0,5,3,1,1,1
0,35,1,3,3,2,2,6,0,0,1,1,12,1,10,9,1,2,1
0,40,0,1,4,2,1,4,1,0,3,0,22,1,1,0,1,1,1
0,47,2,3,4,1,2,1,1,2,2,0,20,2,19,10,1,2,0
0,36,0,3,3,1,2,4,0,0,3,0,12,2,7,7,0,1,0
0,31,0,2,2,0,1,0,1,0,0,0,4,0,3,2,1,2,0
0,33,0,1,3,2,1,1,0,0,3,0,10,1,10,8,1,2,1
0,29,1,1,2,0,1,6,1,0,2,0,3,1,0,0,0,2,1
0,33,1,0,3,0,1,3,0,3,0,0,5,2,3,2,1,2,1
0,45,1,3,3,0,2,3,0,0,3,0,8,1,5,3,0,1,1
0,50,1,2,3,2,2,9,0,3,2,1,32,0,5,4,1,2,1
0,27,1,3,3,0,0,9,0,1,1,1,4,1,2,2,1,2,1
0,45,0,2,3,1,0,1,1,0,2,1,9,1,9,8,1,1,0
0,30,1,1,3,0,0,4,1,0,1,0,7,1,0.6,2,1,0,1
0,38,2,0,3,0,0,0,0,2,1,1,3,0,2,1,1,2,0
0,24,1,0,2,1,2,1,0,0,1,0,5,1,4,2,0,1,1
0,35,1,3,2,0,2,1,1,0,3,1,5,1,4,2,0,2,0
0,31,2,0,3,1,0,1,0,0,2,1,4,0,0.3,3,1,2,1
0,18,0,2,3,0,1,1,0,0,3,0,0,1,0,0,1,1,0
0,54,1,1,3,2,0,8,0,0,2,1,22,1,10,7,1,0,1
0,30,1,2,4,2,0,0,1,0,2,1,9,2,8,7,1,2,1
0,20,1,1,2,0,1,1,1,0,0,0,1,1,1,0,0,1,1
0,30,2,1,3,0,1,0,0,1,0,0,4,2,3,2,0,2,1
0,48,1,1,2,1,1,2,0,0,3,0,19,0,2,2,1,1,0
0,41,1,2,3,1,1,6,0,0,1,0,8,1,2,2,1,2,1
0,39,1,0,2,2,0,1,0,0,2,1,21,2,0.6,6,1,2,1
0,27,1,3,3,1,0,0,0,0,1,1,4,1,3,2,1,2,1
0,35,1,1,3,0,2,1,0,3,0,1,3,2,3,2,1,2,0
0,42,1,2,3,2,0,6,0,0,1,0,21,2,1,0,1,1,0
0,50,1,1,3,0,0,4,0,0,1,0,8,1,1,0,1,2,1
0,59,1,1,2,2,1,3,1,3,0,0,30,2,5,3,1,1,1
0,37,1,2,1,1,0,5,0,0,0,0,15,1,1,0,0,2,1
0,55,2,3,3,1,0,3,1,0,3,0,17,2,8,7,1,1,0
0,41,0,0,1,2,2,1,0,0,1,0,21,2,0.3,16,1,2,1
0,38,1,3,3,1,1,8,1,0,2,0,19,0,1,0,0,1,0
0,26,0,2,1,1,1,8,0,0,3,0,7,1,2,2,1,2,1
0,52,1,0,1,2,0,1,0,0,3,1,33,2,32,14,1,1,1
0,39,2,1,3,2,1,1,1,0,2,0,21,1,21,6,1,2,1
0,33,0,0,2,0,1,0,0,3,3,0,3,1,2,2,1,2,1
0,32,0,3,3,0,1,9,0,0,1,0,10,1,8,7,0,1,1
0,45,1,3,3,0,1,1,0,0,0,0,6,2,6,3,0,1,0
0,26,2,1,3,0,0,6,1,0,1,1,6,1,3,2,1,1,0
0,34,1,3,3,0,0,1,1,0,3,1,1,1,1,1,1,2,1
0,28,1,0,3,0,0,1,0,0,1,0,1,1,1,0,1,2,0
0,38,2,3,3,0,0,3,0,0,0,1,8,1,2,2,1,1,0
0,37,1,1,3,1,1,3,0,0,0,0,8,2,4,3,0,2,1
0,40,1,1,3,1,0,1,0,0,1,1,8,2,7,7,0,1,0
0,46,1,3,3,2,2,9,0,0,3,0,23,0,2,2,0,2,1
0,54,1,3,2,2,0,6,0,0,1,1,13,2,9,4,1,0,1
0,55,0,0,2,2,1,7,0,0,1,0,31,2,9,7,1,1,0
0,43,1,1,2,2,2,5,0,3,2,1,18,1,1,0,1,1,0
0,20,2,1,3,0,1,1,1,3,1,0,2,2,0,2,1,2,1
0,21,1,1,2,0,1,1,0,0,0,0,1,1,1,0,1,2,1
0,46,1,3,2,1,2,8,1,0,0,1,19,1,16,13,1,2,1
0,26,1,2,2,0,0,1,0,0,0,0,6,1,5,3,1,2,1
0,30,1,1,3,1,0,0,0,0,2,1,7,0,6,2,0,2,1
0,41,1,2,4,0,0,1,0,0,2,0,10,2,0,6,1,1,1
0,38,1,0,2,2,0,0,0,0,0,1,20,2,19,9,1,2,1
0,40,1,3,3,2,0,4,0,0,3,1,14,1,11,10,1,2,1
0,27,0,4,1,0,0,1,0,0,3,1,3,2,3,2,0,2,1
0,55,2,0,3,2,0,3,0,0,1,1,23,2,3,2,1,2,0
0,33,1,1,2,2,2,4,0,0,2,1,9,1,3,2,1,1,0
0,35,1,1,3,2,1,0,1,0,0,0,9,1,8,7,1,2,1
0,28,1,2,3,0,2,1,0,2,3,1,4,1,4,2,1,2,1
0,37,1,3,2,1,2,2,1,0,2,1,8,1,1,0,1,1,1
0,26,1,1,3,0,2,1,0,0,2,1,1,0,1,1,1,2,1
0,33,1,1,2,0,1,4,1,1,1,0,5,0,2,2,0,2,0
0,42,1,2,3,2,0,0,0,0,3,1,23,2,22,6,1,2,0
0,28,2,1,2,0,2,1,0,0,0,0,1,1,1,0,1,1,0
0,50,2,3,3,1,1,3,1,0,3,0,5,2,0,0,0,1,0
0,33,2,1,3,1,0,0,0,0,2,1,4,2,0,2,0,2,1
0,34,0,3,2,0,0,3,0,0,3,1,6,1,0,0,1,2,1
0,48,0,3,4,2,1,2,0,0,2,0,27,2,5,4,1,2,0
0,45,0,3,2,1,0,1,0,2,3,1,15,1,0.3,10,1,1,1
0,52,1,3,3,2,1,7,0,0,3,0,18,2,8,6,0,2,0
0,38,1,3,2,2,2,0,1,2,1,0,9,1,8,7,1,1,0
0,28,1,1,3,2,2,0,0,0,1,1,10,2,9,7,1,2,1
0,46,1,0,3,2,0,3,0,0,3,1,23,2,12,9,1,1,0
0,38,1,2,3,2,1,7,0,0,2,0,10,1,1,0,0,1,0
0,43,2,1,3,2,0,8,0,0,2,1,18,0,8,7,1,0,1
0,21,1,0,2,0,1,1,1,1,2,0,2,1,0.6,2,0,0,1
0,31,2,1,4,0,0,0,0,0,0,1,3,2,2,2,1,2,1
0,35,2,2,3,1,2,1,0,3,3,1,5,2,5,2,1,0,0
0,49,1,3,2,2,0,6,0,0,1,1,22,2,9,8,0,2,1
0,34,2,2,3,1,1,2,0,0,3,0,5,2,3,2,0,0,0
0,29,2,1,3,0,2,0,0,0,3,0,8,1,7,5,1,1,1
0,42,1,1,1,1,1,4,0,0,0,0,16,2,1,0,1,2,0
0,38,1,1,4,0,0,1,0,0,3,1,7,1,7,6,1,1,0
0,28,2,1,2,0,2,1,1,0,3,1,3,1,3,1,1,1,0
0,18,0,0,3,0,1,1,0,0,3,0,0,0,0,0,1,1,0
0,33,1,3,3,1,1,0,1,0,0,0,6,2,0.3,2,1,2,1
0,41,1,3,3,0,0,3,1,0,0,1,6,2,1,0,1,0,0
0,31,2,1,3,0,0,1,0,0,2,1,2,1,2,2,1,1,0
0,37,1,2,2,1,2,7,0,3,2,0,9,1,6,2,1,2,1
0,27,1,1,2,0,0,1,0,0,2,1,4,0,4,2,0,1,0
0,34,1,0,3,1,0,1,0,0,0,0,6,2,6,5,1,2,1
0,35,1,3,3,0,1,1,0,0,1,0,6,1,5,4,1,2,0
0,29,1,0,2,2,0,1,0,0,0,1,11,2,0,8,0,2,1
0,40,2,3,3,2,1,9,0,0,2,0,20,2,18,7,1,2,1
0,42,2,1,3,2,1,0,1,0,1,0,22,1,21,9,1,1,0
0,42,1,3,3,1,1,7,0,0,3,0,9,2,6,4,1,1,0
0,35,1,3,2,0,0,6,0,0,1,1,10,1,8,0,1,2,1
0,24,1,1,3,0,1,8,0,0,3,0,6,1,4,3,0,2,1
0,28,1,0,3,0,0,1,1,3,3,0,1,2,1,1,1,0,1
0,40,2,2,2,1,0,3,1,3,3,1,16,2,1,1,0,1,1
0,35,1,1,2,2,2,2,0,0,1,1,15,1,7,7,1,2,0
0,35,2,3,2,0,0,1,0,0,1,1,2,1,2,2,1,1,0
0,43,1,1,1,1,1,8,0,0,1,0,7,1,4,3,0,1,1
0,19,1,2,3,0,1,1,0,0,2,0,1,2,1,1,0,2,0
0,45,1,1,3,0,0,4,1,0,2,1,7,1,3,2,1,2,1
0,37,1,1,2,1,0,1,0,3,1,1,14,1,14,8,0,1,1
0,20,1,1,2,0,1,1,0,0,0,0,2,1,2,2,1,1,0
0,44,1,3,3,0,1,1,1,0,2,0,6,2,6,4,1,0,0
0,53,1,2,3,2,2,3,0,0,1,1,26,1,0.6,7,1,2,1
0,29,1,0,1,0,0,0,1,0,0,1,6,1,5,4,1,2,1
0,22,2,3,2,0,0,0,1,3,1,1,1,1,0,0,0,0,1
0,46,1,1,3,2,0,8,0,0,0,0,28,1,26,15,1,2,1
0,44,0,1,1,0,1,2,0,0,3,0,6,2,0,0,1,2,1
0,41,0,2,2,0,2,6,0,0,0,1,5,1,1,0,1,2,0
0,30,1,3,3,1,2,8,0,0,2,1,8,2,4,3,1,2,1
0,40,2,3,3,1,0,5,0,0,3,1,5,1,0,0,1,1,0
0,50,2,1,3,2,0,2,0,0,2,1,32,2,2,2,0,2,1
0,28,1,3,2,0,0,1,0,0,2,1,6,1,6,5,1,1,0
0,46,1,2,3,2,0,5,0,0,0,1,25,1,4,2,1,0,0
0,35,1,3,3,1,0,3,1,0,3,1,15,1,7,7,1,2,1
0,24,1,2,3,0,0,1,0,1,0,1,1,2,1,0,0,1,1
0,44,1,3,3,1,1,1,0,3,1,0,20,2,20,11,0,2,0
0,20,1,1,4,0,1,1,0,3,3,0,2,1,2,1,1,2,0
0,42,0,4,4,1,0,7,0,0,0,1,10,2,4,3,1,1,0
0,32,2,1,2,0,0,1,0,0,2,1,2,1,2,2,1,2,1
0,32,2,2,3,1,1,4,1,0,3,0,10,1,8,7,0,2,1
0,36,1,1,1,2,2,2,1,0,2,1,17,1,0.3,7,1,2,1
0,40,1,1,2,1,2,7,0,0,1,1,7,1,0.6,1,0,2,1
0,25,1,3,3,1,1,0,0,3,1,0,5,2,4,3,1,1,0
0,42,2,4,3,2,0,3,1,0,2,0,20,1,1,0,0,2,1
0,27,1,1,3,0,0,1,1,0,3,0,9,2,9,7,1,2,1
0,54,2,3,3,2,2,7,0,0,0,1,33,1,5,4,1,2,1
0,19,0,1,2,0,1,1,1,1,1,0,1,1,1,1,1,2,1
0,29,1,1,3,0,2,1,0,0,0,1,3,1,3,2,1,2,1
0,31,1,2,3,1,0,1,1,0,3,0,6,1,6,5,1,1,0
0,31,1,1,2,1,1,1,0,0,1,0,10,1,0.3,9,1,2,1
0,49,1,2,2,2,0,2,0,0,2,1,23,1,1,0,1,2,1
0,36,2,1,3,0,0,1,0,0,2,0,12,1,11,10,0,1,0
0,48,1,2,4,0,1,5,0,0,2,0,7,2,1,0,1,2,1
0,27,1,2,3,0,2,1,0,0,1,1,5,1,5,3,1,0,0
0,48,1,1,2,2,1,6,0,0,2,0,25,2,1,0,0,1,0
0,29,1,1,2,2,2,3,0,0,1,0,9,1,7,7,0,1,1
0,34,1,1,4,0,0,0,0,0,3,0,2,1,1,0,1,2,1
0,44,1,1,3,2,0,7,0,0,2,1,26,1,22,9,1,0,0
0,33,1,4,4,2,2,0,1,0,3,0,10,2,9,8,1,1,0
0,19,1,1,4,0,1,1,1,0,3,0,1,1,1,0,0,2,1
0,23,1,2,3,0,0,1,0,0,3,1,1,1,1,0,1,2,0
0,25,2,0,1,0,1,1,1,0,3,0,1,2,1,0,1,1,0
0,26,1,2,3,0,1,1,1,0,1,0,8,1,8,5,1,2,0
0,55,0,0,2,2,2,1,1,0,3,1,34,2,33,9,1,1,0
0,21,2,2,2,0,1,1,0,2,2,0,2,1,0,2,1,2,1
0,59,1,3,3,2,1,6,0,0,3,0,25,1,9,7,0,2,1
0,34,2,1,3,1,2,4,0,0,2,0,15,1,11,8,1,1,1
0,28,2,3,3,0,1,0,1,0,2,0,5,1,4,2,0,2,1
0,44,1,2,4,2,2,1,0,0,3,0,26,2,25,9,1,1,0
0,35,1,0,3,0,0,0,1,2,3,0,4,2,3,2,1,1,0
0,42,1,3,4,1,0,6,1,0,3,0,18,1,1,0,1,1,1
0,28,2,1,2,0,0,1,1,0,1,1,2,1,2,2,1,1,0
0,51,2,2,2,0,1,0,0,0,1,0,8,1,7,0,0,1,1
0,28,1,1,3,0,1,2,0,0,1,0,5,1,3,2,1,0,0
0,25,1,1,3,0,1,1,0,0,3,0,2,2,0,2,1,2,1
0,35,2,1,3,2,1,3,0,0,2,0,22,2,0,0,1,2,1
0,39,1,3,2,2,2,6,1,0,3,0,21,2,19,9,0,1,1
0,32,1,2,3,1,0,1,0,0,0,1,10,2,10,4,1,2,0
0,39,1,1,3,0,1,0,0,0,0,0,6,1,5,2,1,1,0
0,30,1,1,2,1,0,0,0,0,0,1,10,1,9,2,1,1,1
0,36,1,3,3,2,0,3,0,0,0,0,10,0,7,7,1,2,1
0,50,1,1,3,2,0,4,1,0,1,0,25,1,3,2,0,0,1
0,30,1,3,3,2,0,1,1,0,3,0,9,1,9,1,1,2,1
0,39,1,2,3,1,1,0,0,0,0,0,9,1,8,7,0,0,0
0,41,0,2,1,1,1,1,0,0,0,0,19,2,19,2,1,1,0
0,31,2,1,3,0,1,1,1,0,0,0,3,1,3,2,0,0,1
0,44,1,1,3,0,0,4,0,0,2,0,10,2,3,2,1,1,0
0,55,1,2,1,2,0,4,0,2,3,1,23,1,19,9,1,1,1
0,40,0,2,3,0,2,9,0,0,1,1,6,0,4,2,1,1,0
0,40,1,1,3,1,1,1,0,0,2,0,9,2,9,8,1,1,0
0,41,2,1,3,1,2,0,0,0,3,1,10,1,9,3,1,2,1
0,51,1,1,3,2,2,1,1,0,1,1,33,1,33,9,1,2,1
0,38,1,2,3,1,2,3,0,0,3,1,11,2,0.6,7,1,1,1
0,25,1,0,3,0,0,3,0,3,2,1,7,1,3,2,1,0,0
0,58,1,3,2,2,0,7,1,0,3,0,31,0,10,9,1,1,1
0,40,1,3,3,0,0,3,0,1,2,1,7,2,4,2,1,2,0
0,36,2,1,4,1,0,2,0,0,3,1,17,1,15,7,1,1,1
0,27,1,1,4,0,0,8,0,3,1,1,5,2,1,0,1,2,1
0,51,1,2,2,2,1,3,0,0,1,0,29,0,5,2,1,2,1
0,18,0,1,3,0,1,1,0,3,2,0,0,1,0,0,1,1,1
0,35,1,1,2,1,0,0,0,3,1,1,10,0,9,7,1,2,1
0,31,2,1,2,0,1,7,0,0,2,0,3,2,1,0,0,2,1
0,35,2,3,3,1,0,0,1,2,2,1,5,0,4,2,1,2,1
0,38,2,1,4,0,2,1,0,0,3,1,4,1,4,2,1,0,0
0,28,1,1,2,1,0,1,0,0,2,1,5,0,5,3,1,0,0
0,51,2,1,3,2,0,2,0,0,1,0,14,1,4,2,1,0,0
0,32,1,0,3,1,0,0,1,0,0,1,4,2,3,2,1,1,0
0,39,0,2,3,2,0,3,0,0,1,1,13,1,6,4,1,2,0
0,25,1,0,4,1,0,2,0,0,1,0,6,2,3,2,1,0,0
0,52,2,2,4,2,0,2,1,0,1,1,24,2,0.6,3,1,0,1
0,43,1,1,2,1,1,1,1,0,0,0,20,2,0.3,7,1,2,1
0,26,1,0,2,0,1,0,0,3,3,0,5,1,4,3,1,1,0
0,35,1,3,3,0,0,9,0,0,2,0,12,1,0.6,4,0,1,1
0,37,1,1,3,0,1,4,0,0,0,0,8,1,3,2,0,2,1
0,35,2,2,3,2,1,2,0,0,2,0,10,1,2,2,1,0,0
0,25,1,1,3,0,0,4,0,0,1,1,7,1,3,2,1,2,1
0,26,1,1,4,0,1,0,0,0,3,0,8,1,7,7,1,1,0
0,49,2,2,2,1,1,3,0,0,0,0,20,1,4,3,1,2,0
0,36,1,3,3,1,1,3,1,0,3,0,15,2,5,4,1,2,1
0,31,2,3,1,0,1,1,0,0,1,0,1,2,1,0,1,1,1
0,30,1,3,3,1,2,7,0,0,1,0,8,2,3,2,1,2,1
0,31,1,4,3,2,1,3,0,0,2,0,9,2,0,2,1,0,1
0,34,2,3,3,0,2,5,0,0,2,0,10,1,4,3,1,2,1
0,31,1,1,2,0,1,1,0,0,2,0,1,2,1,0,1,1,1
0,27,1,0,3,0,0,0,0,0,1,0,6,2,5,0,1,1,0
0,25,1,2,2,0,0,3,0,0,0,0,6,1,3,2,1,1,0
0,56,1,2,3,0,0,2,0,0,3,1,5,2,3,2,1,2,1
0,24,1,0,3,1,0,1,1,0,2,0,5,2,0.6,4,1,1,1
0,32,1,4,3,1,0,4,0,0,2,1,7,2,4,3,1,1,0
0,41,1,4,4,0,0,2,1,0,0,0,7,1,4,2,0,1,0
0,40,0,3,3,1,2,3,0,0,2,0,11,1,8,7,1,0,0
0,39,0,1,2,0,1,2,1,0,1,0,11,1,1,0,1,2,1
0,45,1,1,1,2,2,2,1,0,1,1,24,1,7,7,1,2,0
0,31,1,2,4,0,1,9,0,1,3,0,8,2,3,2,1,2,1
0,31,2,1,3,0,0,6,1,0,2,1,7,1,2,2,1,2,1
0,45,1,1,3,2,0,4,1,0,3,0,10,2,3,1,1,2,0
0,48,1,1,3,1,2,4,0,0,0,1,15,2,2,2,1,0,0
0,34,1,3,3,0,0,1,0,0,3,0,2,0,2,2,1,2,1
0,40,0,0,2,2,2,2,0,0,2,1,16,1,9,8,1,0,0
0,28,1,1,3,1,1,0,0,0,3,0,6,2,5,4,0,2,0
0,44,0,1,2,0,1,3,0,0,3,0,7,1,5,2,1,1,0
0,49,1,3,3,1,0,2,0,2,1,1,20,0,3,2,1,2,1
0,33,2,1,3,1,0,0,0,0,0,0,5,1,4,3,1,1,0
0,34,1,1,1,1,1,3,0,0,3,0,15,1,13,9,1,2,0
0,30,1,0,3,1,0,8,0,0,2,0,4,1,2,1,1,1,0
0,44,2,4,3,1,0,7,0,0,2,1,11,2,1,0,1,1,1
0,30,0,1,3,0,2,1,0,0,1,0,1,1,1,0,1,1,0
0,57,1,2,4,1,0,0,0,0,0,1,13,1,12,9,1,2,1
0,49,1,3,3,2,2,3,0,0,1,0,29,2,8,7,1,1,0
0,34,2,1,3,2,2,7,0,0,3,0,16,2,14,8,1,1,0
0,28,2,1,3,0,0,3,0,0,3,1,5,2,3,2,1,2,1
0,35,1,0,3,0,0,1,0,0,0,1,1,2,1,0,1,1,1
0,24,2,1,3,0,1,2,1,0,2,0,4,1,0,0,1,0,1
0,24,0,2,3,0,0,1,0,0,2,1,1,1,1,0,1,2,1
0,44,2,0,3,2,1,5,1,0,1,0,16,1,2,2,1,2,0
0,55,1,3,3,1,0,0,1,0,1,0,4,1,3,2,1,1,0
0,28,2,2,2,0,1,7,0,0,2,0,8,1,0,0,0,2,1
0,28,2,1,3,1,1,0,0,0,3,0,5,1,4,2,1,1,0
0,29,2,0,3,0,0,0,0,0,2,1,4,2,3,2,1,2,1
0,28,1,0,1,1,0,1,0,0,1,0,8,1,8,6,1,1,0
0,33,1,4,3,1,1,2,1,0,0,0,14,1,0,0,0,2,1
0,29,1,3,2,0,1,6,0,0,2,0,11,1,9,7,1,1,0
0,44,1,1,3,2,0,3,0,0,2,1,24,0,20,6,1,1,0
0,39,1,1,3,2,1,4,0,1,3,0,9,2,2,0,1,2,1
0,35,1,1,2,2,1,1,0,0,3,0,11,2,11,8,0,2,1
0,23,1,0,3,1,1,0,0,0,1,0,5,1,4,3,1,1,0
0,40,1,3,3,0,1,3,0,0,1,0,15,2,5,4,0,1,0
0,34,1,1,2,2,0,1,1,2,3,0,10,2,10,9,1,1,0
0,50,2,4,1,2,1,1,1,3,3,0,32,1,32,6,1,1,0
0,42,1,1,2,0,0,4,0,0,1,1,4,2,1,0,1,2,1
0,29,1,0,1,1,0,3,0,0,2,1,9,2,7,7,0,1,1
0,40,1,2,3,2,1,1,1,0,3,0,21,1,21,7,1,2,0
0,24,1,2,2,0,2,0,0,0,1,1,2,2,1,1,1,2,1
0,40,0,2,3,1,2,3,1,0,2,0,8,1,2,2,0,2,1
0,36,1,3,3,0,1,3,1,0,3,0,7,2,3,2,1,2,1
0,48,1,3,3,1,2,8,0,0,2,1,18,1,8,7,1,1,1
0,29,1,1,4,0,0,6,0,2,0,0,5,1,1,0,1,2,1
0,30,1,1,2,1,0,1,0,0,3,1,10,2,10,8,1,0,0
0,35,1,1,2,0,1,1,0,0,1,0,3,2,3,0,1,2,0
0,30,1,3,3,2,0,3,0,0,1,1,9,2,4,2,0,2,1
0,35,1,1,3,0,2,1,1,0,3,1,1,1,1,0,1,1,1
0,53,1,4,2,2,0,0,0,0,1,1,34,2,33,7,1,2,1
0,32,0,3,3,1,0,4,0,0,1,1,9,2,6,5,1,1,0
0,48,1,3,3,0,0,8,0,0,3,1,10,2,8,2,1,1,1
0,34,1,3,3,0,1,1,0,3,2,0,1,2,1,0,1,1,1
0,55,1,4,2,2,0,1,0,0,2,1,36,2,36,6,1,2,0
0,34,1,3,3,1,0,9,0,0,1,1,9,2,2,2,1,2,1
0,26,1,1,3,0,0,1,0,0,0,0,1,1,1,0,1,2,1
0,38,1,1,3,1,0,0,0,1,3,1,10,2,9,8,1,0,0
0,38,1,1,3,1,1,2,0,0,1,0,8,1,3,2,1,2,1
0,36,1,3,3,1,1,6,0,0,0,0,15,1,1,0,1,1,1
0,29,1,0,3,0,1,1,1,0,3,0,10,2,10,9,1,2,0
0,39,1,1,4,2,0,2,0,0,0,1,11,2,7,6,1,0,0
0,29,2,0,3,1,2,1,0,3,3,1,6,0,6,4,1,2,1
0,50,1,1,3,2,0,4,1,0,2,1,27,1,1,0,1,1,0
0,23,1,1,4,0,0,2,0,2,3,1,4,1,2,2,1,1,0
0,36,2,3,4,1,0,3,1,0,3,1,9,2,3,2,1,2,1
0,42,1,2,2,2,1,8,0,0,3,0,24,1,1,0,1,2,0
0,34,2,3,2,1,0,1,0,0,1,1,8,2,8,2,1,1,0
0,40,1,2,3,1,0,1,0,0,2,1,5,1,0.6,4,1,1,1
0,35,1,2,2,0,0,1,0,3,3,1,1,1,1,0,1,2,1
0,46,1,3,4,2,1,1,0,0,1,0,27,1,26,0,1,2,1
0,28,1,1,3,0,0,1,1,0,2,1,1,2,1,1,1,2,1
0,22,0,2,2,0,0,1,1,2,1,0,4,1,4,2,1,2,1
0,50,2,4,3,2,0,2,1,0,2,1,32,2,30,8,1,2,1
0,32,1,3,4,0,0,3,0,0,3,0,6,2,3,2,1,2,1
0,44,1,1,3,2,2,0,1,0,3,1,23,2,22,7,1,2,1
0,31,2,3,3,1,1,7,0,0,3,0,10,2,5,2,1,1,0
0,36,1,3,3,1,0,9,1,2,1,0,7,1,3,2,0,1,1
0,34,2,3,4,1,2,1,0,0,0,1,9,2,9,7,1,1,0
0,32,1,3,3,0,0,1,0,0,3,1,10,2,0.6,6,0,1,1
0,39,1,4,3,1,0,2,0,0,3,1,10,2,7,7,0,1,0
0,27,1,1,2,0,2,1,0,0,0,0,7,2,7,7,1,0,0
0,28,1,1,1,1,2,0,0,0,1,1,6,1,5,3,1,2,1
0,21,1,0,3,0,1,1,0,3,2,0,3,1,2,2,1,2,1
0,18,2,2,3,0,1,1,1,0,2,0,0,1,0,0,1,1,1
0,47,1,3,3,2,0,3,0,0,2,1,27,1,5,2,1,0,1
0,40,1,1,2,2,0,1,0,0,3,0,18,1,18,15,1,1,1
0,37,1,1,3,1,0,3,0,0,0,1,9,1,4,3,1,2,0
0,39,2,1,3,1,1,0,0,0,3,0,10,1,9,2,0,1,1
0,38,1,2,2,2,0,3,1,0,3,1,10,1,0.3,4,1,2,1
0,37,1,1,3,0,0,1,0,0,0,1,8,1,8,4,1,0,1
0,40,1,1,3,2,1,6,1,0,3,0,18,1,0.6,2,0,1,1
0,48,2,4,2,2,0,2,0,3,1,1,23,2,2,2,1,2,0
0,35,1,2,1,1,2,6,1,0,3,0,7,1,2,2,1,1,0
0,27,1,1,4,0,0,7,0,0,0,0,5,0,0.3,2,1,2,1
0,27,2,1,3,0,1,2,0,3,2,0,6,0,4,2,0,2,1
0,40,1,1,3,0,1,3,1,0,1,0,10,2,4,2,1,2,1
0,29,1,1,2,1,1,9,0,0,2,0,8,1,5,2,1,0,0
0,25,2,0,4,1,2,1,0,0,2,0,7,1,7,7,1,2,1
0,39,1,1,3,1,0,4,0,0,2,0,7,2,5,4,0,2,1
0,49,1,3,3,2,0,3,0,1,1,0,27,1,4,2,1,1,1
0,50,1,4,2,2,2,5,0,0,2,1,19,2,0.3,11,1,1,1
0,20,1,1,3,0,1,1,0,0,0,0,2,2,2,2,1,2,1
0,36,1,1,3,0,1,2,0,0,2,0,15,2,4,3,1,2,1
0,36,0,3,2,1,0,0,0,0,2,0,4,1,3,2,1,2,1
0,36,1,2,4,1,2,6,0,0,0,1,13,2,5,4,1,2,1
0,54,1,4,3,2,0,3,0,0,2,1,36,1,10,8,1,2,1
0,33,1,3,3,1,2,1,0,0,2,0,6,1,6,2,0,1,0
0,32,1,1,3,1,2,0,0,0,2,0,10,2,9,5,1,2,1
0,49,1,1,3,0,2,4,1,0,1,1,17,1,2,2,1,1,1
0,38,2,1,2,0,1,1,0,1,1,0,4,2,4,3,1,2,1
0,47,1,3,4,2,2,6,0,0,2,1,29,1,3,2,1,1,1
0,36,1,3,3,1,0,6,0,0,1,0,10,1,3,2,0,1,0
0,44,1,1,3,0,2,4,1,3,0,1,8,1,2,2,1,2,1
0,23,1,0,2,0,1,1,1,0,0,0,5,1,5,4,1,0,0
0,38,1,2,3,0,0,7,0,0,3,1,7,1,0,0,0,2,1
0,53,1,3,4,2,0,3,0,0,2,0,11,1,4,3,1,1,0
0,32,1,3,3,0,1,1,0,0,0,0,1,1,1,0,1,1,1
0,55,1,1,2,0,2,5,0,1,3,1,8,0,4,2,1,1,0
0,34,1,2,2,1,0,1,0,0,2,1,15,2,15,10,1,2,1
0,60,1,3,1,2,2,3,0,0,2,1,19,1,1,0,1,2,0
0,23,1,1,3,0,2,1,1,3,1,1,3,1,3,2,1,2,0
0,44,1,1,4,2,0,1,1,0,1,1,9,1,8,7,1,2,1
0,29,1,3,3,0,0,9,0,0,2,1,9,1,0,3,1,2,1
0,36,1,3,3,1,1,3,0,0,2,0,17,1,0.3,7,0,1,1
0,24,1,0,1,0,0,1,0,0,2,1,1,1,1,0,0,0,0
0,47,2,1,1,2,0,7,0,2,2,0,25,2,23,5,1,0,0
0,26,1,3,1,0,0,1,0,2,2,1,3,2,3,2,1,1,0
0,45,1,2,2,2,1,1,0,0,2,0,21,1,0.3,6,1,0,1
0,32,2,1,3,0,0,6,0,0,0,1,10,2,5,2,1,1,0
0,41,0,1,1,1,0,6,0,0,1,1,10,2,3,2,1,2,0
0,40,1,2,3,1,0,2,1,0,1,1,18,2,1,0,1,2,1
0,35,1,3,3,1,0,2,0,0,1,1,17,2,7,7,1,1,0
0,47,0,3,3,1,0,7,0,0,3,1,4,2,1,0,1,0,0
0,36,1,4,2,1,2,5,1,0,1,1,16,2,2,2,1,1,0
0,32,1,2,1,1,1,6,0,0,1,0,10,1,0,0,0,2,1
0,23,1,0,3,0,1,1,0,1,2,0,3,2,0,2,1,1,1
0,31,2,0,3,1,1,2,0,3,3,0,9,2,5,4,1,2,1
0,39,0,1,3,1,0,1,1,0,3,1,9,1,9,8,1,2,1
0,32,1,1,1,2,0,3,0,0,2,1,10,1,4,3,1,1,0
0,30,2,3,2,0,1,0,0,0,3,0,10,1,9,7,1,2,1
0,24,2,1,3,0,0,0,0,0,3,1,3,1,2,2,0,1,0
0,30,2,1,2,0,2,6,0,0,2,1,6,0,4,2,0,0,1
0,31,1,1,3,1,0,1,0,0,2,1,6,2,5,2,1,2,0
0,29,1,1,1,0,1,1,0,0,2,0,2,2,2,2,1,1,1
0,30,1,2,2,2,2,2,0,0,0,1,12,1,7,7,1,2,1
0,34,1,3,4,0,0,0,1,0,0,1,6,2,5,0,1,1,0
0,49,1,3,3,1,1,3,0,3,2,0,8,0,5,1,1,1,1
0,33,1,1,3,2,1,2,1,0,2,0,11,1,0,0,1,2,1
0,31,1,3,3,2,0,2,0,0,0,1,10,1,1,0,1,1,0
0,29,1,1,2,0,2,1,0,0,2,1,1,1,1,0,0,2,1
0,32,0,3,3,0,1,2,0,0,1,0,12,2,7,7,1,1,0
0,38,1,1,1,1,0,3,1,3,2,1,15,1,1,0,0,1,0
0,43,2,1,2,0,0,9,1,2,3,1,6,2,1,0,1,2,1
0,42,1,1,3,0,2,8,0,0,1,1,7,1,5,3,1,2,0
0,55,1,1,2,2,0,8,0,0,1,1,34,1,1,0,1,1,0
0,33,0,1,3,1,2,5,0,0,3,0,11,1,9,8,1,1,0
0,41,1,3,3,0,2,1,0,0,1,0,5,1,5,3,1,2,0
0,53,0,3,2,2,0,4,1,0,3,1,27,1,3,2,1,2,1
0,34,1,2,1,1,1,5,0,0,0,0,6,2,0.3,2,1,1,1
0,21,1,0,3,0,1,1,0,0,1,0,1,2,1,0,1,1,0
0,38,1,2,2,0,0,1,0,2,1,1,5,2,5,4,1,0,1
0,22,1,0,3,0,0,1,1,0,2,0,1,1,1,0,1,2,1
0,51,1,1,3,2,0,2,0,0,3,0,15,1,2,2,1,0,1
0,46,1,3,3,2,2,7,1,3,2,1,24,2,2,1,1,2,0
0,37,1,2,3,1,2,2,0,0,2,0,19,2,10,0,1,1,0
0,39,1,0,3,2,1,7,0,0,2,0,9,2,4,3,1,2,1
0,46,0,2,2,1,1,8,0,0,2,0,6,2,2,2,1,1,0
0,40,1,2,3,0,0,4,0,0,3,1,7,1,4,3,0,2,1
0,34,2,3,3,1,0,4,0,0,2,1,11,2,7,1,0,2,0
0,39,2,1,3,1,2,2,0,0,3,1,7,1,2,1,1,2,0
0,43,0,1,3,0,1,4,0,0,2,0,7,1,3,2,1,1,0
0,41,1,0,3,2,2,0,1,0,3,1,23,2,22,14,1,1,1
0,30,1,1,3,2,1,9,0,0,1,0,9,2,0.3,7,1,2,1
0,26,1,2,3,0,0,0,1,0,2,0,6,2,5,1,1,0,1
0,40,1,1,3,1,2,4,0,3,3,1,12,2,5,3,0,2,1
0,47,1,1,2,2,2,8,1,1,2,1,28,2,22,11,1,2,1
0,40,1,1,3,1,2,2,0,0,1,1,15,2,7,4,0,1,1
0,54,1,3,3,1,0,4,0,3,1,1,14,1,0,1,0,1,1
0,31,2,3,3,2,0,2,0,0,3,0,9,2,0.6,2,0,2,1
0,28,1,1,3,0,0,1,0,0,2,1,3,2,3,2,1,2,1
0,38,1,3,1,1,0,2,1,0,0,0,20,2,0,2,0,2,1
0,26,1,1,3,1,1,1,0,3,0,0,5,2,5,3,1,1,0
0,58,2,3,3,2,0,2,1,0,1,0,23,2,2,2,0,1,0
0,18,0,1,3,0,1,1,0,0,2,0,0,2,0,0,1,1,1
0,31,1,4,4,0,0,0,0,0,2,0,2,2,1,0,1,2,0
0,29,1,1,2,0,2,4,1,0,3,1,4,2,2,2,1,1,0
0,36,1,3,3,1,0,4,1,0,3,1,15,1,1,0,1,2,1
0,32,2,3,3,1,1,8,0,0,2,0,4,1,0,0,1,1,0
0,35,1,3,3,0,1,4,0,0,2,0,7,1,2,2,0,2,1
0,46,1,2,3,2,2,3,0,3,2,1,12,2,9,8,1,2,1
0,28,0,2,3,0,2,1,0,0,1,1,3,1,3,2,1,1,0
0,29,1,0,1,1,2,8,0,0,3,0,11,2,7,0,1,2,1
0,42,1,1,3,0,1,4,0,2,3,0,8,2,0,0,1,1,0
0,32,1,3,2,1,1,7,1,0,2,0,7,2,2,2,0,1,1
0,46,1,1,4,2,2,2,0,0,3,1,25,1,19,17,1,1,1
0,27,1,0,2,1,0,1,0,0,3,1,9,1,9,8,1,2,1
0,29,1,0,2,0,0,1,0,1,3,0,1,2,1,0,1,2,1
0,43,1,1,2,2,0,7,0,0,3,0,21,1,16,12,1,2,1
0,48,1,1,2,2,0,4,0,0,3,0,29,2,22,10,1,1,0
0,29,2,2,2,0,1,1,1,0,1,0,1,2,1,0,1,2,0
0,39,1,3,3,1,2,8,0,3,1,1,7,1,2,2,1,2,1
0,55,1,3,2,0,0,8,0,0,1,1,19,1,5,2,1,2,0
0,28,1,1,3,0,0,1,0,0,3,1,1,2,1,0,1,2,1
0,30,1,1,3,0,1,1,0,0,2,0,1,2,1,0,1,2,1
0,22,1,0,3,0,1,1,1,0,0,0,1,1,1,0,0,2,1
0,34,1,1,3,2,0,2,1,0,3,1,9,2,5,3,1,2,1
0,29,1,1,3,0,1,3,0,0,1,0,11,1,3,2,1,1,0
0,37,1,3,3,1,0,5,1,0,2,1,16,1,5,3,1,2,1
0,35,1,2,2,1,0,0,1,0,3,0,4,1,0,2,1,0,1
0,36,2,0,2,1,1,1,0,3,3,0,10,1,10,1,1,2,0
0,40,1,3,3,2,2,2,0,0,0,1,22,2,19,7,1,0,0
0,26,1,2,2,0,0,1,1,0,2,1,1,2,1,0,1,1,1
0,27,1,2,4,1,1,0,0,0,1,0,9,1,8,7,1,2,1
0,48,2,1,3,2,2,3,0,0,1,1,24,2,22,17,0,0,1
0,44,1,3,4,1,0,2,0,0,3,1,10,1,2,0,1,2,1
0,34,0,3,1,0,0,1,1,0,1,1,5,1,5,2,0,2,0
0,56,1,2,3,0,1,1,0,0,3,0,5,2,4,2,1,1,0
0,36,1,2,2,1,0,2,0,0,2,0,12,0,4,2,1,2,1
0,41,1,1,3,1,0,5,0,0,2,1,14,2,0.3,4,1,2,1
0,34,1,0,2,1,0,3,1,0,2,0,9,2,4,2,1,2,1
0,45,2,3,3,1,1,4,0,0,2,0,12,2,4,2,0,1,0
0,28,2,2,2,1,0,1,1,0,2,1,7,1,7,7,0,1,0
0,29,2,1,4,0,1,1,0,0,3,0,1,2,1,0,1,2,1
0,39,0,3,1,1,0,6,0,0,2,1,10,0,0.3,2,1,2,1
0,28,1,2,3,1,1,3,1,0,3,0,6,0,0,0,1,0,1
0,47,0,3,3,1,0,8,0,1,2,1,16,2,8,7,1,2,0
0,39,1,2,3,1,0,1,0,0,3,1,10,2,10,0,1,2,0
0,58,1,1,3,2,0,4,1,0,2,1,29,1,1,0,1,2,1
0,32,2,2,4,0,1,3,1,0,0,0,8,1,0.6,1,1,2,1
0,38,1,2,3,0,2,2,0,0,3,0,10,0,5,2,1,2,0
0,49,2,0,3,2,0,3,0,3,3,0,28,2,5,4,1,2,1
0,42,1,3,3,1,2,3,1,0,2,0,14,2,0,0,0,1,0
0,27,2,1,2,0,0,1,0,0,0,0,1,1,1,0,1,1,1
0,31,0,2,3,0,2,1,1,0,3,1,4,2,4,2,1,1,0
0,36,0,3,4,0,0,1,0,0,1,0,5,2,5,4,1,2,0
0,34,1,3,3,2,2,1,0,2,2,1,9,1,8,7,1,2,0
0,26,1,1,3,0,1,0,0,0,3,0,8,1,7,7,1,2,1
0,29,1,1,3,1,0,0,0,0,0,1,6,1,5,3,1,1,0
0,28,1,1,2,0,2,5,0,0,0,1,6,1,4,1,0,1,0
0,38,1,1,2,0,1,4,0,0,0,0,20,2,1,0,1,1,0
0,35,1,3,3,1,0,1,1,0,3,0,10,1,0.6,8,1,0,1
0,32,1,3,2,1,1,8,0,0,1,0,8,0,1,0,1,2,1
0,53,1,3,3,2,1,6,1,0,1,0,15,1,2,2,1,2,1
0,54,1,2,3,1,0,3,0,0,2,0,9,1,4,3,1,0,1
0,33,2,2,3,1,2,1,0,2,2,1,9,1,9,7,1,2,1
0,43,1,1,3,2,0,1,0,0,1,1,10,0,10,9,1,2,0
0,38,2,3,3,0,0,0,1,0,1,1,7,1,6,2,1,2,1
0,31,1,0,1,0,2,1,1,0,2,1,1,2,1,0,1,0,1
0,39,1,3,3,2,1,0,0,0,0,0,21,2,20,8,1,1,0
0,54,1,1,3,1,1,6,1,0,3,0,9,2,5,2,1,2,1
0,24,1,2,2,1,1,1,0,0,1,0,4,1,4,3,1,1,0
0,23,1,2,3,0,1,1,0,0,2,0,5,1,5,2,1,1,0
0,25,1,1,3,0,0,4,0,0,2,0,6,2,0.6,0,0,2,1
0,25,1,0,3,0,2,6,1,0,2,1,7,1,2,2,1,2,0
0,33,0,2,2,0,2,1,0,0,2,1,1,1,1,1,1,2,1
0,31,1,2,3,0,0,0,0,0,2,1,3,0,2,2,1,2,1
0,38,2,3,2,1,0,2,0,0,3,1,10,0,8,3,1,0,0
0,42,1,3,3,1,2,6,1,0,2,1,9,2,4,3,1,2,0
0,41,1,1,3,0,0,3,0,0,0,1,12,2,5,3,1,2,0
0,35,1,3,3,0,0,7,1,2,2,1,5,2,2,2,0,0,0
0,22,1,2,3,0,1,0,0,0,3,0,4,1,3,2,1,1,0
0,35,1,3,3,1,1,1,0,0,1,0,10,1,10,7,1,2,0
0,32,1,3,2,0,1,1,0,0,2,0,6,2,0,2,1,2,1
0,40,1,3,3,0,0,8,0,0,2,0,8,2,1,0,1,2,0
0,32,1,3,2,0,0,0,0,0,1,1,3,1,2,2,1,1,0
0,25,1,2,3,1,2,0,1,0,1,1,6,2,5,3,1,2,1
0,44,1,1,3,0,1,6,1,3,2,0,6,1,4,3,1,2,1
0,21,1,0,3,0,1,1,1,0,3,0,2,1,2,2,1,0,0
0,39,0,1,3,2,1,2,0,0,2,0,21,2,6,0,1,1,0
0,23,2,1,3,0,0,1,0,0,0,1,1,2,1,0,1,2,0
0,36,2,2,3,1,2,7,0,0,1,1,18,2,4,2,1,2,1
0,29,1,3,3,0,0,9,1,3,1,1,4,2,2,2,1,1,0
0,34,1,1,2,1,0,1,0,0,3,0,8,1,8,7,1,2,1
0,36,0,3,1,1,2,1,0,3,0,1,15,2,15,12,0,2,1
0,32,1,1,3,0,1,1,0,0,3,0,4,2,4,2,1,2,1
0,38,1,2,3,1,0,1,0,3,2,1,10,0,10,7,1,0,1
0,45,1,1,3,1,1,8,0,0,2,0,8,2,5,3,1,1,1
0,40,1,3,3,0,0,2,0,0,1,1,20,1,5,3,1,1,1
0,35,1,3,1,0,0,1,0,3,3,1,4,1,4,3,1,1,1
0,29,1,2,2,1,0,4,1,0,0,1,10,1,4,3,1,1,0
0,29,1,3,2,0,1,1,0,0,1,0,5,2,5,4,0,1,1
0,50,1,1,2,2,2,4,1,0,1,1,20,2,3,2,1,1,0
0,31,0,1,3,1,1,0,0,0,1,0,10,1,9,4,0,2,0
0,26,1,1,2,0,1,0,0,2,3,0,5,1,4,2,1,2,1
0,36,2,2,4,1,0,4,0,0,2,1,17,2,5,2,1,2,0
0,39,1,0,2,2,0,4,0,0,0,1,9,1,7,7,1,2,1
0,27,1,1,4,1,0,1,1,0,1,1,6,0,6,2,0,2,0
0,49,2,1,2,1,0,2,0,1,3,0,17,2,9,6,1,1,0
0,49,1,3,2,2,0,1,0,0,1,0,27,1,0.3,2,1,1,1
0,51,1,3,2,1,0,1,0,0,1,0,10,1,1,2,1,2,1
0,38,1,1,2,1,1,1,0,0,1,0,8,1,3,2,1,1,1
0,54,1,2,2,1,0,1,0,0,1,0,9,1,4,2,1,0,1
0,42,1,1,2,0,0,1,0,0,1,1,4,1,1,2,1,1,0
0,43,1,3,2,2,2,1,1,0,1,1,21,1,1,2,1,2,1
0,53,1,2,2,2,2,1,0,0,1,1,26,1,0,2,1,2,1
0,59,1,3,2,2,1,1,0,3,1,0,25,1,9,2,0,1,0
0,19,1,2,2,0,1,1,0,0,1,0,1,1,1,2,0,2,1
0,44,1,3,2,0,1,1,1,0,1,0,6,1,6,2,1,2,1
0,31,1,3,2,0,2,1,1,3,1,1,3,1,2,2,1,2,1
0,28,1,1,2,1,0,1,0,0,1,1,5,1,5,2,1,0,0
0,37,1,3,2,1,2,1,0,0,1,1,7,1,7,2,1,2,1
0,32,1,1,2,0,1,1,0,0,1,0,4,1,4,2,1,1,0
0,26,1,2,2,0,1,1,1,0,1,0,8,1,8,2,1,2,1
0,35,1,0,2,0,0,1,0,0,1,0,1,1,1,2,1,2,0
0,35,1,1,2,2,1,1,0,0,1,0,17,1,8,2,1,2,0
0,29,1,3,2,0,0,1,1,0,1,0,7,1,7,2,1,0,0
0,34,1,1,2,2,1,1,0,0,1,0,14,1,11,2,1,1,1
0,31,2,3,2,0,1,1,0,0,1,0,1,1,1,2,1,2,1
0,28,1,1,2,1,2,1,0,0,1,1,6,1,5,2,1,2,1
0,40,2,1,2,1,2,1,0,0,1,1,20,1,20,2,1,0,1
0,22,1,2,2,0,1,1,0,0,1,0,4,1,3,2,1,1,0
0,39,1,2,2,1,1,1,0,2,1,0,9,1,8,2,0,0,0
0,21,1,0,2,0,1,1,1,0,1,0,2,1,2,2,1,0,0
0,38,2,3,2,0,0,1,1,0,1,1,7,1,6,2,1,0,0
0,39,0,2,2,2,0,1,0,0,1,1,13,1,6,2,1,2,0
0,51,1,3,2,0,0,1,0,3,1,0,10,1,4,2,1,2,0
0,50,2,1,2,2,0,1,0,1,1,1,32,1,32,2,1,0,0
0,41,1,1,2,2,1,1,1,0,1,0,16,1,1,2,0,2,1
0,34,1,3,2,0,0,1,1,0,1,1,6,1,5,2,1,1,0
0,55,2,0,2,2,0,1,0,0,1,1,23,1,3,2,1,2,1
0,30,1,1,2,1,0,1,0,0,1,1,10,1,9,2,1,2,1
0,31,1,0,2,1,1,1,1,3,1,0,10,1,6,2,1,1,0
0,26,1,2,2,1,2,1,0,0,1,0,8,1,0,2,1,1,0
0,32,1,3,2,0,1,1,0,0,1,0,6,1,0.3,2,1,1,1
0,30,1,3,2,1,2,1,0,0,1,1,8,1,4,2,1,2,0
0,32,1,0,2,0,1,1,0,0,1,0,1,1,1,2,1,1,0
0,42,1,3,2,1,2,1,1,0,1,1,9,1,4,2,1,2,0
0,40,0,3,2,1,2,1,0,0,1,0,11,1,8,2,1,2,1
0,42,1,1,2,0,2,1,0,1,1,1,7,1,5,2,1,2,0
0,49,1,3,2,1,0,1,0,0,1,1,20,1,3,2,1,1,0
0,41,1,1,2,0,0,1,0,0,1,1,12,1,5,2,1,2,1
0,38,2,3,2,1,0,1,0,0,1,1,10,1,8,2,1,0,0
0,32,2,2,2,0,1,1,1,2,1,0,8,1,4,2,1,1,1
0,37,1,2,2,1,2,1,0,1,1,0,19,1,10,2,1,2,1
0,27,2,1,2,0,0,1,0,1,1,0,1,1,1,2,1,1,1
0,40,1,3,2,0,1,1,0,0,1,0,15,1,5,2,0,1,0
0,42,2,1,2,2,1,1,1,0,1,0,22,1,21,2,1,1,0
0,27,0,1,2,0,0,1,0,0,1,1,0,1,0,2,1,0,0
0,24,1,3,2,1,2,1,1,2,1,1,5,1,5,2,1,1,1
0,52,1,3,2,2,0,1,0,0,1,1,34,1,33,2,1,1,0
0,20,1,1,2,0,1,1,1,0,1,0,1,1,1,2,0,1,1
0,40,0,1,2,2,1,1,1,0,1,0,22,1,1,2,1,1,1
0,36,2,2,2,2,0,1,0,3,1,1,10,1,9,2,1,1,1
0,49,2,0,2,2,0,1,0,0,1,0,28,1,5,2,1,1,0
0,50,1,4,2,2,2,1,0,0,1,1,19,1,14,2,1,1,1
0,53,1,3,2,2,0,1,0,0,1,0,31,1,0,2,1,1,1
0,38,1,1,2,2,1,1,1,2,1,0,10,1,1,2,1,1,1
0,29,2,0,2,0,0,1,0,0,1,1,4,1,3,2,1,1,1
0,54,1,1,2,2,0,1,0,0,1,1,22,1,10,2,1,0,1
0,26,1,3,2,0,2,1,1,1,1,1,5,1,3,2,1,1,0
0,47,1,4,2,2,0,1,0,2,1,1,21,1,3,2,1,0,0
0,29,2,3,2,0,2,1,0,0,1,1,10,1,10,2,1,2,1
0,46,0,3,2,1,0,1,0,0,1,0,7,1,1,2,0,1,1
0,34,1,2,2,1,1,1,0,0,1,0,10,1,0.3,2,1,0,1
0,30,0,3,2,2,0,1,0,0,1,0,10,1,9,2,1,0,1
0,35,1,1,2,0,2,1,1,0,1,1,1,1,1,2,1,1,1
0,25,1,0,2,0,0,1,0,3,1,1,7,1,3,2,1,0,0
0,24,1,0,2,0,0,1,0,0,1,1,1,1,1,2,0,0,0
0,28,1,2,2,0,1,1,0,0,1,0,5,1,5,2,1,2,1
0,31,1,3,2,0,0,1,1,0,1,1,6,1,5,2,0,1,0
0,44,1,4,2,1,2,1,1,0,1,1,9,1,4,2,1,2,1
0,23,1,0,2,0,0,1,0,0,1,1,5,1,4,2,1,2,1
0,36,0,3,2,2,1,1,0,0,1,0,10,1,10,2,1,2,1
0,46,1,3,2,2,2,1,0,0,1,1,17,1,4,2,1,1,0
0,21,1,0,2,0,1,1,0,0,1,0,3,1,3,2,1,0,0
0,37,2,3,2,0,2,1,0,3,1,1,13,1,9,2,1,2,1
0,34,2,1,2,2,2,1,0,0,1,0,16,1,14,2,1,1,0
0,35,2,3,2,1,0,1,1,0,1,1,5,1,0,2,1,2,1
0,36,1,3,2,0,1,1,0,0,1,0,10,1,5,2,1,2,0
0,35,1,0,2,0,0,1,1,2,1,0,4,1,3,2,1,1,0
0,27,1,2,2,0,2,1,0,0,1,1,5,1,5,2,1,2,1
0,38,1,2,2,1,2,1,0,0,1,1,11,1,7,2,1,2,1
0,22,1,0,2,0,0,1,0,0,1,0,3,1,2,2,1,2,1
0,41,0,2,2,0,2,1,0,0,1,1,5,1,1,2,1,2,0
0,48,1,1,2,1,2,1,0,0,1,1,15,1,2,2,1,0,0
0,38,1,2,2,0,2,1,0,0,1,0,10,1,5,2,1,2,0
0,34,1,2,2,0,1,1,0,0,1,0,9,1,0.6,2,0,2,1
0,48,1,0,2,1,0,1,0,1,1,0,12,1,2,2,0,1,0
0,29,1,3,2,0,1,1,0,0,1,0,5,1,5,2,0,2,1
0,32,1,2,2,0,2,1,1,0,1,0,7,1,6,2,1,1,0
0,53,1,3,2,2,1,1,1,0,1,0,15,1,2,2,1,1,0
0,33,1,3,2,0,0,1,0,3,1,1,2,1,2,2,1,1,1
0,27,1,1,2,1,1,1,0,0,1,0,9,1,7,2,1,2,1
0,36,2,2,2,1,2,1,0,0,1,1,18,1,0.3,2,1,1,1
0,22,1,0,2,1,0,1,1,0,1,1,4,1,3,2,0,2,1
0,25,1,0,2,1,1,1,0,3,1,0,6,1,0.6,2,1,2,1
0,55,0,0,2,2,2,1,1,0,1,1,34,1,33,2,1,1,0
0,31,1,1,2,1,1,1,0,0,1,0,10,1,0,2,1,2,1
0,26,2,1,3,0,0,0,1,0,0,1,3,2,3,1,1,1,0
0,45,1,2,3,0,0,0,0,0,0,0,3,2,2,1,1,2,0
0,22,0,2,4,0,2,0,1,0,0,0,3,2,1,1,1,1,0
0,33,1,3,3,0,1,0,1,3,0,0,3,2,10,1,1,1,0
0,19,1,2,3,0,1,0,0,0,0,0,3,2,1,1,0,2,1
0,35,1,2,2,0,0,0,0,0,0,1,3,2,1,1,1,2,0
0,37,0,3,3,2,2,0,0,0,0,1,3,2,9,1,0,2,1
0,41,1,3,1,0,2,0,1,0,0,1,3,2,7,1,0,2,1
0,21,1,0,3,0,1,0,0,0,0,0,3,2,1,1,1,1,0
0,38,2,0,3,0,0,0,0,0,0,1,3,2,2,1,1,2,0
0,27,1,1,2,0,2,0,0,0,0,0,3,2,7,1,1,0,0
0,31,1,4,3,2,1,0,0,0,0,0,3,2,3,1,1,0,1
0,44,1,3,4,1,0,0,0,0,0,1,3,2,2,1,1,2,1
0,26,1,0,3,0,0,0,0,0,0,1,3,2,8,1,1,2,1
0,45,1,1,3,2,2,0,1,0,0,1,3,2,5,1,1,1,0
0,37,1,2,2,0,1,0,1,0,0,0,3,2,0,1,0,1,0
0,50,2,2,3,1,0,0,1,0,0,1,3,2,4,1,0,1,0
0,45,0,2,3,1,0,0,1,0,0,1,3,2,9,1,1,1,0
0,36,1,3,3,1,0,0,0,0,0,0,3,2,3,1,0,1,0
0,55,1,4,3,2,1,0,0,0,0,0,3,2,10,1,1,2,1
0,34,1,3,3,1,0,0,0,0,0,1,3,2,2,1,1,2,0
0,43,1,1,2,2,2,0,0,3,0,1,3,2,1,1,1,1,0
0,50,1,1,2,0,0,0,0,2,0,1,3,2,3,1,0,1,0
0,39,1,3,3,1,2,0,0,0,0,1,3,2,2,1,1,1,0
0,35,1,3,3,1,0,0,0,0,0,1,3,2,7,1,1,1,0
0,24,1,3,3,1,2,0,1,0,0,1,3,2,5,1,1,1,1
0,32,2,3,2,2,1,0,0,0,0,0,3,2,0.3,1,1,2,1
0,24,1,0,2,1,2,0,0,0,0,0,3,2,0,1,0,2,1
0,59,1,1,2,2,1,0,1,3,0,0,3,2,5,1,1,2,1
0,43,2,1,2,0,0,0,1,0,0,1,3,2,1,1,1,1,0
0,30,0,3,3,2,0,0,0,0,0,0,3,2,9,1,1,0,1
0,44,1,4,3,1,2,0,1,0,0,1,3,2,0.3,1,1,2,1
0,37,1,1,4,0,0,0,1,0,0,1,3,2,8,1,0,1,0
0,59,0,3,2,2,0,0,0,0,0,1,3,2,0.6,1,1,2,1
0,45,2,1,3,2,1,0,0,1,0,0,3,2,0,1,1,2,1
0,22,1,2,2,1,0,0,0,3,0,0,3,2,2,1,0,2,0
0,60,1,3,1,2,2,0,0,0,0,1,3,2,1,1,1,2,0
0,30,1,3,3,2,0,0,1,0,0,0,3,2,9,1,1,2,1
0,51,2,3,1,2,1,0,0,3,0,0,3,2,4,1,1,1,0
0,46,1,3,4,2,1,0,0,0,0,0,3,2,26,1,1,2,1
0,31,0,2,2,0,1,0,1,0,0,0,3,2,3,1,1,2,1
0,31,1,0,3,0,2,0,0,2,0,1,3,2,5,1,0,2,0
0,29,1,3,2,0,1,0,0,0,0,0,3,2,9,1,1,1,0
0,35,1,0,3,0,0,0,0,0,0,1,3,2,1,1,1,1,1
0,30,1,3,3,1,2,0,0,0,0,1,3,2,4,1,1,2,1
0,59,1,3,3,2,1,0,0,0,0,0,3,2,9,1,0,1,0
0,20,1,1,2,0,1,0,0,0,0,0,3,2,2,1,1,1,1
0,44,0,1,1,0,1,0,0,0,0,0,3,2,5,1,1,1,0
0,39,1,1,3,1,0,0,0,0,0,1,3,2,1,1,0,1,0
0,37,1,3,2,1,2,0,1,0,0,1,3,2,1,1,1,2,1
0,40,1,1,3,1,2,0,0,0,0,1,3,2,0,1,0,2,1
0,28,1,1,3,1,1,0,0,0,0,0,3,2,5,1,0,2,1
0,46,1,3,3,2,2,0,0,0,0,1,3,2,4,1,1,1,0
0,50,1,1,3,2,0,0,0,0,0,0,3,2,4,1,1,2,1
0,40,1,2,3,1,0,0,1,0,0,1,3,2,1,1,1,1,1
0,48,1,1,2,2,0,0,0,0,0,0,3,2,22,1,1,1,0
0,33,1,4,3,1,1,0,1,0,0,0,3,2,0,1,0,2,1
0,32,1,0,3,0,1,0,0,0,0,0,3,2,1,1,1,1,0
0,29,1,3,1,0,0,0,1,0,0,0,3,2,7,1,1,0,0
0,38,1,1,3,2,2,0,0,0,0,0,3,2,16,1,1,2,1
0,27,1,1,4,0,0,0,0,0,0,1,3,2,1,1,1,1,1
0,38,2,1,4,0,2,0,0,2,0,1,3,2,4,1,1,2,1
0,22,1,1,3,0,1,0,0,0,0,0,3,2,0,1,1,1,1
0,34,2,3,3,0,2,0,0,0,0,0,3,2,4,1,1,1,0
0,34,2,3,3,1,0,0,0,0,0,1,3,2,7,1,0,2,1
0,29,2,0,3,0,0,0,0,0,0,1,3,2,3,1,1,1,1
0,32,1,1,3,0,1,0,0,0,0,0,3,2,5,1,1,2,1
0,28,1,2,3,1,1,0,1,0,0,0,3,2,0,1,1,0,1
0,38,2,3,3,0,0,0,1,0,0,1,3,2,6,1,1,0,0
0,35,1,3,2,1,1,0,0,0,0,0,3,2,15,1,1,1,0
0,54,1,3,3,1,2,0,1,0,0,0,3,2,5,1,1,0,1
0,33,1,1,3,0,1,0,0,0,0,0,3,2,3,1,0,1,0
0,59,1,1,2,0,0,0,0,0,0,1,3,2,1,1,1,2,0
0,43,2,1,2,1,0,0,0,0,0,1,3,2,2,1,0,2,1
0,34,0,3,3,1,1,0,0,0,0,0,3,2,9,1,1,2,1
0,41,1,0,3,2,2,0,1,2,0,1,3,2,22,1,1,2,1
0,30,2,1,1,0,2,0,0,0,0,1,3,2,10,1,1,2,0
0,36,1,3,3,1,1,0,1,1,0,0,3,2,5,1,1,2,1
0,34,1,4,3,1,2,0,0,0,0,1,3,2,0,1,1,1,1
0,32,2,2,4,0,1,0,1,0,0,0,3,2,4,1,1,2,1
0,34,1,2,3,0,1,0,0,0,0,0,3,2,0.3,1,0,2,1
0,41,1,1,4,2,0,0,0,0,0,1,3,2,10,1,1,1,0
0,40,2,3,2,1,1,0,0,0,0,0,3,2,1,1,1,1,0
0,55,1,1,3,2,1,0,1,0,0,0,3,2,36,1,1,2,1
0,50,2,4,1,2,1,0,1,0,0,0,3,2,32,1,1,2,1
0,44,1,1,3,0,1,0,1,0,0,0,3,2,4,1,1,1,0
0,35,1,1,2,1,0,0,0,0,0,1,3,2,9,1,1,2,1
0,28,2,1,2,0,0,0,1,3,0,1,3,2,2,1,1,1,0
0,28,2,2,2,0,1,0,0,0,0,0,3,2,0,1,0,0,0
0,46,1,3,3,2,2,0,1,0,0,1,3,2,2,1,1,2,0
0,48,1,3,3,0,0,0,0,0,0,1,3,2,8,1,1,2,1
0,34,0,1,4,1,1,0,1,0,0,0,3,2,5,1,1,1,0
0,58,1,1,3,0,1,0,0,0,0,0,3,2,1,1,1,2,0
0,40,1,1,2,1,0,0,0,2,0,1,3,2,1,1,1,2,1
0,60,2,1,2,2,0,0,0,0,0,0,3,2,18,1,0,2,1
0,29,1,0,3,0,1,0,1,0,0,0,3,2,10,1,1,2,1
0,51,1,3,2,1,0,0,0,0,0,0,3,2,1,1,1,2,0
0,42,1,1,2,0,0,0,0,0,0,1,3,2,1,1,1,1,0
0,29,1,1,3,0,0,0,0,0,0,1,3,2,5,1,0,2,1
0,33,2,1,3,1,0,0,0,0,0,0,3,2,4,1,1,1,0
0,28,1,3,1,0,1,2,0,0,2,0,2,1,0,0,0,0,0
0,33,1,3,1,1,2,2,0,3,2,0,2,1,6,0,0,1,0
0,29,1,0,1,2,0,2,0,0,0,1,2,1,11,0,0,1,1
0,41,1,1,1,2,1,2,1,0,2,0,2,1,1,0,0,2,1
0,19,1,1,1,0,1,2,1,0,3,0,2,1,1,0,0,1,1
0,31,1,0,1,0,2,2,0,0,3,1,2,1,5,0,0,2,0
0,30,1,1,1,1,0,2,0,0,3,1,2,1,10,0,1,0,0
0,27,1,1,1,0,0,2,0,0,1,1,2,1,1,0,1,1,1
0,31,1,2,1,0,1,2,0,1,3,0,2,1,0.6,0,1,2,1
0,22,1,2,1,1,0,2,0,3,0,0,2,1,2,0,0,2,1
0,34,2,1,1,2,2,2,0,0,3,0,2,1,14,0,1,1,0
0,34,1,1,1,0,2,2,0,0,1,0,2,1,1,0,1,1,0
0,42,2,1,1,2,1,2,1,0,1,0,2,1,21,0,1,1,0
0,47,0,3,1,1,0,2,0,1,2,1,2,1,8,0,1,2,1
0,32,1,2,1,1,0,2,0,0,0,1,2,1,10,0,1,2,1
0,44,0,1,1,0,1,2,0,2,2,0,2,1,5,0,1,2,1
0,55,1,1,1,0,2,2,0,0,3,1,2,1,4,0,1,1,0
0,31,2,1,1,0,1,2,0,0,2,0,2,1,1,0,0,1,1
0,51,1,3,1,0,0,2,0,3,1,0,2,1,4,0,1,2,1
0,32,1,1,1,0,1,2,0,0,0,0,2,1,5,0,1,2,1
0,45,1,1,1,2,2,2,1,0,2,1,2,1,5,0,1,1,0
0,29,0,0,1,1,0,2,0,0,0,1,2,1,10,0,1,1,0
0,21,1,0,1,0,1,2,0,0,2,0,2,1,3,0,1,0,0
0,36,2,2,1,2,0,2,0,3,2,1,2,1,9,0,1,1,1
0,26,1,0,1,0,0,2,0,0,3,1,2,1,8,0,1,2,1
0,34,1,3,1,1,2,2,0,0,2,1,2,1,1,0,1,1,1
0,43,1,1,1,2,2,2,0,0,2,1,2,1,25,0,1,0,0
0,23,1,2,1,0,1,2,0,0,2,0,2,1,5,0,1,1,0
0,45,0,2,1,2,0,2,0,0,3,1,2,1,20,0,0,2,1
0,40,1,3,1,0,0,2,0,0,2,1,2,1,4,0,1,2,1
0,25,1,1,1,0,1,2,0,0,3,0,2,1,2,0,1,2,1
0,50,1,1,1,2,0,2,0,0,3,0,2,1,4,0,1,1,0
0,42,1,1,1,1,0,2,1,0,1,1,2,1,5,0,1,1,1
0,45,1,3,1,0,1,2,0,0,0,0,2,1,6,0,0,1,0
0,54,1,2,1,2,0,2,0,0,2,1,2,1,4,0,1,0,0
0,52,1,1,1,0,1,2,0,3,1,0,2,1,2,0,1,2,1
0,32,0,3,1,1,0,2,0,0,1,1,2,1,6,0,1,1,0
0,29,1,0,1,0,2,2,0,0,2,1,2,1,4,0,1,2,1
0,41,0,2,1,0,2,2,0,0,0,1,2,1,1,0,1,2,1
0,40,1,1,1,2,1,2,0,0,2,0,2,1,20,0,1,1,1
0,48,2,4,1,2,0,2,0,0,1,1,2,1,2,0,1,2,0
0,29,1,1,1,0,2,2,0,3,0,1,2,1,0.6,0,1,1,1
0,28,1,0,1,1,0,2,0,0,1,0,2,1,8,0,1,1,0
0,45,1,1,1,1,1,2,0,2,2,0,2,1,5,0,1,2,1
0,47,1,3,1,1,1,2,0,0,3,0,2,1,7,0,1,1,0
0,20,1,1,1,0,1,2,0,0,3,0,2,1,2,0,1,2,1
0,39,1,3,1,0,2,2,0,0,2,1,2,1,0,0,1,2,1
0,34,1,0,1,1,0,2,0,0,0,0,2,1,0.3,0,1,2,1
0,35,1,0,1,0,0,2,1,0,3,0,2,1,3,0,1,1,0
0,60,1,3,1,2,2,2,0,0,2,1,2,1,1,0,1,2,0
0,55,1,1,1,2,0,2,0,0,1,1,2,1,1,0,1,1,0
0,50,2,4,1,2,0,2,1,0,2,1,2,1,30,0,1,1,0
0,53,1,1,1,1,1,2,0,3,3,0,2,1,2,0,0,2,1
0,33,2,1,1,1,0,2,0,0,0,0,2,1,4,0,1,1,0
0,22,1,0,1,0,1,2,1,0,0,0,2,1,1,0,0,2,0
0,33,2,2,1,1,2,2,0,0,2,1,2,1,9,0,1,2,1
0,23,1,0,1,0,2,2,0,0,2,0,2,1,4,0,0,2,1
0,33,1,1,1,2,1,2,1,0,2,0,2,1,0,0,1,2,1
0,21,2,0,1,0,1,2,1,0,2,0,2,1,3,0,1,0,1
0,28,2,2,1,1,0,2,1,3,2,1,2,1,7,0,0,1,0
0,38,1,1,1,0,1,2,0,0,0,0,2,1,1,0,1,1,0
0,49,1,3,1,1,0,2,0,0,2,0,2,1,0.6,0,1,1,1
0,40,1,1,1,1,0,2,0,0,1,1,2,1,1,0,1,2,1
0,58,1,1,1,2,0,2,1,0,2,1,2,1,1,0,1,2,1
0,32,1,4,1,1,0,2,0,3,2,1,2,1,4,0,1,1,0
0,30,1,1,1,0,1,2,0,0,2,0,2,1,1,0,1,1,1
0,59,1,1,1,2,1,2,0,0,3,0,2,1,21,0,0,0,1
0,20,1,1,1,0,1,2,0,0,0,0,2,1,2,0,1,2,1
0,35,1,1,1,0,2,2,1,0,3,1,2,1,1,0,1,2,1
0,22,0,2,1,0,2,2,1,0,1,0,2,1,1,0,1,1,0
0,25,1,1,1,1,0,2,0,2,3,0,2,1,4,0,0,1,1
0,38,1,0,1,2,0,2,0,0,0,1,2,1,19,0,1,2,1
0,41,1,1,1,0,0,2,0,0,0,1,2,1,5,0,1,2,1
0,18,2,2,1,0,1,2,1,0,2,0,2,1,0,0,1,2,1
0,38,1,0,1,0,1,2,0,0,3,0,2,1,0,0,1,2,1
0,29,1,0,1,0,1,2,1,0,2,0,2,1,4,0,1,2,1
0,44,2,1,1,0,2,2,1,0,3,1,2,1,1,0,1,2,0
0,31,2,1,1,0,1,2,1,0,0,0,2,1,3,0,0,0,1
0,46,2,1,1,2,0,2,1,0,2,1,2,1,10,0,1,1,0
0,25,1,1,1,1,0,2,0,1,2,1,2,1,3,0,1,2,1
0,38,1,3,1,1,1,2,0,0,2,0,2,1,0.3,0,1,2,1
0,37,1,1,1,0,0,2,1,0,0,1,2,1,8,0,0,1,0
0,28,2,1,1,0,0,2,1,0,1,1,2,1,2,0,1,1,0
0,30,1,1,1,0,1,2,1,0,2,0,2,1,0.6,0,1,0,1
0,45,1,1,1,1,0,2,0,0,1,1,2,1,8,0,0,2,0
0,33,1,3,1,1,1,2,1,0,0,0,2,1,0.3,0,1,2,1
0,55,2,3,1,1,0,2,1,1,3,0,2,1,8,0,1,1,0
0,52,0,3,1,0,0,2,0,0,0,1,2,1,4,0,1,2,0
0,42,1,0,1,0,2,2,1,0,2,1,2,1,3,0,1,0,0
0,32,1,3,1,0,0,2,0,0,1,1,2,1,2,0,1,1,0
0,31,1,0,1,0,0,2,1,0,2,1,2,1,4,0,1,2,1
0,35,1,3,1,0,0,2,0,0,1,1,2,1,3,0,1,1,1
0,23,1,2,1,0,0,2,0,0,3,1,2,1,1,0,1,2,0
0,40,0,2,1,1,2,2,1,0,2,0,2,1,2,0,0,2,1
0,43,1,3,1,1,2,2,1,0,3,0,2,1,0.6,0,0,1,1
0,28,1,1,1,0,0,2,0,0,3,1,2,1,1,0,1,2,1
0,27,1,1,1,0,0,2,0,2,0,0,2,1,3,0,1,2,1
0,31,1,3,1,2,0,2,0,0,0,1,2,1,1,0,1,1,1
0,38,2,4,1,1,1,2,0,3,3,0,2,1,10,0,1,0,1
0,47,1,3,1,0,1,2,0,0,2,0,2,1,0,0,0,1,1
0,45,1,0,2,1,0,4,1,0,2,0,10,2,4,4,1,2,1
0,45,1,2,2,1,0,4,1,0,3,0,10,2,13,4,0,0,1
0,45,2,2,2,0,0,4,0,0,3,1,10,2,2,4,1,2,1
0,45,1,1,2,2,0,4,0,0,3,0,10,2,22,4,1,2,1
0,45,1,1,2,0,2,4,1,1,0,1,10,2,2,4,1,2,1
0,45,1,1,2,0,1,4,0,0,0,0,10,2,5,4,1,2,1
0,45,1,3,2,1,1,4,0,0,3,0,10,2,6,4,1,1,0
0,45,1,2,2,0,1,4,0,0,3,0,10,2,0,4,1,1,0
0,45,0,0,2,1,0,4,0,0,0,1,10,2,10,4,1,1,0
0,45,1,1,2,0,1,4,0,0,3,0,10,2,1,4,1,1,1
0,45,1,3,2,1,0,4,0,0,2,1,10,2,8,4,1,1,1
0,45,2,3,2,2,0,4,0,0,3,0,10,2,0.6,4,0,1,1
0,45,1,1,2,0,1,4,0,0,0,0,10,2,2,4,1,2,1
0,45,1,1,2,2,0,4,0,0,2,1,10,2,2,4,1,1,0
0,45,1,1,2,2,0,4,1,0,3,1,10,2,5,4,1,1,0
0,45,0,3,2,2,0,4,0,0,2,0,10,2,9,4,1,0,1
0,45,1,1,2,1,1,4,0,1,2,0,10,2,5,4,1,2,1
0,45,1,1,2,0,1,4,0,0,3,0,10,2,7,4,1,1,0
0,45,2,1,2,2,0,4,0,0,2,1,10,2,8,4,1,0,1
0,45,0,3,2,1,0,4,0,0,2,1,10,2,8,4,1,2,1
0,45,1,3,2,0,0,4,1,0,2,1,10,2,3,4,1,2,1
0,45,1,3,2,2,0,4,0,0,1,1,10,2,9,4,1,0,1
0,32,1,1,2,2,2,4,0,0,3,1,10,2,0.6,4,1,1,1
0,45,1,3,2,1,0,4,0,0,0,1,10,2,8,4,0,2,1
0,45,1,1,2,1,2,4,1,0,0,0,10,2,7,4,1,2,1
0,35,2,2,2,0,1,4,1,0,0,0,10,2,0,4,1,2,1
0,45,1,1,2,0,1,4,0,0,2,0,10,2,1,4,1,1,0
0,45,1,2,2,0,2,4,1,1,3,0,10,2,6,4,1,1,0
0,45,1,1,2,0,1,4,0,0,1,0,10,2,1,4,1,2,1
0,45,1,1,2,2,1,4,0,1,2,0,10,2,20,4,0,1,0
0,45,1,1,2,0,1,4,0,0,3,0,10,2,3,4,1,1,0
0,45,2,1,2,0,1,4,1,0,2,0,10,2,1,4,1,2,0
0,45,2,1,2,0,0,4,0,0,2,1,10,2,2,4,1,1,0
0,45,1,0,2,0,1,4,0,1,3,0,10,2,5,4,1,1,0
0,45,1,4,2,2,0,4,0,0,1,1,10,2,18,4,1,2,1
0,45,1,1,2,0,0,4,0,0,0,1,10,2,5,4,1,2,0
0,45,1,0,2,2,0,4,1,0,0,1,10,2,16,4,1,2,1
0,45,2,2,2,0,1,4,1,0,2,0,10,2,0,4,1,2,1
0,45,1,1,2,0,1,4,1,0,1,0,10,2,4,4,1,1,0
0,45,1,1,2,2,0,4,0,0,3,0,10,2,16,4,1,2,1
0,45,1,2,2,0,0,4,0,1,3,1,10,2,3,4,1,2,1
0,35,1,0,2,0,0,4,1,0,3,0,10,2,1,4,1,0,1
0,45,2,1,2,2,0,4,0,0,1,0,10,2,4,4,1,0,0
0,45,2,1,2,0,0,4,0,0,3,1,10,2,3,4,1,1,0
0,45,1,3,2,1,2,4,0,0,2,1,10,2,1,4,1,1,1
0,45,1,2,2,1,1,4,0,0,3,0,10,2,5,4,1,0,1
0,45,1,3,2,1,2,4,0,0,2,1,10,2,7,4,1,2,0
0,45,0,2,2,0,0,4,1,0,1,0,10,2,0.3,4,1,2,1
0,45,1,0,2,0,0,4,0,0,3,1,10,2,4,4,1,1,0
0,45,1,4,2,2,2,4,0,1,2,1,10,2,6,4,1,2,1
0,45,1,1,2,1,1,4,0,1,1,0,10,2,10,4,1,2,1
0,45,1,3,2,0,0,4,0,0,3,1,10,2,8,4,1,1,1
0,45,1,2,2,1,0,4,0,1,2,0,10,2,0.3,4,1,0,1
0,45,1,3,2,1,1,4,1,1,2,0,10,2,2,4,0,1,0
0,45,1,3,2,1,1,4,0,0,0,0,10,2,1,4,1,2,1
0,45,1,1,2,1,0,4,1,0,1,1,10,2,9,4,1,2,0
0,45,2,2,2,1,1,4,0,0,0,0,10,2,4,4,1,2,1
0,35,1,1,2,0,1,4,0,0,3,0,10,2,2,4,1,2,1
0,45,1,1,2,0,1,4,0,0,1,0,10,2,3,4,1,0,0
0,45,1,2,2,0,1,4,0,0,3,0,10,2,4,4,1,1,0
0,45,1,1,2,0,0,4,0,0,3,1,10,2,5,4,1,2,0
0,32,1,1,2,2,0,4,1,0,2,1,10,2,1,4,1,2,1
0,45,2,2,2,1,0,4,1,0,2,1,10,2,7,4,0,1,0
0,45,1,3,2,1,2,4,0,0,1,0,10,2,0,4,1,1,1
0,45,1,1,2,0,1,4,0,0,0,0,10,2,6,4,1,2,1
0,45,1,2,2,0,0,4,0,0,0,0,10,2,3,4,1,1,0
0,45,1,0,2,0,2,4,0,0,3,1,10,2,5,4,0,2,0
0,32,2,1,2,0,1,4,0,0,1,0,10,2,0,4,1,2,1
0,45,2,3,2,2,0,4,1,1,1,0,10,2,2,4,0,1,0
0,45,2,1,2,0,1,4,1,0,0,0,10,2,10,4,1,0,0
0,32,1,1,2,0,2,4,0,0,0,1,10,2,0.3,4,1,1,1
0,45,1,1,2,1,0,4,0,0,3,0,10,2,8,4,1,2,1
0,45,1,2,2,0,1,4,1,0,1,0,10,2,8,4,1,2,1
0,45,1,1,2,1,0,4,0,0,3,1,10,2,9,4,1,0,0
0,45,0,3,2,1,0,4,0,0,3,0,10,2,4,4,1,1,0
0,45,0,3,2,1,0,4,0,0,2,0,10,2,3,4,1,1,1
0,45,1,1,2,0,0,4,0,1,1,1,10,2,1,4,1,1,1
0,35,1,1,2,2,1,4,0,0,3,0,10,2,2,4,1,2,1
0,45,1,2,2,1,2,4,1,0,3,0,10,2,2,4,1,1,0
0,45,2,1,2,0,0,4,1,1,1,1,10,2,3,4,1,2,1
0,45,1,1,2,1,0,4,0,0,0,1,10,2,5,4,1,1,0
0,45,1,0,2,1,0,4,0,0,1,0,10,2,8,4,1,1,0
0,45,2,1,2,2,1,4,0,0,3,0,10,2,0.3,4,1,1,1
0,45,1,1,2,0,2,4,0,0,3,1,10,2,3,4,1,2,1
0,45,1,2,2,1,2,4,0,0,2,0,10,2,4,4,1,0,1
0,45,1,1,2,2,0,4,0,0,3,0,10,2,18,4,1,1,1
0,45,1,0,2,1,0,4,1,0,0,1,10,2,0.6,4,0,2,1
0,45,2,1,2,0,1,4,1,1,1,0,10,2,0.6,4,1,1,1
0,45,1,2,2,0,0,4,1,0,3,0,10,2,8,4,1,2,1
0,45,1,1,2,0,1,4,0,1,2,0,10,2,0,4,1,1,0
0,45,0,2,2,0,1,4,0,1,2,0,10,2,3,4,1,2,0
0,45,1,1,2,0,0,4,0,0,3,1,10,2,5,4,0,2,1
0,45,1,3,2,2,2,4,0,0,3,0,10,2,2,4,0,2,1
0,45,2,4,2,2,0,4,0,0,3,1,10,2,9,4,1,2,0
0,45,0,1,2,0,1,4,0,0,2,0,10,2,3,4,1,1,0
0,45,1,3,2,1,2,4,0,0,2,1,10,2,8,4,1,1,1
0,45,1,3,2,1,1,4,0,0,3,0,10,2,7,4,1,1,0
0,45,1,1,2,2,2,4,0,0,1,1,10,2,7,4,1,2,1
0,45,1,4,2,0,0,4,0,0,1,0,10,2,0.6,4,1,2,1
0,45,1,1,2,1,0,4,0,1,2,1,10,2,5,4,1,2,1
0,54,1,4,3,2,0,5,0,0,2,1,4,2,0.6,2,1,2,1
0,35,1,3,3,1,1,5,0,0,1,1,4,2,10,2,1,2,1
0,19,1,2,3,0,1,5,0,0,2,1,4,2,1,2,1,1,0
0,26,1,2,3,0,0,5,1,0,2,1,4,2,1,2,1,1,1
0,38,1,1,3,0,0,5,0,0,3,1,4,2,7,2,1,1,0
0,34,1,2,3,1,0,5,0,0,2,1,4,2,15,2,1,1,0
0,40,1,2,3,0,0,5,0,0,3,1,4,2,4,2,0,2,1
0,27,2,0,3,1,0,5,0,1,1,1,4,2,4,2,1,2,1
0,52,1,3,3,2,0,5,0,1,0,1,4,2,33,2,1,1,0
0,40,1,2,3,2,1,5,1,0,3,1,4,2,21,2,1,2,1
0,30,1,1,3,1,0,5,0,0,0,1,4,2,9,2,1,1,0
0,49,1,3,3,2,2,5,0,0,1,1,4,2,8,2,1,1,0
0,40,1,0,3,0,1,5,1,1,3,1,4,2,4,2,0,2,1
0,28,1,1,3,1,1,5,0,0,3,1,4,2,5,2,0,2,0
0,34,1,1,3,1,1,5,0,0,2,1,4,2,6,2,1,2,0
0,30,1,1,3,2,1,5,0,1,1,1,4,2,7,2,1,2,1
0,32,1,1,3,0,1,5,1,0,3,1,4,2,3,2,1,1,1
0,50,2,4,3,2,0,5,1,0,2,1,4,2,30,2,1,2,0
0,38,2,4,3,1,1,5,0,0,3,1,4,2,10,2,1,0,1
0,47,1,3,3,0,1,5,0,0,2,1,4,2,2,2,0,1,1
0,47,1,3,3,2,2,5,0,0,2,1,4,2,3,2,1,2,1
0,50,1,2,3,2,2,5,0,0,2,1,4,2,5,2,1,2,1
0,36,0,3,3,2,1,5,0,0,3,1,4,2,10,2,1,1,0
0,18,0,0,3,0,1,5,0,0,3,1,4,2,0,2,1,1,0
0,47,1,1,3,2,2,5,1,0,2,1,4,2,22,2,1,2,1
0,35,1,1,3,2,0,5,1,0,2,1,4,2,8,2,1,1,0
0,43,1,3,3,1,2,5,1,0,3,1,4,2,0,2,0,1,1
0,44,1,3,3,0,1,5,1,0,2,1,4,2,6,2,1,0,0
0,27,1,3,3,0,2,5,0,1,2,1,4,2,0.3,2,1,1,1
0,33,1,1,3,0,1,5,0,0,3,1,4,2,1,2,0,0,0
0,22,0,2,3,0,2,5,1,0,1,1,4,2,1,2,1,1,0
0,32,2,0,3,0,1,5,1,1,1,1,4,2,0.6,2,1,2,1
0,32,1,3,3,0,1,5,1,0,2,1,4,2,1,2,1,2,1
0,42,1,2,3,2,1,5,0,0,3,1,4,2,1,2,1,2,0
0,54,1,1,3,1,0,5,0,0,3,1,4,2,6,2,1,1,1
0,49,1,1,3,0,0,5,0,0,1,1,4,2,4,2,0,1,0
0,36,1,3,3,2,0,5,0,1,0,1,4,2,0.6,2,1,1,0
0,29,1,1,3,0,0,5,0,0,0,1,4,2,1,2,1,2,1
0,51,1,1,3,2,2,5,1,0,1,1,4,2,33,2,1,0,0
0,35,1,3,3,1,0,5,0,0,1,1,4,2,7,2,1,1,0
0,39,1,1,3,0,1,5,0,0,0,1,4,2,5,2,1,1,0
0,30,2,3,3,1,1,5,0,0,2,1,4,2,6,2,1,1,0
0,28,2,1,3,0,0,5,0,0,3,1,4,2,3,2,1,1,0
0,31,1,2,3,1,0,5,1,0,3,1,4,2,6,2,1,1,0
0,36,1,3,3,1,0,5,0,0,1,1,4,2,3,2,0,1,0
0,55,1,4,3,2,1,5,0,0,3,1,4,2,10,2,1,2,1
0,31,1,3,3,0,0,5,1,1,2,1,4,2,5,2,0,2,1
0,41,0,2,3,0,2,5,0,0,0,1,4,2,1,2,1,2,0
0,26,1,1,3,0,0,5,0,0,0,1,4,2,1,2,1,2,1
0,42,1,1,3,1,1,5,0,0,0,1,4,2,1,2,1,2,0
0,27,1,1,3,1,1,5,0,0,0,1,4,2,7,2,1,2,1
0,31,2,1,3,0,0,5,0,0,0,1,4,2,2,2,1,1,0
0,44,1,1,3,2,0,5,1,1,1,1,4,2,8,2,1,2,1
0,35,1,3,3,0,0,5,0,0,1,1,4,2,0.3,2,1,2,1
0,36,1,1,3,0,0,5,0,0,2,1,4,2,5,2,0,2,0
0,18,0,2,3,0,1,5,0,0,3,1,4,2,0,2,1,1,0
0,24,0,2,3,1,2,5,0,0,3,1,4,2,4,2,1,2,1
0,39,1,1,3,2,0,5,0,0,0,1,4,2,7,2,1,2,1
0,55,0,0,3,2,2,5,1,1,3,1,4,2,33,2,1,2,0
0,22,2,0,3,0,1,5,0,1,2,1,4,2,2,2,1,1,0
0,55,1,2,3,2,0,5,0,0,3,1,4,2,1,2,1,1,0
0,34,1,0,3,1,0,5,0,0,0,1,4,2,0.6,2,1,2,1
0,36,1,1,3,0,0,5,0,0,1,1,4,2,2,2,1,1,1
0,49,1,3,3,2,2,5,1,0,2,1,4,2,31,2,0,2,0
0,28,1,1,3,0,0,5,0,0,2,1,4,2,0.3,2,1,2,1
0,37,1,3,3,0,2,5,1,0,3,1,4,2,3,2,1,2,1
0,36,1,1,3,2,2,5,1,0,2,1,4,2,7,2,1,2,1
0,29,1,4,3,0,0,5,0,0,1,1,4,2,2,2,1,2,1
0,38,1,1,3,2,1,5,1,1,3,1,4,2,1,2,1,1,1
0,28,2,1,3,0,0,5,1,0,1,1,4,2,2,2,1,1,0
0,55,2,0,3,2,0,5,0,0,1,1,4,2,3,2,1,2,1
0,41,1,1,3,2,1,5,1,0,2,1,4,2,1,2,0,2,1
0,32,2,1,3,2,1,5,0,0,3,1,4,2,0.3,2,1,1,1
0,50,1,1,3,0,0,5,0,0,1,1,4,2,1,2,1,2,0
0,29,1,1,3,0,2,5,0,0,0,1,4,2,3,2,1,2,1
0,50,0,3,3,2,2,5,0,0,3,1,4,2,31,2,1,2,0
0,39,1,0,3,2,0,5,1,0,3,1,4,2,21,2,0,1,0
0,30,1,1,3,0,1,5,0,0,2,1,4,2,1,2,1,1,0
0,24,1,1,3,0,1,5,0,0,3,1,4,2,4,2,0,2,1
0,44,2,0,3,2,1,5,1,1,1,1,4,2,2,2,1,2,1
0,48,2,1,3,2,2,5,0,0,1,1,4,2,0.3,2,0,0,1
0,33,0,0,3,0,1,5,0,0,3,1,4,2,0.6,2,1,2,1
0,46,1,2,3,2,0,5,0,1,0,1,4,2,4,2,1,0,1
0,34,1,3,3,2,2,5,0,0,2,1,4,2,8,2,1,2,1
0,26,1,0,3,0,1,5,0,0,3,1,4,2,4,2,1,1,0
0,39,1,4,3,1,0,5,0,0,3,1,4,2,7,2,0,1,0
0,35,1,0,3,0,0,5,1,0,3,1,4,2,3,2,1,1,0
0,37,1,2,3,1,2,5,0,0,2,1,4,2,10,2,1,1,0
0,32,1,0,3,1,1,5,0,0,3,1,4,2,6,2,0,1,0
0,38,1,0,3,0,1,5,0,1,3,1,4,2,0,2,1,2,1
0,28,1,3,3,0,0,5,0,0,2,1,4,2,6,2,1,2,1
0,40,0,2,3,0,2,5,0,0,1,1,4,2,4,2,1,1,0
0,40,0,2,3,1,2,5,1,0,2,1,4,2,2,2,0,2,0
0,52,2,3,3,2,0,5,0,1,2,1,4,2,9,2,1,2,1
0,26,1,1,3,0,1,5,0,0,2,1,4,2,1,2,0,1,0
0,35,1,1,3,2,2,5,0,0,1,1,4,2,0.3,2,1,2,1
0,18,1,1,3,0,1,5,0,0,0,1,4,2,0,2,0,1,1
0,53,1,0,3,1,1,5,0,0,3,1,4,2,14,2,1,2,1
0,25,1,0,3,0,0,5,0,0,2,1,4,2,3,2,1,0,0
0,34,1,2,3,0,0,5,0,1,2,1,4,2,3,2,1,2,0
0,34,2,1,2,2,2,4,0,0,3,1,5,1,14,2,1,2,1
0,34,1,1,2,1,1,4,0,0,2,1,5,1,6,2,1,2,1
0,37,1,1,2,0,0,4,0,0,1,1,5,1,0,2,1,2,1
0,57,1,1,2,2,2,4,0,0,2,1,5,1,1,2,1,1,0
0,41,1,3,2,2,2,4,0,0,1,1,5,1,21,2,0,2,0
0,28,1,1,2,0,2,4,0,0,0,1,5,1,4,2,0,1,0
0,31,1,2,2,0,0,4,0,0,2,1,5,1,4,2,1,2,1
0,49,1,3,2,2,2,4,0,2,1,1,5,1,8,2,1,1,0
0,46,1,2,2,2,0,4,0,2,0,1,5,1,4,2,1,0,0
0,36,1,2,2,0,2,4,0,0,0,1,5,1,1,2,1,2,1
0,31,1,0,2,0,2,4,0,0,3,1,5,1,5,2,0,2,1
0,40,1,1,2,1,2,4,0,0,1,1,5,1,0,2,0,2,1
0,32,0,3,2,1,0,4,0,2,0,1,5,1,3,2,1,2,1
0,31,1,1,2,1,0,4,1,0,2,1,5,1,2,2,1,0,1
0,28,1,2,2,0,2,4,0,0,3,1,5,1,4,2,1,1,0
0,35,1,0,2,0,0,4,0,0,3,1,5,1,1,2,1,2,1
0,31,0,2,2,0,2,4,1,2,3,1,5,1,4,2,1,1,0
0,32,1,2,2,1,1,4,0,2,1,1,5,1,0,2,0,1,0
0,37,1,3,2,1,0,4,1,0,2,1,5,1,5,2,1,2,1
0,35,2,3,2,0,0,4,0,0,1,1,5,1,2,2,1,2,1
0,30,1,1,2,0,1,4,1,2,2,1,5,1,0,2,1,0,1
0,37,1,2,2,0,1,4,0,0,0,1,5,1,1,2,0,2,1
0,32,1,3,2,0,1,4,0,0,2,1,5,1,6,2,1,2,1
0,31,1,1,2,0,1,4,0,0,2,1,5,1,1,2,1,2,1
0,37,1,0,2,0,2,4,1,0,1,1,5,1,0.3,2,0,2,1
0,29,2,3,2,0,2,4,0,2,3,1,5,1,10,2,1,2,1
0,22,1,0,2,0,0,4,1,0,2,1,5,1,1,2,1,2,1
0,26,1,2,2,0,0,4,1,2,2,1,5,1,5,2,1,0,1
0,25,1,2,2,1,2,4,1,0,1,1,5,1,5,2,1,2,1
0,38,1,1,2,2,0,4,0,0,1,1,5,1,15,2,1,2,1
0,36,1,3,2,1,0,4,1,0,3,1,5,1,1,2,1,2,1
0,34,0,3,2,0,0,4,1,0,1,1,5,1,5,2,0,2,1
0,29,2,1,2,0,0,4,0,0,1,1,5,1,3,2,1,1,1
0,47,0,3,2,1,0,4,0,0,3,1,5,1,1,2,1,0,1
0,27,1,3,2,1,0,4,0,0,1,1,5,1,3,2,1,2,1
0,49,1,3,2,2,0,4,0,0,1,1,5,1,4,2,1,1,1
0,31,1,1,2,1,0,4,0,0,1,1,5,1,9,2,1,2,1
0,51,1,3,2,2,0,4,0,2,2,1,5,1,20,2,1,1,1
0,39,1,0,2,2,0,4,0,2,2,1,5,1,21,2,1,2,1
0,48,1,2,2,2,1,4,1,0,3,1,5,1,1,2,1,1,1
0,44,1,2,2,0,0,4,1,2,3,1,5,1,8,2,1,1,0
0,58,1,1,2,0,1,4,0,0,0,1,5,1,1,2,1,2,1
0,29,2,1,2,0,1,4,0,0,3,1,5,1,1,2,1,2,1
0,28,1,3,2,0,1,4,1,0,2,1,5,1,2,2,1,1,0
0,34,1,2,2,0,0,4,0,0,2,1,5,1,3,2,1,2,1
0,32,0,3,2,1,0,4,0,0,1,1,5,1,6,2,1,2,1
0,21,1,0,2,0,1,4,0,0,2,1,5,1,3,2,1,2,1
0,22,2,3,2,0,0,4,1,0,1,1,5,1,0,2,0,0,1
0,54,1,4,2,2,0,4,0,0,2,1,5,1,10,2,1,2,1
0,38,1,3,2,1,2,4,0,0,1,1,5,1,2,2,1,1,0
0,22,0,2,2,0,2,4,1,0,1,1,5,1,1,2,1,1,0
0,40,0,4,2,1,0,4,0,0,3,1,5,1,3,2,1,1,0
0,19,1,2,2,0,1,4,0,0,2,1,5,1,1,2,1,1,0
0,49,1,3,2,0,0,4,0,2,3,1,5,1,0.3,2,0,2,1
0,23,1,1,2,0,0,4,0,0,3,1,5,1,2,2,1,1,0
0,45,0,2,2,1,0,4,1,0,2,1,5,1,9,2,1,1,0
0,27,1,1,2,0,0,4,0,0,2,1,5,1,4,2,0,1,0
0,29,1,4,2,0,0,4,0,0,1,1,5,1,2,2,1,1,0
0,27,1,0,2,1,0,4,0,2,3,1,5,1,9,2,1,2,1
0,36,2,0,2,0,1,4,0,0,0,1,5,1,8,2,0,2,1
0,25,1,0,2,1,0,4,0,0,1,1,5,1,3,2,1,0,0
0,31,2,0,2,1,0,4,0,0,2,1,5,1,4,2,1,1,1
0,30,0,3,2,2,0,4,0,0,2,1,5,1,9,2,1,0,1
0,19,1,1,2,0,1,4,0,0,2,1,5,1,1,2,1,2,1
0,38,1,0,2,2,0,4,0,0,0,1,5,1,19,2,1,2,1
0,33,1,1,2,0,0,4,0,0,3,1,5,1,8,2,1,1,0
0,31,1,4,2,0,0,4,0,0,2,1,5,1,1,2,1,2,1
0,21,1,1,2,0,1,4,0,0,0,1,5,1,1,2,1,1,1
0,38,2,4,2,1,1,4,0,0,3,1,5,1,10,2,1,0,1
0,46,2,1,2,2,0,4,1,0,2,1,5,1,10,2,1,1,0
0,44,1,3,2,0,0,4,1,2,2,1,5,1,3,2,1,2,1
0,30,1,1,2,2,1,4,0,0,1,1,5,1,0,2,1,2,1
0,43,1,3,2,1,2,4,1,0,3,1,5,1,5,2,0,2,1
0,35,1,0,2,0,0,4,1,0,3,1,5,1,3,2,1,1,0
0,30,2,3,2,0,2,4,0,0,1,1,5,1,5,2,0,1,0
0,40,1,1,2,1,0,4,0,0,1,1,5,1,1,2,1,2,1
0,28,1,3,2,1,1,4,0,0,1,1,5,1,4,2,1,1,0
0,23,1,1,2,0,0,4,1,0,2,1,5,1,0,2,1,2,1
0,29,1,1,2,0,0,4,0,0,0,1,5,1,1,2,1,2,1
0,34,1,0,2,1,0,4,0,0,0,1,5,1,6,2,1,2,1
0,35,1,3,2,0,0,4,1,0,2,1,5,1,2,2,1,1,1
0,42,1,1,2,2,0,4,1,0,3,1,5,1,10,2,1,2,0
0,30,2,1,2,0,2,4,0,0,2,1,5,1,4,2,0,0,1
0,30,1,3,2,2,0,4,1,0,3,1,5,1,9,2,1,2,1
0,23,1,0,2,0,1,4,0,0,3,1,5,1,2,2,1,2,1
0,44,1,1,2,2,0,4,0,2,2,1,5,1,20,2,1,1,0
0,40,1,2,2,1,0,4,1,0,1,1,5,1,1,2,1,1,1
0,59,1,3,2,2,1,4,0,2,3,1,5,1,9,2,0,1,0
0,30,1,1,2,0,1,4,0,0,2,1,5,1,1,2,1,2,1
0,20,1,1,2,0,1,4,0,0,0,1,5,1,2,2,1,2,1
0,30,1,2,2,2,2,4,0,0,0,1,5,1,8,2,1,0,0
0,25,1,0,2,0,2,4,1,0,2,1,5,1,2,2,1,2,1
0,49,1,3,2,2,2,4,1,0,2,1,5,1,31,2,0,2,0
0,26,1,3,2,1,1,4,1,0,1,1,5,1,8,2,1,1,1
0,36,1,4,2,1,2,4,1,0,1,1,5,1,2,2,1,1,0
0,31,1,0,2,1,1,4,1,0,2,1,5,1,6,2,1,1,1
0,28,1,1,2,1,2,4,0,0,1,1,5,1,0.3,2,1,2,1
0,23,1,0,2,0,2,4,0,0,2,1,5,1,0,2,1,1,0
0,35,1,3,2,0,0,4,0,0,1,1,5,1,3,2,1,2,1
0,30,1,1,2,1,0,4,0,0,2,1,5,1,6,2,0,1,0
1,30,0,1,3,0,0,2,0,2,2,1,3,1,2,1,1,2,0
1,49,1,2,3,0,0,8,0,1,2,1,17,1,13,9,1,1,0
1,35,1,2,2,1,0,6,1,0,2,1,14,0,11,7,1,1,0
0,30,1,1,3,1,0,3,0,2,2,1,10,1,7,1,0,2,1
1,57,1,1,3,2,0,3,1,0,1,0,33,2,8,6,1,2,1
1,41,1,1,3,2,2,2,0,2,1,1,22,1,16,14,1,1,0
1,40,1,2,2,1,0,2,1,2,0,1,8,1,5,4,0,1,0
1,37,1,1,3,0,0,1,0,1,2,1,8,2,8,6,1,1,0
1,27,0,2,2,2,1,1,0,0,0,0,9,0,9,7,1,1,0
1,30,1,0,2,2,0,1,0,2,1,1,10,2,9,8,1,1,0
1,42,1,1,3,0,0,7,0,3,0,1,11,2,9,8,1,1,0
0,34,1,3,3,0,2,4,0,2,1,0,15,1,10,7,1,2,1
1,38,2,2,3,1,2,1,0,2,0,1,15,2,6,5,1,0,1
0,37,1,3,2,2,0,1,0,2,0,1,15,1,6,2,1,2,1
1,28,1,1,3,1,2,1,0,0,2,0,9,0,9,8,1,0,1
0,31,0,1,3,2,2,1,1,2,0,0,10,2,10,8,1,2,1
1,29,1,1,3,1,0,1,0,0,1,1,7,1,3,3,0,1,0
1,39,1,1,2,2,2,6,1,1,1,0,14,2,11,9,1,1,0
1,29,1,1,2,0,0,3,0,1,0,1,9,1,6,6,1,1,1
1,39,1,2,3,2,1,4,0,3,2,0,16,2,7,7,1,1,1
1,37,1,2,3,0,2,2,0,2,0,1,9,2,7,5,1,1,0
1,36,1,2,2,1,1,6,0,1,2,0,16,1,13,11,0,1,0
0,40,1,3,2,2,0,0,0,1,1,1,20,1,17,6,1,2,1
0,30,1,1,3,2,0,1,0,2,2,1,11,1,10,8,1,2,1
1,31,1,1,3,1,0,1,0,0,2,1,7,1,2,2,0,1,0
1,40,1,1,2,1,0,2,0,3,0,0,12,2,6,2,1,1,1
1,33,1,2,2,0,0,1,0,2,3,1,5,1,5,4,1,1,0
1,40,1,2,3,2,2,0,0,3,0,0,16,2,15,9,1,1,0
1,36,1,1,3,1,1,3,1,2,0,1,10,0,8,7,1,1,0
1,29,1,1,3,0,2,0,0,2,1,0,6,1,5,2,1,2,0
1,51,1,1,2,1,2,2,0,1,0,1,29,1,14,7,1,1,0
1,38,1,1,3,0,1,6,1,2,2,1,19,2,13,11,1,1,0
1,37,1,2,2,2,0,0,0,2,1,0,12,2,11,9,1,1,0
1,32,2,1,2,0,1,0,0,3,1,0,6,2,5,3,1,1,0
1,21,0,1,2,0,1,1,0,1,1,0,1,2,1,0,1,1,0
1,36,1,1,2,2,0,1,0,0,1,0,10,0,10,7,1,1,0
1,31,1,3,1,1,0,3,1,2,1,0,11,2,7,6,1,2,0
1,41,2,1,2,0,1,1,0,2,0,0,9,2,7,5,1,2,0
0,34,0,2,3,1,1,1,1,2,1,1,10,2,9,7,1,2,1
1,37,1,0,3,0,0,6,0,1,2,0,8,0,5,3,0,1,0
1,43,1,2,2,2,1,0,0,3,1,1,12,2,12,8,1,1,0
0,32,0,1,3,2,2,1,1,2,0,0,11,2,11,8,1,2,1
1,33,2,2,3,1,1,2,0,3,2,0,13,0,11,8,1,2,0
1,27,0,1,2,0,1,1,0,1,1,0,4,2,4,2,1,1,0
0,29,1,3,3,0,1,1,0,3,2,0,9,1,9,7,1,2,1
1,36,2,0,1,1,1,3,0,3,1,1,13,1,5,1,1,1,0
1,35,2,0,1,1,1,3,0,3,1,1,12,1,5,1,1,2,0
1,28,1,0,3,0,0,1,0,1,2,0,10,2,10,6,1,1,0
1,45,2,1,3,1,0,5,0,1,2,0,16,1,8,5,1,1,0
1,27,1,0,2,0,1,1,0,0,2,1,1,0,1,0,1,2,1
0,54,1,1,3,2,0,4,1,1,2,1,33,0,16,9,1,2,1
1,48,1,1,2,1,2,2,0,1,0,1,26,1,13,7,1,1,0
1,29,2,2,2,1,1,1,0,2,0,0,10,2,10,7,1,2,0
1,32,2,1,3,0,2,1,1,1,2,1,5,2,5,2,0,1,0
1,35,2,1,1,1,0,1,0,2,2,0,9,1,7,5,1,2,0
1,36,1,1,3,1,2,1,0,2,2,0,16,2,14,11,1,1,0
1,44,1,2,2,2,2,2,1,2,1,1,25,2,24,5,0,1,0
1,31,1,2,2,1,0,0,0,2,1,1,10,1,8,6,1,0,1
0,41,1,2,2,1,1,7,0,2,1,0,13,2,10,3,0,2,1
1,26,2,1,3,0,0,1,1,2,2,0,6,2,6,4,1,1,1
1,35,1,2,2,1,0,1,0,1,0,1,6,1,6,3,1,1,0
1,49,1,1,3,2,0,3,1,3,0,1,24,1,15,10,1,2,1
0,47,1,0,3,0,0,0,0,2,2,0,19,2,19,8,1,2,1
1,31,2,1,2,1,0,1,0,1,0,0,11,0,10,8,1,1,0
1,29,1,0,3,0,0,1,0,2,0,1,10,2,10,8,1,1,0
0,50,1,2,2,2,0,7,1,2,2,0,30,1,5,2,1,2,1
1,49,1,2,2,2,0,2,0,1,2,1,20,0,15,10,1,2,0
1,27,1,0,3,0,2,0,0,0,0,0,5,1,4,3,1,1,0
1,35,1,1,2,0,0,3,0,1,1,1,7,1,5,2,1,1,0
1,26,2,2,2,0,0,1,1,1,1,0,5,1,5,4,0,2,1
1,41,1,1,2,2,0,3,1,2,1,1,21,1,14,12,1,1,1
1,31,1,2,2,1,0,0,0,2,1,1,10,1,8,5,1,0,1
1,28,2,2,3,0,1,2,0,2,2,0,10,2,8,7,1,2,1
1,31,1,3,1,1,0,3,1,2,1,0,11,2,7,5,1,2,0
1,39,1,2,3,0,0,3,1,1,1,1,8,0,6,4,0,1,1
1,49,1,0,2,2,0,5,1,2,2,0,26,1,10,4,1,2,1
0,34,1,1,3,0,1,2,0,3,1,0,7,2,6,3,1,2,1
1,36,1,1,3,1,0,0,0,0,2,1,6,1,4,2,1,1,0
1,41,1,1,3,1,2,1,0,2,2,0,17,2,12,9,1,1,1
1,37,1,1,3,0,0,4,0,1,1,1,8,1,5,2,1,1,0
1,25,1,0,1,0,0,2,1,0,0,1,5,1,4,3,1,1,0
1,33,1,1,3,2,1,1,0,2,0,0,13,2,13,8,1,2,1
1,36,1,0,3,1,1,5,0,3,0,0,15,1,7,7,1,1,0
0,35,0,2,2,2,0,4,1,3,1,1,15,1,12,2,1,2,1
1,36,2,1,1,1,2,1,0,2,2,1,7,1,7,4,1,1,0
1,33,1,2,2,0,0,1,1,2,3,1,5,1,5,4,1,1,0
1,43,2,2,3,0,2,1,1,1,2,0,6,1,4,2,0,1,0
1,27,2,0,3,1,2,1,1,2,0,1,5,2,5,4,1,2,1
1,47,2,1,2,2,0,1,0,2,2,1,26,1,11,3,1,1,0
1,35,0,1,3,1,0,7,0,1,2,0,12,1,10,7,1,1,1
0,46,1,2,2,2,0,3,1,2,3,0,27,1,11,3,1,2,1
0,41,2,0,2,0,1,0,1,2,2,0,19,1,19,15,0,2,1
1,37,2,1,2,1,1,2,1,2,2,0,9,1,6,3,1,1,0
1,26,1,0,3,0,0,1,0,2,2,0,8,2,8,5,1,1,0
1,41,1,2,3,2,1,0,0,3,1,1,15,2,14,9,1,1,0
1,29,1,1,3,0,2,1,0,1,0,0,6,1,4,3,1,1,0
1,38,1,1,2,2,2,7,1,0,1,0,14,2,12,10,1,1,0
1,28,1,1,3,1,0,2,0,2,1,1,9,2,7,2,0,1,0
1,49,2,1,3,2,2,3,1,1,0,0,29,2,27,9,1,2,0
0,37,1,2,2,1,0,2,0,2,2,1,12,0,8,7,1,2,1
1,29,1,3,2,0,0,1,0,2,2,1,5,2,5,4,1,1,0
1,33,0,2,2,2,1,0,0,2,2,0,10,0,9,7,1,1,0
1,43,1,2,2,2,0,1,0,2,0,1,17,2,12,8,1,2,0
1,43,2,3,3,1,2,1,1,2,1,1,8,2,7,7,1,2,0
1,51,1,2,3,0,0,8,0,1,2,1,16,2,13,9,1,1,0
1,28,2,2,3,0,2,1,1,1,1,1,5,1,5,2,0,1,0
1,35,0,3,2,1,2,4,0,3,0,1,8,1,5,2,1,1,1
1,24,1,1,3,0,0,1,0,1,2,1,3,0,3,1,1,1,0
1,41,1,2,2,1,0,1,1,2,1,1,9,0,6,5,0,1,0
0,44,1,3,3,2,2,1,0,1,0,0,10,2,10,8,1,2,1
1,23,1,0,2,0,1,1,1,2,2,0,1,2,1,0,0,1,0
1,42,1,1,3,2,0,3,1,2,1,1,22,1,13,12,1,1,0
1,28,0,1,1,1,0,0,0,3,0,0,10,1,9,8,1,2,1
1,40,0,1,3,2,0,0,1,2,3,0,21,1,20,14,1,1,0
1,31,0,1,2,0,0,0,0,2,1,0,5,1,5,4,1,1,0
1,34,1,2,3,1,0,2,0,2,0,1,8,2,5,0,0,1,0
1,35,1,1,3,1,0,0,0,0,2,1,6,1,4,2,1,1,0
1,38,1,2,2,2,0,5,0,2,2,0,20,2,15,7,0,2,1
1,34,1,2,2,1,2,0,1,1,0,1,10,1,9,7,1,1,0
1,43,0,3,3,1,2,3,0,3,2,0,14,2,9,7,0,1,0
1,34,1,2,3,0,0,0,1,2,1,1,12,2,10,9,1,2,0
0,27,2,2,3,0,1,0,1,2,2,0,6,1,5,3,1,2,1
1,29,2,1,2,0,0,2,0,0,2,1,2,0,1,0,1,2,0
1,45,1,2,1,2,0,2,0,1,1,0,26,1,13,5,1,1,1
1,31,1,0,2,2,2,0,0,2,2,0,11,0,10,7,0,2,0
1,29,0,1,3,0,1,1,0,2,2,0,7,2,7,4,1,2,0
1,24,2,1,3,0,0,1,1,2,2,0,6,2,6,3,1,1,0
0,37,0,2,3,1,1,1,1,2,1,1,10,2,9,7,1,2,1
0,41,1,1,2,2,0,0,0,1,2,1,21,1,20,6,1,2,1
1,36,1,2,2,2,0,1,0,1,1,1,10,0,10,8,1,1,0
1,32,1,2,2,1,1,2,1,1,2,0,8,1,6,1,0,0,1
1,30,1,1,3,1,0,1,0,3,0,1,9,1,9,0,1,0,1
1,32,1,2,3,2,1,2,0,3,1,0,10,1,5,3,1,2,1
1,45,0,0,2,2,0,2,0,1,2,1,24,1,22,14,0,2,0
0,41,2,2,3,1,2,1,0,2,0,1,18,2,5,4,1,2,1
1,30,1,1,3,0,2,1,0,2,2,1,7,1,5,2,1,1,0
1,39,1,2,1,1,1,0,0,2,0,0,7,1,7,4,1,1,0
1,36,1,3,2,1,0,1,1,1,0,1,10,2,9,8,1,1,0
1,37,1,1,3,0,1,1,0,1,2,1,8,2,8,6,1,1,0
0,31,0,2,3,1,0,1,0,2,2,1,9,1,8,7,1,2,1
0,33,1,1,3,0,1,2,0,3,1,0,7,2,6,3,1,2,1
1,42,1,1,3,2,0,8,1,0,1,1,18,1,12,7,1,1,1
0,41,2,2,2,0,0,2,0,0,1,1,9,1,4,3,1,2,1
1,37,1,0,3,1,1,6,0,3,0,0,16,1,7,7,1,1,1
1,36,1,2,2,1,0,1,0,1,0,1,5,1,5,1,1,1,0
1,37,2,2,3,1,1,1,1,1,2,0,8,1,8,6,1,2,0
1,29,2,1,3,1,2,1,0,0,1,1,7,1,3,3,1,1,1
0,33,1,1,2,0,0,1,0,2,1,0,9,2,9,8,1,2,1
1,33,1,1,2,1,0,1,0,2,1,1,13,2,12,10,1,1,0
0,52,1,1,3,2,0,3,1,3,0,1,25,1,14,9,1,2,1
1,40,1,2,3,0,2,1,0,2,2,1,5,2,5,3,1,1,0
0,40,1,1,3,1,0,4,0,0,2,1,9,1,0,0,1,2,1
0,29,2,1,3,1,2,1,0,0,1,1,6,1,4,3,1,2,1
1,51,1,1,1,2,0,3,0,2,0,0,30,2,6,4,1,0,1
1,37,1,1,3,1,0,0,0,3,2,0,10,2,9,7,1,1,0
1,47,1,1,3,2,0,7,0,1,2,0,23,1,11,10,1,1,1
1,45,1,1,3,2,2,3,0,3,0,1,27,0,7,7,1,0,1
1,31,0,2,3,1,0,1,0,2,2,1,9,1,8,7,1,1,0
1,38,0,2,2,1,0,2,0,2,2,1,12,0,7,6,1,2,0
1,41,2,1,3,1,1,1,0,1,1,0,8,2,8,7,0,1,0
0,26,1,0,2,0,0,1,0,2,2,0,8,0,6,3,1,2,1
1,39,1,1,3,0,1,2,0,2,1,0,10,2,7,6,1,1,0
1,40,0,1,3,1,1,5,0,1,1,1,11,1,9,7,1,2,1
1,42,1,1,2,2,0,1,1,2,3,0,23,0,15,5,1,2,1
1,34,0,1,3,1,0,7,0,1,2,0,12,1,10,7,1,1,1
1,42,1,2,3,1,0,3,0,2,0,1,11,1,5,1,0,1,1
1,29,0,1,2,0,0,0,0,2,1,0,5,1,5,4,1,1,0
1,33,2,1,2,0,0,0,0,3,1,0,6,2,5,2,1,1,0
1,54,1,1,3,2,2,3,0,0,2,0,26,1,5,2,1,2,1
1,47,1,2,3,0,2,1,0,2,2,0,17,2,8,6,1,0,1
1,36,0,3,2,2,1,0,0,3,1,0,15,1,14,7,1,0,1
0,41,1,1,3,2,0,1,1,2,0,0,17,2,13,9,0,2,1
1,50,1,2,3,2,1,6,0,3,2,0,25,1,9,7,1,0,1
1,54,1,3,2,0,0,6,0,1,0,1,8,1,6,3,0,1,0
1,37,1,1,3,1,0,5,0,1,0,1,7,1,3,1,0,1,0
1,29,1,0,2,0,0,0,0,1,0,0,7,1,6,4,1,1,0
0,39,1,2,3,0,2,1,0,2,2,1,5,2,5,3,1,2,1
1,38,1,2,3,0,1,1,0,2,2,0,11,2,10,8,1,2,1
1,36,1,2,3,0,1,3,0,1,0,0,8,0,1,0,1,2,1
1,48,1,1,2,2,1,7,0,2,1,0,26,1,14,10,1,1,0
1,37,1,2,3,1,0,0,1,0,2,0,5,1,4,3,1,1,1
0,45,2,1,3,2,2,4,0,3,1,1,23,1,16,11,1,2,1
1,35,2,1,1,1,0,1,0,2,2,0,9,1,7,5,1,2,0
1,28,0,2,3,1,0,1,0,2,0,1,4,2,4,3,1,1,0
1,31,0,1,3,0,1,0,0,2,0,0,9,2,8,6,1,1,0
1,33,2,1,2,1,0,2,0,1,1,0,14,2,11,7,1,2,0
1,35,1,1,3,2,0,1,0,2,2,1,10,1,10,7,1,1,0
0,30,1,1,3,0,1,1,0,3,1,0,6,2,6,2,1,2,1
1,46,1,1,3,2,1,7,0,1,2,0,23,1,12,11,1,1,0
1,34,1,1,3,0,2,1,1,1,3,0,9,2,8,3,1,1,1
1,42,1,1,3,2,0,3,1,2,1,1,22,1,13,12,1,2,1
1,35,1,1,3,2,1,1,1,2,0,0,9,1,9,5,1,1,0
1,30,1,2,2,1,2,1,1,2,1,1,9,1,8,2,0,1,1
1,48,1,1,3,2,0,2,1,1,0,0,29,0,14,8,0,1,0
0,37,1,1,3,1,0,1,0,1,2,0,9,2,8,7,1,2,1
1,48,1,1,2,2,1,7,0,2,1,0,26,1,11,7,1,2,0
1,28,2,1,3,1,1,1,0,0,2,0,9,0,9,8,1,2,1
1,30,1,2,2,1,1,2,1,1,2,0,7,1,6,1,0,0,1
1,52,1,1,3,2,0,5,1,2,2,0,32,0,12,9,1,2,0
1,32,1,1,2,1,1,1,0,1,1,0,9,2,8,7,1,1,1
1,54,0,1,3,0,0,2,0,2,1,1,17,2,5,3,1,2,0
0,37,2,2,2,0,0,1,0,0,1,1,8,1,5,4,1,2,1
0,52,1,1,3,1,0,0,0,2,0,1,11,1,10,7,1,2,1
1,28,1,0,1,1,0,1,1,3,1,0,9,1,8,4,1,2,0
1,32,1,1,3,1,1,1,0,1,0,0,12,0,10,7,1,1,0
1,41,1,1,2,2,0,1,0,1,2,1,21,1,20,5,1,2,0
1,27,1,0,1,1,0,2,1,3,1,0,8,1,6,2,1,2,0
0,42,1,1,2,1,0,2,0,1,2,1,6,1,3,2,1,2,1
1,29,0,1,1,0,2,0,0,1,1,0,3,2,2,1,1,1,0
1,53,1,2,3,2,0,4,0,2,2,0,27,2,10,6,1,1,0
1,24,1,0,2,0,1,1,1,2,2,0,1,2,1,0,0,1,0
1,56,1,1,3,2,0,5,1,0,0,0,34,2,7,4,1,1,0
0,37,1,1,2,2,0,0,0,3,1,0,9,1,9,7,0,2,1
1,46,1,2,3,0,0,6,0,1,2,0,12,1,6,5,1,1,0
1,44,0,1,2,2,1,5,0,3,2,0,22,1,18,7,1,0,1
0,47,1,1,3,2,0,2,0,2,1,1,26,1,17,15,0,2,1
1,38,1,2,3,1,2,6,0,2,1,1,9,1,7,2,1,1,0
0,38,0,1,3,1,1,6,0,1,2,0,11,1,9,7,1,2,1
1,26,1,1,2,0,2,2,1,1,0,0,8,1,5,4,1,1,0
1,52,1,2,3,2,1,3,0,1,1,0,34,1,8,7,1,1,0
1,32,1,2,2,0,0,0,0,2,1,0,11,2,10,8,1,1,0
1,43,1,1,3,2,0,4,1,2,1,1,21,1,12,9,1,2,1
1,43,1,1,3,2,2,2,0,3,1,1,25,1,14,7,1,1,0
1,29,2,2,3,1,1,4,0,1,0,0,7,2,5,3,1,0,1
1,34,2,1,2,0,2,1,1,1,0,1,8,1,8,2,1,2,0
1,56,1,0,1,1,2,6,0,1,3,0,17,1,4,2,1,1,0
1,39,1,1,3,0,1,3,1,0,2,0,18,1,16,12,1,1,0
1,34,2,1,3,0,2,1,1,1,1,1,11,2,11,5,1,2,0
1,32,1,0,2,2,0,1,0,1,2,0,13,1,13,6,1,2,0
0,32,1,2,2,1,2,1,0,1,0,1,10,1,9,8,1,2,1
1,40,1,2,3,2,2,0,0,3,0,0,16,2,16,9,1,1,0
1,33,2,1,2,0,1,0,0,3,1,0,6,2,5,2,1,1,0
1,36,1,1,3,0,2,3,1,1,3,0,10,2,9,6,1,1,1
1,44,1,1,3,2,2,3,0,3,0,1,26,0,12,7,1,1,0
1,27,2,1,2,1,1,1,0,0,0,0,7,1,7,7,0,1,0
1,32,1,0,2,1,0,3,1,0,1,1,10,0,9,7,1,1,0
1,28,0,1,3,1,0,1,0,1,1,0,5,2,5,3,1,1,0
1,30,1,1,2,0,0,2,0,2,0,0,10,0,6,6,1,1,0
1,35,1,2,3,1,0,2,0,2,0,1,8,2,6,6,1,2,0
0,29,1,2,3,0,1,2,0,2,2,0,10,2,8,7,1,2,1
1,29,1,2,2,0,2,0,0,3,2,0,6,1,5,1,1,1,0
0,44,1,2,3,1,1,0,1,2,0,0,7,1,6,5,1,2,1
0,46,1,1,3,2,2,2,0,2,1,1,27,1,11,5,1,2,1
1,27,1,1,3,1,0,1,0,2,1,1,8,2,7,4,0,1,0
1,34,1,2,2,1,0,1,1,0,3,0,9,1,9,7,0,1,0
1,34,1,1,2,0,0,1,0,1,1,1,14,2,14,8,1,1,0
1,35,0,1,1,1,2,1,1,0,2,0,14,2,13,9,1,2,0
1,52,1,2,3,2,0,3,1,1,0,0,30,0,18,15,1,1,0
1,47,1,1,3,2,1,0,0,2,2,0,10,1,9,8,1,1,0
1,29,1,1,2,1,2,1,0,1,1,1,9,2,9,7,0,1,0
1,37,1,1,3,0,1,6,1,1,2,0,16,1,13,10,1,1,0
1,33,1,1,3,0,0,3,0,2,2,1,7,2,5,4,1,1,0
1,41,1,2,2,2,0,7,0,0,2,1,22,0,18,6,0,1,0
1,26,1,1,2,1,2,1,0,2,2,0,7,2,5,4,0,1,0
1,40,1,2,3,0,2,1,0,1,2,1,7,1,3,1,1,1,0
1,35,1,2,2,1,2,0,1,1,0,1,10,1,9,7,1,2,1
1,39,2,2,2,2,0,1,0,2,0,1,21,1,20,8,1,1,0
1,30,0,0,2,0,2,1,0,0,2,0,1,1,1,0,0,1,0
1,43,1,2,2,2,0,1,1,2,1,1,24,1,15,5,1,1,0
1,36,1,3,2,1,0,3,1,0,0,1,10,2,5,4,1,1,0
1,51,1,2,2,1,0,3,0,2,1,0,16,1,7,5,0,0,0
1,34,2,2,2,1,1,1,0,1,2,0,7,2,7,6,0,1,0
1,36,2,1,2,1,1,1,0,2,0,0,9,1,9,7,0,1,0
1,43,2,0,3,0,2,1,0,2,2,1,9,1,9,4,1,1,0
0,46,2,2,2,2,1,3,0,2,3,0,28,1,11,3,1,2,1
1,35,1,1,2,0,0,0,0,1,0,1,6,1,5,3,1,2,0
1,31,0,1,2,1,0,1,0,2,0,0,12,2,11,10,0,2,0
1,23,1,2,3,0,0,1,1,0,0,1,3,0,3,1,1,2,1
1,27,1,1,2,0,1,2,1,1,2,0,7,2,5,4,1,0,1
1,54,1,2,3,0,2,8,0,1,2,1,14,2,10,9,1,0,0
1,43,1,1,3,2,0,3,0,2,1,1,22,1,12,10,1,2,0