{"metadata":{"asset_id":"61f4e2b3-901d-4ffc-a887-df566bb1eadc","asset_attributes":["data_asset"],"name":"scoring-data.csv","asset_type":"data_asset","created_at":"2021-08-10T13:53:45Z","description":"","origin_country":"us","owner_id":"1000331006","project_id":"a5685874-e3ed-4c4f-a42b-cfd4fb828d58","size":6586229,"tags":[],"usage":{"last_update_time":1628603626074,"last_updated_at":"2021-08-10T13:53:46Z"}},"entity":{"data_asset":{"mime_type":"text/csv","dataset":false}},"attachments":[{"id":"cf8fb7fa-15e2-4817-a466-fe87b27d6773","version":2,"asset_type":"data_asset","name":"scoring-data.csv","mime":"text/csv","datasource_type":"81bafdbd-b7c6-45c5-a4fd-6ec135f66f4e","object_key":"data_asset/scoring-data.csv","creator_id":"icp4d-dev","create_time":1628603625938,"size":6586229,"is_remote":false,"is_managed":false,"is_referenced":true,"is_object_key_read_only":false,"is_user_provided_path_key":true,"transfer_complete":true,"is_partitioned":false,"complete_time_ticks":1628603625938,"user_data":{},"test_doc":0,"handle":{"key":"data_asset/scoring-data.csv","upload_id":"done","max_part_num":1},"usage":{"access_count":0,"last_accessor_id":"icp4d-dev","last_access_time":1628603625938}}]}