{"metadata":{"asset_id":"0caceece-5c94-4bd7-9997-b38bc73c030f","asset_attributes":["data_asset"],"name":"training-data.csv","asset_type":"data_asset","created_at":"2021-08-10T13:53:45Z","description":"","origin_country":"us","owner_id":"1000331006","project_id":"a5685874-e3ed-4c4f-a42b-cfd4fb828d58","size":8340579,"tags":[],"usage":{"last_update_time":1628603626096,"last_updated_at":"2021-08-10T13:53:46Z"}},"entity":{"data_asset":{"mime_type":"text/csv","dataset":false}},"attachments":[{"id":"30337bea-e4e2-4e05-9904-6651236343d5","version":2,"asset_type":"data_asset","name":"training-data.csv","mime":"text/csv","datasource_type":"81bafdbd-b7c6-45c5-a4fd-6ec135f66f4e","object_key":"data_asset/training-data.csv","creator_id":"icp4d-dev","create_time":1628603625939,"size":8340579,"is_remote":false,"is_managed":false,"is_referenced":true,"is_object_key_read_only":false,"is_user_provided_path_key":true,"transfer_complete":true,"is_partitioned":false,"complete_time_ticks":1628603625939,"user_data":{},"test_doc":0,"handle":{"key":"data_asset/training-data.csv","upload_id":"done","max_part_num":1},"usage":{"access_count":0,"last_accessor_id":"icp4d-dev","last_access_time":1628603625939}}]}