{"metadata":{"asset_id":"68969acd-3b81-488e-a83b-d250b5102745","asset_attributes":["data_asset"],"name":"creditlimit-data-autoai.csv","asset_type":"data_asset","created_at":"2021-08-10T13:53:45Z","description":"","origin_country":"us","owner_id":"1000331006","project_id":"a5685874-e3ed-4c4f-a42b-cfd4fb828d58","size":1521411,"tags":[],"usage":{"last_update_time":1629129769921,"last_updated_at":"2021-08-16T16:02:49Z"}},"entity":{"data_asset":{"mime_type":"text/csv","dataset":false}},"attachments":[{"id":"f5d93d61-e673-4d1f-b8da-aa45ff465d47","version":2,"asset_type":"data_asset","name":"creditlimit-data-autoai.csv","mime":"text/csv","datasource_type":"81bafdbd-b7c6-45c5-a4fd-6ec135f66f4e","object_key":"data_asset/creditlimit-data-autoai.csv","creator_id":"icp4d-dev","create_time":1628603625936,"size":1521411,"is_remote":false,"is_managed":false,"is_referenced":true,"is_object_key_read_only":false,"is_user_provided_path_key":true,"transfer_complete":true,"is_partitioned":false,"complete_time_ticks":1628603625936,"user_data":{},"test_doc":0,"handle":{"key":"data_asset/creditlimit-data-autoai.csv","upload_id":"done","max_part_num":1},"usage":{"access_count":2,"last_accessor_id":"1000331006","last_access_time":1629129769919,"last_updater_id":"1000331006","last_update_time":1629129769919}}]}