{"metadata":{"asset_id":"7df0a15e-afcf-4ac5-b770-81ac68c8512c","asset_attributes":["environment"],"name":"Python 3.7 4CPU 16GB","asset_type":"environment","created_at":"2021-08-10T13:53:46Z","description":"","origin_country":"us","owner_id":"1000331006","project_id":"a5685874-e3ed-4c4f-a42b-cfd4fb828d58","sandbox_id":"a5685874-e3ed-4c4f-a42b-cfd4fb828d58","size":0,"tags":[],"usage":{"last_update_time":1628603626536,"last_updated_at":"2021-08-10T13:53:46Z"}},"entity":{"environment":{"sub_type":"notebook","display_name":"Python 3.7 4CPU 16GB","hardware_specification":{"type":"referenced","guid":"0a57a482-5e0a-4510-9f6a-75a648eb1000"},"software_specification":{"type":"referenced","guid":"e4429883-c883-42b6-87a8-f419d64088cd"},"tools_specification":{"supported_kernels":[{"name":"python37","language":"python","version":"3.7","display_name":"Python 3.7"}]},"runtime_definition":"jupyter-py37"}}}