{"metadata":{"asset_id":"0a57a482-5e0a-4510-9f6a-75a648eb1000","asset_attributes":["hardware_specification"],"name":"Python 3.7 4CPU 16GB","asset_type":"hardware_specification","created_at":"2021-08-10T13:53:45Z","description":"","origin_country":"us","owner_id":"1000331006","project_id":"a5685874-e3ed-4c4f-a42b-cfd4fb828d58","sandbox_id":"a5685874-e3ed-4c4f-a42b-cfd4fb828d58","size":0,"tags":[],"usage":{"last_update_time":1628603625780,"last_updated_at":"2021-08-10T13:53:45Z"}},"entity":{"hardware_specification":{"nodes":{"cpu":{"units":"4","model":""},"mem":{"size":"16Gi"}}}}}