{"metadata":{"asset_id":"7f7e1b6e-fa11-47e1-9e66-3677c149ed05","asset_attributes":["notebook"],"name":"1-model-training","asset_type":"notebook","created_at":"2021-08-10T13:53:46Z","description":"","origin_country":"us","owner_id":"icp4d-dev","project_id":"a5685874-e3ed-4c4f-a42b-cfd4fb828d58","size":227687,"tags":["notebook"],"usage":{"last_update_time":1629209759638,"last_updated_at":"2021-08-17T14:15:59Z"}},"entity":{"notebook":{"kernel":{"name":"python3","display_name":"Python 3.7","language":"python"},"originates_from":{"type":"file"},"runtime":{"environment":"7df0a15e-afcf-4ac5-b770-81ac68c8512c"}}},"attachments":[{"id":"85b7af79-0aac-4465-9c86-315504973bee","version":2,"asset_type":"notebook","name":"attachment for notebook 7f7e1b6e-fa11-47e1-9e66-3677c149ed05","description":"attachment for notebook 7f7e1b6e-fa11-47e1-9e66-3677c149ed05","mime":"application/json","datasource_type":"81bafdbd-b7c6-45c5-a4fd-6ec135f66f4e","object_key":"notebook/1-model-training_GoBVllO70.ipynb","creator_id":"1000331006","create_time":1628603626983,"size":227687,"is_remote":false,"is_managed":false,"is_referenced":true,"is_object_key_read_only":false,"is_user_provided_path_key":true,"transfer_complete":true,"is_partitioned":false,"complete_time_ticks":1628603626983,"user_data":{},"test_doc":0,"handle":{"key":"notebook/1-model-training_GoBVllO70.ipynb","upload_id":"done","max_part_num":1},"usage":{"access_count":0,"last_accessor_id":"1000331006","last_access_time":1628603626983}}]}