{"metadata":{"asset_id":"e8660c80-440f-42bd-8c4c-f1d5af14da5c","asset_attributes":["notebook"],"name":"2-model-scoring","asset_type":"notebook","created_at":"2021-08-10T13:53:46Z","description":"","origin_country":"us","owner_id":"icp4d-dev","project_id":"a5685874-e3ed-4c4f-a42b-cfd4fb828d58","size":28322,"tags":["notebook"],"usage":{"last_update_time":1629219071992,"last_updated_at":"2021-08-17T16:51:11Z"}},"entity":{"notebook":{"kernel":{"name":"python3","display_name":"Python 3.7","language":"python"},"originates_from":{"type":"file"},"runtime":{"environment":"7df0a15e-afcf-4ac5-b770-81ac68c8512c"}}},"attachments":[{"id":"4d6eb561-c046-4271-8aa6-a5aca1fc8ade","version":2,"asset_type":"notebook","name":"attachment for notebook e8660c80-440f-42bd-8c4c-f1d5af14da5c","description":"attachment for notebook e8660c80-440f-42bd-8c4c-f1d5af14da5c","mime":"application/json","datasource_type":"81bafdbd-b7c6-45c5-a4fd-6ec135f66f4e","object_key":"notebook/2-model-scoring_0EkUbmsYT.ipynb","creator_id":"1000331006","create_time":1628603626962,"size":28322,"is_remote":false,"is_managed":false,"is_referenced":true,"is_object_key_read_only":false,"is_user_provided_path_key":true,"transfer_complete":true,"is_partitioned":false,"complete_time_ticks":1628603626962,"user_data":{},"test_doc":0,"handle":{"key":"notebook/2-model-scoring_0EkUbmsYT.ipynb","upload_id":"done","max_part_num":1},"usage":{"access_count":0,"last_accessor_id":"1000331006","last_access_time":1628603626962}}]}