Artifact Type,Id,Artifact ID,Asset Version Id,Asset Type,Name,Comment,Workflow Status,Action Id,Log Status,Created,Modified,Modifier,Asset Ancestor Id,Property Name,Property Type,Old Value,New Value,Details Modified,Details Modifier,Additional Info,Action,Modification Id
development_log,c30e626d-a5d5-4f76-ac86-7478297f6c88,ace99592-b6ad-409a-b1df-debfac829aa1,76335436-14da-4353-b73b-818530c9cae8_2,classification,Personally Identifiable Information,,,,MODIFIED,2024-07-02 21:49:59,2024-07-02 21:49:59,1000330999,76335436-14da-4353-b73b-818530c9cae8_1,related,Relationship,,"{""value"":""All Phone Numbers Must be Protected"",""path"":[""Person"",""Privacy""]}",2024-07-02 21:49:59,1000330999,rule,Added,3b2c8a32-0e4b-452e-8d32-49801a839e2b
development_log,aca783c9-a628-481a-999c-46cadf54c5f8,ace99592-b6ad-409a-b1df-debfac829aa1,76335436-14da-4353-b73b-818530c9cae8_2,classification,Personally Identifiable Information,,,,MODIFIED,2024-07-02 21:49:39,2024-07-02 21:49:39,1000330999,76335436-14da-4353-b73b-818530c9cae8_1,related,Relationship,,"{""value"":""All National Identifiers Must be Protected"",""path"":[""Person"",""Privacy""]}",2024-07-02 21:49:39,1000330999,rule,Added,6f93d085-cf04-4273-81ac-a524b7cb6d39
development_log,917cbc93-9a3e-4c8c-bfc8-5167a3beaac7,ace99592-b6ad-409a-b1df-debfac829aa1,76335436-14da-4353-b73b-818530c9cae8_2,classification,Personally Identifiable Information,,,,MODIFIED,2024-07-02 21:48:38,2024-07-02 21:48:38,1000330999,76335436-14da-4353-b73b-818530c9cae8_1,related,Relationship,,"{""value"":""All Email Addresses Must be Protected"",""path"":[""Person"",""Privacy""]}",2024-07-02 21:48:38,1000330999,rule,Added,1d8271c2-77a8-4088-9b14-41428f15880e
development_log,fc7184c6-76e0-4ff0-96df-dd7832d6fd69,ace99592-b6ad-409a-b1df-debfac829aa1,76335436-14da-4353-b73b-818530c9cae8_2,classification,Personally Identifiable Information,,,,MODIFIED,2024-07-02 21:45:28,2024-07-02 21:45:28,1000330999,76335436-14da-4353-b73b-818530c9cae8_1,related,Relationship,,"{""value"":""Protection of Personal and Sensitive Information"",""path"":[""Person"",""Privacy""]}",2024-07-02 21:45:28,1000330999,policy,Added,80a57af4-1329-40c9-ba8f-82b3c99f2c07
development_log,2f1dad8f-fdce-4d09-ba86-459860acbd86,ace99592-b6ad-409a-b1df-debfac829aa1,76335436-14da-4353-b73b-818530c9cae8_2,classification,Personally Identifiable Information,,PUBLISHED,Publish,STATUS_CHANGED,2024-07-02 21:43:43,2024-07-02 21:43:43,1000330999,76335436-14da-4353-b73b-818530c9cae8_1,,,,,,,,,
development_log,0ab70f57-ee35-41e9-93ad-f94c2f1fd4e4,ace99592-b6ad-409a-b1df-debfac829aa1,76335436-14da-4353-b73b-818530c9cae8_1,classification,Personally Identifiable Information,,PUBLISHED,Publish,STATUS_CHANGED,2024-07-02 21:40:13,2024-07-02 21:40:13,1000330999,76335436-14da-4353-b73b-818530c9cae8_0,tags,Collection,[],"[Employee, Person]",2024-07-02 21:40:13,1000330999,,Modified,4245be25-957c-4dcc-8cf9-cfd060ffe178
"",,,,,,,,,,,,,,grouped_by_category,Relationship,,"{""value"":""Person""}",2024-07-02 21:40:14,1000330999,category,Added,4509a633-6c2f-46b4-84f5-3fe49019b595
"",,,,,,,,,,,,,,grouped_by_category,Relationship,,"{""value"":""Employee"",""path"":[""Person""]}",2024-07-02 21:40:14,1000330999,category,Added,4509a633-6c2f-46b4-84f5-3fe49019b595
development_log,373b07b2-ab5b-4e23-9ed3-2f7af5c4fe82,ace99592-b6ad-409a-b1df-debfac829aa1,76335436-14da-4353-b73b-818530c9cae8_0,classification,Personally Identifiable Information,,,,MODIFIED,2024-07-01 21:18:59,2024-07-01 21:18:59,1000330999,,parent_category,Relationship,,"{""value"":""[uncategorized]""}",2024-07-01 21:18:59,1000330999,category,Added,6de90be8-f670-4603-b4eb-d488d9517845
development_log,e168f259-ea2f-498b-a8f4-fde0f5b48594,ace99592-b6ad-409a-b1df-debfac829aa1,76335436-14da-4353-b73b-818530c9cae8_0,classification,Personally Identifiable Information,,PUBLISHED,Publish,STATUS_CHANGED,2024-07-01 21:18:59,2024-07-01 21:18:59,1000330999,,name,String,,Personally Identifiable Information,2024-07-01 21:18:59,1000330999,,Added,
"",,,,,,,,,,,,,,longDescription,String,,Personally identifiable information (PII) is defined as any data that could potentially identify a specific individual. Any information that can be used to distinguish one person from another can be considered PII.,2024-07-01 21:18:59,1000330999,,Added,
development_log,6b58c450-3660-46e7-bd38-cbceb6e956bc,ba48c2cb-aeeb-4a65-9923-33042d0dc1d4,cf33be9e-1f38-4cdc-bff9-002f5e2f963d_2,classification,Confidential,,PUBLISHED,Publish,STATUS_CHANGED,2024-07-02 21:43:43,2024-07-02 21:43:43,1000330999,cf33be9e-1f38-4cdc-bff9-002f5e2f963d_1,,,,,,,,,
development_log,105e65d3-1324-491b-88d5-e266ca9adbd7,ba48c2cb-aeeb-4a65-9923-33042d0dc1d4,cf33be9e-1f38-4cdc-bff9-002f5e2f963d_1,classification,Confidential,,PUBLISHED,Publish,STATUS_CHANGED,2024-07-02 21:40:13,2024-07-02 21:40:13,1000330999,cf33be9e-1f38-4cdc-bff9-002f5e2f963d_0,tags,Collection,[],"[Employee, Person]",2024-07-02 21:40:13,1000330999,,Modified,4bf3a8a7-81dc-493a-9ef6-904741e518e3
"",,,,,,,,,,,,,,grouped_by_category,Relationship,,"{""value"":""Employee"",""path"":[""Person""]}",2024-07-02 21:40:14,1000330999,category,Added,9cd13c7b-803b-4175-9c48-03462af32337
"",,,,,,,,,,,,,,grouped_by_category,Relationship,,"{""value"":""Person""}",2024-07-02 21:40:14,1000330999,category,Added,9cd13c7b-803b-4175-9c48-03462af32337
development_log,b524acc8-3442-440a-9a0c-58b1b0eaed18,ba48c2cb-aeeb-4a65-9923-33042d0dc1d4,cf33be9e-1f38-4cdc-bff9-002f5e2f963d_0,classification,Confidential,,,,MODIFIED,2024-07-01 21:18:59,2024-07-01 21:18:59,1000330999,,parent_category,Relationship,,"{""value"":""[uncategorized]""}",2024-07-01 21:18:59,1000330999,category,Added,ae3dfe9b-13d0-4ad5-bb4f-9b857c201bde
development_log,9f40fd7b-35b1-4d10-96f8-541f277f9503,ba48c2cb-aeeb-4a65-9923-33042d0dc1d4,cf33be9e-1f38-4cdc-bff9-002f5e2f963d_0,classification,Confidential,,PUBLISHED,Publish,STATUS_CHANGED,2024-07-01 21:18:59,2024-07-01 21:18:59,1000330999,,name,String,,Confidential,2024-07-01 21:18:59,1000330999,,Added,
"",,,,,,,,,,,,,,longDescription,String,,"Confidential data is data that if compromised in some form, is likely to result in significant and/or long-term harm to the institution and/or individuals whose data it is. Access to confidential information is restricted to those who have a legitimate purpose for accessing such information.",2024-07-01 21:18:59,1000330999,,Added,
development_log,c688fa5d-dd12-4881-b3f1-7fdef39e6c92,cb271604-8d83-4677-a8b7-17ac1452c08c,f385f408-0272-48d3-873b-efc0fcd31ed8_2,classification,Sensitive Personal Information,,,,MODIFIED,2024-07-02 21:48:00,2024-07-02 21:48:00,1000330999,f385f408-0272-48d3-873b-efc0fcd31ed8_1,related,Relationship,,"{""value"":""All Credit Card Information Must be Protected"",""path"":[""Person"",""Privacy""]}",2024-07-02 21:48:00,1000330999,rule,Added,7cee2729-fbbd-4ba4-97c1-64711c4d126e
development_log,ec09691c-83f9-4f79-9f9c-ad84c4d89904,cb271604-8d83-4677-a8b7-17ac1452c08c,f385f408-0272-48d3-873b-efc0fcd31ed8_2,classification,Sensitive Personal Information,,,,MODIFIED,2024-07-02 21:45:28,2024-07-02 21:45:28,1000330999,f385f408-0272-48d3-873b-efc0fcd31ed8_1,related,Relationship,,"{""value"":""Protection of Personal and Sensitive Information"",""path"":[""Person"",""Privacy""]}",2024-07-02 21:45:28,1000330999,policy,Added,012e842f-f1a4-491d-9213-a0c0bbc02551
development_log,0f786378-e6e1-40bc-b613-158243653b30,cb271604-8d83-4677-a8b7-17ac1452c08c,f385f408-0272-48d3-873b-efc0fcd31ed8_2,classification,Sensitive Personal Information,,PUBLISHED,Publish,STATUS_CHANGED,2024-07-02 21:43:43,2024-07-02 21:43:43,1000330999,f385f408-0272-48d3-873b-efc0fcd31ed8_1,,,,,,,,,
development_log,e684d48c-74ae-4b97-ad32-167c8436aab6,cb271604-8d83-4677-a8b7-17ac1452c08c,f385f408-0272-48d3-873b-efc0fcd31ed8_1,classification,Sensitive Personal Information,,PUBLISHED,Publish,STATUS_CHANGED,2024-07-02 21:40:13,2024-07-02 21:40:13,1000330999,f385f408-0272-48d3-873b-efc0fcd31ed8_0,tags,Collection,[],"[Employee, Person]",2024-07-02 21:40:13,1000330999,,Modified,d411412c-88b2-42b9-ade7-fc3a151d2487
"",,,,,,,,,,,,,,grouped_by_category,Relationship,,"{""value"":""Person""}",2024-07-02 21:40:14,1000330999,category,Added,2f85c42a-d1e1-475c-b971-637d0248f7b7
"",,,,,,,,,,,,,,grouped_by_category,Relationship,,"{""value"":""Employee"",""path"":[""Person""]}",2024-07-02 21:40:14,1000330999,category,Added,2f85c42a-d1e1-475c-b971-637d0248f7b7
development_log,40c8b0bc-2218-4554-9346-4a018734e0e2,cb271604-8d83-4677-a8b7-17ac1452c08c,f385f408-0272-48d3-873b-efc0fcd31ed8_0,classification,Sensitive Personal Information,,,,MODIFIED,2024-07-01 21:18:59,2024-07-01 21:18:59,1000330999,,parent_category,Relationship,,"{""value"":""[uncategorized]""}",2024-07-01 21:18:59,1000330999,category,Added,0fdea7c6-29f4-445f-af8d-fe376e40eb45
development_log,fd8793de-a65c-44b7-800a-c4fef009dd89,cb271604-8d83-4677-a8b7-17ac1452c08c,f385f408-0272-48d3-873b-efc0fcd31ed8_0,classification,Sensitive Personal Information,,PUBLISHED,Publish,STATUS_CHANGED,2024-07-01 21:18:59,2024-07-01 21:18:59,1000330999,,name,String,,Sensitive Personal Information,2024-07-01 21:18:59,1000330999,,Added,
"",,,,,,,,,,,,,,longDescription,String,,Sensitive personal data is defined as personal data consisting of information relating to an individual with regard to racial or ethnic origin; political opinions; religious beliefs or other beliefs of a similar nature; trade union membership; physical or mental health or condition; sexual life; or any criminal or alleged criminal history of a person.,2024-07-01 21:18:59,1000330999,,Added,
development_log,0ed9548b-fa26-4861-b147-9712de8201d7,e21658c8-0d49-4503-9c8e-d870739ca3e8,3fcf7ed1-c739-4017-b414-b0521aa482d7_2,classification,Personal Information,,,,MODIFIED,2024-07-02 21:45:28,2024-07-02 21:45:28,1000330999,3fcf7ed1-c739-4017-b414-b0521aa482d7_1,related,Relationship,,"{""value"":""Protection of Personal and Sensitive Information"",""path"":[""Person"",""Privacy""]}",2024-07-02 21:45:28,1000330999,policy,Added,858abdd9-32f1-40af-b644-665aa67138d4
development_log,2630720c-628c-4898-9a54-be29fb70df92,e21658c8-0d49-4503-9c8e-d870739ca3e8,3fcf7ed1-c739-4017-b414-b0521aa482d7_2,classification,Personal Information,,PUBLISHED,Publish,STATUS_CHANGED,2024-07-02 21:43:43,2024-07-02 21:43:43,1000330999,3fcf7ed1-c739-4017-b414-b0521aa482d7_1,,,,,,,,,
development_log,aae3cd1c-7622-45c9-991e-77e98f0f88bd,e21658c8-0d49-4503-9c8e-d870739ca3e8,3fcf7ed1-c739-4017-b414-b0521aa482d7_1,classification,Personal Information,,PUBLISHED,Publish,STATUS_CHANGED,2024-07-02 21:40:13,2024-07-02 21:40:13,1000330999,3fcf7ed1-c739-4017-b414-b0521aa482d7_0,tags,Collection,[],"[Employee, Person]",2024-07-02 21:40:13,1000330999,,Modified,120d86a4-b263-42de-b336-92b34f5a6a85
"",,,,,,,,,,,,,,grouped_by_category,Relationship,,"{""value"":""Person""}",2024-07-02 21:40:14,1000330999,category,Added,6429dd41-eb83-4763-8eae-297ba862a4d4
"",,,,,,,,,,,,,,grouped_by_category,Relationship,,"{""value"":""Employee"",""path"":[""Person""]}",2024-07-02 21:40:14,1000330999,category,Added,6429dd41-eb83-4763-8eae-297ba862a4d4
development_log,717d6d7e-dcb7-46de-ade8-fe4a5d2f1ba4,e21658c8-0d49-4503-9c8e-d870739ca3e8,3fcf7ed1-c739-4017-b414-b0521aa482d7_0,classification,Personal Information,,,,MODIFIED,2024-07-01 21:18:58,2024-07-01 21:18:58,1000330999,,parent_category,Relationship,,"{""value"":""[uncategorized]""}",2024-07-01 21:18:58,1000330999,category,Added,fd69febd-8e60-46c1-b5dc-f43e2d336cc5
development_log,94494e0a-1963-49c0-9c23-05a7f47629bf,e21658c8-0d49-4503-9c8e-d870739ca3e8,3fcf7ed1-c739-4017-b414-b0521aa482d7_0,classification,Personal Information,,PUBLISHED,Publish,STATUS_CHANGED,2024-07-01 21:18:58,2024-07-01 21:18:58,1000330999,,name,String,,Personal Information,2024-07-01 21:18:58,1000330999,,Added,
"",,,,,,,,,,,,,,longDescription,String,,"Personal Information (PI) is defined as any data relating to an identified or identifiable individual. PI includes both identifiers, such as someone's name or employee serial number, as well as any personal information that can be reasonably associated with an individual, such as age, profession, preferences, net worth or mobile device location.",2024-07-01 21:18:58,1000330999,,Added,
