[{"metadata":{"asset_id":"c6adaa16-d34f-4a1f-acfe-1cffeaac4410","asset_type":"data_intg_flow","catalog_id":"e8809fa0-6b80-47e5-bb0f-22d18b5877b4","create_time":"2023-08-03T18:45:31.000Z","creator_id":"IBMid-0600012PVT","name":"Employee Data","origin_country":"us","size":21146,"project_id":"4437c484-7ea1-42ef-bd96-0a0091f6fec2","resource_key":"4437c484-7ea1-42ef-bd96-0a0091f6fec2/data_intg_flow/Employee Data","usage":{"last_update_time":"2023-08-03T18:49:53.032Z","last_updated_at":"2023-08-03T18:49:53Z","last_updater_id":"IBMid-0600012PVT","access_count":0,"last_accessed_at":"2023-08-03T18:49:53Z","last_accessor_id":"IBMid-0600012PVT","last_access_time":"2023-08-03T18:49:53.032Z"}},"entity":{"data_intg_flow":{"mime_type":"application/json","dataset":false}},"attachments":[{"test_doc":0,"object_key":"data_intg_flow/4437c484-7ea1-42ef-bd96-0a0091f6fec2c6adaa16-d34f-4a1f-acfe-1cffeaac4410","create_time":1691088586554,"complete_time_ticks":1691088586554,"mime":"application/json","usage":{"access_count":0,"last_accessor_id":"IBMid-0600012PVT","last_access_time":1691088586554},"is_remote":false,"handle":{"bucket":"test-donotdelete-pr-4p7591coj1zwvl","max_part_num":1,"upload_id":"done","location":"us-south","type":"bluemix_cos","key":"data_intg_flow/4437c484-7ea1-42ef-bd96-0a0091f6fec2c6adaa16-d34f-4a1f-acfe-1cffeaac4410"},"is_user_provided_path_key":true,"user_data":{},"version":2,"size":17860,"is_partitioned":false,"datasource_type":"193a97c1-4475-4a19-b90c-295c4fdc6517","transfer_complete":true,"asset_type":"data_intg_flow","name":"data_intg_flows","creator_id":"IBMid-0600012PVT","id":"5deb5301-8ecf-4c3b-a937-1574debcfbfc","is_referenced":true,"is_managed":false,"is_object_key_read_only":false},{"test_doc":0,"object_key":"data_intg_flow/4437c484-7ea1-42ef-bd96-0a0091f6fec2c6adaa16-d34f-4a1f-acfe-1cffeaac4410px_executables","create_time":1691088593031,"complete_time_ticks":1691088593031,"mime":"application/octet-stream","usage":{"access_count":0,"last_accessor_id":"IBMid-0600012PVT","last_access_time":1691088593031},"is_remote":false,"handle":{"bucket":"test-donotdelete-pr-4p7591coj1zwvl","max_part_num":1,"upload_id":"done","location":"us-south","type":"bluemix_cos","key":"data_intg_flow/4437c484-7ea1-42ef-bd96-0a0091f6fec2c6adaa16-d34f-4a1f-acfe-1cffeaac4410px_executables"},"is_user_provided_path_key":true,"user_data":{},"version":2,"size":3286,"is_partitioned":false,"datasource_type":"193a97c1-4475-4a19-b90c-295c4fdc6517","transfer_complete":true,"asset_type":"data_intg_flow","name":"px_executables","creator_id":"IBMid-0600012PVT","id":"156bea6c-3834-4c9a-b7a9-b2af51a9e6fb","is_referenced":true,"is_managed":false,"is_object_key_read_only":false}]}]
