{"metadata":{"asset_id":"bed17302-f853-4b61-9a8e-3065a7f7e7ab","asset_attributes":["data_asset"],"name":"policy_risk_training_autoai.csv","asset_type":"data_asset","created_at":"2023-12-29T20:05:32Z","origin_country":"us","owner_id":"IBMid-110000B3QC","project_id":"44925a2b-61c4-448c-9550-1f6f0cf05017","size":5997802,"usage":{"last_update_time":1703880332121,"last_updated_at":"2023-12-29T20:05:32Z"}},"entity":{"data_asset":{"mime_type":"text/csv","dataset":false},"location_definition":{"physical_location_code_assignment_method":"INFERRED","physical_location_code":"DAL","physical_location_code_assigned_by":"IBMid-110000B3QC","physical_location_code_added_on":"1703880223148","physical_location_code_rds_version":"00002022-0706-4013-8454-473140000000_2","physical_location_code_rds_id":"c57cb90f-2126-3800-9c9f-9eab82021cdf"}},"attachments":[{"id":"a3160759-5f70-461a-9ac0-b7d531a3bfa1","version":2,"asset_type":"data_asset","name":"policy_risk_training_autoai.csv","mime":"text/csv","datasource_type":"193a97c1-4475-4a19-b90c-295c4fdc6517","object_key":"policy_risk_training_autoai.csv","creator_id":"IBMid-110000B3QC","create_time":1703880332302,"size":5997802,"is_remote":false,"is_managed":false,"is_referenced":true,"is_object_key_read_only":true,"is_user_provided_path_key":true,"transfer_complete":true,"is_partitioned":false,"complete_time_ticks":1703880332302,"user_data":{},"test_doc":0,"handle":{"bucket":"autoinsurancepolicyrisk-donotdelete-pr-jqqrdj9kt1vzns","location":"us-south","type":"bluemix_cos","key":"policy_risk_training_autoai.csv","upload_id":"done","max_part_num":1},"usage":{"access_count":0,"last_accessor_id":"IBMid-110000B3QC","last_access_time":1703880332302}}]}
