{"metadata":{"asset_id":"330c1b35-389e-42e9-a6dc-821ffa26dcc6","asset_attributes":["notebook"],"name":"Send data to model","asset_type":"notebook","created_at":"2024-01-08T03:29:28Z","description":"","origin_country":"us","owner_id":"IBMid-110000B3QC","project_id":"44925a2b-61c4-448c-9550-1f6f0cf05017","size":3721,"tags":["notebook"],"usage":{"last_update_time":1704734324386,"last_updated_at":"2024-01-08T17:18:44Z"}},"entity":{"notebook":{"kernel":{"name":"python3","display_name":"Python 3.10","language":"python"},"originates_from":{"type":"blank"},"runtime":{"environment":"rt231pys2-44925a2b-61c4-448c-9550-1f6f0cf05017"}},"location_definition":{"physical_location_code":"DAL","physical_location_code_assigned_by":"IBMid-110000B3QC","physical_location_code_rds_id":"c57cb90f-2126-3800-9c9f-9eab82021cdf","physical_location_code_rds_version":"00002022-0706-4013-8454-473140000000_2","physical_location_code_assignment_method":"INFERRED","physical_location_code_added_on":"1703880223148"}},"attachments":[{"id":"e4b3178c-9c6a-445b-91ff-778cfef7deee","version":2,"asset_type":"notebook","name":"attachment for notebook 330c1b35-389e-42e9-a6dc-821ffa26dcc6","description":"attachment for notebook 330c1b35-389e-42e9-a6dc-821ffa26dcc6","mime":"application/json","datasource_type":"193a97c1-4475-4a19-b90c-295c4fdc6517","object_key":"notebook/Send_data_to_model_8PWs3qSki.ipynb","creator_id":"IBMid-110000B3QC","create_time":1704684569801,"size":3721,"is_remote":false,"is_managed":false,"is_referenced":true,"is_object_key_read_only":false,"is_user_provided_path_key":true,"transfer_complete":true,"is_partitioned":false,"complete_time_ticks":1704684569801,"user_data":{},"test_doc":0,"handle":{"bucket":"autoinsurancepolicyrisk-donotdelete-pr-jqqrdj9kt1vzns","location":"us-south","type":"bluemix_cos","key":"notebook/Send_data_to_model_8PWs3qSki.ipynb","upload_id":"done","max_part_num":1},"usage":{"access_count":31,"last_accessor_id":"IBMid-110000B3QC","last_access_time":1704734322756,"last_updater_id":"IBMid-110000B3QC","last_update_time":1704734322756}}]}
