{"metadata":{"asset_id":"67e3a510-1158-4114-8b79-eeb91180ed19","asset_attributes":["wml_model","modelfacts_system","modelfacts_user"],"name":"AutoAI policy risk - P4 Ridge - Model","asset_type":"wml_model","created_at":"2023-12-29T20:20:25Z","origin_country":"us","owner_id":"IBMid-110000B3QC","project_id":"44925a2b-61c4-448c-9550-1f6f0cf05017","sandbox_id":"44925a2b-61c4-448c-9550-1f6f0cf05017","size":7856,"tags":[],"usage":{"last_update_time":1703881234571,"last_updated_at":"2023-12-29T20:20:34Z"}},"entity":{"wml_model":{"data_asset_dependencies":["bed17302-f853-4b61-9a8e-3065a7f7e7ab"],"hybrid_pipeline_software_specs":[{"base_id":"b4246d87-d8b3-5621-9fea-76a8ea452616","name":"autoai-kb_rt23.1-py3.10"}],"data_preprocessing":[{"input":{"columns":20,"rows":90346},"output":{"columns":20,"rows":89249},"props":{"duplicated_rows_count":1,"outliers_count":1096},"stage":"cleansing"}],"label_column":"RISK","pipeline":{"id":"288e299a-6469-45d9-bd91-11ee5a51213d"},"training_id":"672df528-222f-41a0-bfb0-d636e0e66177","metrics":[{"context":{"classes":[],"features_importance":[{"computation_type":"","features":{"NB_CLAIMS":0.01,"NewFeature_9_sqrt(CLAIM_TOTAL)":0.01,"PRIM_DRIVER_AGE":0.01,"OVER60":0,"HOTSPOT3":0,"NewFeature_10_sqrt(NB_PRIM_CLAIMS)":0.05,"HOTSPOT4":0.01,"NewFeature_1_sqrt(HOTSPOT2)":0.43,"CLAIM_TOTAL":0.01,"NewFeature_3_sqrt(HOTSPOT4)":0,"NewFeature_4_sqrt(HOTSPOT5)":0.01,"HOTSPOT1":0,"HOTSPOT5":0.01,"NewFeature_6_sqrt(MAKE_MODEL)":0,"MAKE_MODEL":0,"NewFeature_8_sqrt(INITIAL_ODOMETER)":0,"NewFeature_11_sqrt(PRIM_CLAIM_TOTAL)":0,"NewFeature_2_sqrt(HOTSPOT3)":0,"INITIAL_ODOMETER":0,"MALE25":0.03,"LOW_MILEAGE_USE":0.01,"UNDER25":0,"NewFeature_5_sqrt(PRIM_DRIVER_AGE)":0,"NB_PRIM_CLAIMS":0.05,"MODEL_YEAR":0,"PRIM_DRIVER_GENDER":0.1,"NB_DRIVERS":0,"NewFeature_7_sqrt(MODEL_YEAR)":0,"NewFeature_0_sqrt(HOTSPOT1)":0,"PRIM_CLAIM_TOTAL":0,"HOTSPOT2":1},"stage":"Mean"}],"intermediate_model":{"composition_steps":["Split_TrainingHoldout","TrainingDataset_full_80324_19","Datetime_FE","TrainingDataset_full_80324_19","Preprocessor_default","DAUB","hpo_d","cognito","hpo_c"],"duration":381719,"location":{"model":"auto_ml/eb1e8d76-71a8-4e0e-930d-5833231afdef/wml_data/672df528-222f-41a0-bfb0-d636e0e66177/data/automl/hpo_c_output/Pipeline1/model.pickle","pipeline":"auto_ml/eb1e8d76-71a8-4e0e-930d-5833231afdef/wml_data/672df528-222f-41a0-bfb0-d636e0e66177/data/automl/hpo_c_output/Pipeline1/pipeline.json","pipeline_model":"auto_ml/eb1e8d76-71a8-4e0e-930d-5833231afdef/wml_data/672df528-222f-41a0-bfb0-d636e0e66177/data/automl/hpo_c_output/Pipeline1/pipeline-model.json"},"name":"P4","notebook_location":"auto_ml/eb1e8d76-71a8-4e0e-930d-5833231afdef/wml_data/672df528-222f-41a0-bfb0-d636e0e66177/data/automl/hpo_c_output/Pipeline1/notebook.ipynb","pipeline_nodes":["PreprocessingTransformer","autoai_libs.cognito.transforms.transform_utils.TA1","autoai_libs.cognito.transforms.transform_utils.FS1","Ridge"],"process":"hpo_c_output","schema_location":"auto_ml/eb1e8d76-71a8-4e0e-930d-5833231afdef/wml_data/672df528-222f-41a0-bfb0-d636e0e66177/data/automl/hpo_c_output/Pipeline1/schema.json"},"phase":"hpo_c_output","prediction_type":"regression","target_column":"RISK"},"ml_metrics":{"holdout_explained_variance":0.9166265726089478,"training_neg_mean_squared_log_error":-0.006034801869342725,"holdout_neg_median_absolute_error":-1.0839290618896484,"holdout_neg_root_mean_squared_log_error":-0.07544203633450351,"holdout_neg_mean_squared_error":-3.7587289810180664,"training_explained_variance":0.914843738079071,"training_r2":0.9148427343410148,"training_neg_median_absolute_error":-1.1102409362792969,"training_neg_mean_squared_error":-3.867233991622925,"training_neg_root_mean_squared_error":-1.9665182336990343,"holdout_r2":0.9166120968602229,"training_neg_mean_absolute_error":-1.5198933283487956,"holdout_neg_root_mean_squared_error":-1.9387441762692845,"holdout_neg_mean_absolute_error":-1.490410327911377,"holdout_neg_mean_squared_log_error":-0.005691500846296549,"training_neg_root_mean_squared_log_error":-0.07768146825553446},"timestamp":"2023-12-29T20:17:02.000Z"}],"ml_version":"4.0.19","type":"wml-hybrid_0.1","schemas":{"input":[{"fields":[{"name":"HOTSPOT1","type":"integer"},{"name":"HOTSPOT2","type":"integer"},{"name":"HOTSPOT3","type":"integer"},{"name":"HOTSPOT4","type":"integer"},{"name":"HOTSPOT5","type":"integer"},{"name":"NB_DRIVERS","type":"integer"},{"name":"UNDER25","type":"integer"},{"name":"OVER60","type":"integer"},{"name":"MALE25","type":"integer"},{"name":"PRIM_DRIVER_AGE","type":"integer"},{"name":"PRIM_DRIVER_GENDER","type":"other"},{"name":"MAKE_MODEL","type":"other"},{"name":"MODEL_YEAR","type":"integer"},{"name":"INITIAL_ODOMETER","type":"integer"},{"name":"LOW_MILEAGE_USE","type":"integer"},{"name":"NB_CLAIMS","type":"integer"},{"name":"CLAIM_TOTAL","type":"integer"},{"name":"NB_PRIM_CLAIMS","type":"integer"},{"name":"PRIM_CLAIM_TOTAL","type":"integer"}],"id":"auto_ai_kb_input_schema"}],"output":[]},"content_location":{"connection":{},"contents":[{"content_format":"pipeline-node","file_name":"P4_automl.zip","location":"auto_ml/eb1e8d76-71a8-4e0e-930d-5833231afdef/wml_data/672df528-222f-41a0-bfb0-d636e0e66177/assets/672df528-222f-41a0-bfb0-d636e0e66177_P4_hpo_c_output/resources/wml_model/P4_automl.zip","pipeline_node_id":"automl"},{"content_format":"native","file_name":"pipeline_model.json","location":"auto_ml/eb1e8d76-71a8-4e0e-930d-5833231afdef/wml_data/672df528-222f-41a0-bfb0-d636e0e66177/assets/672df528-222f-41a0-bfb0-d636e0e66177_P4_hpo_c_output/resources/wml_model/pipeline_model.json"}],"location":{"path":"auto_ml/eb1e8d76-71a8-4e0e-930d-5833231afdef/wml_data","notebooks_path":"auto_ml/eb1e8d76-71a8-4e0e-930d-5833231afdef/wml_data/672df528-222f-41a0-bfb0-d636e0e66177/notebooks","training":"auto_ml/eb1e8d76-71a8-4e0e-930d-5833231afdef/wml_data/672df528-222f-41a0-bfb0-d636e0e66177","training_status":"auto_ml/eb1e8d76-71a8-4e0e-930d-5833231afdef/wml_data/672df528-222f-41a0-bfb0-d636e0e66177/training-status.json","assets_path":"auto_ml/eb1e8d76-71a8-4e0e-930d-5833231afdef/wml_data/672df528-222f-41a0-bfb0-d636e0e66177/assets"},"type":"container"},"training_data_references":[{"connection":{},"id":"policy_risk_training_autoai.csv","location":{"href":"/v2/assets/bed17302-f853-4b61-9a8e-3065a7f7e7ab?project_id=44925a2b-61c4-448c-9550-1f6f0cf05017","id":"bed17302-f853-4b61-9a8e-3065a7f7e7ab","project_id":"44925a2b-61c4-448c-9550-1f6f0cf05017","userfs":"false"},"schema":{"fields":[{"name":"HOTSPOT1","type":"integer"},{"name":"HOTSPOT2","type":"integer"},{"name":"HOTSPOT3","type":"integer"},{"name":"HOTSPOT4","type":"integer"},{"name":"HOTSPOT5","type":"integer"},{"name":"NB_DRIVERS","type":"integer"},{"name":"UNDER25","type":"integer"},{"name":"OVER60","type":"integer"},{"name":"MALE25","type":"integer"},{"name":"PRIM_DRIVER_AGE","type":"integer"},{"name":"PRIM_DRIVER_GENDER","type":"other"},{"name":"MAKE_MODEL","type":"other"},{"name":"MODEL_YEAR","type":"integer"},{"name":"INITIAL_ODOMETER","type":"integer"},{"name":"LOW_MILEAGE_USE","type":"integer"},{"name":"NB_CLAIMS","type":"integer"},{"name":"CLAIM_TOTAL","type":"integer"},{"name":"NB_PRIM_CLAIMS","type":"integer"},{"name":"PRIM_CLAIM_TOTAL","type":"integer"},{"name":"RISK","type":"double"}],"id":"auto_ai_kb_input_schema"},"type":"data_asset"}],"software_spec":{"base_id":"8c1a58c6-62b5-4dc4-987a-df751c2756b6","name":"hybrid_0.1"},"content_import_state":"completed","test_data_references":[]},"location_definition":{"physical_location_code_assignment_method":"INFERRED","physical_location_code":"DAL","physical_location_code_assigned_by":"IBMid-110000B3QC","physical_location_code_added_on":"1703880223148","physical_location_code_rds_version":"00002022-0706-4013-8454-473140000000_2","physical_location_code_rds_id":"c57cb90f-2126-3800-9c9f-9eab82021cdf"},"modelfacts_system":{"model_information":{"model_type":"wml-hybrid_0.1","model_description":"","input_type":"","algorithm":"Ridge","prediction_type":"regression","software_spec":"hybrid_0.1","software_spec_id":"8c1a58c6-62b5-4dc4-987a-df751c2756b6","asset_type":"wml_model","label_column":"RISK"},"training_information":{"project_name":"Auto insurance policy risk","training_data_references":[{"training_data":"policy_risk_training_autoai.csv","training_data_href":"/projects/44925a2b-61c4-448c-9550-1f6f0cf05017/data-assets/bed17302-f853-4b61-9a8e-3065a7f7e7ab/preview","source_type":"CSV","source":"","source_href":"","source_path":"","training_data_exists":true,"source_exists":true,"type":"Data asset"}],"hyper_parameters":"","hybrid_pipeline":[{"name":"autoai-kb_rt23.1-py3.10","id":"b4246d87-d8b3-5621-9fea-76a8ea452616"}],"features":19},"project_details":{"id":"44925a2b-61c4-448c-9550-1f6f0cf05017","environment_type":"development","is_environmenttype_openscale_value":false},"model_identity_information":{"model_identity_key":"0f38c70f-cb8d-4c10-8afb-9cfb9b4e40d6"},"metrics":[{"ml_metrics":[{"training_value":0.9148427,"id":"r2","name":"R squared","holdout_value":0.9166121},{"training_value":-1.9665183,"id":"root_mean_squared_error","name":"Root mean squared error","holdout_value":-1.9387442},{"training_value":-0.0060348017,"id":"mean_squared_log_error","name":"Mean squared log error","holdout_value":-0.005691501},{"holdout_value":-1.0839291,"id":"median_absolute_error","name":"Median absolute error","training_value":-1.1102409},{"holdout_value":-3.758729,"id":"mean_squared_error","name":"Mean squared error","training_value":-3.867234},{"holdout_value":-0.07544204,"id":"root_mean_squared_log_error","name":"Root mean squared log error","training_value":-0.07768147},{"holdout_value":0.9166266,"id":"explained_variance","name":"Explained variance","training_value":0.91484374},{"training_value":-1.5198933,"id":"mean_absolute_error","name":"Mean absolute error","holdout_value":-1.4904103}],"timestamp":"2023-12-29T20:17:02.000Z"}]},"modelfacts_user":{}},"attachments":[{"id":"10db387b-45d3-452b-98fa-fd2cbf4fa9db","version":2,"asset_type":"wml_model","name":"P4_automl.zip","datasource_type":"193a97c1-4475-4a19-b90c-295c4fdc6517","creator_id":"IBMid-110000B3QC","create_time":1703881225967,"size":6007,"is_remote":false,"is_managed":true,"is_referenced":false,"is_object_key_read_only":false,"is_user_provided_path_key":false,"transfer_complete":true,"is_partitioned":false,"complete_time_ticks":1703881227339,"user_data":{"content_format":"pipeline-node","pipeline_node_id":"automl"},"test_doc":0,"handle":{"bucket":"autoinsurancepolicyrisk-donotdelete-pr-jqqrdj9kt1vzns","location":"us-south","type":"bluemix_cos","key":"1fd73fb5-691a-4076-b057-c0c57a870862/67e3a510-1158-4114-8b79-eeb91180ed19/10db387b-45d3-452b-98fa-fd2cbf4fa9db","upload_id":"done","max_part_num":1},"usage":{"access_count":1,"last_accessor_id":"IBMid-110000B3QC","last_access_time":1703881227339,"last_updater_id":"IBMid-110000B3QC","last_update_time":1703881227339}},{"id":"1cd5c551-65ad-4496-a04f-abcde9962d67","version":2,"asset_type":"wml_model","name":"pipeline_model.json","datasource_type":"193a97c1-4475-4a19-b90c-295c4fdc6517","creator_id":"IBMid-110000B3QC","create_time":1703881226239,"size":1849,"is_remote":false,"is_managed":true,"is_referenced":false,"is_object_key_read_only":false,"is_user_provided_path_key":false,"transfer_complete":true,"is_partitioned":false,"complete_time_ticks":1703881227884,"user_data":{"content_format":"native"},"test_doc":0,"handle":{"bucket":"autoinsurancepolicyrisk-donotdelete-pr-jqqrdj9kt1vzns","location":"us-south","type":"bluemix_cos","key":"1fd73fb5-691a-4076-b057-c0c57a870862/67e3a510-1158-4114-8b79-eeb91180ed19/1cd5c551-65ad-4496-a04f-abcde9962d67","upload_id":"done","max_part_num":1},"usage":{"access_count":1,"last_accessor_id":"IBMid-110000B3QC","last_access_time":1703881227884,"last_updater_id":"IBMid-110000B3QC","last_update_time":1703881227884}}]}
