{"metadata":{"asset_id":"288e299a-6469-45d9-bd91-11ee5a51213d","asset_attributes":["wml_pipeline"],"name":"AutoAI policy risk","asset_type":"wml_pipeline","created_at":"2023-12-29T20:06:35Z","origin_country":"us","owner_id":"IBMid-110000B3QC","project_id":"44925a2b-61c4-448c-9550-1f6f0cf05017","sandbox_id":"44925a2b-61c4-448c-9550-1f6f0cf05017","size":0,"tags":["dsx-project.44925a2b-61c4-448c-9550-1f6f0cf05017"],"usage":{"last_update_time":1703880395089,"last_updated_at":"2023-12-29T20:06:35Z"}},"entity":{"wml_pipeline":{"document":{"doc_type":"pipeline","pipelines":[{"id":"autoai","nodes":[{"id":"automl","op":"kube","parameters":{"output_logs":true,"input_file_separator":",","stage_flag":true,"optimization":{"compute_pipeline_notebooks_flag":true,"cv_num_folds":3,"daub_adaptive_subsampling_max_mem_usage":15000000000,"global_stage_include_batched_ensemble_estimators":[],"holdout_param":0.1,"label":"RISK","learning_type":"regression","max_num_daub_ensembles":2,"run_cognito_flag":true,"scorer_for_ranking":"neg_root_mean_squared_error"},"n_parallel_data_connections":4,"one_vs_all_file":true},"runtime_ref":"autoai","type":"execution_node"}],"runtime_ref":"hybrid"}],"primary_pipeline":"autoai","runtimes":[{"app_data":{"wml_data":{"hardware_spec":{"base_id":"a6c4923b-b8e4-444c-9f43-8a7ec3020110","name":"L"}}},"id":"autoai","name":"auto_ai.kb"}],"version":"2.0"},"ml_version":"4.0.5"}}}
