{"description":"Folder asset type","fields":[{"key":"host","type":"string","facet":false,"is_array":false,"is_searchable_across_types":false},{"key":"user","type":"string","facet":false,"is_array":false,"is_searchable_across_types":false},{"key":"ip","type":"string","facet":false,"is_array":false,"is_searchable_across_types":false}],"external_asset_preview":{},"relationships":[],"localized_metadata_attributes":{"name":{"default":"Folder Asset","en":"Folder Asset"}},"global_search_searchable":[],"attribute_only":false,"version":1,"name":"folder_asset","scope":"GLOBAL"}
