{"metadata":{"asset_id":"0a6a9e8e-fa20-4741-b5b1-884fd8d88b58","asset_attributes":["data_asset"],"name":"Shift.csv","asset_type":"data_asset","created_at":"2021-09-13T16:36:43Z","description":"","origin_country":"us","owner_id":"IBMid-110000B3QC","project_id":"771a3377-2a4a-4170-94fd-54083eb87c58","size":2664,"tags":[],"usage":{"last_update_time":1631551004129,"last_updated_at":"2021-09-13T16:36:44Z"}},"entity":{"data_asset":{"mime_type":"text/csv","dataset":false}},"attachments":[{"id":"8561b9a8-ae6f-49a8-9930-1af2b27839ff","version":2,"asset_type":"data_asset","name":"Shift.csv","mime":"text/csv","datasource_type":"193a97c1-4475-4a19-b90c-295c4fdc6517","object_key":"Shift.csv","creator_id":"IBMid-110000B3QC","create_time":1631551004129,"size":2664,"is_remote":false,"is_managed":false,"is_referenced":true,"is_object_key_read_only":true,"is_user_provided_path_key":true,"transfer_complete":true,"is_partitioned":false,"complete_time_ticks":1631551004129,"user_data":{},"test_doc":0,"handle":{"bucket":"employeeattritionaas-donotdelete-pr-dvvn5czdpt9x2p","location":"us-geo","key":"Shift.csv","upload_id":"done","max_part_num":1},"usage":{"access_count":0,"last_accessor_id":"IBMid-110000B3QC","last_access_time":1631551004129}}]}
