{"metadata":{"asset_id":"04171fd7-286a-4d6c-9166-c435fb05b480","asset_attributes":["data_asset"],"name":"Employee.csv","asset_type":"data_asset","created_at":"2021-09-13T16:36:35Z","description":"","origin_country":"us","owner_id":"IBMid-110000B3QC","project_id":"771a3377-2a4a-4170-94fd-54083eb87c58","size":9800,"tags":[],"usage":{"last_update_time":1631550996661,"last_updated_at":"2021-09-13T16:36:36Z"}},"entity":{"data_asset":{"mime_type":"text/csv","dataset":false}},"attachments":[{"id":"0e8d2bda-3c4e-4ef2-9b31-c7174c4dbbf4","version":2,"asset_type":"data_asset","name":"Employee.csv","mime":"text/csv","datasource_type":"193a97c1-4475-4a19-b90c-295c4fdc6517","object_key":"Employee.csv","creator_id":"IBMid-110000B3QC","create_time":1631550996661,"size":9800,"is_remote":false,"is_managed":false,"is_referenced":true,"is_object_key_read_only":true,"is_user_provided_path_key":true,"transfer_complete":true,"is_partitioned":false,"complete_time_ticks":1631550996661,"user_data":{},"test_doc":0,"handle":{"bucket":"employeeattritionaas-donotdelete-pr-dvvn5czdpt9x2p","location":"us-geo","key":"Employee.csv","upload_id":"done","max_part_num":1},"usage":{"access_count":0,"last_accessor_id":"IBMid-110000B3QC","last_access_time":1631550996661}}]}
