{"metadata":{"asset_id":"d2c61411-61d5-4525-901f-e599c2353fa1","asset_attributes":["data_asset"],"name":"Day.csv","asset_type":"data_asset","created_at":"2021-09-13T16:36:35Z","description":"","origin_country":"us","owner_id":"IBMid-110000B3QC","project_id":"771a3377-2a4a-4170-94fd-54083eb87c58","size":90,"tags":[],"usage":{"last_update_time":1631550998153,"last_updated_at":"2021-09-13T16:36:38Z"}},"entity":{"data_asset":{"mime_type":"text/csv","dataset":false}},"attachments":[{"id":"f0045739-4544-4ff7-a415-45413b6beb3e","version":2,"asset_type":"data_asset","name":"Day.csv","mime":"text/csv","datasource_type":"193a97c1-4475-4a19-b90c-295c4fdc6517","object_key":"Day.csv","creator_id":"IBMid-110000B3QC","create_time":1631550998151,"size":90,"is_remote":false,"is_managed":false,"is_referenced":true,"is_object_key_read_only":true,"is_user_provided_path_key":true,"transfer_complete":true,"is_partitioned":false,"complete_time_ticks":1631550998151,"user_data":{},"test_doc":0,"handle":{"bucket":"employeeattritionaas-donotdelete-pr-dvvn5czdpt9x2p","location":"us-geo","key":"Day.csv","upload_id":"done","max_part_num":1},"usage":{"access_count":0,"last_accessor_id":"IBMid-110000B3QC","last_access_time":1631550998151}}]}
