{"metadata":{"asset_id":"47a6ef33-7da3-4a66-8a9d-cf372e3b3280","asset_attributes":["data_asset"],"name":"modeling_records_2019.csv","asset_type":"data_asset","created_at":"2021-05-25T18:07:30Z","description":"","origin_country":"us","owner_id":"IBMid-120000A2MS","project_id":"cc577b84-5720-4dcf-82f9-3a3663d68aba","size":12248,"tags":[],"usage":{"last_update_time":1621966051585,"last_updated_at":"2021-05-25T18:07:31Z"}},"entity":{"data_asset":{"mime_type":"text/csv","dataset":false}},"attachments":[{"id":"b355284e-df7e-44b2-b28d-869cdd3d72b7","version":2,"asset_type":"data_asset","name":"modeling_records_2019.csv","mime":"text/csv","datasource_type":"193a97c1-4475-4a19-b90c-295c4fdc6517","object_key":"modeling_records_2019.csv","creator_id":"IBMid-120000A2MS","create_time":1621966051585,"size":12248,"is_remote":false,"is_managed":false,"is_referenced":true,"is_object_key_read_only":true,"is_user_provided_path_key":true,"transfer_complete":true,"is_partitioned":false,"complete_time_ticks":1621966051585,"user_data":{},"test_doc":0,"handle":{"bucket":"predictemployeeattrition-donotdelete-pr-uqbaueu58wxhbw","location":"us-geo","key":"modeling_records_2019.csv","upload_id":"done","max_part_num":1},"usage":{"access_count":0,"last_accessor_id":"IBMid-120000A2MS","last_access_time":1621966051585}}]}
