{"metadata":{"asset_id":"cb405342-e3d0-4cfb-addf-f3f5c79333c8","asset_attributes":["notebook"],"name":"AutoAI Attrition 2019 - P7","asset_type":"notebook","created_at":"2021-05-25T18:14:19Z","description":"","origin_country":"us","owner_id":"IBMid-120000A2MS","project_id":"cc577b84-5720-4dcf-82f9-3a3663d68aba","size":25466,"tags":[],"usage":{"last_update_time":1621966464306,"last_updated_at":"2021-05-25T18:14:24Z"}},"entity":{"notebook":{"kernel":{"display_name":"Python 3.7","name":"python3","language":"python"},"originates_from":{"type":"blank"},"runtime":{"environment":"conda4py37-cc577b84-5720-4dcf-82f9-3a3663d68aba"}}},"attachments":[{"id":"0c0c9b36-975f-4c87-8d80-2b6b6c982d25","version":2,"asset_type":"notebook","name":"AutoAI Attrition 2019 - P7","datasource_type":"193a97c1-4475-4a19-b90c-295c4fdc6517","creator_id":"IBMid-120000A2MS","create_time":1621966462256,"size":25466,"is_remote":false,"is_managed":true,"is_referenced":false,"is_object_key_read_only":false,"is_user_provided_path_key":false,"transfer_complete":true,"is_partitioned":false,"complete_time_ticks":1621966464303,"user_data":{},"test_doc":0,"handle":{"bucket":"predictemployeeattrition-donotdelete-pr-uqbaueu58wxhbw","location":"us-geo","type":"bluemix_cos","key":"4ec2859e-05d7-436d-8ba0-f4320924495b/cb405342-e3d0-4cfb-addf-f3f5c79333c8/0c0c9b36-975f-4c87-8d80-2b6b6c982d25","upload_id":"done","max_part_num":1},"usage":{"access_count":0,"last_accessor_id":"IBMid-120000A2MS","last_access_time":1621966462256}}]}
