[{"metadata":{"asset_id":"80d82df3-94e4-408a-8c90-3d5f91aa7031","name":"Example","description":"","tags":[],"asset_type":"orchestration_flow","origin_country":"us","rov":{"mode":0},"owner_id":"IBMid-120000A2MS","created_at":"2021-05-25T18:17:27Z"},"entity":{"orchestration_flow":{"created_at":1621966647,"default_version":{"id":"80d82df3-94e4-408a-8c90-3d5f91aa7031-1","version_code_source_url":"","version_created_at":1621966647,"version_name":"Example","version_parameters":"[{\"name\":\"deployment_space\",\"value\":\"\"}]","version_status":"VOLATILE"},"default_version_id":"80d82df3-94e4-408a-8c90-3d5f91aa7031-1","deleted_versions":[],"status":"VOLATILE","version_code_source_url":"","version_created_at":1621966647,"version_name":"Example","version_parameters":"[{\"name\":\"deployment_space\",\"value\":\"\"}]","version_status":"VOLATILE"}},"scope":"cpd.__projects_cc577b84-5720-4dcf-82f9-3a3663d68aba"}]
