{"metadata":{"asset_id":"e958945c-4cfa-4d17-a3ec-2815f4479b18","asset_attributes":["wml_pipeline"],"name":"AutoAI Attrition 2019","asset_type":"wml_pipeline","created_at":"2021-05-25T18:09:38Z","description":"","origin_country":"us","owner_id":"IBMid-120000A2MS","project_id":"cc577b84-5720-4dcf-82f9-3a3663d68aba","sandbox_id":"cc577b84-5720-4dcf-82f9-3a3663d68aba","size":0,"tags":["dsx-project.cc577b84-5720-4dcf-82f9-3a3663d68aba"],"usage":{"last_update_time":1621966178577,"last_updated_at":"2021-05-25T18:09:38Z"}},"entity":{"wml_pipeline":{"document":{"doc_type":"pipeline","pipelines":[{"id":"autoai","nodes":[{"id":"automl","op":"kube","parameters":{"output_logs":true,"input_file_separator":",","stage_flag":true,"optimization":{"compute_pipeline_notebooks_flag":true,"daub_adaptive_subsampling_max_mem_usage":15000000000,"holdout_param":0.1,"label":"ATTRITION","learning_type":"classification","max_num_daub_ensembles":2,"positive_label":1,"run_cognito_flag":true,"scorer_for_ranking":"accuracy"},"one_vs_all_file":true},"runtime_ref":"autoai","type":"execution_node"}],"runtime_ref":"hybrid"}],"primary_pipeline":"autoai","runtimes":[{"app_data":{"wml_data":{"hardware_spec":{"base_id":"a6c4923b-b8e4-444c-9f43-8a7ec3020110","name":"L"}}},"id":"autoai","name":"auto_ai.kb"}],"version":"2.0"},"ml_version":"4.0.0"}}}
