{"metadata":{"asset_id":"05746162-d1c3-475d-844c-b6e0340cc188","asset_attributes":["wml_model"],"name":"AutoAI Attrition 2019 - P7","asset_type":"wml_model","created_at":"2021-05-25T18:14:46Z","description":"","origin_country":"us","owner_id":"IBMid-120000A2MS","project_id":"cc577b84-5720-4dcf-82f9-3a3663d68aba","sandbox_id":"cc577b84-5720-4dcf-82f9-3a3663d68aba","size":12139,"tags":[],"usage":{"last_update_time":1621966491983,"last_updated_at":"2021-05-25T18:14:51Z"}},"entity":{"wml_model":{"hybrid_pipeline_software_specs":[{"base_id":"a545cca3-02df-5c61-9e88-998b09dc79af","name":"autoai-kb_3.3-py3.7"}],"content_location":{"connection":{"access_key_id":"35f2054f2965427abaafc0a9458e962d","endpoint_url":"https://s3-api.us-geo.objectstorage.softlayer.net","secret_access_key":"5c70970cb063ac5a6f6457fe59cabe11131e4823c4eec615","accessKeyId":"35f2054f2965427abaafc0a9458e962d"},"contents":[{"content_format":"native","file_name":"pipeline_model.json","location":"auto_ml/f3c1c07d-2b2b-4a42-8421-6e5e3f738b74/wml_data/71eab0b4-108c-43b7-997a-b56510225591/assets/71eab0b4-108c-43b7-997a-b56510225591_P7_cognito_output/resources/wml_model/pipeline_model.json"},{"content_format":"pipeline-node","file_name":"P7_automl.zip","location":"auto_ml/f3c1c07d-2b2b-4a42-8421-6e5e3f738b74/wml_data/71eab0b4-108c-43b7-997a-b56510225591/assets/71eab0b4-108c-43b7-997a-b56510225591_P7_cognito_output/resources/wml_model/P7_automl.zip","pipeline_node_id":"automl"}],"location":{"path":"auto_ml/f3c1c07d-2b2b-4a42-8421-6e5e3f738b74/wml_data","notebooks_path":"auto_ml/f3c1c07d-2b2b-4a42-8421-6e5e3f738b74/wml_data/71eab0b4-108c-43b7-997a-b56510225591/notebooks","training":"auto_ml/f3c1c07d-2b2b-4a42-8421-6e5e3f738b74/wml_data/71eab0b4-108c-43b7-997a-b56510225591","training_status":"auto_ml/f3c1c07d-2b2b-4a42-8421-6e5e3f738b74/wml_data/71eab0b4-108c-43b7-997a-b56510225591/training-status.json","bucket":"predictemployeeattrition-donotdelete-pr-uqbaueu58wxhbw","type":"s3","assets_path":"auto_ml/f3c1c07d-2b2b-4a42-8421-6e5e3f738b74/wml_data/71eab0b4-108c-43b7-997a-b56510225591/assets"},"type":"s3"},"pipeline":{"id":"e958945c-4cfa-4d17-a3ec-2815f4479b18"},"ml_version":"4.0.9","type":"wml-hybrid_0.1","schemas":{"input":[{"fields":[{"name":"CURRENT_YEAR","type":"integer"},{"name":"EMPLOYEE_CODE","type":"integer"},{"name":"POSITION_CODE","type":"integer"},{"name":"DEPARTMENT_CODE","type":"integer"},{"name":"DAYS_WITH_COMPANY","type":"integer"},{"name":"COMMUTE_TIME","type":"integer"},{"name":"AGE_BEGIN_PERIOD","type":"integer"},{"name":"GENDER_CODE","type":"integer"},{"name":"PERIOD_TOTAL_DAYS","type":"integer"},{"name":"STARTING_SALARY","type":"double"},{"name":"ENDING_SALARY","type":"double"},{"name":"NB_INCREASES","type":"integer"},{"name":"BONUS","type":"double"},{"name":"NB_BONUS","type":"integer"},{"name":"VACATION_DAYS_TAKEN","type":"double"},{"name":"SICK_DAYS_TAKEN","type":"double"},{"name":"PROMOTIONS","type":"integer"},{"name":"NB_MANAGERS","type":"integer"},{"name":"DAYS_IN_POSITION","type":"integer"},{"name":"DAYS_SINCE_LAST_RAISE","type":"integer"},{"name":"RANKING_CODE","type":"integer"},{"name":"OVERTIME","type":"double"},{"name":"DBLOVERTIME","type":"double"},{"name":"TRAVEL","type":"double"}],"id":"auto_ai_kb_input_schema"}],"output":[]},"software_spec":{"base_id":"8c1a58c6-62b5-4dc4-987a-df751c2756b6","name":"hybrid_0.1"},"content_import_state":"completed"}},"attachments":[{"id":"da1f551d-835b-43f9-be75-eb08ac598c7a","version":2,"asset_type":"wml_model","name":"pipeline_model.json","datasource_type":"193a97c1-4475-4a19-b90c-295c4fdc6517","creator_id":"IBMid-120000A2MS","create_time":1621966487840,"size":1541,"is_remote":false,"is_managed":true,"is_referenced":false,"is_object_key_read_only":false,"is_user_provided_path_key":false,"transfer_complete":true,"is_partitioned":false,"complete_time_ticks":1621966489501,"user_data":{"content_format":"native"},"test_doc":0,"handle":{"bucket":"predictemployeeattrition-donotdelete-pr-uqbaueu58wxhbw","location":"us-geo","type":"bluemix_cos","key":"4ec2859e-05d7-436d-8ba0-f4320924495b/05746162-d1c3-475d-844c-b6e0340cc188/da1f551d-835b-43f9-be75-eb08ac598c7a","upload_id":"done","max_part_num":1},"usage":{"access_count":0,"last_accessor_id":"IBMid-120000A2MS","last_access_time":1621966487840}},{"id":"d00b8f0b-8ed7-403f-9bcf-8e893f9228d3","version":2,"asset_type":"wml_model","name":"P7_automl.zip","datasource_type":"193a97c1-4475-4a19-b90c-295c4fdc6517","creator_id":"IBMid-120000A2MS","create_time":1621966490314,"size":10598,"is_remote":false,"is_managed":true,"is_referenced":false,"is_object_key_read_only":false,"is_user_provided_path_key":false,"transfer_complete":true,"is_partitioned":false,"complete_time_ticks":1621966491819,"user_data":{"content_format":"pipeline-node","pipeline_node_id":"automl"},"test_doc":0,"handle":{"bucket":"predictemployeeattrition-donotdelete-pr-uqbaueu58wxhbw","location":"us-geo","type":"bluemix_cos","key":"4ec2859e-05d7-436d-8ba0-f4320924495b/05746162-d1c3-475d-844c-b6e0340cc188/d00b8f0b-8ed7-403f-9bcf-8e893f9228d3","upload_id":"done","max_part_num":1},"usage":{"access_count":0,"last_accessor_id":"IBMid-120000A2MS","last_access_time":1621966490314}}]}
