Name,Artifact Type,Category,Description,Tags,Classifications,Stewards,Related Terms,Business Start,Business End,Part of Terms,Type of Terms,Abbreviations,Data Classes,Synonyms,Secondary Categories
Backorder Status,glossary_term,Customer,A code of Yes or No indicating whether a product is on back order,Customer,,,,,,,,,Boolean,,
City,glossary_term,Customer,The name of a place such as a city or town.,Customer,,, ,,,,,,City,,
Country Name,glossary_term,Customer,Specifies the name of any country.,Customer,,,,,,,,,Country Name,,
Coupon Count,glossary_term,Customer,An indicator representing whether or not a coupon was used for a sales order; 0 or 1,Customer,,,,,,,,,Boolean,,
Coupon Response,glossary_term,Customer,The type of coupon used for a sales order.,Customer,,,,,,,,,Text,,
Credit Card Expiry,glossary_term,Customer,"A date value in format month/year representing a credit card expiration date. Expiration dates usually consist of a month and year only. In such cases, the cards remain valid until the last calendar day of that month. If, for example, an expiration date reads 06/19, this means it can be used until midnight on June 30, 2019.",Customer,[uncategorized] >> Sensitive Personal Information,, ,,,,,,Credit Card Expiration Date,,
Credit Card Number,glossary_term,Customer,"The number assigned to a credit card, which is used to uniquely identify the individual card holder and the card issuer. A credit card is a payment card issued to cardholders by a card issuer to enable the cardholder to pay for goods and services.",Customer,[uncategorized] >> Sensitive Personal Information,, ,,,,,CCN,Credit Card Number,,
Credit Card Type,glossary_term,Customer,"A string representing the network a credit card belongs to; Master Card, Visa, American Express, Discover etc.",Customer,,,,,,,,,Global >> Credit Card Network,,
Credit Card CVV,glossary_term,Customer,"A 3 or 4 digits number representing a credit card validation number. The validation number for Visa, Master Card and Discover is a 3-digit number printed on the back of the card. It appears after and to the right of the card number. The American Express validation number is a 4-digit number printed on the front of the card. It appears after and to the right of the card number.",Customer,[uncategorized] >> Sensitive Personal Information,, ,,,,,,Credit Card Validation Number,,
Customer Identifier,glossary_term,Customer,A unique number assigned to identify a customer.,Customer,,,,,,,,,Identifier,,
Customer Lifetime Value,glossary_term,Customer,The amount of lifetime revenue collected for a customer.,Customer, ,,,,,, ,,Quantity,,
Customer Name,glossary_term,Customer,Full name of a customer; First + Last.,Customer,[uncategorized] >> Personally Identifiable Information,,,,,,,,Person Name,,
Department,glossary_term,Employee,The name of a department within the company.,Employee,,,,,,,,,Global >> Department,,
Education,glossary_term,Customer,A string representing the level of education an individual has achieved.,Customer,[uncategorized] >> Sensitive Personal Information,, , , ,,,,Global >> Education Status,,
Employee Assignments,glossary_term,Employee,A number representing how many warehouse shifts an employee has been assigned to.,Employee,,,,,,,,,Quantity,,
Employee Code,glossary_term,Employee,A unique code that identifies an employee of the company.,Employee,,,,,,,,,Code,,
Employee Pay Rate,glossary_term,Employee,A numeric value representing the pay rate of an employee paid hourly like a warehouse staff member.,Employee,,,,,,,,,Code,,
Employee Qualification,glossary_term,Employee,The code that identifies the skillset required to perform the duties of a warehouse related job function.,Employee,,,,,,,,,Code,,
Employee Senority,glossary_term,Employee,The number years an employee has worked in a specific skillset.,Employee,,, ,,,,,,Quantity,,
First Name,glossary_term,Customer,First Name of an individual.,Customer,[uncategorized] >> Personally Identifiable Information,,,,,,,,First Name,,
Gender,glossary_term,Customer,"An alpha code setting for gender. Either M or F, or Male or Female.",Customer,[uncategorized] >> Sensitive Personal Information,, ,,,,,,Gender,,
Income,glossary_term,Customer,"The total amount of money that a person receives, on a regular basis for work or through investments.",Customer,[uncategorized] >> Sensitive Personal Information,,,,,,,,Global >> Income,,
Last Name,glossary_term,Customer,Last Name of an individual.,Customer,[uncategorized] >> Personally Identifiable Information,,,,,,,,Last Name,,
Latitude,glossary_term,Customer,A decimal number or a string representing the latitude in degrees.,Customer,,,,,,,,,Latitude,,
Location Code,glossary_term,Customer,"A code representing the geographic Locations of a customer residence such as; Rural, Suburban or Urban.",Customer,,,,,,,,,Code,,
Longitude,glossary_term,Customer,A decimal number or a string representing the longitude in degrees.,Customer,,,,,,,,,Longitude,,
Loyalty Count,glossary_term,Customer,A number indicating whether an oder counts towards a customer's loyalty membership.,Customer, ,,,,,,,,Quantity,,
Loyalty Number,glossary_term,Customer,A unique number assigned to a customer's loyalty program membership that is associated with a sales order.,Customer,,,,,,,,,Identifier,,
Loyalty Status,glossary_term,Customer,A code representing the status of a customer's loyalty membership.,Customer,,,,,,,,,Code,,
Marital Status,glossary_term,Customer,A string representing marital/civil status.,Customer,[uncategorized] >> Personal Information,, ,,,,,,Legal Marital/Civil Status.,,
Months As Member,glossary_term,Customer,The number of months a customer has been a member of the loyalty program.,Customer,,,,,,,,,Quantity,,
Order Year,glossary_term,Customer,"A numeric value representing the year that the order was placed; 2019, 2020, 2021, 2023 etc.",Customer, ,,,,,, ,,Global >> Year,,
Planned Revenue,glossary_term,Customer,Projected sales revenue for the product purchased on a sales order.,Customer,,,,,,,,,Quantity,,
Postal Code,glossary_term,Customer,"A postal code (also known locally in various English-speaking countries throughout the world as a postcode, post code, PIN or ZIP Code) is a series of letters or digits or both, sometimes including spaces or punctuation, included in a postal address for the purpose of sorting mail.",Customer,,,,,,,,,Global >> Postal Code,,
Product Line,glossary_term,Customer,"The product line (a category like Photography, Kitchen Appliance, Computers and Home Office etc.) that the purchased product belongs to.",Customer,,,,,,,,,Text,,
Quantity Sold,glossary_term,Customer,The number of units sold for a product on a sales order.,Customer,,,,,,,,,Quantity,,
Quarter,glossary_term,Customer,"A string representing one quarter of a given year; Q1, Q2, Q3, Q4.",Customer,,,,,,,,,Global >> Quarter,,
Revenue,glossary_term,Customer,Revenue generated for the product purchased.,Customer,,,,,,,,,Quantity,,
Satisfaction Rating,glossary_term,Customer,A number from 1-5 that is supplied by a customer when responding to a survey regarding a purchase order.,Customer,,,,,,,,,Quantity,,
Satisfaction Reason,glossary_term,Customer,The reason a customer was not satisfied with a purchase order.,Customer,,,,,,,,,Text,,
Shift Assignments,glossary_term,Employee,The number of warehouse shifts an employee is assigned to.,Employee, ,,,,,,,,Quantity,,
Shift Day,glossary_term,Employee,"A string representing the day of the week that a work shift occurs. For example, Monday, Tuesday etc.",Employee,,,,,,,,,Global >> Day,,
Shift Day Code,glossary_term,Employee,"A string representing the day of the week that a work shift occurs. For example, Monday, Tuesday etc.",Employee,,,,,,,,,Code,,
Shift Duration,glossary_term,Employee,The number of hours that encompass a work shift.,Employee,,,,,,,,,Quantity,,
Shift End Hour,glossary_term,Employee,The hour of the day a work shift ends using a 24 hour format with a value = 1-24.,Employee,,,,,,,,,Global >> Hour,,
Shift Identifier,glossary_term,Employee,"A number that uniquely identifies a work shift in a department of the company. A shift is defined with a start and end date, minimum and maximum number of hours, day of the week it occurs and the skills required by a employee, like a warehouse worker, that are needed to fulfill the shift requirements.",Employee,,,,,,,,,Quantity,,
Shift Max Hours,glossary_term,Employee,The maximum number of hours that encompasses a work shift.,Employee,,,,,,,,,Quantity,,
Shift Min Hours,glossary_term,Employee,The minimum number of hours that encompasses a work shift.,Employee,,,,,,,,,Quantity,,
Shift Start Hour,glossary_term,Employee,The hour of the day a work shift begins using a 24 hour format with a value = 1-24.,Employee,,,,,,,,,Global >> Hour,,
Shipping Days,glossary_term,Customer,The number of actual whole days it took to ship a product order to a customer.,Customer,,,,,,,,,Quantity,,
Skill Required,glossary_term,Employee,The type skill that an employee must obtain that is required to perform a job function for a work shift in a department of the company.,Employee,,,,,,,,,Text,,
State / Province Code,glossary_term,Customer,A string representing a code that represents a state or province name within a country.,Customer,,,,,,,,,Global >> State/Province Code,,
State / Province Name,glossary_term,Customer,A string representing the name of a state or province name within a country.,Customer,,,,,,,,,State/Province Name,,
Unit Cost,glossary_term,Customer,The cost of a product per unit.,Customer,,,,,,,,,Quantity,,
Unit Sale Price,glossary_term,Customer,The final sales price of a product per unit.,Customer,,,,,,,,,Quantity,,