Name,Artifact Type,Category,Description,Tags,Classifications,Stewards,Related Terms,Data Set Type,Parent Reference Data Sets,Secondary Categories,Custom Columns
Gender Lookup,reference_data,Person,Valid codes and values for an individual's gender.,Person,Data Privacy >> Personally Identifiable Information,,Banking >> Mortgage >> Gender,Text,,Banking >> Mortgage,
,,,,,,,,,,Customer,
,,,,,,,,,,Employee,
,,,,,,,,,,,
Department Lookup,reference_data,Employee,Valid codes and values for all company departments.,Employee,,,,Text,,,
Position Lookup,reference_data,Employee,Valid codes and values for positions across the company.,Employee,,,,Text,,,
Termination Lookup,reference_data,Employee,Valid codes and values for employee terminations.,Employee,,,,Text,,,