Name,Artifact Type,Category,Description,Tags,Classifications,Stewards,Related Terms,Secondary Categories,Rules,Parent Policy
Protection of Personal and Sensitive Information,policy,Data Privacy,"This policy governs data classified as sensitive, personal or personally identifiable information (PII) as defined by government and industry regulations as designated by the Office of Data Governance. It pertains to protecting the data privacy of customers, partners, employees or any individual associated with the business. It defines the data that is classified as personal or sensitive and outlines the business policies and governance and protection rules that must be implemented and enforced to control access and visibility of private information to only those who have the authorization to do so.",PCI,Data Privacy >> Personal Information,,Banking >> Credit Card Expiration Date,Banking,Data Privacy >> Sensitive Personal Information >> All Credit Card Information Must be Protected,
,,,,PII,Data Privacy >> Personally Identifiable Information,,Banking >> Credit Card Number,Customer,Data Privacy >> Personally Identifiable Information >> All National Identifiers Must be Protected ,
,,,,Sensitive,Data Privacy >> Sensitive Personal Information,,Banking >> Credit Card Validation Number,Employee,Data Privacy >> Personally Identifiable Information >> All Email Addresses Must be Protected ,
,,,,,,,Person >> US Social Security Number,Insurance,Data Privacy >> Personally Identifiable Information >> All Phone Numbers Must be Protected ,
,,,,,,,Person >> Email Address,Location,,
,,,,,,,Person >> Phone Number,Person,,
,,,,,,,,Transportation,,