Name,Artifact Type,Category,Description,Tags,Classifications,Stewards
Banking,category,,"Data governance artifacts related to the company’s banking business assets like Mortgages, Checking and Savings accounts, Home Equity Loans etc.",Banking, ,
Customer,category,,"Data governance artifacts related to customers of the company like assets, activities and transactions.",Customer, ,
Data Privacy,category,,Data governance artifacts related to protecting an individuals data privacy rights.,Data Privacy, ,
Employee,category,,Data governance artifacts related to employees of the company.,Employee, ,
Insurance,category,,"Data governance artifacts related to insurance products, households, drivers, policies and claims etc.",Insurance, ,
Location,category,,"Data governance artifacts related to a location like Country, State or Province, City, Address information, Postal Code etc.",Location, ,
Mortgage,category,Banking,"Data governance artifacts related to customer Mortgage applicants, applications and existing accounts.",Mortgage, ,
Payment Card Industry,category,Data Privacy,"Data governance artifacts related to the Payment card industry (PCI). PCI compliance refers to the technical and operational standards that businesses must follow to ensure that credit card data provided by cardholders is protected. PCI compliance is enforced by the PCI Standards Council, and all businesses that store, process or transmit credit card data electronically are required to follow the compliance guidelines.",PCI, ,
Person,category,,"Data governance artifacts related to a person such as an Employee, Customer, Loan Applicant, Account Holder etc.",Person, ,
,,,,, ,
,,,,, ,
Personal Information,category,Data Privacy,"Data governance artifacts related to person information). Personal Information (PI) is defined as any data relating to an identified or identifiable individual. PI includes both identifiers, such as someone's name or employee serial number, as well as any personal information that can be reasonably associated with an individual, such as age, profession, preferences, net worth or mobile device location.",PI,,
Personally Identifiable Information,category,Data Privacy,Data governance artifacts related to personally identifiable information (PII). PII is defined as any data that could potentially identify a specific individual. Any information that can be used to distinguish one person from another can be considered PII.,PII, ,
Sensitive Personal Information,category,Data Privacy,Data governance artifacts related to sensitive personal information. Sensitive personal data is defined as personal data consisting of information relating to an individual with regard to racial or ethnic origin; political opinions; religious beliefs or other beliefs of a similar nature; trade union membership; physical or mental health or condition; sexual life; or any criminal or alleged criminal history of a person.,Sensitive, ,
Transportation,category,,"Data governance artifacts related to transportation and vehicles of transport, like automobile, train and airport information.",Transportation, ,
Universal,category,,Data governance artifacts that are used across all company assets and business units.,Universal,       ,