Name,Artifact Type,Category,Description,Tags,Stewards,Related Terms,Parent Classification,Secondary Categories
Confidential,classification,Data Privacy,"Confidential data is data that if compromised in some form, is likely to result in significant and/or long-term harm to the institution and/or individuals whose data it is. Access to confidential information is restricted to those who have a legitimate purpose for accessing such information.",Banking,,,,Banking
,,,,Customer,,,,Customer
,,,,Employee,,,,Employee
,,,,Insurance,,,,Insurance
,,,,Mortgage,,,,Banking >> Mortgage
,,,,Person,,,,Person
Personal Information,classification,Data Privacy,"Personal Information (PI) is defined as any data relating to an identified or identifiable individual. PI includes both identifiers, such as someone's name or employee serial number, as well as any personal information that can be reasonably associated with an individual, such as age, profession, preferences, net worth or mobile device location.",Banking,,,,Banking
,,,,Customer,,,,Customer
,,,,Employee,,,,Employee
,,,,Insurance,,,,Insurance
,,,,Mortgage,,,,Banking >> Mortgage
,,,,Person,,,,Person
Personally Identifiable Information,classification,Data Privacy,Personally identifiable information (PII) is defined as any data that could potentially identify a specific individual. Any information that can be used to distinguish one person from another can be considered PII.,Banking,,,,Banking
,,,,Customer,,,,Customer
,,,,Employee,,,,Employee
,,,,Insurance,,,,Insurance
,,,,Mortgage,,,,Banking >> Mortgage
,,,,Person,,,,Person
Sensitive Personal Information,classification,Data Privacy,Sensitive personal data is defined as personal data consisting of information relating to an individual with regard to racial or ethnic origin; political opinions; religious beliefs or other beliefs of a similar nature; trade union membership; physical or mental health or condition; sexual life; or any criminal or alleged criminal history of a person.,Banking,,, ,Banking
,,,,Customer,,,,Customer
,,,,Employee,,,,Employee
,,,,Insurance,,,,Insurance
,,,,Mortgage,,,,Banking >> Mortgage
,,,,Person,,,,Person