Name,Artifact Type,Category,Description,Tags,Classifications,Stewards,Related Terms,Business Start,Business End,Part of Terms,Type of Terms,Abbreviations,Data Classes,Synonyms,Secondary Categories
Account Code,glossary_term,Employee,A code designating what account an expense type is associated with.,Employee,,,,,,,,,Code,,
Account Number,glossary_term,Universal,A value representing an Account Number.,Universal,,,,,,,,,Account Number,,
Address,glossary_term,Location,Street address of a single or multi-line address.,Location,Data Privacy >> Personally Identifiable Information,,,,,,,,Address,,Data Privacy >> Personally Identifiable Information
Age Begin Period,glossary_term,Employee,The age of an employee when they started their position in a department.,Employee,,,,,,,,,Quantity,,
Airport Code,glossary_term,Transportation,A string representing the IATA airport code.,Transportation,,,,,,,,,Airport Code,,
Alabama State Driver's License,glossary_term,Transportation,A string representing driver license of US state Alabama.,Transportation,Data Privacy >> Personally Identifiable Information,,,,,,Person >> Driver's License,,Alabama State Driver's License,,Data Privacy >> Personally Identifiable Information
Alaska State Driver's License,glossary_term,Transportation,A seven digits number representing driver license of US state Alaska.,Transportation,Data Privacy >> Personally Identifiable Information,,,,,,Person >> Driver's License,,Alaska State Driver's License,,Data Privacy >> Personally Identifiable Information
Alberta Province Driver's License,glossary_term,Transportation,A string representing driver license of Canadian province Alberta.,Transportation,Data Privacy >> Personally Identifiable Information,,,,,,Person >> Driver's License,,Alberta Province Driver's License,,Data Privacy >> Personally Identifiable Information
American Express Card,glossary_term,Banking,A 16-18 character number that identifies an American Express credit card account.,PCI,Data Privacy >> Personally Identifiable Information,,,,,,Banking >> Credit Card Number,,American Express Card,,Data Privacy >> Payment Card Industry
Applicant ID,glossary_term,Banking >> Mortgage,Unique application identifier of the prospective mortgage customer. The column name is shortened to just ID.,Mortgage,,,,,,,,,Identifier,,
Applied Online,glossary_term,Banking >> Mortgage,Indicates whether the prospective mortgage customer applied online.,Mortgage,,,,,,,,,Code,,
Arizona State Driver's License,glossary_term,Transportation,A string representing driver license of US state Arizona.,Transportation,Data Privacy >> Personally Identifiable Information,,,,,,Person >> Driver's License,,Arizona State Driver's License,,Data Privacy >> Personally Identifiable Information
Arkansas State Driver's License,glossary_term,Transportation,A string representing driver license of US state Arkansas.,Transportation,Data Privacy >> Personally Identifiable Information,,,,,,Person >> Driver's License,,Arkansas State Driver's License,,Data Privacy >> Personally Identifiable Information
Attrition Candidate,glossary_term,Employee,A boolean indicator designating whether an employee is at risk of leaving.,Employee,,,,,,,,,Code,,
Backorder Status,glossary_term,Customer,Indicates whether or not a customer order was placed on backorder.,Customer,,,,,,,,,Code,,
BIC,glossary_term,Banking,Bank Identifier Code.,Banking, ,,,,,,,,BIC,,
Bonus,glossary_term,Employee,The amount of bonus money an employee has received.,Employee,,,,,,,,,Quantity,,
Boolean,glossary_term,Universal,"Numeric or alpha code for boolean values. Either 0 or 1, or True or False, Yes or No.",Universal,,,,,,,,,Boolean,,
Branch Code,glossary_term,Employee,Code designating which branches of the company an employee has worked for.,Employee,,,,,,,,,Code,,
British Columbia Province Driver's License,glossary_term,Transportation,A seven digits number representing a driver license of Canadian province British Columbia.,Transportation,Data Privacy >> Personally Identifiable Information,,,,,,Person >> Driver's License,,British Columbia Province Driver's License,,Data Privacy >> Personally Identifiable Information
California State Driver's License,glossary_term,Transportation,A string representing driver license of US state California.,Transportation,Data Privacy >> Personally Identifiable Information,,,,,,Person >> Driver's License,,California State Driver's License,,Data Privacy >> Personally Identifiable Information
Canada Post Code,glossary_term,Location,A system of postal codes that are used by Canada Post.,Location,Data Privacy >> Personal Information,,,,,,,,Canada Post Code,,Data Privacy >> Personally Identifiable Information
Canada Province Code,glossary_term,Location,Two-letter alphabetic codes that are used to identify Canada provinces.,Location,,,,,,,,,Canada Province Code,,
Canada Province Name,glossary_term,Location,Specifies the name of Canada Provinces and territories.,Location,,,,,,,,,Canada Province Name,,
Canadian Social Insurance Number (SIN),glossary_term,Person,A social insurance number (SIN) is a number issued in Canada to administer various government programs.,Person,Data Privacy >> Personally Identifiable Information,,,,,,,,Canadian Social Insurance Number (SIN),,Data Privacy >> Personally Identifiable Information
Churn Risk,glossary_term,Customer,An indicator identifying a customer that is at risk of leaving the business.,Customer,,,,,,,,,Code,,
Citizenship,glossary_term,Person,"Citizenship is a relationship between an individual and a state to which the individual owes allegiance and in turn is entitled to its protection. Recognition by a state as a citizen generally carries with it recognition of civil, political, and social rights which are not afforded to non-citizens.",Person,,,,,,,,,Citizenship,,
City,glossary_term,Location,The name of a place such as a city or town.,Location,,, ,,,,,,City,,
,,,,Customer,,,,,,,,,,,
,,,,Mortgage,,,,,,,,,,,
Code,glossary_term,Universal,"System-defined data values from a domain data value set, each of which has a specific meaning, for example, product status codes. ",Universal,,, ,,,,,,Code,,
Color,glossary_term,Universal,A string representing color.,Universal,,,,,,,,,Color,,
Colorado State Driver's License,glossary_term,Transportation,A string representing driver license of US state Colorado.,Transportation,Data Privacy >> Personally Identifiable Information,,,,,,Person >> Driver's License,,Colorado State Driver's License,,Data Privacy >> Personally Identifiable Information
Commercial and Government Entity Code,glossary_term,Universal,A string of length five characters representing the CAGE code.,Universal,,,,,,,,,Commercial and Government Entity Code,,
Commute Time,glossary_term,Employee,The amount of time it takes an employee to commute to work.,Employee,,,,,,,,,Quantity,,
Computer Host Name,glossary_term,Universal,Hostname is a label that is assigned to a device connected to a computer network and is used to identify the device.,Universal,,,,,,,,,Computer Host Name,,
Connecticut State Driver's License,glossary_term,Transportation,A nine digit number representing a driver license of US state Connecticut.,Transportation,Data Privacy >> Personally Identifiable Information,,,,,,Person >> Driver's License,,Connecticut State Driver's License,,Data Privacy >> Personally Identifiable Information
Country Code,glossary_term,Location,A standard code defined for most of the countries and dependent areas in the world.,Location,,,,,,,,,Country Code,,
Country Name,glossary_term,Location,Specifies the name of any country.,Location,,,,,,,,,Country Name,,
,,,,Customer,,,,,,,,,,,
Coupon Count,glossary_term,Customer,The number of customer loyalty coupons used to date.,Customer,,,,,,,,,Quantity,,
Coupon Response,glossary_term,Customer,The type of coupon that was used for the purchase.,Customer,,,,,,,,,Text,,
Course Code,glossary_term,Employee,Code designating a training course.,Employee,,,,,,,,,Code,,
Course Cost,glossary_term,Employee,The cost of a training course.,Employee,,,,,,,,,Currency,,
Course Days,glossary_term,Employee,The number of days of a training course.,Employee,,,,,,,,,Quantity,,
Course Name,glossary_term,Employee,The name of the training course.,Employee,,,,,,,,,Text,,
Credit Card Debt,glossary_term,Banking >> Mortgage,Amount of outstanding credit card debt of the mortgage applicant.,Mortgage, ,,,,,,,,Quantity,,
Credit Card Expiration Date,glossary_term,Banking,"A date value in format month/year representing a credit card expiration date. Expiration dates usually consist of a month and year only. In such cases, the cards remain valid until the last calendar day of that month. If, for example, an expiration date reads 06/19, this means it can be used until midnight on June 30, 2019.",PCI,Data Privacy >> Personally Identifiable Information,, ,,,,,,Credit Card Expiration Date,,Customer
,,,,Customer,,,,,,,,,,,Data Privacy >> Payment Card Industry
Credit Card Number,glossary_term,Banking,"The number assigned to a credit card, which is used to uniquely identify the individual card holder and the card issuer. A credit card is a payment card issued to cardholders by a card issuer to enable the cardholder to pay for goods and services.",PCI,Data Privacy >> Personally Identifiable Information,, ,,,,,,Credit Card Number,,Customer
,,,,Customer,,,,,,,,,,,Data Privacy >> Payment Card Industry
Credit Card Network,glossary_term,Banking,"A string representing the network a credit card belongs to; Master Card, Visa, American Express, Discover etc.",Customer,,,,,,,,,Credit Card Network,,
Credit Card Validation Number,glossary_term,Banking,"A 3 or 4 digits number representing a credit card validation number. The validation number for Visa, Master Card and Discover is a 3-digit number printed on the back of the card. It appears after and to the right of the card number. The American Express validation number is a 4-digit number printed on the front of the card. It appears after and to the right of the card number.",PCI,Data Privacy >> Personally Identifiable Information,, ,,,,,,Credit Card Validation Number,,Customer
,,,,Customer,,,,,,,,,,,Data Privacy >> Payment Card Industry
Currency,glossary_term,Universal,A number followed or following a currency symbol.,Universal,,, ,,,,,,Currency,,
Current Procedural Terminology,glossary_term,Person,CPT medical code set.,Person,,,,,,,,,Current Procedural Terminology,,
Current Year,glossary_term,Employee,"A text representation of a year; 2018, 2019, 2020 etc.",Employee,,,,,,,,,Text,,
Customer ID,glossary_term,Customer,A unique identifier of a customer doing business with the company.,Customer,,,,,,,,,Identifier,,
Customer Lifetime Value,glossary_term,Customer,The amount of value a customer has brought to the business over their lifetime as a customer.,Customer,,,,,,,,,,,
Customer Number,glossary_term,Customer,A value representing a customer Number.,Customer,,,,,,,,,Customer Number,,
Date,glossary_term,Universal,"Data values which are specific date, time, or duration references, for example, a product order date.",Universal,,,,,,,,,Date,,
Date Hired,glossary_term,Employee,The data an employee was hired.,Employee,,,,,,,,,Date,,
Date of Birth,glossary_term,Person,"Data values which are dates, and likely to represent a date of birth.",Person,Data Privacy >> Personally Identifiable Information,,,,,,Universal >> Date,,Date of Birth,,Data Privacy >> Personally Identifiable Information
,,,,Employee,,,,,,,,,,,
Day,glossary_term,Universal,"A string representing a day that occurs within a week; Monday, Tuesday, Wednesday, Thursday, Friday, Saturday and Sunday.",Universal,,,,,,,,,Day,,
Day Code,glossary_term,Employee,"A code ranging from 1-7 that represents a day that occurs within a week; 1- Monday, 2 - Tuesday, 3- Wednesday, 4- Thursday, 5 - Friday, 6 - Saturday and 7 - Sunday.",Employee,,,,,,,,,Code,,
,,,,Warehouse,,,,,,,,,,,
Days In Position,glossary_term,Employee,The number of days an employee has been in a position in the company.,Employee,,,,,,,,,Quantity,,
Days Off,glossary_term,Employee,"A string representing the days of the week that a shift worker has been granted time off. Each day is separated by a comma. For example, Monday, Tuesday.",Employee,,,,,,,,,Day,,
Days Since Last Login,glossary_term,Customer,The number of days since a customer logged into the trading system.,Customer,,,,,,,,,Quantity,,
Days Since Last Raise,glossary_term,Employee,The number of days since an employee’s last raise.,Employee,,,,,,,,,Quantity,,
Days Since Last Trade,glossary_term,Customer,The number of days since a customer has placed a trade.,Customer,,,,,,,,,Quantity,,
Days With Company,glossary_term,Employee,The number of days an employee has been with the company.,Employee,,,,,,,,,Quantity,,
Default Candidate,glossary_term,Banking >> Mortgage,Identifies if a mortgage applicant is a default risk. Valid values are YES and NO.,Mortgage,,,,,,,,,Code,,
Delaware State Driver's License,glossary_term,Transportation,A 1-7 digits number representing a driver license of US state Delaware.,Transportation,Data Privacy >> Personally Identifiable Information,,,,,,Person >> Driver's License,,Delaware State Driver's License,,Data Privacy >> Personally Identifiable Information
Department,glossary_term,Employee,The name of a department within the company.,Employee,,,,,,,,,Text,,
Department Code,glossary_term,Employee,A code designating a department within the company.,Employee,,,,,,,,,Code,,
Department Parent,glossary_term,Employee,A code designating the parent position code of a department.,Employee,,,,,,,,,Code,,
Diners Club Card,glossary_term,Banking,A 15-18 character number that identifies a Diners Club credit card account.,PCI,Data Privacy >> Personally Identifiable Information,,,,,,Banking >> Credit Card Number,,Diners Club Card,,Data Privacy >> Payment Card Industry
Discover Card,glossary_term,Banking,A 17-18 character number that identifies a Discover Card credit card account.,PCI,Data Privacy >> Personally Identifiable Information,,,,,,Banking >> Credit Card Number,,Discover Card,,Data Privacy >> Payment Card Industry
Double Overtime,glossary_term,Employee,The amount of double overtime pay an employee has received.,Employee,,,,,,,,,Quantity,,
Driver's License,glossary_term,Person,A string representing a driver’s license.,Person,Data Privacy >> Personally Identifiable Information,,,,,,,,Driver's License,,Data Privacy >> Personally Identifiable Information
DUNS Number,glossary_term,Universal,A unique numeric identifier assigned by Dun & Bradstreet (D&B) to a business entity.,Universal,,,,,,,,,DUNS Number,,
Education Status,glossary_term,Person,A string representing the level of education an individual has achieved.,Person,Data Privacy >> Sensitive Personal Information,, , , ,,,,Education Status,,Data Privacy >> Sensitive Personal Information
,,,,Customer,,,,,,,,,,,
,,,,Mortgage,,,,,,,,,,,
Email Address,glossary_term,Person,An email address identifies an email box to which email messages are delivered.,Person,Data Privacy >> Personally Identifiable Information,, ,,,,,,Email Address,,Data Privacy >> Personally Identifiable Information
,,,,Employee,,,,,,,,,,,
,,,,Mortgage,,,,,,,,,,,
Employee Code,glossary_term,Employee,A unique code that identifies an employee of the company.,Employee,,,,,,,,,Code,,
Employee History Code,glossary_term,Employee,A unique code that identifies and an employee history record transaction.,Employee,,,,,,,,,Code,,
Employee History Parent,glossary_term,Employee,A unique code that identifies the parent of a history record transaction.,Employee,,,,,,,,,Code,,
Employment Status,glossary_term,Person,A string representing the current status of employment for a past or present employee.,Person,,, ,,,,,,Employment Status,,
,,,,Mortgage,,,,,,,,,,,
Ending Salary,glossary_term,Employee,The ending salary of an employee upon termination or leaving the company.,Employee,,,,,,,,,Currency,,
Ethnicity,glossary_term,Person,A string representing ethnicity/ethnic group.,Person,Data Privacy >> Sensitive Personal Information,,,,,,,,Ethnicity,,Data Privacy >> Sensitive Personal Information
Expense Date,glossary_term,Employee,The date the expense occurred.,Employee,,,,,,,,,Date,,
Expense End Date,glossary_term,Employee,The end date of an expense.,Employee,,,,,,,,,Date,,
Expense Group,glossary_term,Employee,The name of an expense group.,Employee,,,,,,,,,Text,,
Expense Group Code,glossary_term,Employee,A unique code that identifies an expense group.,Employee,,,,,,,,,Code,,
Expense Month,glossary_term,Employee,The month the expense occurred.,Employee,,,,,,,,,Text,,
Expense Plan Total,glossary_term,Employee,The total expense allowed for the expense plan.,Employee,,,,,,,,,Quantity,,
Expense Start Date,glossary_term,Employee,The starting date of an expense.,Employee,,,,,,,,,Date,,
Expense Total,glossary_term,Employee,The total amount of the expenses reported.,Employee,,,,,,,,,Quantity,,
Expense Type,glossary_term,Employee,The name of the expense type.,Employee,,,,,,,,,Text,,
Expense Type Code,glossary_term,Employee,A unique code that identifies an expense type.,Employee,,,,,,,,,Code,,
Expense Unit,glossary_term,Employee,"The expense unit measurement; Percentage, Hours etc.",Employee,,,,,,,,,Text,,
Expense Unit Code,glossary_term,Employee,A unique code that identifies an expense unit.,Employee,,,,,,,,,Code,,
Expense Unit Quantity,glossary_term,Employee,The quantity of the expense unit reported.,Employee,,,,,,,,,Quantity,,
Expense Year,glossary_term,Employee,The year the expense occurred.,Employee,,,,,,,,,Text,,
Extension,glossary_term,Employee,"A short internal number assigned to an employee, a project team, or a department that is an extension of the main business phone number.",Employee,,,,,,,,,Text,,
External Hires,glossary_term,Employee,The number of employees that were hired externally.,Employee,,,,,,,,,Quantity,,
Eye Color,glossary_term,Person,A string representing eye color.,Person,,,,,,,Universal >> Color,,Eye Color,,
First Name,glossary_term,Person,First Name of an individual.,Person,Data Privacy >> Personally Identifiable Information,,,,,,,,First Name,,Data Privacy >> Personally Identifiable Information
,,,,Customer,,,,,,,,,,,
,,,,Employee,,,,,,,,,,,
Florida State Driver's License,glossary_term,Transportation,A string representing a driver license of US state Florida.,Transportation,Data Privacy >> Personally Identifiable Information,,,,,,Person >> Driver's License,,Florida State Driver's License,,Data Privacy >> Personally Identifiable Information
Fortune 1000 Company,glossary_term,Universal,A string representing the name of a company from the Fortune 1000 list.,Universal,,,,,,,Universal >> Organization Name,,Fortune 1000 Company,,
French INSEE Number,glossary_term,Person,"The INSEE code is a numerical indexing code used by the French National Institute for Statistics and Economic Studies (INSEE) to identify various entities, including communes, dÃ©partements.",Person,Data Privacy >> Personally Identifiable Information,,,,,,,,French INSEE Number,,Data Privacy >> Personally Identifiable Information
Gender,glossary_term,Person,"An alpha code setting for gender. Either M or F, or Male or Female.",Person,Data Privacy >> Sensitive Personal Information,, ,,,,,,Gender,,Data Privacy >> Sensitive Personal Information
,,,,Customer,,,,,,,,,,,
,,,,Employee,,,,,,,,,,,
,,,,Mortgage,,,,,,,,,,,
Geographic Coordinates,glossary_term,Location,A string representing the longitude and latitude in degrees.,Location,,,,,,,,,Geographic Coordinates,,
Georgia State Driver's License,glossary_term,Transportation,A string representing a driver license of US state Georgia.,Transportation,Data Privacy >> Personally Identifiable Information,,,,,,Person >> Driver's License,,Georgia State Driver's License,,Data Privacy >> Personally Identifiable Information
Germany Vehicle Registration Number,glossary_term,Transportation,A string representing a registration number for a German car.,Transportation,Data Privacy >> Personally Identifiable Information,,,,,,,,Germany Vehicle Registration Number,,Data Privacy >> Personally Identifiable Information
Hair Color,glossary_term,Person,A string representing hair color.,Person,,,,,,,Universal >> Color,,Hair Color,,
Hawaii State Driver's License,glossary_term,Transportation,A string representing a driver license of US state Hawaii.,Transportation,Data Privacy >> Personally Identifiable Information,,,,,,Person >> Driver's License,,Hawaii State Driver's License,,Data Privacy >> Personally Identifiable Information
Health Insurance Claim Number,glossary_term,Insurance,A code assigned by the Social Security Administration to an individual for the purpose of identifying him/her as a Medicare beneficiary.,Insurance,,,,,,,,,Health Insurance Claim Number,,
Hobby / Leisure Activity,glossary_term,Person,"A string representing hobby, interest, enthusiasm or pastime of a person.",Person,,,,,,,,,Hobby/Leisure Activity,,
Honorific,glossary_term,Person,Salutation of a person added before the first name (name prefix).,Person,,,,,,,,,Honorific,,
Hour,glossary_term,Universal,A string representing a numeric value related to the hour of the day; 1-24.,Universal,,,,,,,,,Hour,,
IBAN,glossary_term,Banking,A string representing an International Bank Account Number.,Banking,,,,,,,,,IBAN,,
ICD-10,glossary_term,Universal,"The 10th revision of the International Statistical Classification of Diseases and Related Health Problems, a medical classification list by the World Health Organization (WHO)",Universal,,,,,,,,,ICD-10,,
Idaho State Driver's License,glossary_term,Transportation,A string representing a driver license of US state Idaho.,Transportation,Data Privacy >> Personally Identifiable Information,,,,,,Person >> Driver's License,,Idaho State Driver's License,,Data Privacy >> Personally Identifiable Information
Identifier,glossary_term,Universal,"Non-intelligent data values that are typically unique, and are used to reference a specific entity, for example, a product number. ",Universal,,, ,,,,,,Identifier,,
Illinois State Driver's License,glossary_term,Transportation,A string representing a driver license of US state Illinois.,Transportation,Data Privacy >> Personally Identifiable Information,,,,,,Person >> Driver's License,,Illinois State Driver's License,,Data Privacy >> Personally Identifiable Information
INCO Terms (International Commercial Terms),glossary_term,Universal,A three characters string representing INCO Terms.,Universal,,,,,,,,,INCO Terms (International Commercial Terms),,
Income,glossary_term,Person,"The total amount of money that a person receives, on a regular basis for work or through investments.",Person,Data Privacy >> Personal Information,,,,,,,,Income,,Data Privacy >> Personal Information
,,,,Customer,,,,,,,,,,,
,,,,Mortgage,,,,,,,,,,,
Indiana State Driver's License,glossary_term,Transportation,A string representing a driver license of US state Indiana.,Transportation,Data Privacy >> Personally Identifiable Information,,,,,,Person >> Driver's License,,Indiana State Driver's License,,Data Privacy >> Personally Identifiable Information
Indicator,glossary_term,Universal,"Code values that have only two mutually-exclusive values in the domain set, for example, a product Make/Buy indicator, that are often called Flags.",Universal,,,,,,,,,Indicator,,
Individual Taxpayer Identification Number (ITIN),glossary_term,Person,"Nine digit tax processing number issued by the Internal Revenue Service (IRS) to individuals who are required to have a U.S. taxpayer identification number but who do not have, and are not eligible to obtain a SSN.",Person,Data Privacy >> Personally Identifiable Information,,,,,,,,Individual Taxpayer Identification Number (ITIN),,Data Privacy >> Personally Identifiable Information
Internal Hires,glossary_term,Employee,The number of employees that were hired internally.,Employee,,,,,,,,,Quantity,,
Internal Moves,glossary_term,Employee,The number of move an employee has made internally.,Employee,,,,,,,,,Quantity,,
International Mobile Equipment Identity (IMEI),glossary_term,Universal,"A Unique 15-digit serial number given to every mobile phone which can then be used to check information such as the phone's Country of Origin, the Manufacturer and its Model Number.",Universal,,,,,,,,,International Mobile Equipment Identity (IMEI),,
International Securities Identification Number (ISIN),glossary_term,Universal,An International Securities Identification Number (ISIN) uniquely identifies a security.,Universal,,,,,,,,,International Securities Identification Number (ISIN),,
International Standard Book Number (ISBN),glossary_term,Universal,The International Standard Book Number (ISBN) is a 13-digit number assigned by standard book numbering agencies to control and facilitate activities within the publishing industry.,Universal,,,,,,,,,International Standard Book Number (ISBN),,
International Standard Industrial Classification,glossary_term,Universal,A string representing International Standard Industrial Classification of All Economic Activities.,Universal,,,,,,,,,International Standard Industrial Classification,,
Internet Protocol Address,glossary_term,Location,"An Internet Protocol address (IP address) is a numerical label assigned to each device (e.g., computer, printer) participating in a computer network that uses the Internet Protocol for communication.",Location,Data Privacy >> Personally Identifiable Information,,,,,,,,Internet Protocol Address,,Data Privacy >> Personally Identifiable Information
Internet Protocol Version 6 Address,glossary_term,Location,Internet Protocol version 6 (IPv6) is the latest version of the Internet Protocol.,Location,Data Privacy >> Personally Identifiable Information,,,,,,,,Internet Protocol Version 6 Address,,Data Privacy >> Personally Identifiable Information
Iowa State Driver's License,glossary_term,Transportation,A string representing a driver license of US state Iowa.,Transportation,Data Privacy >> Personally Identifiable Information,,,,,,Person >> Driver's License,,Iowa State Driver's License,,Data Privacy >> Personally Identifiable Information
Ireland Eircode,glossary_term,Location,"A system of postal codes that are used by An Post, Ireland's postal service.",Location,,,,,,,,,Ireland Eircode,,
ISO 3166-2 Code,glossary_term,Location,A string representing ISO 3166-2 code of state/province of a country.,Location,,,,,,,,,ISO 3166-2 Code,,
Italian Fiscal Code,glossary_term,Person,"The Italian fiscal code card, officially known as Italy's Codice Fiscale, is the tax code card in Italy, ",Person,Data Privacy >> Personally Identifiable Information,,,,,,,,Italian Fiscal Code,,Data Privacy >> Personally Identifiable Information
Japan Credit Bureau (JCB),glossary_term,Banking,A 17-18 character number that identifies a Japanese Credit Bureau (JCB) credit card account.,PCI,Data Privacy >> Personally Identifiable Information,,,,,,Banking >> Credit Card Number,,Japan Credit Bureau (JCB),,Data Privacy >> Payment Card Industry
Kansas State Driver's License,glossary_term,Transportation,A string representing a driver license of US state Kansas.,Transportation,Data Privacy >> Personally Identifiable Information,,,,,,Person >> Driver's License,,Kansas State Driver's License,,Data Privacy >> Personally Identifiable Information
Kentucky State Driver's License,glossary_term,Transportation,A string representing a driver license of US state Kentucky.,Transportation,Data Privacy >> Personally Identifiable Information,,,,,,Person >> Driver's License,,Kentucky State Driver's License,,Data Privacy >> Personally Identifiable Information
Language Code or Name,glossary_term,Universal,Language Code or Name as per ISO 639 specification (International Organization for Standardization),Universal,,,,,,,,,Language Code or Name,,
Largest Single Transaction,glossary_term,Customer,The largest single trade transaction executed by a customer.,Customer,,,,,,,,,Quantity,,
Last Name,glossary_term,Person,Last Name of an individual.,Person,Data Privacy >> Personally Identifiable Information,,,,,,,,Last Name,,Data Privacy >> Personally Identifiable Information
,,,,Customer,,,,,,,,,,,
,,,,Employee,,,,,,,,,,,
Latitude,glossary_term,Location,A decimal number or a string representing the latitude in degrees.,Location,,,,,,,,,Latitude,,
,,,,Customer,,,,,,,,,,,
Legal Marital / Civil Status,glossary_term,Person,A string representing marital/civil status.,Person,Data Privacy >> Personal Information,, ,,,,,,Legal Marital/Civil Status.,,Data Privacy >> Personal Information
,,,,Customer,,,,,,,,,,,
,,,,Mortgage,,,,,,,,,,,
Location Code,glossary_term,Location,"A code representing the geographic location of a customer residence such as; Rural, Suburban or Urban.",Location,,,,,,,,,Code,,Banking >> Mortgage
,,,,Customer,,,,,,,,,,,
Longitude,glossary_term,Location,A decimal number or a string representing the longitude in degrees.,Location,,,,,,,,,Longitude,,
,,,,Customer,,,,,,,,,,,
Louisiana State Driver's License,glossary_term,Transportation,A string representing a driver license of US state Louisiana.,Transportation,Data Privacy >> Personally Identifiable Information,,,,,,Person >> Driver's License,,Louisiana State Driver's License,,Data Privacy >> Personally Identifiable Information
Loyalty Count,glossary_term,Customer,A boolean indicator representing whether a customer has used their loyalty account during a purchase.,Customer,,,,,,,,,Quantity,,
Loyalty Number,glossary_term,Customer,A unique identifier representing the number associated with a customer loyalty account. Each customer is assigned one loyalty number.,Customer,,,,,,,,,Identifier,,
Loyalty Quarter,glossary_term,Customer,"Indicates the quarter of a year; Q1, Q2, Q3 or Q4.",Customer,,,,,,,,,Code,,
Loyalty Status,glossary_term,Customer,"A code indicating the level of a customer’s loyalty account; VIP, Platinum, Silver, Gold etc.",Customer,,,,,,,,,Code,,
Mac Address,glossary_term,Location,A media access control address (MAC address) of a computer is a unique identifier assigned to network interfaces for communications.,Location,Data Privacy >> Personally Identifiable Information,,,,,,,,Mac Address,,Data Privacy >> Personally Identifiable Information
Maine State Driver's License,glossary_term,Transportation,A seven digit number representing a driver license of US state Maine.,Transportation,Data Privacy >> Personally Identifiable Information,,,,,,Person >> Driver's License,,Maine State Driver's License,,Data Privacy >> Personally Identifiable Information
Manager,glossary_term,Employee,The name of the employees manager.,Employee,,,,,,,,,Text,,
Manager Code,glossary_term,Employee,A unique code that identifies a manager.,Employee,,,,,,,,,Code,,
Manager Multibyte,glossary_term,Employee,The multibyte representation of a manager’s name.,Employee,,,,,,,,,Code,,
Manitoba Province Driver's License,glossary_term,Transportation,A nine digits number representing a driver license of Canadian province Manitoba.,Transportation,Data Privacy >> Personally Identifiable Information,,,,,,Person >> Driver's License,,Manitoba Province Driver's License,,Data Privacy >> Personally Identifiable Information
Maryland State Driver's License,glossary_term,Transportation,A string representing a driver license of US state Maryland.,Transportation,Data Privacy >> Personally Identifiable Information,,,,,,Person >> Driver's License,,Maryland State Driver's License,,Data Privacy >> Personally Identifiable Information
Massachusetts State Driver's License,glossary_term,Transportation,A string representing a driver license of US state Massachusetts.,Transportation,Data Privacy >> Personally Identifiable Information,,,,,,Person >> Driver's License,,Massachusetts State Driver's License,,Data Privacy >> Personally Identifiable Information
Master Card,glossary_term,Banking,A 17-18 character number that identifies a Master Card credit card account.,PCI,Data Privacy >> Personally Identifiable Information,,,,,,Banking >> Credit Card Number,,Master Card,,Data Privacy >> Payment Card Industry
Max Salary,glossary_term,Employee,The maximum salary an employee has received.,Employee,,,,,,,,,Currency,,
Max Shifts,glossary_term,Employee,The maximum number of work shifts an employee can work for a given day. This is typically related to warehouse departments and staff.,Employee,,,,,,,,,Quantity,,
,,,,Warehouse,,,,,,,,,,,
Michigan State Driver's License,glossary_term,Transportation,A string representing driver license of US state Michigan.,Transportation,Data Privacy >> Personally Identifiable Information,,,,,,Person >> Driver's License,,Michigan State Driver's License,,Data Privacy >> Personally Identifiable Information
Middle Name,glossary_term,Person,Middle Name of an individual.,Person,Data Privacy >> Personal Information,,,,,,,,Middle Name,,Data Privacy >> Personal Information
Minimum Salary,glossary_term,Employee,The minimum salary an employee has received.,Employee,,,,,,,,,Currency,,
Minnesota State Driver's License,glossary_term,Transportation,A string representing driver license of US state Minnesota.,Transportation,Data Privacy >> Personally Identifiable Information,,,,,,Person >> Driver's License,,Minnesota State Driver's License,,Data Privacy >> Personally Identifiable Information
Mississippi State Driver's License,glossary_term,Transportation,A string representing driver license of US state Mississippi.,Transportation,Data Privacy >> Personally Identifiable Information,,,,,,Person >> Driver's License,,Mississippi State Driver's License,,Data Privacy >> Personally Identifiable Information
Missouri State Driver's License,glossary_term,Transportation,A string representing driver license of US state Missouri.,Transportation,Data Privacy >> Personally Identifiable Information,,,,,,Person >> Driver's License,,Missouri State Driver's License,,Data Privacy >> Personally Identifiable Information
Montana State Driver's License,glossary_term,Transportation,A string representing driver license of US state Montana.,Transportation,Data Privacy >> Personally Identifiable Information,,,,,,Person >> Driver's License,,Montana State Driver's License,,Data Privacy >> Personally Identifiable Information
Month,glossary_term,Universal,A string or integer value representing a month in a date.,Universal,,,,,,,,,Month,,
Months As Member,glossary_term,Customer,The number of months a customer has been a loyalty member.,Customer,,,,,,,,,Quantity,,
Mortgage Loan Amount,glossary_term,Banking >> Mortgage,Total amount of all outstanding loans of the mortgage applicant.,Mortgage,,,,,,,,,Quantity,,
Name Suffix,glossary_term,Person,A string representing a Name Suffix,Person,,,,,,,,,Name Suffix,,
National Identifer,glossary_term,Person,"A national identification number, national identity number, or national insurance number is used by the governments of many countries as a means of tracking their citizens, permanent residents, and temporary residents for the purposes of work, taxation, government benefits, health care, and other governmentally-related functions. For example; US Social Security Number, Canadian Social Insurance Number (SIN), French INSEE Number, UK National Insurance Number, Spanish Fiscal Identification Number etc.",Person,Data Privacy >> Personally Identifiable Information,,,,,,,,National Identifier,,Data Privacy >> Personally Identifiable Information
,,,,Employee,,,,,,,,,,,
Nebraska State Driver's License,glossary_term,Transportation,A string representing driver license of US state Nebraska.,Transportation,Data Privacy >> Personally Identifiable Information,,,,,,Person >> Driver's License,,Nebraska State Driver's License,,Data Privacy >> Personally Identifiable Information
Net Realized Gaines YTD,glossary_term,Customer,The year to date total of all net gains for all trades executed by a customer.,Customer,,,,,,,,,Quantity,,
Net Realized Losses YTD,glossary_term,Customer,The year to date total of all net losses for all trades executed by a customer.,Customer,,,,,,,,,Quantity,,
Nevada State Driver's License,glossary_term,Transportation,A string representing driver license of US state Nevada.,Transportation,Data Privacy >> Personally Identifiable Information,,,,,,Person >> Driver's License,,Nevada State Driver's License,,Data Privacy >> Personally Identifiable Information
New Brunswick Province Driver's License,glossary_term,Transportation,A string representing driver license of Canadian province New Brunswick.,Transportation,Data Privacy >> Personally Identifiable Information,,,,,,Person >> Driver's License,,New Brunswick Province Driver's License,,Data Privacy >> Personally Identifiable Information
New Hampshire State Driver's License,glossary_term,Transportation,A string representing driver license of US state Hampshire.,Transportation,Data Privacy >> Personally Identifiable Information,,,,,,Person >> Driver's License,,New Hampshire State Driver's License,,Data Privacy >> Personally Identifiable Information
New Jersey State Driver's License,glossary_term,Transportation,A string representing driver license of US state New Jersey.,Transportation,Data Privacy >> Personally Identifiable Information,,,,,,Person >> Driver's License,,New Jersey State Driver's License,,Data Privacy >> Personally Identifiable Information
New Mexico State Driver's License,glossary_term,Transportation,A nine digits number representing a driver license for the New Mexico.,Transportation,Data Privacy >> Personally Identifiable Information,,,,,,Person >> Driver's License,,New Mexico State Driver's License,,Data Privacy >> Personally Identifiable Information
New York State Driver's License,glossary_term,Transportation,A string representing driver license of US state New York.,Transportation,Data Privacy >> Personally Identifiable Information,,,,,,Person >> Driver's License,,New York State Driver's License,,Data Privacy >> Personally Identifiable Information
Newfoundland and Labrador Province Driver's License,glossary_term,Transportation,A string representing driver license of Canadian province New Foundland and Labrador.,Transportation,Data Privacy >> Personally Identifiable Information,,,,,,Person >> Driver's License,,Newfoundland and Labrador Province Driver's License,,Data Privacy >> Personally Identifiable Information
North Carolina State Driver's License,glossary_term,Transportation,A 1-12 digits number representing a driver license of US state North Carolina.,Transportation,Data Privacy >> Personally Identifiable Information,,,,,,Person >> Driver's License,,North Carolina State Driver's License,,Data Privacy >> Personally Identifiable Information
North Dakota State Driver's License,glossary_term,Transportation,A string representing a driver license of US state North Dakota.,Transportation,Data Privacy >> Personally Identifiable Information,,,,,,Person >> Driver's License,,North Dakota State Driver's License,,Data Privacy >> Personally Identifiable Information
Nova Scotia Province Driver's License,glossary_term,Transportation,A string representing driver license of Canadian province Nova Scotia.,Transportation,Data Privacy >> Personally Identifiable Information,,,,,,Person >> Driver's License,,Nova Scotia Province Driver's License,,Data Privacy >> Personally Identifiable Information
Number of Bonuses,glossary_term,Employee,The number of bonuses an employee has received.,Employee,,,,,,,,,Quantity,,
Number of Cards,glossary_term,Banking >> Mortgage,The number of credit card accounts of the mortgage applicant.,Mortgage,,,,,,,,,Quantity,,
Number of Classes,glossary_term,Employee,The number of training classes an employee has taken.,Employee,,,,,,,,,Quantity,,
Number of Increases,glossary_term,Employee,The number of increases (raises) an employee has received.,Employee,,,,,,,,,Quantity,,
Number of Loans,glossary_term,Banking >> Mortgage,The number of outstanding loans.,Mortgage,,,,,,,,,Quantity,,
Number of Managers,glossary_term,Employee,The number of managers an employee has had during their tenure.,Employee,,,,,,,,,Quantity,,
Offer Accepted,glossary_term,Customer,A promotional offer that was presented to a customer that was accepted.,Customer,,,,,,,,,Text,,
Offer Cost,glossary_term,Customer,The cost of the promotional offered presented to a customer.,Customer,,,,,,,,,Quantity,,
Ohio State Driver's License,glossary_term,Transportation,A string representing a driver license of US state Ohio.,Transportation,Data Privacy >> Personally Identifiable Information,,,,,,Person >> Driver's License,,Ohio State Driver's License,,Data Privacy >> Personally Identifiable Information
Oklahoma State Driver's License,glossary_term,Transportation,A string representing a driver license of US state Oklahoma.,Transportation,Data Privacy >> Personally Identifiable Information,,,,,,Person >> Driver's License,,Oklahoma State Driver's License,,Data Privacy >> Personally Identifiable Information
Ontario Province Driver's License,glossary_term,Transportation,A string representing driver license of Canadian province Ontario.,Transportation,Data Privacy >> Personally Identifiable Information,,,,,,Person >> Driver's License,,Ontario Province Driver's License,,Data Privacy >> Personally Identifiable Information
Order Year,glossary_term,Customer,The year in which the order was placed.,Customer,,,,,,,,,Text,,
Oregon State Driver's License,glossary_term,Transportation,A string representing driver license of US state Oregon.,Transportation,Data Privacy >> Personally Identifiable Information,,,,,,Person >> Driver's License,,Oregon State Driver's License,,Data Privacy >> Personally Identifiable Information
Organization Code,glossary_term,Employee,A code that uniquely identifies an organization within the company.,Employee,,,,,,,,,Code,,
Organization Name,glossary_term,Universal,"A string representing the name of an Organization. For example, the name of an organization within a company.",Employee,,,,,,,,,Organization Name,,
Organization Parent Code,glossary_term,Employee,A code that uniquely identifies the parent organization or an organization.,Employee,,,,,,,,,Code,,
Overtime,glossary_term,Employee,The amount of overtime an employee has received.,Employee,,,,,,,,,Quantity,,
Paid Hourly,glossary_term,Employee,A code designating whether an employee is paid hourly.,Employee,,,,,,,,,Code,,
Passport Number,glossary_term,Person,"Passport number is the unique ID assigned to a travel document, usually issued by the government of a nation, that certifies the identity and nationality of its holder for the purpose of international travel.",Person,Data Privacy >> Personally Identifiable Information,,,,,,,,Passport Number,,Data Privacy >> Personally Identifiable Information
Pay Increase,glossary_term,Employee,The amount of an employee pay increase.,Employee,,,,,,,,,Quantity,,
Pay Rate,glossary_term,Employee,A numeric value representing the pay rate of an employee paid hourly like a warehouse staff member.,Employee,,,,,,,,,Quantity,,
,,,,Warehouse,,,,,,,,,,,
Pennsylvania State Driver's License,glossary_term,Transportation,A string representing driver license of US state Pennsylvania.,Transportation,Data Privacy >> Personally Identifiable Information,,,,,,Person >> Driver's License,,Pennsylvania State Driver's License,,Data Privacy >> Personally Identifiable Information
Percent Change Calculation,glossary_term,Customer,A percentage representing the overall change between customer activities.,Customer,,,,,,,,,Percentage,,
Percent Ready,glossary_term,Employee,"A percentage designating whether an employee is ready for a new position. For example, 80% ready to succeed to a new job role.",Employee,,,,,,,,,Percentage,,
Percentage,glossary_term,Universal,A number representing a percentage.,Universal,,, ,,,,,,Percentage,,
Period Total Days,glossary_term,Employee,The total number of days in the period.,Employee,,,,,,,,,Quantity,,
Person Name,glossary_term,Person,"Full name of an individual including the combination of First, Middle and Last names.",Person,Data Privacy >> Personally Identifiable Information,, ,,,,,,Person Name,,Data Privacy >> Personally Identifiable Information
,,,,Customer,,,,,,,,,,,
,,,,Employee,,,,,,,,,,,
,,,,Mortgage,,,,,,,,,,,
Phone Extension,glossary_term,Person,"A number representing an extension that needs to be dialed in addition to the phone number to reach the intended party. A phone extension s a short internal number assigned to an employee, a project team, or a department of your main business number.",Employee,,,,,,,,,Text,,
Phone Number,glossary_term,Person,Phone Number is a string of specific numbers that a telephone or cell phone user can dial to reach another telephone or mobile phone independent of country.,Person,Data Privacy >> Personal Information,,, , ,,,,Phone Number,,Data Privacy >> Personal Information
Planned Position Count,glossary_term,Employee,The number of positions the company is planning to fill for a given year.,Employee,,,,,,,,,Quantity,,
Planned Revenue,glossary_term,Customer,The amount of projected revenue the company has planned for the quarter.,Customer,,,,,,,,,Quantity,,
Political Party,glossary_term,Person,A string representing a Political Party.,Person,Data Privacy >> Sensitive Personal Information,,,,,,,,Political Party,,Data Privacy >> Sensitive Personal Information
Position,glossary_term,Employee,The name of a position within the company.,Employee,,,,,,,,,Text,,
Position Code,glossary_term,Employee,A unique code that identifies a type of position.,Employee,,,,,,,,,Code,,
Position Count,glossary_term,Employee,The number of positions needed for a department within an organization.,Employee,,,,,,,,,Quantity,,
Position Start Date,glossary_term,Employee,The start date of a position.,Employee,,,,,,,,,Date,,
Position Summary Date,glossary_term,Employee,A timestamp identifying when a position transactional record occurred. ,Employee,,,,,,,,,Date,,
Postal Code,glossary_term,Location,"A postal code (also known locally in various English-speaking countries throughout the world as a postcode, post code, PIN or ZIP Code) is a series of letters or digits or both, sometimes including spaces or punctuation, included in a postal address for the purpose of sorting mail.",Location,,,,,,,,,,,
,,,,Customer,,,,,,,,,,,
Prince Edward Island Province Driver's License,glossary_term,Transportation,A six digits number representing a driver license of Canadian province Prince Edward Island.,Transportation,Data Privacy >> Personally Identifiable Information,,,,,,Person >> Driver's License,,Prince Edward Island Province Driver's License,,Data Privacy >> Personally Identifiable Information
Product Line,glossary_term,Customer,The product line that a purchased product is categorized as.,Customer,,,,,,,,,Text,,
Promotions,glossary_term,Employee,The number of promotions an employee has received.,Employee,,,,,,,,,Quantity,,
Property Location,glossary_term,Banking >> Mortgage,The location of the property the mortgage applicant is requesting a loan for.,Mortgage,,,,,,,,,Text,,
Property Sale Price,glossary_term,Banking >> Mortgage,The sale price of the mortgage property.,Mortgage,,,,,,,,,Currency,,
Quantity Sold,glossary_term,Customer,The total quantity of a product sale.,Customer,,,,,,,,,Quantity,,
Quarter,glossary_term,Universal,"A string representing one quarter of a given year; Q1, Q2, Q3, Q4.",Universal,,,,,,,,,Quarter,,
Quebec Province Driver's License,glossary_term,Transportation,A string representing driver license of Canadian province Quebec.,Transportation,Data Privacy >> Personally Identifiable Information,,,,,,Person >> Driver's License,,Quebec Province Driver's License,,Data Privacy >> Personally Identifiable Information
Ranking Code,glossary_term,Employee,A unique code identifying an employee ranking; 1-5 etc.,Employee,,,,,,,,,Code,,
Ranking Date,glossary_term,Employee,The date an employee ranking occurred.,Employee,,,,,,,,,Date,,
Ranking Description,glossary_term,Employee,A detailed description of the ranking that occurred.,Employee,,,,,,,,,Text,,
Ranking Year,glossary_term,Employee,The year that the ranking of an employee occurred.,Employee,,,,,,,,,Text,,
Record End Date,glossary_term,Employee,End end date of an employee history record.,Employee,,,,,,,,,Date,,
Record Start Date,glossary_term,Employee,The start date of an employee history record.,Employee,,,,,,,,,Date,,
Relationship,glossary_term,Person,A String representing a relationship between two or more people.,Person,Data Privacy >> Sensitive Personal Information,,,,,,,,Relationship,,Data Privacy >> Sensitive Personal Information
Religion,glossary_term,Person,String representing a religion.,Person,Data Privacy >> Sensitive Personal Information,,,,,,,,Religion,,Data Privacy >> Sensitive Personal Information
Residence,glossary_term,Person,"The residential living status of a person. For example, valid values would be; Owner Occupied, Public Housing, Private Housing, Renting, Sheltered, Living with parents/guardian etc.",Mortgage,Data Privacy >> Personal Information,,,,,,,,Residence,,Banking >> Mortgage
,,,,Person,,,,,,,,,,,Data Privacy >> Personal Information
Revenue,glossary_term,Customer,Total revenue to the business for customer product sales.,Customer,,,,,,,,,Quantity,,
Rhode Island State Driver's License,glossary_term,Transportation,A string representing driver license of US state Rhode Island.,Transportation,Data Privacy >> Personally Identifiable Information,,,,,,Person >> Driver's License,,Rhode Island State Driver's License,,Data Privacy >> Personally Identifiable Information
Routing Transit Number,glossary_term,Banking,"A nine digit code, used in the United States, identifying financial institutions.",Banking,Data Privacy >> Personally Identifiable Information,,,,,,,,Routing Transit Number,,Data Privacy >> Personally Identifiable Information
Salary,glossary_term,Employee,The salary of an employee.,Employee,,,,,,,,,Currency,,
Saskatchewan Province Driver's License,glossary_term,Transportation,A eight digits number representing a driver license of Canadian province Saskatchewan.,Transportation,Data Privacy >> Personally Identifiable Information,,,,,,Person >> Driver's License,,Saskatchewan Province Driver's License,,Data Privacy >> Personally Identifiable Information
Satisfaction Code,glossary_term,Employee,A unique code identifying an employee satisfaction code.,Employee,,,,,,,,,Code,,
Satisfaction Description,glossary_term,Employee,A detailed description of a satisfaction code.,Employee,,,,,,,,,Text,,
Satisfaction Lower Limit,glossary_term,Employee,The lower limit of a satisfaction code.,Employee,,,,,,,,,Quantity,,
Satisfaction Rating,glossary_term,Customer,The satisfaction rating provided by a customer for the purchase of a product with a product line; The rating is a value of 1-5 with 5 being the highest.,Customer,,,,,,,,,Code,,
Satisfaction Reason,glossary_term,Customer,The comments left by a customer when rating a product purchase within a product line.,Customer,,,,,,,,,Text,,
Satisfaction Upper Limit,glossary_term,Employee,The upper limit of a satisfaction code.,Employee,,,,,,,,,Quantity,,
Shift Day,glossary_term,Employee,"A string representing the day of the week that a work shift occurs. For example, Monday, Tuesday etc.",Employee,,,,,,,,,Day,,
,,,,Warehouse,,,,,,,,,,,
Shift Duration,glossary_term,Employee,The number of hours that encompass a work shift.,Employee,,,,,,,,,Quantity,,
,,,,Warehouse,,,,,,,,,,,
Shift End Date,glossary_term,Employee,"The month, day, year and hour that a work shift ends.",Employee,,,,,,,,,Date,,
,,,,Warehouse,,,,,,,,,,,
Shift End Hour,glossary_term,Employee,The hour of the day a work shift ends using a 24 hour format with a value = 1-24.,Employee,,,,,,,,,Quantity,,
,,,,Warehouse,,,,,,,,,,,
Shift Identifier,glossary_term,Employee,"A number that uniquely identifies a work shift in a department of the company. A shift is defined with a start and end date, minimum and maximum number of hours, day of the week it occurs and the skills required by a employee, like a warehouse worker, that are needed to fulfill the shift requirements.",Employee,,,,,,,,,Quantity,,
,,,,Warehouse,,,,,,,,,,,
Shift Maximum Hours,glossary_term,Employee,The maximum number of hours that encompasses a work shift.,Employee,,,,,,,,,Quantity,,
,,,,Warehouse,,,,,,,,,,,
Shift Minimum Hours,glossary_term,Employee,The minimum number of hours that encompasses a work shift.,Employee,,,,,,,,,Quantity,,
,,,,Warehouse,,,,,,,,,,,
Shift Start Date,glossary_term,Employee,"The month, day, year and hour that a work shift begins.",Employee,,,,,,,,,Date,,
,,,,Warehouse,,,,,,,,,,,
Shift Start Hour,glossary_term,Employee,The hour of the day a work shift begins using a 24 hour format with a value = 1-24.,Employee,,,,,,,,,Quantity,,
,,,,Warehouse,,,,,,,,,,,
Shift Start Week,glossary_term,Employee,"The month, day and year of a week that a starts the beginning of a work shift.",Employee,,,,,,,,,Date,,
,,,,Warehouse,,,,,,,,,,,
Shipping Days,glossary_term,Customer,The number of physical days it took to ship the product to the customer.,Customer,,,,,,,,,Quantity,,
Sick Days Taken,glossary_term,Employee,The number of sick days taken by an employee.,Employee,,,,,,,,,Quantity,,
Skill Experience,glossary_term,Employee,The number of years of experience that an employee has obtained for a skill that is required to perform a job function for a work shift in a department of the company.,Employee,,,,,,,,,Quantity,,
,,,,Warehouse,,,,,,,,,,,
Skill Set,glossary_term,Employee,"The skills that an employee possesses to perform job functions for a work shift in a department of the company. An employee may have more than one skill. For example, a warehouse staff member may have the skills to perform multiple job functions such as operating a Forklift and the training to do Customer Service.",Employee,,,,,,,,,Text,,
,,,,Warehouse,,,,,,,,,,,
Skill Rating,glossary_term,Employee,A ranking from 1-5 that signifies the qualification level of the skill that an employee has obtained for a skill that is required to perform a job function for a work shift in a department of the company.,Employee,,,,,,,,,Quantity,,
,,,,Warehouse,,,,,,,,,,,
Skill Requirement,glossary_term,Employee,"The skill that is required to perform a job function for a work shift in a department of the company. For example, every warehouse job function for a work shift requires a specific skillset, such as Forklift, Order Fulfillment or Customer Service skills.",Employee,,,,,,,,,Text,,
,,,,Warehouse,,,,,,,,,,,
Smallest Single Transaction,glossary_term,Customer,The smallest single transaction in currency executed by a customer trade.,Customer,,,,,,,,,Quantity,,
South Carolina State Driver's License,glossary_term,Transportation,A string representing driver license of US state South Carolina.,Transportation,Data Privacy >> Personally Identifiable Information,,,,,,Person >> Driver's License,,South Carolina State Driver's License,,Data Privacy >> Personally Identifiable Information
South Dakota State Driver's License,glossary_term,Transportation,A string representing driver license of US state South Dakota.,Transportation,Data Privacy >> Personally Identifiable Information,,,,,,Person >> Driver's License,,South Dakota State Driver's License,,Data Privacy >> Personally Identifiable Information
Spanish Fiscal Identification Number,glossary_term,Person,The NIF is the Spanish tax identification number.,Person,Data Privacy >> Personally Identifiable Information,,,,,,,,Spanish Fiscal Identification Number,,Data Privacy >> Personally Identifiable Information
Starting Salary,glossary_term,Employee,The starting salary of an employee.,Employee,,,,,,,,,Currency,,
State / Province Code,glossary_term,Location,A string representing a code that represents a state or province name within a country.,Location,,,,,,,,,State/Province Code,,
,,,,Customer,,,,,,,,,,,
State / Province Name,glossary_term,Location,A string representing the name of a state or province name within a country.,Location,,,,,,,,,State/Province Name,,
Succession Detail Date,glossary_term,Employee,The data that a position succession transaction occurred.,Employee,,,,,,,,,Date,,
Successor Employee Code,glossary_term,Employee,The employee code related to the successor transaction.,Employee,,,,,,,,,Code,,
Successor Position Code,glossary_term,Employee,The position code related to the successor transaction.,Employee,,,,,,,,,Code,,
Successor Status,glossary_term,Employee,The detailed description of a successor status code.,Employee,,,,,,,,,Code,,
Successor Status Code,glossary_term,Employee,A code representing the status of a position successor.,Employee,,,,,,,,,Code,,
Summary Date,glossary_term,Employee,A timestamp identifying when an employee summary record occurred. ,Employee,,,,,,,,,Date,,
Target Percent Ready,glossary_term,Employee,The target percentage that an employee has to meet to be ready to move to a new position or take on a new rule in the company.,Employee,,,,,,,,,Percentage,,
,,,,Customer,,,,,,,,,,,
Temperature,glossary_term,Location,A number representing a temperature.,Location,,,,,,,,,Temperature,,
Tennessee State Driver's License,glossary_term,Transportation,A string representing driver license of US state Tennessee.,Transportation,Data Privacy >> Personally Identifiable Information,,,,,,Person >> Driver's License,,Tennessee State Driver's License,,Data Privacy >> Personally Identifiable Information
Termination Code,glossary_term,Employee,A unique code that designates the employment status of an employee whether they are active or have been terminated.,Employee,,,,,,,,,Code,,
Termination Date,glossary_term,Employee,The date an employee was terminated from the company.,Employee,,,,,,,,,Date,,
Termination Reason,glossary_term,Employee,"A description of the termination code assigned to an employee designating the employment status of an employee; Active, Voluntary, Discharged due to performance, Laid off etc.",Employee,,,,,,,,,Text,,
Terminations,glossary_term,Employee,The total number of terminations that have occurred over time.,Employee,,,,,,,,,Quantity,,
Texas State Driver's License,glossary_term,Transportation,A string representing driver license of US state Texas.,Transportation,Data Privacy >> Personally Identifiable Information,,,,,,Person >> Driver's License,,Texas State Driver's License,,Data Privacy >> Personally Identifiable Information
Text,glossary_term,Universal,"Free-form alphanumeric data values from an unlimited domain set, for example, a product description.",Universal,,, ,,,,,,Text,,
Total Dollar Value Traded,glossary_term,Customer,The total dollar amount of all customer trade activity.,Customer,,,,,,,,,Quantity,,
Total Units Traded,glossary_term,Customer,The total number of unites traded.,Customer,,,,,,,,,Quantity,,
Training Date,glossary_term,Employee,The date an employee completed a training exercise or course.,Employee,,,,,,,,,Date,,
Travel,glossary_term,Employee,The amount of travel that an employee has taken.,Employee,,,,,,,,,Code,,
UK National Insurance Number,glossary_term,Person,It is a number used in the United Kingdom (UK) in the administration of the National Insurance or Social Security System.,Person,Data Privacy >> Personally Identifiable Information,,,,,,,,UK National Insurance Number,,Data Privacy >> Personally Identifiable Information
UK Post Code,glossary_term,Location,A system of postal codes that are used by UK's Royal Mail.,Location,,,,,,,,,UK Post Code,,
UK Province Code,glossary_term,Location,Two-letter alphabetic codes that are used to identify UK provinces.,Location,,,,,,,,,UK Province Code,,
Uniform Resource Locator,glossary_term,Location,A URL is one type of Uniform Resource Identifier (URI); the generic term for all types of names and addresses that refer to objects on the World Wide Web.,Location,,,,,,,,,Uniform Resource Locator,,
Unit Cost,glossary_term,Customer,The cost of the units sold or traded.,Customer,,,,,,,,,Currency,,
Unit Sale Price,glossary_term,Customer,The sale price or the unit sold or traded etc.,Customer,,,,,,,,,Currency,,
Universal Product Code (UPC),glossary_term,Universal,"The Universal Product Code (UPC) is a barcode symbology that is widely used in many countries, for tracking trade items in stores.",Universal,,,,,,,,,Universal Product Code (UPC),,
US County,glossary_term,Location,A string representing a United States county name.,Location,,,,,,,,,US County,,
US Employer Identification Number,glossary_term,Location,"Nine digit number to identify US employer, typically in nn-nnnnnnn format with dash (-) being optional. IRS lists valid two digit prefixes at their site.",Location,Data Privacy >> Personally Identifiable Information,,,,,,,,US Employer Identification Number,,Data Privacy >> Personally Identifiable Information
US National Drug Code,glossary_term,Location,"10 digit code to identify US National Drug Code (NDC) represented either in 4-4-3, 5-3-2 or 5-4-1, often without dashes. UPC-A bar code of NDC coded product package embeds its NDC code.",Location,,,,,,,,,US National Drug Code,,
US Phone Number,glossary_term,Location,US Phone Number is a string of specific numbers that a telephone or cell phone user can dial to reach another telephone or mobile phone in the United States (US).,Location,Data Privacy >> Personally Identifiable Information,, ,,,,,,US Phone Number,,Data Privacy >> Personally Identifiable Information
US Social Security Number,glossary_term,Person,"In the United States, a Social Security number (SSN) is a unique nine-digit number issued to U.S. citizens, permanent residents, and temporary (working) residents.",Person,Data Privacy >> Personally Identifiable Information,, ,,,,,SSN,US Social Security Number,,Data Privacy >> Personally Identifiable Information
,,,,Employee,,,,,,,,,,,
,,,,Mortgage,,,,,,,,,,,
US Social Security Number Last 4,glossary_term,Person,The last four digits of a United States Social Security Number (SSN).,Person,Data Privacy >> Personal Information,,,,,,,,US Social Security Number Last 4,,Data Privacy >> Personal Information
US Standard Industrial Classification,glossary_term,Location,A 4-digit number used to classify industries in the United States.,Location,,,,,,,,,US Standard Industrial Classification,,
US State Capital Name,glossary_term,Location,Specifies the name of U.S. states and territories Capitals.,Location,,,,,,,Location >> City,,US State Capital Name,,
US State Code,glossary_term,Location,Two-letter alphabetic codes used to identify U.S. states and certain other associated areas.,Location,,, ,,,,,,US State Code,,
,,,,Mortgage,,,,,,,,,,,
US State Name,glossary_term,Location,Specifies the name of U.S. states and territories.,Location,,, ,,,,,,US State Name,,
,,,,Mortgage,,,,,,,,,,,
US Street Name,glossary_term,Location,A string representing a street name in the US.,Location,Data Privacy >> Personally Identifiable Information,, ,,,,,,US Street Name,,Data Privacy >> Personally Identifiable Information
,,,,Mortgage,,,,,,,,,,,
US Zip Code,glossary_term,Location,US ZIP codes are a system of postal codes used by the United States Postal Service (USPS) since 1963.,Location,Data Privacy >> Personal Information,, ,,,,,,US Zip Code,,Data Privacy >> Personal Information
,,,,Mortgage,,,,,,,,,,,
Utah State Driver's License,glossary_term,Transportation,A string representing driver license of US state Utah.,Transportation,Data Privacy >> Personally Identifiable Information,,,,,,Person >> Driver's License,,Utah State Driver's License,,Data Privacy >> Personally Identifiable Information
Vacation Days Taken,glossary_term,Employee,The number of vacation days an employee has taken for the year.,Employee,,,,,,,,,Quantity,,
Vehicle Identification Number (VIN),glossary_term,Transportation,"A Vehicle identification number (VIN), also called a chassis number, is a unique code, including a serial number, used by the automotive industry to identify individual motor vehicles.",Transportation,Data Privacy >> Personally Identifiable Information,,,,,,,,Vehicle Identification Number (VIN),,Data Privacy >> Personally Identifiable Information
Vermont State Driver's License,glossary_term,Transportation,A string representing driver license of US state Vermont.,Transportation,Data Privacy >> Personally Identifiable Information,,,,,,Person >> Driver's License,,Vermont State Driver's License,,Data Privacy >> Personally Identifiable Information
Virginia State Driver's License,glossary_term,Transportation,A string representing driver license of US state Virginia.,Transportation,Data Privacy >> Personally Identifiable Information,,,,,,Person >> Driver's License,,Virginia State Driver's License,,Data Privacy >> Personally Identifiable Information
VISA Card,glossary_term,Banking,A 17-18 character number that identifies a VISA credit card account.,PCI,Data Privacy >> Personally Identifiable Information,,,,,,Banking >> Credit Card Number,,VISA Card,,Data Privacy >> Payment Card Industry
Washington DC Driver's License,glossary_term,Transportation,A string representing driver license of Washington DC.,Transportation,Data Privacy >> Personally Identifiable Information,,,,,,Person >> Driver's License,,Washington DC Driver's License,,Data Privacy >> Personally Identifiable Information
Washington State Driver's License,glossary_term,Transportation,A string representing driver license of US state Washington.,Transportation,Data Privacy >> Personally Identifiable Information,,,,,,Person >> Driver's License,,Washington State Driver's License,,Data Privacy >> Personally Identifiable Information
West Virginia State Driver's License,glossary_term,Transportation,A string representing driver license of US state West Virginia.,Transportation,Data Privacy >> Personally Identifiable Information,,,,,,Person >> Driver's License,,West Virginia State Driver's License,,Data Privacy >> Personally Identifiable Information
Wisconsin State Driver's License,glossary_term,Transportation,A string representing driver license of US state Wisconsin.,Transportation,Data Privacy >> Personally Identifiable Information,,,,,,Person >> Driver's License,,Wisconsin State Driver's License,,Data Privacy >> Personally Identifiable Information
Work Phone,glossary_term,Employee,The business phone number an employee can be reached at work.,Employee,,,,,,,,,Phone Number,,
Wyoming State Driver's License,glossary_term,Transportation,A string representing driver license of US state Wyoming.,Transportation,Data Privacy >> Personally Identifiable Information,,,,,,Person >> Driver's License,,Wyoming State Driver's License,,Data Privacy >> Personally Identifiable Information
Year,glossary_term,Universal,"A string or integer value representing a year; 1956, 2021 etc.",Universal,,,,,,,,,Year,,
Years At Current Address,glossary_term,Banking >> Mortgage,Indicates the length of residence at current address.,Mortgage,,,,,,,,,Quantity,,
Years With Current Employer,glossary_term,Banking >> Mortgage,Indicates the number of years of employment with current employer.,Mortgage,,,,,,,,,Quantity,,