Name,Artifact Type,Category,Description,Tags,Classifications,Stewards,Related Terms,Business Start,Business End,Part of Terms,Type of Terms,Abbreviations,Data Classes,Synonyms,Secondary Categories
City,glossary_term,Location,The name of a place such as a city or town.,Location,,, ,,,,,,City,,
,,,,Customer,,,,,,,,,,,
,,,,Mortgage,,,,,,,,,,,
Color,glossary_term,Universal,A string representing color.,Universal,,,,,,,,,Color,,
Credit Card Number,glossary_term,Banking,"The number assigned to a credit card, which is used to uniquely identify the individual card holder and the card issuer. A credit card is a payment card issued to cardholders by a card issuer to enable the cardholder to pay for goods and services.",PCI,Data Privacy >> Personally Identifiable Information,, ,,,,,,Credit Card Number,,Customer
,,,,Customer,,,,,,,,,,,Data Privacy >> Payment Card Industry
Date,glossary_term,Universal,"Data values which are specific date, time, or duration references, for example, a product order date.",Universal,,,,,,,,,Date,,
Driver's License,glossary_term,Person,A string representing a driver’s license.,Person,Data Privacy >> Personally Identifiable Information,,,,,,,,Driver's License,,Data Privacy >> Personally Identifiable Information
Organization Name,glossary_term,Universal,"A string representing the name of an Organization. For example, the name of an organization within a company.",Employee,,,,,,,,,Organization Name,,