handler_name,handler_current_case_load,claim_handler_level,current_leakage
ClaimHandler3,43,1,63168.47399909525
ClaimHandler7,484,1,48277.48454924946
ClaimHandler15,544,1,56035.528812372955
ClaimHandler12,526,1,54863.9148612599
ClaimHandler20,104,2,73818.79242030179
ClaimHandler2,105,2,67399.35182580496
ClaimHandler16,69,2,67675.79483933712
ClaimHandler6,466,2,96356.7888508544
ClaimHandler9,227,2,74904.23391070653
ClaimHandler14,105,2,100311.13816952883
ClaimHandler11,296,2,66934.34444571422
ClaimHandler17,214,3,91211.67861359788
ClaimHandler10,356,3,83662.08551223397
ClaimHandler8,323,3,68342.06435661588
ClaimHandler5,354,3,47073.11739534767
ClaimHandler4,394,3,49772.489961904124
ClaimHandler13,302,3,78279.25828366552
ClaimHandler19,360,4,73431.56512335378
ClaimHandler18,87,4,55358.29853573459
ClaimHandler1,149,4,38294.57763001934
